"period","site","transect","tag","stipe_length.1","punch_blade_length.1","blade_avg_length.1","blade_count.2","Sbulb_max_initial","date_time.1","date_time.2","date_time.3","stipe_growth_rate","change_blade_count_rate","blade_growth_rate","blade_erosion_rate","Sbulb_growth_rate","Sbulb_growth_rate_interval"
"2016-Aug","Manley",1,2087,146,26,31,24,NA,2016-08-10 09:20:00,2016-08-13 11:45:00,2016-09-05 09:30:00,NA,NA,1.29003359462486,-2.2575587905935,NA,NA
"2016-Aug","Manley",1,1690,154,41,42,36,NA,2016-08-10 09:20:00,2016-08-13 11:45:00,2016-09-05 09:30:00,NA,NA,0.967525195968645,-3.87010078387458,NA,NA
"2016-Aug","Manley",2,1692,275,52,45,37,NA,2016-08-10 09:20:00,2016-08-13 11:45:00,2016-09-05 09:30:00,NA,NA,1.61254199328107,-2.90257558790593,NA,NA
"2016-Aug","Manley",2,1881,153,37,42,34,NA,2016-08-10 09:20:00,2016-08-13 11:45:00,2016-09-05 09:30:00,0.499866488651535,-5.05280177858623e-07,1.77379619260918,-3.70884658454647,NA,NA
"2016-Aug","Manley",2,2419,259,26,42,43,NA,2016-08-10 09:20:00,2016-08-13 11:45:00,2016-09-05 09:30:00,NA,NA,2.41881298992161,-4.67637178051512,NA,NA
"2016-Aug","Manley",3,1988,161,36,30,28,NA,2016-08-10 09:20:00,2016-08-13 11:45:00,2016-09-05 09:30:00,NA,NA,1.29003359462486,-2.90257558790593,NA,NA
"2016-Aug","Manley",3,1902,184,42,40,51,NA,2016-08-10 09:20:00,2016-08-13 11:45:00,2016-09-05 09:30:00,NA,NA,NA,NA,NA,NA
"2016-Aug","Manley",3,2123,314,31,44,46,NA,2016-08-10 09:20:00,2016-08-13 11:45:00,2016-09-05 09:30:00,NA,NA,0.64501679731243,-2.2575587905935,NA,NA
"2016-Aug","Manley",1,2135,232,24,30,35,NA,2016-08-10 09:20:00,2016-08-13 11:45:00,2016-09-05 09:30:00,0.307610146862483,-1.76848062250518e-05,0.322508398656215,-0.322508398656215,NA,NA
"2016-Aug","Manley",1,2076,133,31,50,29,NA,2016-08-10 09:20:00,2016-08-13 11:45:00,2016-09-05 09:30:00,5.26782376502003,1.01056035571725e-06,1.61254199328107,-0.322508398656215,NA,NA
"2016-Aug","Manley",1,1835,173,49,50,45,NA,2016-08-10 09:20:00,2016-08-13 11:45:00,2016-09-05 09:30:00,0.346061415220294,-2.52640088929311e-06,1.93505039193729,-4.83762597984322,NA,NA
"2016-Aug","Manley",2,2150,281,29,45,46,NA,2016-08-10 09:20:00,2016-08-13 11:45:00,2016-09-05 09:30:00,NA,NA,0.322508398656215,-3.87010078387458,NA,NA
"2016-Aug","Manley",2,2406,313,51,60,55,NA,2016-08-10 09:20:00,2016-08-13 11:45:00,2016-09-05 09:30:00,0.0769025367156208,-5.05280177858623e-06,1.61254199328107,-2.58006718924972,NA,NA
"2016-Aug","Manley",2,2019,283,54,50,54,NA,2016-08-10 09:20:00,2016-08-13 11:45:00,2016-09-05 09:30:00,NA,NA,1.29003359462486,-6.12765957446809,NA,NA
"2016-Aug","Manley",3,2131,222,48,50,37,NA,2016-08-10 09:20:00,2016-08-13 11:45:00,2016-09-05 09:30:00,0.153805073431242,-5.05280177858623e-07,0.967525195968645,-3.22508398656215,NA,NA
"2016-Aug","Manley",3,2185,250,20,15,NA,NA,2016-08-10 09:20:00,2016-08-13 11:45:00,2016-09-05 09:30:00,NA,NA,0.322508398656215,-2.2575587905935,NA,NA
"2016-Aug","North",1,1840,378,42,42,30,NA,2016-08-10 14:00:00,2016-08-14 09:45:00,2016-09-05 15:30:00,NA,NA,NA,NA,NA,NA
"2016-Aug","North",1,1762,420,52,61,26,NA,2016-08-10 14:00:00,2016-08-14 09:45:00,2016-09-05 15:30:00,4.37410071942446,3.12256049960968e-06,2.35422343324251,-2.6158038147139,NA,NA
"2016-Aug","North",1,2082,413,69,73,25,NA,2016-08-10 14:00:00,2016-08-14 09:45:00,2016-09-05 15:30:00,5.60191846522782,1.04085349986989e-06,3.13896457765668,-5.23160762942779,NA,NA
"2016-Aug","North",2,1798,427,57,75,39,NA,2016-08-10 14:00:00,2016-08-14 09:45:00,2016-09-05 15:30:00,1.41966426858513,-5.20426749934947e-07,1.30790190735695,-1.30790190735695,NA,NA
"2016-Aug","North",2,1984,171,62,80,20,NA,2016-08-10 14:00:00,2016-08-14 09:45:00,2016-09-05 15:30:00,7.86570743405276,7.8064012490242e-06,3.92370572207084,-0.784741144414169,NA,NA
"2016-Aug","North",3,1954,352,64,60,18,NA,2016-08-10 14:00:00,2016-08-14 09:45:00,2016-09-05 15:30:00,7.13669064748201,3.64298724954463e-06,2.4850136239782,-4.83923705722071,NA,NA
"2016-Aug","North",3,1804,302,52,50,10,NA,2016-08-10 14:00:00,2016-08-14 09:45:00,2016-09-05 15:30:00,5.98561151079137,0,NA,NA,NA,NA
"2016-Aug","North",3,1970,169,80,83,22,NA,2016-08-10 14:00:00,2016-08-14 09:45:00,2016-09-05 15:30:00,11.3573141486811,0,6.80108991825613,-2.09264305177112,NA,NA
"2016-Aug","North",1,338,374,55,50,34,NA,2016-08-10 14:00:00,2016-08-14 09:45:00,2016-09-05 15:30:00,NA,NA,2.6158038147139,-2.35422343324251,NA,NA
"2016-Aug","North",1,320,427,58,70,43,NA,2016-08-10 14:00:00,2016-08-14 09:45:00,2016-09-05 15:30:00,1.22781774580336,5.20426749934947e-07,3.66212534059946,-0.523160762942779,NA,NA
"2016-Aug","North",2,325,472,43,50,26,NA,2016-08-10 14:00:00,2016-08-14 09:45:00,2016-09-05 15:30:00,0.23021582733813,-2.08170699973979e-06,4.44686648501362,-1.56948228882834,NA,NA
"2016-Aug","North",2,1874,365,40,45,41,NA,2016-08-10 14:00:00,2016-08-14 09:45:00,2016-09-05 15:30:00,2.80095923261391,1.56128024980484e-06,2.87738419618529,-1.56948228882834,NA,NA
"2016-Aug","North",2,1980,371,83,100,32,NA,2016-08-10 14:00:00,2016-08-14 09:45:00,2016-09-05 15:30:00,10.2446043165468,1.40515222482436e-05,5.23160762942779,-0.26158038147139,NA,NA
"2016-Aug","North",3,511,371,33,35,31,NA,2016-08-10 14:00:00,2016-08-14 09:45:00,2016-09-05 15:30:00,0.0383693045563549,2.60213374967473e-06,2.35422343324251,-0.784741144414169,NA,NA
"2016-Aug","North",3,2045,351,54,60,31,NA,2016-08-10 14:00:00,2016-08-14 09:45:00,2016-09-05 15:30:00,6.9832134292566,2.60213374967473e-06,3.13896457765668,-1.04632152588556,NA,NA
"2016-Aug","North",3,2009,356,52,50,43,NA,2016-08-10 14:00:00,2016-08-14 09:45:00,2016-09-05 15:30:00,5.21822541966427,-1.04085349986989e-06,3.40054495912807,-2.35422343324251,NA,NA
"2016-Aug","Second",1,305,526,43,43,37,NA,2016-08-10 12:05:00,2016-08-14 13:30:00,2016-09-05 14:00:00,NA,NA,3.2027373823781,-1.97091531223268,NA,NA
"2016-Aug","Second",1,515,332,23,31,NA,NA,2016-08-10 12:05:00,2016-08-14 13:30:00,2016-09-05 14:00:00,NA,NA,NA,NA,NA,NA
"2016-Aug","Second",1,1944,581,46,57,34,NA,2016-08-10 12:05:00,2016-08-14 13:30:00,2016-09-05 14:00:00,0.153375049926774,-3.15357931251971e-06,NA,NA,NA,NA
"2016-Aug","Second",2,2138,220,32,30,30,NA,2016-08-10 12:05:00,2016-08-14 13:30:00,2016-09-05 14:00:00,NA,NA,1.72455089820359,-2.46364414029085,NA,NA
"2016-Aug","Second",2,2133,223,51,50,11,NA,2016-08-10 12:05:00,2016-08-14 13:30:00,2016-09-05 14:00:00,6.21168952203435,2.10238620834647e-06,2.95637296834902,-2.71000855431993,NA,NA
"2016-Aug","Second",3,506,423,51,48,49,NA,2016-08-10 12:05:00,2016-08-14 13:30:00,2016-09-05 14:00:00,NA,NA,2.46364414029085,-1.97091531223268,NA,NA
"2016-Aug","Second",3,508,227,34,31,24,NA,2016-08-10 12:05:00,2016-08-14 13:30:00,2016-09-05 14:00:00,3.02915723605379,-5.25596552086618e-07,2.3404619332763,-1.60136869118905,NA,NA
"2016-Aug","Second",3,322,238,51,46,25,NA,2016-08-10 12:05:00,2016-08-14 13:30:00,2016-09-05 14:00:00,NA,NA,3.69546621043627,-2.46364414029085,NA,NA
"2016-Aug","Second",1,1950,387,19,20,37,NA,2016-08-10 12:05:00,2016-08-14 13:30:00,2016-09-05 14:00:00,0.0383437624816935,-4.73036896877956e-06,0.985457656116339,-0.985457656116339,NA,NA
"2016-Aug","Second",1,1780,399,16,18,26,NA,2016-08-10 12:05:00,2016-08-14 13:30:00,2016-09-05 14:00:00,0.0383437624816935,-1.36655103542521e-05,0.985457656116339,-0.739093242087254,NA,NA
"2016-Aug","Second",2,509,281,NA,0,0,NA,2016-08-10 12:05:00,2016-08-14 13:30:00,2016-09-05 14:00:00,NA,NA,NA,NA,NA,NA
"2016-Aug","Second",2,2181,450,37,50,59,NA,2016-08-10 12:05:00,2016-08-14 13:30:00,2016-09-05 14:00:00,0.536812674743709,1.57678965625985e-06,2.95637296834902,-0.985457656116339,NA,NA
"2016-Aug","Second",2,2175,396,NA,0,0,NA,2016-08-10 12:05:00,2016-08-14 13:30:00,2016-09-05 14:00:00,NA,NA,NA,NA,NA,NA
"2016-Aug","Second",2,2081,339,84,100,75,NA,2016-08-10 12:05:00,2016-08-14 13:30:00,2016-09-05 14:00:00,11.5798162694714,-2.62798276043309e-06,5.42001710863986,-3.2027373823781,NA,NA
"2016-Aug","Second",3,503,333,11,15,25,NA,2016-08-10 12:05:00,2016-08-14 13:30:00,2016-09-05 14:00:00,NA,NA,0.985457656116339,-0.246364414029085,NA,NA
"2016-Aug","Second",3,329,270,14,20,23,NA,2016-08-10 12:05:00,2016-08-14 13:30:00,2016-09-05 14:00:00,NA,NA,1.23182207014542,-0.492728828058169,NA,NA
"2016-Aug","Second",3,510,255,8,10,21,NA,2016-08-10 12:05:00,2016-08-14 13:30:00,2016-09-05 14:00:00,NA,-5.7815620729528e-06,0.739093242087254,-0.246364414029085,NA,NA
"2016-Jul","Second",1,2174,250,43,54,36,NA,2016-07-20 14:00:00,2016-07-23 15:20:00,2016-08-14 13:30:00,NA,NA,NA,NA,NA,NA
"2016-Jul","Second",1,2173,367,56,57,22,NA,2016-07-20 14:00:00,2016-07-23 15:20:00,2016-08-14 13:30:00,NA,NA,0.327272727272727,-10.8,NA,NA
"2016-Jul","Second",1,2148,522,92,100,87,NA,2016-07-20 14:00:00,2016-07-23 15:20:00,2016-08-14 13:30:00,NA,-3.53711329321085e-05,2.29090909090909,-6.21818181818182,NA,NA
"2016-Jul","Second",2,808,240,32,40,44,NA,2016-07-20 14:00:00,2016-07-23 15:20:00,2016-08-14 13:30:00,NA,NA,0,-3.92727272727273,NA,NA
"2016-Jul","Second",2,722,312,53,90,48,NA,2016-07-20 14:00:00,2016-07-23 15:20:00,2016-08-14 13:30:00,1.60133444537114,-8.4468377151304e-06,0.654545454545455,-4.25454545454545,NA,NA
"2016-Jul","Second",3,759,212,44,50,21,NA,2016-07-20 14:00:00,2016-07-23 15:20:00,2016-08-14 13:30:00,0.400333611342786,1.58378207158695e-06,1.63636363636364,-4.25454545454545,NA,NA
"2016-Jul","Second",3,2167,262,50,60,27,NA,2016-07-20 14:00:00,2016-07-23 15:20:00,2016-08-14 13:30:00,4.04336947456213,-3.1675641431739e-06,0.654545454545455,-1.96363636363636,NA,NA
"2016-Jul","Second",3,2163,310,59,56,37,NA,2016-07-20 14:00:00,2016-07-23 15:20:00,2016-08-14 13:30:00,NA,NA,0.490909090909091,-8.34545454545455,NA,NA
"2016-Jul","Second",1,2154,584,50,95,86,NA,2016-07-20 14:00:00,2016-07-23 15:20:00,2016-08-14 13:30:00,0.880733944954128,-1.31981839298912e-05,0.981818181818182,-0.654545454545455,NA,NA
"2016-Jul","Second",1,2191,398,25,45,30,NA,2016-07-20 14:00:00,2016-07-23 15:20:00,2016-08-14 13:30:00,NA,NA,1.30909090909091,-4.90909090909091,NA,NA
"2016-Jul","Second",1,815,343,21,30,30,NA,2016-07-20 14:00:00,2016-07-23 15:20:00,2016-08-14 13:30:00,NA,NA,0.327272727272727,-0.327272727272727,NA,NA
"2016-Jul","Second",2,2168,410,66,85,38,NA,2016-07-20 14:00:00,2016-07-23 15:20:00,2016-08-14 13:30:00,0.600500417014178,0,1.63636363636364,-2.61818181818182,NA,NA
"2016-Jul","Second",2,2157,200,38,50,24,NA,2016-07-20 14:00:00,2016-07-23 15:20:00,2016-08-14 13:30:00,3.56296914095079,5.2792735719565e-06,1.30909090909091,-1.30909090909091,NA,NA
"2016-Jul","Second",3,797,366,72,75,41,NA,2016-07-20 14:00:00,2016-07-23 15:20:00,2016-08-14 13:30:00,NA,NA,0.327272727272727,-6.54545454545455,NA,NA
"2016-Jul","Second",3,848,296,24,35,20,NA,2016-07-20 14:00:00,2016-07-23 15:20:00,2016-08-14 13:30:00,0.120100083402836,-1.0558547143913e-05,0.654545454545455,-1.96363636363636,NA,NA
"2016-Jul","Second",3,2151,235,23,35,24,NA,2016-07-20 14:00:00,2016-07-23 15:20:00,2016-08-14 13:30:00,NA,NA,0.163636363636364,-2.78181818181818,NA,NA
"2016-Jul","Manley",1,2192,240,46,60,58,NA,2016-07-21 12:19:00,2016-07-24 12:20:00,2016-08-13 11:45:00,0,-5.21467060664001e-06,1.83290904883129,-2.66604952557278,NA,NA
"2016-Jul","Manley",1,2165,348,64,90,64,NA,2016-07-21 12:19:00,2016-07-24 12:20:00,2016-08-13 11:45:00,0.0435229402164057,-8.69111767773336e-06,2.33279333487619,-2.33279333487619,NA,NA
"2016-Jul","Manley",2,2144,255,79,80,69,NA,2016-07-21 12:19:00,2016-07-24 12:20:00,2016-08-13 11:45:00,NA,NA,0.333256190696598,-1.99953714417959,NA,NA
"2016-Jul","Manley",2,2190,179,70,70,41,NA,2016-07-21 12:19:00,2016-07-24 12:20:00,2016-08-13 11:45:00,0.565798222813275,-1.73822353554667e-06,2.66604952557278,-3.99907428835918,NA,NA
"2016-Jul","Manley",2,2170,250,29,38,31,NA,2016-07-21 12:19:00,2016-07-24 12:20:00,2016-08-13 11:45:00,NA,NA,1.16639666743809,-4.66558666975237,NA,NA
"2016-Jul","Manley",3,729,157,64,65,41,NA,2016-07-21 12:19:00,2016-07-24 12:20:00,2016-08-13 11:45:00,NA,NA,0.999768572089794,-4.66558666975237,NA,NA
"2016-Jul","Manley",3,2182,285,49,64,42,NA,2016-07-21 12:19:00,2016-07-24 12:20:00,2016-08-13 11:45:00,NA,NA,3.66581809766258,-2.33279333487619,NA,NA
"2016-Jul","Manley",3,2153,299,86,100,67,NA,2016-07-21 12:19:00,2016-07-24 12:20:00,2016-08-13 11:45:00,0.522275282596869,-1.15881569036445e-06,3.99907428835918,-4.33233047905577,NA,NA
"2016-Jul","Manley",1,2142,280,67,70,88,NA,2016-07-21 12:19:00,2016-07-24 12:20:00,2016-08-13 11:45:00,NA,NA,1.99953714417959,-4.33233047905577,NA,NA
"2016-Jul","Manley",1,2064,169,68,100,40,NA,2016-07-21 12:19:00,2016-07-24 12:20:00,2016-08-13 11:45:00,0.522275282596869,-4.05585491627557e-06,1.99953714417959,1.33302476278639,NA,NA
"2016-Jul","Manley",1,2140,132,30,50,20,NA,2016-07-21 12:19:00,2016-07-24 12:20:00,2016-08-13 11:45:00,0.565798222813275,1.15881569036445e-06,0.999768572089794,0,NA,NA
"2016-Jul","Manley",2,776,287,75,80,61,NA,2016-07-21 12:19:00,2016-07-24 12:20:00,2016-08-13 11:45:00,0.130568820649217,-1.564401181992e-05,1.49965285813469,-1.49965285813469,NA,NA
"2016-Jul","Manley",2,2159,215,39,65,36,NA,2016-07-21 12:19:00,2016-07-24 12:20:00,2016-08-13 11:45:00,NA,NA,1.66628095348299,0.333256190696598,NA,NA
"2016-Jul","Manley",2,2160,283,37,80,50,NA,2016-07-21 12:19:00,2016-07-24 12:20:00,2016-08-13 11:45:00,0.0435229402164057,-1.10087490584623e-05,1.16639666743809,-5.33209905114557,NA,NA
"2016-Jul","Manley",3,2143,254,42,55,77,NA,2016-07-21 12:19:00,2016-07-24 12:20:00,2016-08-13 11:45:00,NA,NA,0.999768572089794,0.333256190696598,NA,NA
"2016-Jul","Manley",3,721,319,66,75,82,NA,2016-07-21 12:19:00,2016-07-24 12:20:00,2016-08-13 11:45:00,0,-7.53230198736891e-06,1.99953714417959,-1.66628095348299,NA,NA
"2016-Jul","North",1,1737,339,46,50,23,NA,2016-07-21 14:40:00,2016-07-25 16:00:00,2016-08-10 14:40:00,0.15,1.16144018583043e-05,1.97260273972603,-1.23287671232877,NA,NA
"2016-Jul","North",1,1723,553,115,110,69,NA,2016-07-21 14:40:00,2016-07-25 16:00:00,2016-08-10 14:40:00,0,-3.62950058072009e-06,2.21917808219178,-4.19178082191781,NA,NA
"2016-Jul","North",2,1924,483,69,76,51,NA,2016-07-21 14:40:00,2016-07-25 16:00:00,2016-08-10 14:40:00,0.2,-4.35540069686411e-06,1.97260273972603,-3.94520547945206,NA,NA
"2016-Jul","North",2,335,387,31,30,33,NA,2016-07-21 14:40:00,2016-07-25 16:00:00,2016-08-10 14:40:00,0,-2.90360046457607e-06,1.97260273972603,-1.47945205479452,NA,NA
"2016-Jul","North",2,2042,513,61,76,28,NA,2016-07-21 14:40:00,2016-07-25 16:00:00,2016-08-10 14:40:00,0.35,-7.25900116144019e-07,1.23287671232877,-0.73972602739726,NA,NA
"2016-Jul","North",3,336,613,53,73,45,NA,2016-07-21 14:40:00,2016-07-25 16:00:00,2016-08-10 14:40:00,0.1,-6.53310104529617e-06,1.35616438356164,-5.54794520547945,NA,NA
"2016-Jul","North",3,2027,273,45,40,33,NA,2016-07-21 14:40:00,2016-07-25 16:00:00,2016-08-10 14:40:00,2.45,6.53310104529617e-06,2.46575342465753,-0.73972602739726,NA,NA
"2016-Jul","North",3,1986,155,38,45,35,NA,2016-07-21 14:40:00,2016-07-25 16:00:00,2016-08-10 14:40:00,NA,NA,2.46575342465753,-0.73972602739726,NA,NA
"2016-Jul","North",1,1834,248,42,50,37,NA,2016-07-21 14:40:00,2016-07-25 16:00:00,2016-08-10 14:40:00,1.4,1.45180023228804e-06,3.2054794520548,-0.73972602739726,NA,NA
"2016-Jul","North",1,1787,477,46,60,43,NA,2016-07-21 14:40:00,2016-07-25 16:00:00,2016-08-10 14:40:00,1.35,-7.9849012775842e-06,2.46575342465753,-0.493150684931507,NA,NA
"2016-Jul","North",2,1892,484,66,90,46,NA,2016-07-21 14:40:00,2016-07-25 16:00:00,2016-08-10 14:40:00,1.05,-1.45180023228804e-06,2.71232876712329,-1.23287671232877,NA,NA
"2016-Jul","North",2,1872,342,29,40,42,NA,2016-07-21 14:40:00,2016-07-25 16:00:00,2016-08-10 14:40:00,5.15,1.45180023228804e-06,1.10958904109589,1.72602739726027,NA,NA
"2016-Jul","North",2,1806,366,53,60,49,NA,2016-07-21 14:40:00,2016-07-25 16:00:00,2016-08-10 14:40:00,1.95,0,3.82191780821918,0.123287671232877,NA,NA
"2016-Jul","North",3,2145,264,35,35,31,NA,2016-07-21 14:40:00,2016-07-25 16:00:00,2016-08-10 14:40:00,3.15,0,2.71232876712329,-0.493150684931507,NA,NA
"2016-Jul","North",3,1826,310,43,45,21,NA,2016-07-21 14:40:00,2016-07-25 16:00:00,2016-08-10 14:40:00,7.3,1.45180023228804e-06,3.6986301369863,-0.493150684931507,NA,NA
"2016-Jul","North",3,853,329,40,40,39,NA,2016-07-21 14:40:00,2016-07-25 16:00:00,2016-08-10 14:40:00,5.1,0,2.34246575342466,-0.123287671232877,NA,NA
"2016-Jun","North",1,1866,153,100,125,23,NA,2016-06-09 16:15:00,2016-06-13 10:40:00,2016-07-21 15:30:00,5.74236783320923,4.5446282494092e-06,5.97235023041475,0.663594470046083,NA,NA
"2016-Jun","North",1,1545,170,133,140,21,NA,2016-06-09 16:15:00,2016-06-13 10:40:00,2016-07-21 15:30:00,6.67163067758749,4.24165303278192e-06,7.43225806451613,1.32718894009217,NA,NA
"2016-Jun","North",1,2099,243,160,170,37,NA,2016-06-09 16:15:00,2016-06-13 10:40:00,2016-07-21 15:30:00,4.95606850335071,1.81785129976368e-06,7.83041474654378,-1.45990783410138,NA,NA
"2016-Jun","North",2,1918,170,120,150,16,NA,2016-06-09 16:15:00,2016-06-13 10:40:00,2016-07-21 15:30:00,4.6939687267312,5.15057868266376e-06,7.69769585253456,0.265437788018433,NA,NA
"2016-Jun","North",2,1878,97,93,100,20,NA,2016-06-09 16:15:00,2016-06-13 10:40:00,2016-07-21 15:30:00,6.45718540580789,5.45355389929104e-06,NA,NA,NA,NA
"2016-Jun","North",3,2021,133,85,100,20,NA,2016-06-09 16:15:00,2016-06-13 10:40:00,2016-07-21 15:30:00,1.93000744601638,3.93867781615464e-06,5.44147465437788,-2.3889400921659,NA,NA
"2016-Jun","North",3,1922,114,129,130,17,NA,2016-06-09 16:15:00,2016-06-13 10:40:00,2016-07-21 15:30:00,6.26656738644825,2.12082651639096e-06,8.22857142857143,-22.03133640553,NA,NA
"2016-Jun","North",3,1900,96,67,82,10,NA,2016-06-09 16:15:00,2016-06-13 10:40:00,2016-07-21 15:30:00,7.98212956068503,5.75652911591832e-06,3.71612903225806,0,NA,NA
"2016-Jun","North",1,1971,148,67,105,20,NA,2016-06-09 16:15:00,2016-06-13 10:40:00,2016-07-21 15:30:00,6.83842144452718,6.0595043325456e-06,5.30875576036866,0.663594470046083,NA,NA
"2016-Jun","North",1,2053,132,108,90,15,NA,2016-06-09 16:15:00,2016-06-13 10:40:00,2016-07-21 15:30:00,6.933730454207,4.84760346603648e-06,6.3705069124424,-4.7778801843318,NA,NA
"2016-Jun","North",1,1964,116,64,65,15,NA,2016-06-09 16:15:00,2016-06-13 10:40:00,2016-07-21 15:30:00,6.86224869694713,6.36247954917288e-06,4.64516129032258,-1.5926267281106,NA,NA
"2016-Jun","North",2,1789,154,126,120,21,NA,2016-06-09 16:15:00,2016-06-13 10:40:00,2016-07-21 15:30:00,NA,NA,10.0866359447005,1.5926267281106,NA,NA
"2016-Jun","North",2,1776,94,58,55,11,NA,2016-06-09 16:15:00,2016-06-13 10:40:00,2016-07-21 15:30:00,8.2680565897245,7.574380415682e-06,4.24700460829493,0.663594470046083,NA,NA
"2016-Jun","North",3,1802,109,84,95,14,NA,2016-06-09 16:15:00,2016-06-13 10:40:00,2016-07-21 15:30:00,8.00595681310499,4.5446282494092e-06,NA,NA,NA,NA
"2016-Jun","North",3,2092,123,101,100,12,NA,2016-06-09 16:15:00,2016-06-13 10:40:00,2016-07-21 15:30:00,8.10126582278481,5.15057868266376e-06,6.10506912442396,1.06175115207373,NA,NA
"2016-Jun","North",3,2101,254,123,150,24,NA,2016-06-09 16:15:00,2016-06-13 10:40:00,2016-07-21 15:30:00,7.95830230826508,1.81785129976368e-06,7.43225806451613,-0.530875576036866,NA,NA
"2016-Jun","Second",1,2402,170,146,150,26,NA,2016-06-09 13:30:00,2016-06-13 09:10:00,2016-07-20 14:00:00,NA,NA,6.28363636363636,-7.06909090909091,NA,NA
"2016-Jun","Second",1,2126,260,154,160,35,NA,2016-06-09 13:30:00,2016-06-13 09:10:00,2016-07-20 14:00:00,NA,NA,NA,NA,NA,NA
"2016-Jun","Second",2,2513,213,90,110,33,NA,2016-06-09 13:30:00,2016-06-13 09:10:00,2016-07-20 14:00:00,2.92534281361097,1.0578059859374e-05,4.97454545454545,0,NA,NA
"2016-Jun","Second",2,2043,191,170,170,36,NA,2016-06-09 13:30:00,2016-06-13 09:10:00,2016-07-20 14:00:00,NA,NA,NA,NA,NA,NA
"2016-Jun","Second",3,2500,137,104,120,30,NA,2016-06-09 13:30:00,2016-06-13 09:10:00,2016-07-20 14:00:00,NA,NA,5.76,-0.785454545454545,NA,NA
"2016-Jun","Second",3,1850,176,120,109,23,NA,2016-06-09 13:30:00,2016-06-13 09:10:00,2016-07-20 14:00:00,NA,NA,6.93818181818182,-2.74909090909091,NA,NA
"2016-Jun","Second",3,1928,142,96,100,13,NA,2016-06-09 13:30:00,2016-06-13 09:10:00,2016-07-20 14:00:00,5.26561706449975,4.35567170680107e-06,5.76,0.261818181818182,NA,NA
"2016-Jun","Second",3,1731,134,109,120,19,NA,2016-06-09 13:30:00,2016-06-13 09:10:00,2016-07-20 14:00:00,3.99796851193499,2.80007466865783e-06,8.50909090909091,0.654545454545455,NA,NA
"2016-Jun","Second",1,1886,135,71,70,12,NA,2016-06-09 13:30:00,2016-06-13 09:10:00,2016-07-20 14:00:00,5.55815134586084,7.7779851907162e-06,NA,NA,NA,NA
"2016-Jun","Second",1,1940,309,108,180,39,NA,2016-06-09 13:30:00,2016-06-13 09:10:00,2016-07-20 14:00:00,5.43626206196039,6.22238815257296e-07,6.28363636363636,-2.74909090909091,NA,NA
"2016-Jun","Second",1,2056,244,57,200,35,NA,2016-06-09 13:30:00,2016-06-13 09:10:00,2016-07-20 14:00:00,5.50939563230066,4.66679111442972e-06,NA,NA,NA,NA
"2016-Jun","Second",2,2065,120,78,85,14,NA,2016-06-09 13:30:00,2016-06-13 09:10:00,2016-07-20 14:00:00,NA,NA,3.92727272727273,0.130909090909091,NA,NA
"2016-Jun","Second",2,1828,309,167,180,52,NA,2016-06-09 13:30:00,2016-06-13 09:10:00,2016-07-20 14:00:00,4.94870492635856,-2.17783585340054e-06,5.76,-10.2109090909091,NA,NA
"2016-Jun","Second",3,1812,100,63,85,20,NA,2016-06-09 13:30:00,2016-06-13 09:10:00,2016-07-20 14:00:00,NA,NA,4.45090909090909,0.130909090909091,NA,NA
"2016-Jun","Second",3,1746,94,72,80,15,NA,2016-06-09 13:30:00,2016-06-13 09:10:00,2016-07-20 14:00:00,NA,NA,7.06909090909091,-4.71272727272727,NA,NA
"2016-Jun","Second",3,2055,206,95,125,22,NA,2016-06-09 13:30:00,2016-06-13 09:10:00,2016-07-20 14:00:00,NA,NA,5.76,-0.261818181818182,NA,NA
"2016-Jun","Manley",1,1800,221,71,95,48,NA,2016-06-11 09:45:00,2016-06-15 11:45:00,2016-07-21 13:00:00,2.16766156241889,3.85245112202639e-06,3.08571428571429,1.00408163265306,NA,NA
"2016-Jun","Manley",1,1725,138,86,90,50,NA,2016-06-11 09:45:00,2016-06-15 11:45:00,2016-07-21 13:00:00,3.3636127692707,-6.09971427654178e-06,3.35510204081633,0.195918367346938,NA,NA
"2016-Jun","Manley",2,1735,324,94,125,56,NA,2016-06-11 09:45:00,2016-06-15 11:45:00,2016-07-21 13:00:00,1.81884246042045,2.88933834151979e-06,5.02040816326531,-2.96326530612245,NA,NA
"2016-Jun","Manley",2,2030,171,114,120,30,NA,2016-06-11 09:45:00,2016-06-15 11:45:00,2016-07-21 13:00:00,NA,NA,2.3265306122449,-4.28571428571429,NA,NA
"2016-Jun","Manley",2,2078,165,80,110,41,NA,2016-06-11 09:45:00,2016-06-15 11:45:00,2016-07-21 13:00:00,1.74409550999221,2.24726315451539e-06,3.30612244897959,-13.469387755102,NA,NA
"2016-Jun","Manley",3,1739,254,83,100,33,NA,2016-06-11 09:45:00,2016-06-15 11:45:00,2016-07-21 13:00:00,NA,NA,2.81632653061224,-3.62448979591837,NA,NA
"2016-Jun","Manley",3,1726,153,77,90,46,NA,2016-06-11 09:45:00,2016-06-15 11:45:00,2016-07-21 13:00:00,3.23903451855697,8.98905261806157e-06,3.82040816326531,0.097959183673469,NA,NA
"2016-Jun","Manley",3,1771,240,78,80,36,NA,2016-06-11 09:45:00,2016-06-15 11:45:00,2016-07-21 13:00:00,2.74072151570205,2.88933834151979e-06,4.16326530612245,-5.04489795918367,NA,NA
"2016-Jun","Manley",1,1982,156,110,110,52,NA,2016-06-11 09:45:00,2016-06-15 11:45:00,2016-07-21 13:00:00,3.43835971969894,5.77867668303958e-06,4.53061224489796,-6.97959183673469,NA,NA
"2016-Jun","Manley",1,2085,192,69,75,40,NA,2016-06-11 09:45:00,2016-06-15 11:45:00,2016-07-21 13:00:00,2.1178302621334,2.24726315451539e-06,3.86938775510204,0.465306122448981,NA,NA
"2016-Jun","Manley",1,2114,166,82,96,39,NA,2016-06-11 09:45:00,2016-06-15 11:45:00,2016-07-21 13:00:00,2.49156501427459,6.09971427654178e-06,2.3265306122449,1.91020408163265,NA,NA
"2016-Jun","Manley",2,1841,215,95,105,41,NA,2016-06-11 09:45:00,2016-06-15 11:45:00,2016-07-21 13:00:00,2.51648066441734,4.81556390253299e-06,4.08979591836735,-15.9183673469388,NA,NA
"2016-Jun","Manley",2,2132,118,95,105,48,NA,2016-06-11 09:45:00,2016-06-15 11:45:00,2016-07-21 13:00:00,2.51648066441734,5.77867668303958e-06,4.50612244897959,-0.83265306122449,NA,NA
"2016-Jun","Manley",3,1999,219,100,118,51,NA,2016-06-11 09:45:00,2016-06-15 11:45:00,2016-07-21 13:00:00,1.66934855956398,2.88933834151979e-06,4.50612244897959,-2.08163265306122,NA,NA
"2016-May","Manley",1,310,137,107,100,27,NA,2016-05-20 13:30:00,2016-05-26 10:35:00,2016-06-15 10:30:00,2.00966183574879,7.52445447705041e-06,3.38523331364442,-0.459303012404016,NA,NA
"2016-May","Manley",1,1781,120,114,100,19,NA,2016-05-20 13:30:00,2016-05-26 10:35:00,2016-06-15 10:30:00,2.6280193236715,3.47282514325404e-06,NA,NA,NA,NA
"2016-May","Manley",1,313,252,115,110,45,NA,2016-05-20 13:30:00,2016-05-26 10:35:00,2016-06-15 10:30:00,0.772946859903382,6.94565028650807e-06,3.72545776727702,-5.49462492616657,NA,NA
"2016-May","Manley",2,2010,197,155,120,54,NA,2016-05-20 13:30:00,2016-05-26 10:35:00,2016-06-15 10:30:00,1.97101449275362,1.73641257162702e-06,4.26981689308919,-3.53833431777909,NA,NA
"2016-May","Manley",2,1734,121,115,115,34,NA,2016-05-20 13:30:00,2016-05-26 10:35:00,2016-06-15 10:30:00,1.93236714975845,0,4.54199645599528,-0.187123449497934,NA,NA
"2016-May","Manley",2,1867,104,80,100,23,NA,2016-05-20 13:30:00,2016-05-26 10:35:00,2016-06-15 10:30:00,2.24154589371981,5.20923771488106e-06,3.33419964559953,-0.153101004134672,NA,NA
"2016-May","Manley",3,1792,49,46,45,20,NA,2016-05-20 13:30:00,2016-05-26 10:35:00,2016-06-15 10:30:00,1.0048309178744,2.31521676216936e-06,2.85788541051388,1.54802126402835,NA,NA
"2016-May","Manley",3,1730,41,38,30,17,NA,2016-05-20 13:30:00,2016-05-26 10:35:00,2016-06-15 10:30:00,1.54589371980676,-5.7880419054234e-07,1.73514471352628,0.578381571175429,NA,NA
"2016-May","Manley",1,1763,138,108,110,41,NA,2016-05-20 13:30:00,2016-05-26 10:35:00,2016-06-15 10:30:00,2.24154589371981,8.68206285813509e-06,3.77649143532191,-0.238157117542822,NA,NA
"2016-May","Manley",1,1939,116,68,80,32,NA,2016-05-20 13:30:00,2016-05-26 10:35:00,2016-06-15 10:30:00,2.00966183574879,1.62065173351855e-05,1.70112226816302,0.289190785587715,NA,NA
"2016-May","Manley",1,1863,112,76,80,19,NA,2016-05-20 13:30:00,2016-05-26 10:35:00,2016-06-15 10:30:00,2.16425120772947,4.63043352433872e-06,3.01098641464855,-0.272179562906085,NA,NA
"2016-May","Manley",2,2129,39,40,30,10,NA,2016-05-20 13:30:00,2016-05-26 10:35:00,2016-06-15 10:30:00,3.1304347826087,5.7880419054234e-06,1.53101004134672,-0.0850561134081512,NA,NA
"2016-May","Manley",2,2038,183,90,125,43,NA,2016-05-20 13:30:00,2016-05-26 10:35:00,2016-06-15 10:30:00,2.00966183574879,1.21548880013891e-05,3.38523331364442,0.629415239220318,NA,NA
"2016-May","Manley",2,1793,64,52,50,16,NA,2016-05-20 13:30:00,2016-05-26 10:35:00,2016-06-15 10:30:00,3.09178743961353,9.26086704867743e-06,2.34754873006497,-0.901594802126403,NA,NA
"2016-May","Manley",3,2091,99,60,70,23,NA,2016-05-20 13:30:00,2016-05-26 10:35:00,2016-06-15 10:30:00,2.85990338164251,8.10325866759275e-06,3.23213230950975,-0.238157117542824,NA,NA
"2016-May","Manley",3,2089,66,42,55,30,NA,2016-05-20 13:30:00,2016-05-26 10:35:00,2016-06-15 10:30:00,1.73913043478261,5.20923771488106e-06,2.80685174246899,0.0850561134081512,NA,NA
"2016-May","North",1,2077,337,190,250,74,NA,2016-05-20 15:40:00,2016-05-26 13:26:00,2016-06-09 13:30:00,NA,-6.6124446207763e-06,NA,NA,NA,NA
"2016-May","North",2,1873,100,88,90,20,NA,2016-05-20 15:40:00,2016-05-26 13:26:00,2016-06-09 13:30:00,10.1457970003488,1.81842227071348e-05,9.64965906418998,0.270867622854455,NA,NA
"2016-May","North",2,2107,59,48,45,10,NA,2016-05-20 15:40:00,2016-05-26 13:26:00,2016-06-09 13:30:00,8.89012905476107,1.81842227071348e-05,5.8405831177992,0.609452151422524,NA,NA
"2016-May","North",2,1815,116,60,70,20,NA,2016-05-20 15:40:00,2016-05-26 13:26:00,2016-06-09 13:30:00,11.4014649459365,2.06638894399259e-05,6.77169057136139,-1.70985186926875,NA,NA
"2016-May","North",3,2007,244,106,140,28,NA,2016-05-20 15:40:00,2016-05-26 13:26:00,2016-06-09 13:30:00,11.1001046389955,1.32248892415526e-05,9.07406536562426,-3.36891605925229,NA,NA
"2016-May","North",3,1703,64,75,65,10,NA,2016-05-20 15:40:00,2016-05-26 13:26:00,2016-06-09 13:30:00,9.34216951517265,1.32248892415526e-05,6.65318598636257,-1.30355043498707,NA,NA
"2016-May","North",3,1743,117,116,120,20,NA,2016-05-20 15:40:00,2016-05-26 13:26:00,2016-06-09 13:30:00,NA,NA,9.2264284034799,-7.60122266635316,NA,NA
"2016-May","North",2,1992,65.5,28,33,8,NA,2016-05-20 15:40:00,2016-05-26 13:26:00,2016-06-09 13:30:00,5.49982560167422,9.91866693116445e-06,4.50317422995533,0.541735245708911,NA,NA
"2016-May","North",2,2059,58,44,25,9,NA,2016-05-20 15:40:00,2016-05-26 13:26:00,2016-06-09 13:30:00,4.26927101499826,8.26555577597038e-06,3.50434987067952,0.474018339995297,NA,NA
"2016-May","North",3,1701,108,50,74,19,NA,2016-05-20 15:40:00,2016-05-26 13:26:00,2016-06-09 13:30:00,8.03627485176142,8.26555577597038e-06,8.19374559134729,1.54055960498472,NA,NA
"2016-May","North",3,2112,277,99,105,23,NA,2016-05-20 15:40:00,2016-05-26 13:26:00,2016-06-09 13:30:00,9.49284966864318,2.72763340607022e-05,5.01105102280743,1.08347049141782,NA,NA
"2016-May","North",3,2100,303,60,175,33,NA,2016-05-20 15:40:00,2016-05-26 13:26:00,2016-06-09 13:30:00,NA,NA,8.63390547848578,2.11615330355044,NA,NA
"2016-May","Second",1,2102,146,105,110,19,NA,2016-05-21 09:25:00,2016-05-27 09:20:00,2016-06-09 14:30:00,12.7525754563528,2.53984936065861e-05,9.52217718587145,-0.016676317313259,NA,NA
"2016-May","Second",2,311,124,88,90,16,NA,2016-05-21 09:25:00,2016-05-27 09:20:00,2016-06-09 14:30:00,12.9607807699259,1.57645822385707e-05,6.8372900984366,0.4169079328315,NA,NA
"2016-May","Second",2,1838,134,85,100,21,NA,2016-05-21 09:25:00,2016-05-27 09:20:00,2016-06-09 14:30:00,4.84077354057473,2.97775442284113e-05,7.87122177185871,10.1892298784019,NA,NA
"2016-May","Second",2,1716,115,80,85,20,NA,2016-05-21 09:25:00,2016-05-27 09:20:00,2016-06-09 14:30:00,12.8046267847461,2.89017341040462e-05,7.62107701215982,1.56757382744644,NA,NA
"2016-May","Second",3,1936,224,110,260,55,NA,2016-05-21 09:25:00,2016-05-27 09:20:00,2016-06-09 14:30:00,5.82974878004699,2.10194429847609e-05,13.724609148813,1.03393167342212,NA,NA
"2016-May","Second",3,2034,267,180,218,49,NA,2016-05-21 09:25:00,2016-05-27 09:20:00,2016-06-09 14:30:00,7.13103198987891,-2.62743037309511e-06,NA,NA,NA,NA
"2016-May","Second",3,317,106,92,105,28,NA,2016-05-21 09:25:00,2016-05-27 09:20:00,2016-06-09 14:30:00,8.90077715525032,1.31371518654756e-05,8.67168500289519,0.933873769542558,NA,NA
"2016-May","Second",1,1822,76,45,45,17,NA,2016-05-21 09:25:00,2016-05-27 09:20:00,2016-06-09 14:30:00,11.6074462317007,1.75162024873008e-05,4.38587145338738,0.917197452229299,NA,NA
"2016-May","Second",1,1706,95,51,55,17,NA,2016-05-21 09:25:00,2016-05-27 09:20:00,2016-06-09 14:30:00,10.9307789625881,2.62743037309511e-05,5.6699478865084,1.2507237984945,NA,NA
"2016-May","Second",1,2418,200,78,115,38,NA,2016-05-21 09:25:00,2016-05-27 09:20:00,2016-06-09 14:30:00,8.84872582685704,2.45226834822211e-05,9.92240880138969,0.516965836711059,NA,NA
"2016-May","Second",2,2093,46,38,40,11,NA,2016-05-21 09:25:00,2016-05-27 09:20:00,2016-06-09 14:30:00,6.29821073558648,8.75810124365038e-06,4.73607411696584,0.533642154024319,NA,NA
"2016-May","Second",2,2512,59,51,45,12,NA,2016-05-21 09:25:00,2016-05-27 09:20:00,2016-06-09 14:30:00,10.8787276341948,1.31371518654756e-05,4.4192240880139,0,NA,NA
"2016-May","Second",3,1857,233,104,120,38,NA,2016-05-21 09:25:00,2016-05-27 09:20:00,2016-06-09 14:30:00,NA,NA,11.8735379270411,0.800463231036479,NA,NA
"2016-May","Second",3,2086,83,53,55,10,NA,2016-05-21 09:25:00,2016-05-27 09:20:00,2016-06-09 14:30:00,9.94180372311585,1.92678227360308e-05,6.0868558193399,0.7504342790967,NA,NA
"2016-May","Second",3,1917,160,77,100,30,NA,2016-05-21 09:25:00,2016-05-27 09:20:00,2016-06-09 14:30:00,6.55846737755286,2.80259239796812e-05,8.00463231036479,1.21737116386798,NA,NA
"2016-Nov","North",1,1945,567,87,82,21,NA,2016-11-12 12:00:00,2016-11-18 14:30:00,2017-04-11 10:00:00,NA,NA,1.31058020477816,-2.78498293515358,NA,NA
"2016-Nov","North",1,1778.1,644,95,145,16,NA,2016-11-12 12:00:00,2016-11-18 14:30:00,2017-04-11 10:00:00,NA,NA,NA,NA,NA,NA
"2016-Nov","North",2,1727.1,476,110,120,17,NA,2016-11-12 12:00:00,2016-11-18 14:30:00,2017-04-11 10:00:00,NA,NA,NA,NA,NA,NA
"2016-Nov","North",2,1943,595,171,170,21,NA,2016-11-12 12:00:00,2016-11-18 14:30:00,2017-04-11 10:00:00,NA,NA,3.19453924914676,-9.09215017064846,NA,NA
"2016-Nov","North",2,1807.1,702,106,120,29,NA,2016-11-12 12:00:00,2016-11-18 14:30:00,2017-04-11 10:00:00,NA,NA,1.6382252559727,1.6382252559727,NA,NA
"2016-Nov","North",3,1989,644,103,114,30,NA,2016-11-12 12:00:00,2016-11-18 14:30:00,2017-04-11 10:00:00,NA,NA,0.901023890784983,1.22866894197952,NA,NA
"2016-Nov","North",3,2488,559,171,160,21,NA,2016-11-12 12:00:00,2016-11-18 14:30:00,2017-04-11 10:00:00,NA,NA,2.62116040955631,2.94880546075085,NA,NA
"2016-Nov","North",3,1685.1,643,72,75,12,NA,2016-11-12 12:00:00,2016-11-18 14:30:00,2017-04-11 10:00:00,NA,NA,0.491467576791809,0.573378839590444,NA,NA
"2016-Nov","North",1,1933,424,115,125,35,NA,2016-11-12 12:00:00,2016-11-18 14:30:00,2017-04-11 10:00:00,NA,NA,2.1296928327645,-0.655290102389078,NA,NA
"2016-Nov","North",1,2104,489,93,170,22,NA,2016-11-12 12:00:00,2016-11-18 14:30:00,2017-04-11 10:00:00,NA,NA,NA,NA,NA,NA
"2016-Nov","North",2,1948,376,56,110,13,NA,2016-11-12 12:00:00,2016-11-18 14:30:00,2017-04-11 10:00:00,NA,NA,NA,NA,NA,NA
"2016-Nov","North",2,2002,486,64,55,33,NA,2016-11-12 12:00:00,2016-11-18 14:30:00,2017-04-11 10:00:00,NA,NA,0.737201365187713,-0.982935153583618,NA,NA
"2016-Nov","North",2,1756,767,111,170,30,NA,2016-11-12 12:00:00,2016-11-18 14:30:00,2017-04-11 10:00:00,NA,-1.93152735525617e-06,3.19453924914676,0.327645051194539,NA,NA
"2016-Nov","North",3,2484,479,35,56,10,NA,2016-11-12 12:00:00,2016-11-18 14:30:00,2017-04-11 10:00:00,NA,NA,0.245733788395904,-0.901023890784983,NA,NA
"2016-Nov","North",3,1745,576,126,160,27,NA,2016-11-12 12:00:00,2016-11-18 14:30:00,2017-04-11 10:00:00,NA,NA,2.37542662116041,-1.06484641638225,NA,NA
"2016-Nov","North",3,1681,595,131,160,31,NA,2016-11-12 12:00:00,2016-11-18 14:30:00,2017-04-11 10:00:00,NA,-1.60960612938014e-07,1.80204778156997,0.0819112627986348,NA,NA
"2016-Nov","Second",1,2494,498,155,145,34,NA,2016-11-17 11:30:00,2016-11-20 14:00:00,2017-04-08 14:00:00,NA,NA,0.644295302013423,-3.70469798657718,NA,NA
"2016-Nov","Second",1,1683,591,83,45,16,NA,2016-11-17 11:30:00,2016-11-20 14:00:00,2017-04-08 14:00:00,NA,NA,0,-0.483221476510067,NA,NA
"2016-Nov","Second",2,4801,663,186,150,39,NA,2016-11-17 11:30:00,2016-11-20 14:00:00,2017-04-08 14:00:00,NA,NA,6.60402684563758,-6.28187919463087,NA,NA
"2016-Nov","Second",2,1814,739,158,200,38,NA,2016-11-17 11:30:00,2016-11-20 14:00:00,2017-04-08 14:00:00,NA,NA,1.93288590604027,4.18791946308725,NA,NA
"2016-Nov","Second",3,2120,368,50,54,13,NA,2016-11-17 11:30:00,2016-11-20 14:00:00,2017-04-08 14:00:00,NA,NA,0.966442953020134,0.644295302013423,NA,NA
"2016-Nov","Second",3,1704,362,73,120,21,NA,2016-11-17 11:30:00,2016-11-20 14:00:00,2017-04-08 14:00:00,NA,NA,0.644295302013423,-0.966442953020134,NA,NA
"2016-Nov","Second",3,1997,556,119,120,34,NA,2016-11-17 11:30:00,2016-11-20 14:00:00,2017-04-08 14:00:00,NA,NA,3.54362416107383,-2.57718120805369,NA,NA
"2016-Nov","Second",1,2110,662,94,170,28,NA,2016-11-17 11:30:00,2016-11-20 14:00:00,2017-04-08 14:00:00,NA,NA,1.93288590604027,0.644295302013423,NA,NA
"2016-Nov","Second",1,1729,568,122,105,21,NA,2016-11-17 11:30:00,2016-11-20 14:00:00,2017-04-08 14:00:00,NA,NA,0,-0.966442953020134,NA,NA
"2016-Nov","Second",1,1816,692,80,70,30,NA,2016-11-17 11:30:00,2016-11-20 14:00:00,2017-04-08 14:00:00,NA,NA,0,0.805369127516779,NA,NA
"2016-Nov","Second",1,1718,594,210,170,12,NA,2016-11-17 11:30:00,2016-11-20 14:00:00,2017-04-08 14:00:00,NA,NA,5.15436241610738,-3.22147651006711,NA,NA
"2016-Nov","Second",3,1876,514,131,140,35,NA,2016-11-17 11:30:00,2016-11-20 14:00:00,2017-04-08 14:00:00,NA,NA,1.93288590604027,0,NA,NA
"2016-Nov","Second",3,1811,440,131,150,42,NA,2016-11-17 11:30:00,2016-11-20 14:00:00,2017-04-08 14:00:00,NA,NA,NA,NA,NA,NA
"2016-Nov","Second",3,1712,636,216,210,33,NA,2016-11-17 11:30:00,2016-11-20 14:00:00,2017-04-08 14:00:00,NA,NA,4.67114093959732,-10.1476510067114,NA,NA
"2016-Nov","Second",3,1759,470,153,160,29,NA,2016-11-17 11:30:00,2016-11-20 14:00:00,2017-04-08 14:00:00,NA,NA,2.57718120805369,1.28859060402685,NA,NA
"2016-Sep","Manley",1,2015,136,47,49,28,NA,2016-09-05 09:30:00,2016-09-10 09:30:00,2016-11-18 11:00:00,NA,NA,0.7,-1.5,NA,NA
"2016-Sep","Manley",1,2493,182,61,61,41,NA,2016-09-05 09:30:00,2016-09-10 09:30:00,2016-11-18 11:00:00,NA,NA,1.8,-0.8,NA,NA
"2016-Sep","Manley",2,1821,171,38,35,NA,NA,2016-09-05 09:30:00,2016-09-10 09:30:00,2016-11-18 11:00:00,NA,NA,NA,NA,NA,NA
"2016-Sep","Manley",2,1855,375,30,23,25,NA,2016-09-05 09:30:00,2016-09-10 09:30:00,2016-11-18 11:00:00,NA,NA,NA,NA,NA,NA
"2016-Sep","Manley",2,1960,151,62,69,31,NA,2016-09-05 09:30:00,2016-09-10 09:30:00,2016-11-18 11:00:00,NA,NA,2.2,-1.8,NA,NA
"2016-Sep","Manley",3,2428,250,34,39,21,NA,2016-09-05 09:30:00,2016-09-10 09:30:00,2016-11-18 11:00:00,NA,NA,1.4,0.1,NA,NA
"2016-Sep","Manley",3,2482,159,32,37,9,NA,2016-09-05 09:30:00,2016-09-10 09:30:00,2016-11-18 11:00:00,NA,NA,1.1,0.2,NA,NA
"2016-Sep","Manley",3,1868,200,74,67,70,NA,2016-09-05 09:30:00,2016-09-10 09:30:00,2016-11-18 11:00:00,NA,NA,1.8,-1.2,NA,NA
"2016-Sep","Manley",1,2088,292,27,25,24,NA,2016-09-05 09:30:00,2016-09-10 09:30:00,2016-11-18 11:00:00,NA,NA,1.3,-1.3,NA,NA
"2016-Sep","Manley",1,2016,281,52,50,47,NA,2016-09-05 09:30:00,2016-09-10 09:30:00,2016-11-18 11:00:00,NA,NA,1.6,-2,NA,NA
"2016-Sep","Manley",2,1865,261,39,40,34,NA,2016-09-05 09:30:00,2016-09-10 09:30:00,2016-11-18 11:00:00,NA,NA,NA,NA,NA,NA
"2016-Sep","Manley",2,1993,215,69,60,26,NA,2016-09-05 09:30:00,2016-09-10 09:30:00,2016-11-18 11:00:00,NA,NA,2.9,-2.1,NA,NA
"2016-Sep","Manley",2,1752,242,71,80,59,NA,2016-09-05 09:30:00,2016-09-10 09:30:00,2016-11-18 11:00:00,NA,NA,2.8,-0.4,NA,NA
"2016-Sep","Manley",3,2026,226,36,30,24,NA,2016-09-05 09:30:00,2016-09-10 09:30:00,2016-11-18 11:00:00,NA,NA,0.9,-0.3,NA,NA
"2016-Sep","Manley",3,1890,316,39,40,56,NA,2016-09-05 09:30:00,2016-09-10 09:30:00,2016-11-18 11:00:00,NA,NA,1.6,-0.8,NA,NA
"2016-Sep","North",1,2128,448,80,63,14,NA,2016-09-05 15:30:00,2016-09-09 15:30:00,2016-11-12 12:00:00,NA,NA,2,-1.25,NA,NA
"2016-Sep","North",1,1778,444,131,127,27,NA,2016-09-05 15:30:00,2016-09-09 15:30:00,2016-11-12 12:00:00,2.94749769726742,-1.81257930034439e-06,11.25,-9,NA,NA
"2016-Sep","North",2,1727,448,85,109,35,NA,2016-09-05 15:30:00,2016-09-09 15:30:00,2016-11-12 12:00:00,0.412649677617439,-3.2626427406199e-06,2.25,-0.25,NA,NA
"2016-Sep","North",2,2023,513,78,103,22,NA,2016-09-05 15:30:00,2016-09-09 15:30:00,2016-11-12 12:00:00,NA,NA,1.75,-0.25,NA,NA
"2016-Sep","North",2,1807,597,121,117,31,NA,2016-09-05 15:30:00,2016-09-09 15:30:00,2016-11-12 12:00:00,1.5474362910654,-3.62515860068878e-07,5.75,-3.75,NA,NA
"2016-Sep","North",3,1761,525,121,120,22,NA,2016-09-05 15:30:00,2016-09-09 15:30:00,2016-11-12 12:00:00,NA,NA,4.5,-1.5,NA,NA
"2016-Sep","North",3,1685,359,100,108,23,NA,2016-09-05 15:30:00,2016-09-09 15:30:00,2016-11-12 12:00:00,4.18544673011974,-1.99383723037883e-06,1,-3.125,NA,NA
"2016-Sep","North",3,1755,519,110,98,28,NA,2016-09-05 15:30:00,2016-09-09 15:30:00,2016-11-12 12:00:00,1.19373656739331,-9.06289650172195e-07,4.375,-1.625,NA,NA
"2016-Sep","North",1,1721,476,96,100,28,NA,2016-09-05 15:30:00,2016-09-09 15:30:00,2016-11-12 12:00:00,NA,NA,3.875,-1.25,NA,NA
"2016-Sep","North",2,2497,456,72,95,27,NA,2016-09-05 15:30:00,2016-09-09 15:30:00,2016-11-12 12:00:00,NA,NA,2.125,-1.025,NA,NA
"2016-Sep","North",2,2519,526,200,180,39,NA,2016-09-05 15:30:00,2016-09-09 15:30:00,2016-11-12 12:00:00,NA,NA,6.875,-5.875,NA,NA
"2016-Sep","North",3,2050,604,98,100,20,NA,2016-09-05 15:30:00,2016-09-09 15:30:00,2016-11-12 12:00:00,NA,NA,4.625,-0.5,NA,NA
"2016-Sep","North",3,2501,442,68,80,28,NA,2016-09-05 15:30:00,2016-09-09 15:30:00,2016-11-12 12:00:00,1.19373656739331,-1.99383723037883e-06,2.75,-2,NA,NA
"2016-Sep","North",3,1710,554,110,115,35,NA,2016-09-05 15:30:00,2016-09-09 15:30:00,2016-11-12 12:00:00,NA,NA,3.75,-3.875,NA,NA
"2016-Sep","North",3,1973,335,68,75,29,NA,2016-09-05 15:30:00,2016-09-09 15:30:00,2016-11-12 12:00:00,NA,NA,1.875,-0.375,NA,NA
"2016-Sep","Second",1,1958,300,57,57,32,NA,2016-09-05 14:00:00,2016-09-10 13:30:00,2016-11-17 11:30:00,NA,NA,1.80753138075314,-0.602510460251046,NA,NA
"2016-Sep","Second",1,1976,527,38,32,16,NA,2016-09-05 14:00:00,2016-09-10 13:30:00,2016-11-17 11:30:00,NA,NA,1.10460251046025,0.100418410041841,NA,NA
"2016-Sep","Second",1,1875,519,63,75,32,NA,2016-09-05 14:00:00,2016-09-10 13:30:00,2016-11-17 11:30:00,0.274364104029723,-2.38582140422631e-06,0.803347280334728,0.803347280334728,NA,NA
"2016-Sep","Second",1,2097,603,113,143,46,NA,2016-09-05 14:00:00,2016-09-10 13:30:00,2016-11-17 11:30:00,0.192054872820806,-4.77164280845262e-06,2.00836820083682,-0.803347280334728,NA,NA
"2016-Sep","Second",2,1699,500,49,40,29,NA,2016-09-05 14:00:00,2016-09-10 13:30:00,2016-11-17 11:30:00,NA,NA,1.60669456066946,-0.602510460251046,NA,NA
"2016-Sep","Second",3,2504,504,78,110,36,NA,2016-09-05 14:00:00,2016-09-10 13:30:00,2016-11-17 11:30:00,0.288082309231209,-3.40831629175187e-06,3.31380753138075,-0.903765690376569,NA,NA
"2016-Sep","Second",3,1998,413,90,112,28,NA,2016-09-05 14:00:00,2016-09-10 13:30:00,2016-11-17 11:30:00,NA,NA,3.11297071129707,-7.8326359832636,NA,NA
"2016-Sep","Second",3,1829,293,36,35,15,NA,2016-09-05 14:00:00,2016-09-10 13:30:00,2016-11-17 11:30:00,NA,NA,NA,NA,NA,NA
"2016-Sep","Second",1,1985,335,25,75,19,NA,2016-09-05 14:00:00,2016-09-10 13:30:00,2016-11-17 11:30:00,NA,NA,1.60669456066946,0.702928870292887,NA,NA
"2016-Sep","Second",2,1853,527,33,50,24,NA,2016-09-05 14:00:00,2016-09-10 13:30:00,2016-11-17 11:30:00,0.0274364104029723,-1.53374233128834e-06,1.90794979079498,-0.100418410041841,NA,NA
"2016-Sep","Second",2,2111,256,70,100,24,NA,2016-09-05 14:00:00,2016-09-10 13:30:00,2016-11-17 11:30:00,NA,NA,2.41004184100418,-8.03347280334728,NA,NA
"2016-Sep","Second",2,1827,470,76,100,36,NA,2016-09-05 14:00:00,2016-09-10 13:30:00,2016-11-17 11:30:00,NA,NA,3.61506276150628,-1.60669456066946,NA,NA
"2016-Sep","Second",3,1956,430,54,50,30,NA,2016-09-05 14:00:00,2016-09-10 13:30:00,2016-11-17 11:30:00,1.50900257216348,-1.53374233128834e-06,2.51046025104602,-0.301255230125523,NA,NA
"2016-Sep","Second",3,2075,431,162,140,NA,NA,2016-09-05 14:00:00,2016-09-10 13:30:00,2016-11-17 11:30:00,NA,NA,NA,NA,NA,NA
"2016-Sep","Second",3,1724,348,122,120,34,NA,2016-09-05 14:00:00,2016-09-10 13:30:00,2016-11-17 11:30:00,NA,NA,NA,NA,NA,NA
"2017-Aug","North",1,298,463,40,37,34,NA,2017-08-24 15:00:00,2017-08-28 15:00:00,2017-11-20 12:00:00,NA,NA,1.25,-1.25,NA,NA
"2017-Aug","North",1,1957,447,37,49,29,NA,2017-08-24 15:00:00,2017-08-28 15:00:00,2017-11-20 12:00:00,NA,NA,2.25,-0.5,NA,NA
"2017-Aug","North",1,2538,412,40,38,26,NA,2017-08-24 15:00:00,2017-08-28 15:00:00,2017-11-20 12:00:00,NA,NA,1.25,-2,NA,NA
"2017-Aug","North",1,2013,430,49,39,33,NA,2017-08-24 15:00:00,2017-08-28 15:00:00,2017-11-20 12:00:00,NA,NA,2,-1.5,NA,NA
"2017-Aug","North",1,2536,359,9,15,0,NA,2017-08-24 15:00:00,2017-08-28 15:00:00,2017-11-20 12:00:00,NA,NA,NA,NA,NA,NA
"2017-Aug","North",2,2530,357,49,61,32,NA,2017-08-24 15:00:00,2017-08-28 15:00:00,2017-11-20 12:00:00,NA,NA,1.5,-2.75,NA,NA
"2017-Aug","North",2,2529,578,31,25,21,NA,2017-08-24 15:00:00,2017-08-28 15:00:00,2017-11-20 12:00:00,NA,NA,0.75,0,NA,NA
"2017-Aug","North",3,280,274,22,30,7,NA,2017-08-24 15:00:00,2017-08-28 15:00:00,2017-11-20 12:00:00,NA,NA,0.25,-3,NA,NA
"2017-Aug","North",2,303,312,18,60,30,NA,2017-08-24 15:00:00,2017-08-28 15:00:00,2017-11-20 12:00:00,NA,NA,0.75,1.25,NA,NA
"2017-Aug","North",2,2528,465,56,67,4,NA,2017-08-24 15:00:00,2017-08-28 15:00:00,2017-11-20 12:00:00,NA,NA,NA,NA,NA,NA
"2017-Aug","North",2,2525,542,32,57,42,NA,2017-08-24 15:00:00,2017-08-28 15:00:00,2017-11-20 12:00:00,0.0796586059743954,-5.38168570955456e-06,2.75,-2,NA,NA
"2017-Aug","North",3,270,419,27,23,28,NA,2017-08-24 15:00:00,2017-08-28 15:00:00,2017-11-20 12:00:00,NA,NA,1.25,-1.5,NA,NA
"2017-Aug","North",3,2479,450,66,81,30,NA,2017-08-24 15:00:00,2017-08-28 15:00:00,2017-11-20 12:00:00,NA,NA,4,-2.75,NA,NA
"2017-Aug","North",3,2106,313,54,59,34,NA,2017-08-24 15:00:00,2017-08-28 15:00:00,2017-11-20 12:00:00,NA,NA,3.75,-1.5,NA,NA
"2017-Aug","North",3,283,564,36,47,23,NA,2017-08-24 15:00:00,2017-08-28 15:00:00,2017-11-20 12:00:00,0.375533428165007,-2.7598388254126e-06,2.5,-0.25,NA,NA
"2017-Aug","Second",1,2411,558,28,25,59,NA,2017-08-24 11:45:00,2017-08-28 11:30:00,2017-11-17 13:30:00,NA,NA,1.2532637075718,-1.2532637075718,NA,NA
"2017-Aug","Second",1,2085.1,257,33,40,27,NA,2017-08-24 11:45:00,2017-08-28 11:30:00,2017-11-17 13:30:00,NA,NA,NA,NA,NA,NA
"2017-Aug","Second",1,1163,187,69,54,24,NA,2017-08-24 11:45:00,2017-08-28 11:30:00,2017-11-17 13:30:00,NA,NA,1.2532637075718,-11.7806788511749,NA,NA
"2017-Aug","Second",1,2136,455,22,29,51,NA,2017-08-24 11:45:00,2017-08-28 11:30:00,2017-11-17 13:30:00,NA,NA,1.2532637075718,-1.00261096605744,NA,NA
"2017-Aug","Second",1,1719,434,21,17,39,NA,2017-08-24 11:45:00,2017-08-28 11:30:00,2017-11-17 13:30:00,NA,NA,0.25065274151436,-0.25065274151436,NA,NA
"2017-Aug","Second",1,2062,230,10,31,26,NA,2017-08-24 11:45:00,2017-08-28 11:30:00,2017-11-17 13:30:00,NA,NA,0.25065274151436,-0.751958224543081,NA,NA
"2017-Aug","Second",2,292,179,51,46,16,NA,2017-08-24 11:45:00,2017-08-28 11:30:00,2017-11-17 13:30:00,NA,NA,1.50391644908616,0.25065274151436,NA,NA
"2017-Aug","Second",2,275,286,15,35,8,NA,2017-08-24 11:45:00,2017-08-28 11:30:00,2017-11-17 13:30:00,NA,NA,0.501305483028721,-1.50391644908616,NA,NA
"2017-Aug","Second",3,269,297,62,66,39,NA,2017-08-24 11:45:00,2017-08-28 11:30:00,2017-11-17 13:30:00,NA,NA,5.26370757180157,-2.75718015665796,NA,NA
"2017-Aug","Second",3,1760.1,208,28,29,23,NA,2017-08-24 11:45:00,2017-08-28 11:30:00,2017-11-17 13:30:00,NA,NA,0.751958224543081,-0.25065274151436,NA,NA
"2017-Aug","Second",3,2105,177,69,60,NA,NA,2017-08-24 11:45:00,2017-08-28 11:30:00,2017-11-17 13:30:00,NA,NA,NA,NA,NA,NA
"2017-Aug","Second",3,300,102,60,53,12,NA,2017-08-24 11:45:00,2017-08-28 11:30:00,2017-11-17 13:30:00,NA,NA,7.01827676240209,-0.501305483028721,NA,NA
"2017-Aug","Second",3,1877,266,18,17,34,NA,2017-08-24 11:45:00,2017-08-28 11:30:00,2017-11-17 13:30:00,NA,NA,0.751958224543081,-1.00261096605744,NA,NA
"2017-Aug","Second",3,2090,190,29,48,28,NA,2017-08-24 11:45:00,2017-08-28 11:30:00,2017-11-17 13:30:00,NA,NA,0.25065274151436,-2.00522193211488,NA,NA
"2017-Jul","Manley",1,1749,137,59,42,43,NA,2017-07-13 10:00:00,2017-07-17 11:40:00,2017-08-24 09:40:00,NA,NA,0.245733788395904,-4.91467576791809,NA,NA
"2017-Jul","Manley",1,291,94,45,36,28,NA,2017-07-13 10:00:00,2017-07-17 11:40:00,2017-08-24 09:40:00,NA,NA,0.982935153583618,-1.72013651877133,NA,NA
"2017-Jul","Manley",2,274,118,59,54,19,NA,2017-07-13 10:00:00,2017-07-17 11:40:00,2017-08-24 09:40:00,NA,NA,1.22866894197952,-6.38907849829352,NA,NA
"2017-Jul","Manley",2,1687,110,54,54,33,NA,2017-07-13 10:00:00,2017-07-17 11:40:00,2017-08-24 09:40:00,NA,NA,0.982935153583618,-3.19453924914676,NA,NA
"2017-Jul","Manley",2,282,525,107,62,69,NA,2017-07-13 10:00:00,2017-07-17 11:40:00,2017-08-24 09:40:00,NA,NA,0.737201365187713,-5.89761092150171,NA,NA
"2017-Jul","Manley",3,1977,101,49,43,38,NA,2017-07-13 10:00:00,2017-07-17 11:40:00,2017-08-24 09:40:00,NA,NA,1.72013651877133,-0.982935153583618,NA,NA
"2017-Jul","Manley",3,289,153,67,56,34,NA,2017-07-13 10:00:00,2017-07-17 11:40:00,2017-08-24 09:40:00,NA,NA,0.737201365187713,-1.96587030716724,NA,NA
"2017-Jul","Manley",3,295,417,107,88,80,NA,2017-07-13 10:00:00,2017-07-17 11:40:00,2017-08-24 09:40:00,NA,NA,2.21160409556314,-0.737201365187713,NA,NA
"2017-Jul","Manley",1,293,143,77,76,31,NA,2017-07-13 10:00:00,2017-07-17 11:40:00,2017-08-24 09:40:00,NA,NA,2.70307167235495,-3.68600682593857,NA,NA
"2017-Jul","Manley",1,296,86,37,52,28,NA,2017-07-13 10:00:00,2017-07-17 11:40:00,2017-08-24 09:40:00,NA,NA,1.22866894197952,-0.982935153583618,NA,NA
"2017-Jul","Manley",1,273,129,53,60,40,NA,2017-07-13 10:00:00,2017-07-17 11:40:00,2017-08-24 09:40:00,NA,NA,0.982935153583618,-2.94880546075085,NA,NA
"2017-Jul","Manley",2,1849,197,77,86,38,NA,2017-07-13 10:00:00,2017-07-17 11:40:00,2017-08-24 09:40:00,NA,NA,0.982935153583618,-5.89761092150171,NA,NA
"2017-Jul","Manley",2,281,211,95,110,45,NA,2017-07-13 10:00:00,2017-07-17 11:40:00,2017-08-24 09:40:00,0.0952695997353622,-6.41025641025641e-06,0.982935153583618,-6.14334470989761,NA,NA
"2017-Jul","Manley",2,3288,247,60,62,64,NA,2017-07-13 10:00:00,2017-07-17 11:40:00,2017-08-24 09:40:00,NA,NA,1.47440273037543,-2.94880546075085,NA,NA
"2017-Jul","Manley",3,1899,140,33,42,52,NA,2017-07-13 10:00:00,2017-07-17 11:40:00,2017-08-24 09:40:00,NA,NA,1.96587030716724,-1.47440273037543,NA,NA
"2017-Jul","Manley",3,309,210,36,47,53,NA,2017-07-13 10:00:00,2017-07-17 11:40:00,2017-08-24 09:40:00,NA,NA,1.96587030716724,-1.22866894197952,NA,NA
"2017-Jul","North",1,1888,422,91,127,54,NA,2017-07-13 15:00:00,2017-07-18 15:00:00,2017-08-24 14:45:00,NA,NA,1.8,-0.4,NA,NA
"2017-Jul","North",1,277,342,42,68,34,NA,2017-07-13 15:00:00,2017-07-18 15:00:00,2017-08-24 14:45:00,NA,NA,1.2,-0.6,NA,NA
"2017-Jul","North",1,2422,304,127,115,48,NA,2017-07-13 15:00:00,2017-07-18 15:00:00,2017-08-24 14:45:00,3.97717687918631,-3.75481085140336e-06,2.6,-19.4,NA,NA
"2017-Jul","North",1,2024,707,239,300,100,NA,2017-07-13 15:00:00,2017-07-18 15:00:00,2017-08-24 14:45:00,0.119077152071446,-1.40805406927626e-05,3,-20.2,NA,NA
"2017-Jul","North",1,1740,317,122,135,33,NA,2017-07-13 15:00:00,2017-07-18 15:00:00,2017-08-24 14:45:00,1.42892582485736,0,NA,NA,NA,NA
"2017-Jul","North",2,1696,505,83,146,39,NA,2017-07-13 15:00:00,2017-07-18 15:00:00,2017-08-24 14:45:00,0,-7.82252260709033e-06,1.6,-0.2,NA,NA
"2017-Jul","North",2,1974,293,107,131,37,NA,2017-07-13 15:00:00,2017-07-18 15:00:00,2017-08-24 14:45:00,0.238154304142893,-6.25801808567227e-07,2,-4,NA,NA
"2017-Jul","North",2,1938.1,340,131,91,61,NA,2017-07-13 15:00:00,2017-07-18 15:00:00,2017-08-24 14:45:00,4.40585462664351,-4.38061265997059e-06,1.6,-7.6,NA,NA
"2017-Jul","North",2,1774,288,90,122,31,NA,2017-07-13 15:00:00,2017-07-18 15:00:00,2017-08-24 14:45:00,0,-9.69992803279201e-06,1.2,-8,NA,NA
"2017-Jul","North",2,1818,500,72,175,53,NA,2017-07-13 15:00:00,2017-07-18 15:00:00,2017-08-24 14:45:00,NA,NA,1.8,0.2,NA,NA
"2017-Jul","North",2,2445,193,98,96,25,NA,2017-07-13 15:00:00,2017-07-18 15:00:00,2017-08-24 14:45:00,NA,NA,2.4,-2,NA,NA
"2017-Jul","North",3,1885,183,90,77,20,NA,2017-07-13 15:00:00,2017-07-18 15:00:00,2017-08-24 14:45:00,4.33440833540064,6.25801808567227e-07,2,-12.6,NA,NA
"2017-Jul","North",3,1848,333,66,68,33,NA,2017-07-13 15:00:00,2017-07-18 15:00:00,2017-08-24 14:45:00,0.523939469114364,-5.00641446853781e-06,1.4,-1,NA,NA
"2017-Jul","North",3,1831,393,56,150,30,NA,2017-07-13 15:00:00,2017-07-18 15:00:00,2017-08-24 14:45:00,NA,NA,NA,NA,NA,NA
"2017-Jul","North",3,2430,467,50,108,40,NA,2017-07-13 15:00:00,2017-07-18 15:00:00,2017-08-24 14:45:00,NA,-1.87740542570168e-06,0.6,-0.6,NA,NA
"2017-Jul","North",3,2011,532,81,113,63,NA,2017-07-13 15:00:00,2017-07-18 15:00:00,2017-08-24 14:45:00,NA,NA,1.4,-1,NA,NA
"2017-Jul","Second",1,1786,204,63,60,43,NA,2017-07-13 13:10:00,2017-07-17 13:50:00,2017-08-24 11:45:00,NA,NA,1.98620689655172,-2.73103448275862,NA,NA
"2017-Jul","Second",1,1680,251,75,69,37,NA,2017-07-13 13:10:00,2017-07-17 13:50:00,2017-08-24 11:45:00,NA,-7.32667826724059e-06,2.73103448275862,-1.73793103448276,NA,NA
"2017-Jul","Second",1,271,304,52,66,60,NA,2017-07-13 13:10:00,2017-07-17 13:50:00,2017-08-24 11:45:00,NA,NA,1.98620689655172,-0.248275862068966,NA,NA
"2017-Jul","Second",2,2039,132,60,90,NA,NA,2017-07-13 13:10:00,2017-07-17 13:50:00,2017-08-24 11:45:00,NA,NA,NA,NA,NA,NA
"2017-Jul","Second",2,2094,138,53,56,22,NA,2017-07-13 13:10:00,2017-07-17 13:50:00,2017-08-24 11:45:00,NA,NA,2.23448275862069,-1.24137931034483,NA,NA
"2017-Jul","Second",3,2505,117,30,28,21,NA,2017-07-13 13:10:00,2017-07-17 13:50:00,2017-08-24 11:45:00,NA,NA,1.73793103448276,-2.48275862068966,NA,NA
"2017-Jul","Second",3,2487,233,83,78,43,NA,2017-07-13 13:10:00,2017-07-17 13:50:00,2017-08-24 11:45:00,0.810663134365428,9.15834783405074e-07,2.48275862068966,-2.48275862068966,NA,NA
"2017-Jul","Second",3,276,189,57,60,29,NA,2017-07-13 13:10:00,2017-07-17 13:50:00,2017-08-24 11:45:00,0.381488533819025,9.15834783405074e-07,1.48965517241379,-1.98620689655172,NA,NA
"2017-Jul","Second",1,2113,325,86,80,57,NA,2017-07-13 13:10:00,2017-07-17 13:50:00,2017-08-24 11:45:00,NA,NA,1.24137931034483,-0.496551724137931,NA,NA
"2017-Jul","Second",1,286,241,44,84,29,NA,2017-07-13 13:10:00,2017-07-17 13:50:00,2017-08-24 11:45:00,0.0476860667273781,-8.85306957291571e-06,1.98620689655172,0,NA,NA
"2017-Jul","Second",1,2058,340,53,61,52,NA,2017-07-13 13:10:00,2017-07-17 13:50:00,2017-08-24 11:45:00,NA,NA,1.98620689655172,-1.24137931034483,NA,NA
"2017-Jul","Second",2,2031,221,69,71,37,NA,2017-07-13 13:10:00,2017-07-17 13:50:00,2017-08-24 11:45:00,NA,NA,2.23448275862069,-3.72413793103448,NA,NA
"2017-Jul","Second",2,279,239,127,107,32,NA,2017-07-13 13:10:00,2017-07-17 13:50:00,2017-08-24 11:45:00,NA,NA,1.98620689655172,-8.93793103448276,NA,NA
"2017-Jul","Second",3,2028,310,46,113,57,NA,2017-07-13 13:10:00,2017-07-17 13:50:00,2017-08-24 11:45:00,0,-1.43480782733462e-05,0.248275862068966,-1.24137931034483,NA,NA
"2017-Jul","Second",3,297,182,73,94,38,NA,2017-07-13 13:10:00,2017-07-17 13:50:00,2017-08-24 11:45:00,0.119215166818445,-2.4422260890802e-06,1.73793103448276,-1.73793103448276,NA,NA
"2017-Jul","Second",3,287,182,40,81,36,NA,2017-07-13 13:10:00,2017-07-17 13:50:00,2017-08-24 11:45:00,0.333802467091647,-9.46362609518576e-06,2.23448275862069,-1.24137931034483,NA,NA
"2017-Jun","Manley",1,1910,161,120,134,40,NA,2017-06-03 10:00:00,2017-06-08 14:30:00,2017-07-13 10:30:00,NA,NA,2.69879518072289,-4.24096385542169,NA,NA
"2017-Jun","Manley",1,2057,203,125,85,NA,NA,2017-06-03 10:00:00,2017-06-08 14:30:00,2017-07-13 10:30:00,NA,NA,NA,NA,NA,NA
"2017-Jun","Manley",1,2127,166,119,137,29,NA,2017-06-03 10:00:00,2017-06-08 14:30:00,2017-07-13 10:30:00,NA,NA,2.89156626506024,-6.55421686746988,NA,NA
"2017-Jun","Manley",2,1688,189,99,94,32,NA,2017-06-03 10:00:00,2017-06-08 14:30:00,2017-07-13 10:30:00,NA,NA,2.89156626506024,-1.34939759036145,NA,NA
"2017-Jun","Manley",2,2071,345,60,120,76,NA,2017-06-03 10:00:00,2017-06-08 14:30:00,2017-07-13 10:30:00,NA,NA,7.13253012048193,-3.66265060240964,NA,NA
"2017-Jun","Manley",2,2037,189,117,150,38,NA,2017-06-03 10:00:00,2017-06-08 14:30:00,2017-07-13 10:30:00,0.324830817282665,3.32270069112174e-06,2.69879518072289,-9.25301204819277,NA,NA
"2017-Jun","Manley",3,1081,156,58,74,21,NA,2017-06-03 10:00:00,2017-06-08 14:30:00,2017-07-13 10:30:00,0.324830817282665,4.31951089845827e-06,2.50602409638554,-0.578313253012048,NA,NA
"2017-Jun","Manley",3,2515,111,71,90,46,NA,2017-06-03 10:00:00,2017-06-08 14:30:00,2017-07-13 10:30:00,0.774596564289433,1.66135034556087e-06,1.34939759036145,-0.192771084337349,NA,NA
"2017-Jun","Manley",1,1891,115,80,90,24,NA,2017-06-03 10:00:00,2017-06-08 14:30:00,2017-07-13 10:30:00,1.02446642373764,3.32270069112174e-06,2.50602409638554,-8.28915662650602,NA,NA
"2017-Jun","Manley",1,1919,320,196,170,23,NA,2017-06-03 10:00:00,2017-06-08 14:30:00,2017-07-13 10:30:00,0.274856845393024,2.6581605528974e-06,4.04819277108434,-6.93975903614458,NA,NA
"2017-Jun","Manley",2,1797,116,29,70,20,NA,2017-06-03 10:00:00,2017-06-08 14:30:00,2017-07-13 10:30:00,1.37428422696512,2.32589048378522e-06,1.73493975903614,0.385542168674699,NA,NA
"2017-Jun","Manley",2,1697,146,44,75,19,NA,2017-06-03 10:00:00,2017-06-08 14:30:00,2017-07-13 10:30:00,1.74908901613743,5.64859117490696e-06,2.21686746987952,0.0963855421686747,NA,NA
"2017-Jun","Manley",2,2070,143,94,100,24,NA,2017-06-03 10:00:00,2017-06-08 14:30:00,2017-07-13 10:30:00,1.97397188964081,3.32270069112174e-06,1.92771084337349,0.578313253012048,NA,NA
"2017-Jun","Manley",3,1689,182,74,80,18,NA,2017-06-03 10:00:00,2017-06-08 14:30:00,2017-07-13 10:30:00,NA,NA,2.21686746987952,-3.75903614457831,NA,NA
"2017-Jun","Manley",3,1961,95,92,90,NA,NA,2017-06-03 10:00:00,2017-06-08 14:30:00,2017-07-13 10:30:00,NA,NA,NA,NA,NA,NA
"2017-Jun","Manley",3,2499,295,126,175,76,NA,2017-06-03 10:00:00,2017-06-08 14:30:00,2017-07-13 10:30:00,NA,NA,NA,NA,NA,NA
"2017-Jun","North",1,2409,320,170,200,69,NA,2017-06-03 16:30:00,2017-06-08 16:00:00,2017-07-13 15:30:00,2.47758081334724,5.95592614651578e-06,6.72803347280335,-4.71966527196653,NA,NA
"2017-Jun","North",2,1952,319,116,184,41,NA,2017-06-03 16:30:00,2017-06-08 16:00:00,2017-07-13 15:30:00,0.35036496350365,0,5.42259414225941,-15.4644351464435,NA,NA
"2017-Jun","North",2,1760,172,84,105,14,NA,2017-06-03 16:30:00,2017-06-08 16:00:00,2017-07-13 15:30:00,6.95724713242961,1.58824697240421e-05,6.1255230125523,0.100418410041841,NA,NA
"2017-Jun","North",2,1695,177,42,107,NA,NA,2017-06-03 16:30:00,2017-06-08 16:00:00,2017-07-13 15:30:00,NA,NA,NA,NA,NA,NA
"2017-Jun","North",3,1854,229,80,125,22,NA,2017-06-03 16:30:00,2017-06-08 16:00:00,2017-07-13 15:30:00,NA,NA,6.1255230125523,0.702928870292887,NA,NA
"2017-Jun","North",3,1966,109,37,70,16,NA,2017-06-03 16:30:00,2017-06-08 16:00:00,2017-07-13 15:30:00,NA,NA,3.41422594142259,2.00836820083682,NA,NA
"2017-Jun","North",3,2063,347,87,105,24,NA,2017-06-03 16:30:00,2017-06-08 16:00:00,2017-07-13 15:30:00,2.92805005213764,7.6103500761035e-06,3.21338912133891,1.00418410041841,NA,NA
"2017-Jun","North",1,2022,411,145,220,70,NA,2017-06-03 16:30:00,2017-06-08 16:00:00,2017-07-13 15:30:00,2.12721584984359,-5.2941565746807e-06,7.02928870292887,-1.20502092050209,NA,NA
"2017-Jun","North",1,2117,336,140,175,45,NA,2017-06-03 16:30:00,2017-06-08 16:00:00,2017-07-13 15:30:00,2.57768508863399,3.63973264509298e-06,5.02092050209205,0.401673640167364,NA,NA
"2017-Jun","North",2,2425,150,95,85,25,NA,2017-06-03 16:30:00,2017-06-08 16:00:00,2017-07-13 15:30:00,NA,NA,5.22175732217573,-2.2092050209205,NA,NA
"2017-Jun","North",2,1768,154,71,90,25,NA,2017-06-03 16:30:00,2017-06-08 16:00:00,2017-07-13 15:30:00,4.80500521376434,4.96327178876315e-06,6.02510460251046,0.803347280334728,NA,NA
"2017-Jun","North",2,1947,286,84,200,37,NA,2017-06-03 16:30:00,2017-06-08 16:00:00,2017-07-13 15:30:00,NA,NA,5.82426778242678,1.40585774058577,NA,NA
"2017-Jun","North",3,1765,519,221,240,61,NA,2017-06-03 16:30:00,2017-06-08 16:00:00,2017-07-13 15:30:00,2.02711157455683,-3.63973264509298e-06,5.6234309623431,-7.02928870292887,NA,NA
"2017-Jun","North",3,2084,513,197,250,47,NA,2017-06-03 16:30:00,2017-06-08 16:00:00,2017-07-13 15:30:00,2.8029197080292,-6.61769571835087e-07,NA,NA,NA,NA
"2017-Jun","North",3,1707,393,35,120,31,NA,2017-06-03 16:30:00,2017-06-08 16:00:00,2017-07-13 15:30:00,3.5036496350365,4.63238700284561e-06,3.81589958158996,0.602510460251046,NA,NA
"2017-Jun","Second",1,2510,240,50,135,28,NA,2017-06-03 14:00:00,2017-06-09 14:30:00,2017-07-13 13:45:00,NA,NA,2.65743944636678,20.9273356401384,NA,NA
"2017-Jun","Second",1,1911,143,123,100,22,NA,2017-06-03 14:00:00,2017-06-09 14:30:00,2017-07-13 13:45:00,5.92654337066945,1.70363555828137e-05,1.32871972318339,-0.332179930795848,NA,NA
"2017-Jun","Second",1,1720,288,97,152,NA,NA,2017-06-03 14:00:00,2017-06-09 14:30:00,2017-07-13 13:45:00,3.45089867152904,NA,NA,NA,NA,NA
"2017-Jun","Second",2,1805,117,100,105,19,NA,2017-06-03 14:00:00,2017-06-09 14:30:00,2017-07-13 13:45:00,NA,NA,0.996539792387543,1.82698961937716,NA,NA
"2017-Jun","Second",2,2072,428,80,206,57,NA,2017-06-03 14:00:00,2017-06-09 14:30:00,2017-07-13 13:45:00,NA,NA,7.6401384083045,1.49480968858131,NA,NA
"2017-Jun","Second",3,1897,137,71,79,29,NA,2017-06-03 14:00:00,2017-06-09 14:30:00,2017-07-13 13:45:00,4.20109403490492,8.17745067975059e-06,3.65397923875433,4.98269896193772,NA,NA
"2017-Jun","Second",3,1817,109,110,112,19,NA,2017-06-03 14:00:00,2017-06-09 14:30:00,2017-07-13 13:45:00,4.7762438134931,7.83672356809431e-06,4.06920415224914,-0.083044982698962,NA,NA
"2017-Jun","Second",3,2046,60,84,230,47,NA,2017-06-03 14:00:00,2017-06-09 14:30:00,2017-07-13 13:45:00,6.67673873404532,7.15526934478176e-06,6.80968858131488,-0.996539792387543,NA,NA
"2017-Jun","Second",1,1930,116,77,70,19,NA,2017-06-03 14:00:00,2017-06-09 14:30:00,2017-07-13 13:45:00,3.70096379265434,6.13308800981294e-06,3.07266435986159,0.083044982698962,NA,NA
"2017-Jun","Second",1,1833,130,108,90,18,NA,2017-06-03 14:00:00,2017-06-09 14:30:00,2017-07-13 13:45:00,5.82651732221933,5.11090667484412e-06,4.23529411764706,-3.57093425605536,NA,NA
"2017-Jun","Second",1,2044,124,74,70,18,NA,2017-06-03 14:00:00,2017-06-09 14:30:00,2017-07-13 13:45:00,3.35087262307893,7.49599645643804e-06,2.4083044982699,0.41522491349481,NA,NA
"2017-Jun","Second",2,1832,194,83,120,52,NA,2017-06-03 14:00:00,2017-06-09 14:30:00,2017-07-13 13:45:00,NA,NA,3.82006920415225,0.996539792387543,NA,NA
"2017-Jun","Second",2,1708,173,58,70,19,NA,2017-06-03 14:00:00,2017-06-09 14:30:00,2017-07-13 13:45:00,NA,NA,3.07266435986159,0.083044982698962,NA,NA
"2017-Jun","Second",3,1733,117,31,50,13,NA,2017-06-03 14:00:00,2017-06-09 14:30:00,2017-07-13 13:45:00,NA,NA,1.32871972318339,0,NA,NA
"2017-Jun","Second",3,2437,93,56,50,19,NA,2017-06-03 14:00:00,2017-06-09 14:30:00,2017-07-13 13:45:00,NA,NA,2.32525951557093,0.332179930795848,NA,NA
"2017-Jun","Second",3,2012,156,81,80,NA,NA,2017-06-03 14:00:00,2017-06-09 14:30:00,2017-07-13 13:45:00,NA,NA,NA,NA,NA,NA
"2017-May","Manley",2,1851,165,84,106,24,NA,2017-05-14 10:00:00,2017-05-18 10:15:00,2017-06-04 15:30:00,2.68498527968597,1.54601062042078e-05,1.74545454545455,-1.24675324675325,NA,NA
"2017-May","Manley",2,2083,511,190,338,100,NA,2017-05-14 10:00:00,2017-05-18 10:15:00,2017-06-04 15:30:00,0,-1.88209988572965e-05,0.124675324675325,6.10909090909091,NA,NA
"2017-May","Manley",3,1937,274,93,113,36,NA,2017-05-14 10:00:00,2017-05-18 10:15:00,2017-06-04 15:30:00,0.423945044160942,1.27713920817369e-05,1.87012987012987,-2.11948051948052,NA,NA
"2017-May","Manley",3,1750,300,78,134,42,NA,2017-05-14 10:00:00,2017-05-18 10:15:00,2017-06-04 15:30:00,3.15603532875368,1.41157491429724e-05,4.23896103896104,-0.498701298701299,NA,NA
"2017-May","Manley",3,1869,235,68,130,49,NA,2017-05-14 10:00:00,2017-05-18 10:15:00,2017-06-04 15:30:00,2.35525024533857,2.0165355918532e-06,2.86753246753247,0.872727272727273,NA,NA
"2017-May","Manley",3,1931,226,122,80,28,NA,2017-05-14 10:00:00,2017-05-18 10:15:00,2017-06-04 15:30:00,4.85181550539745,8.06614236741278e-06,3.21662337662338,0.648311688311689,NA,NA
"2017-May","Manley",3,2509,83.5,64,64,18,NA,2017-05-14 10:00:00,2017-05-18 10:15:00,2017-06-04 15:30:00,8.07850834151128,3.36089265308866e-06,0.997402597402597,1.4961038961039,NA,NA
"2017-May","Manley",3,1861,385,80,107,34,NA,2017-05-14 10:00:00,2017-05-18 10:15:00,2017-06-04 15:30:00,0.188420019627085,2.68871412247093e-06,1.62077922077922,1.12207792207792,NA,NA
"2017-May","Manley",1,2475,280,170,200,18,NA,2017-05-14 10:00:00,2017-05-18 10:15:00,2017-06-04 15:30:00,2.11972522080471,1.07548564898837e-05,3.11688311688312,-0.623376623376623,NA,NA
"2017-May","Manley",1,1795,163,94,140,22,NA,2017-05-14 10:00:00,2017-05-18 10:15:00,2017-06-04 15:30:00,4.28655544651619,1.54601062042078e-05,3.74025974025974,0.498701298701299,NA,NA
"2017-May","Manley",2,1722,100,81,90,28,NA,2017-05-14 10:00:00,2017-05-18 10:15:00,2017-06-04 15:30:00,2.82630029440628,7.39396383679505e-06,3.98961038961039,0.498701298701299,NA,NA
"2017-May","Manley",2,2080,104,96,105,24,NA,2017-05-14 10:00:00,2017-05-18 10:15:00,2017-06-04 15:30:00,7.53680078508341,2.15097129797674e-05,2.49350649350649,-0.249350649350649,NA,NA
"2017-May","Manley",2,1803,262,105,160,48,NA,2017-05-14 10:00:00,2017-05-18 10:15:00,2017-06-04 15:30:00,2.44946025515211,0,3.74025974025974,0.249350649350649,NA,NA
"2017-May","Manley",2,1913,145,100,100,31,NA,2017-05-14 10:00:00,2017-05-18 10:15:00,2017-06-04 15:30:00,3.01472031403337,1.47879276735901e-05,1.74545454545455,0.498701298701299,NA,NA
"2017-May","Manley",3,1784,119,71,100,41,NA,2017-05-14 10:00:00,2017-05-18 10:15:00,2017-06-04 15:30:00,2.44946025515211,-1.20992135511192e-05,2.49350649350649,2.24415584415584,NA,NA
"2017-May","Manley",3,1907,228,108,150,45,NA,2017-05-14 10:00:00,2017-05-18 10:15:00,2017-06-04 15:30:00,3.29735034347399,-1.34435706123546e-06,4.23896103896104,0.748051948051948,NA,NA
"2017-May","North",1,1799,154,84,97,22,NA,2017-05-14 14:45:00,2017-05-18 15:30:00,2017-06-06 15:30:00,8.77069199457259,9.74658869395712e-06,3.10077519379845,1.73643410852713,NA,NA
"2017-May","North",1,1895,162,100,84,29,NA,2017-05-14 14:45:00,2017-05-18 15:30:00,2017-06-06 15:30:00,7.51153324287653,2.19298245614035e-05,5.95348837209302,1.73643410852713,NA,NA
"2017-May","North",1,1820,243,85,100,38,NA,2017-05-14 14:45:00,2017-05-18 15:30:00,2017-06-06 15:30:00,6.03527815468114,1.3401559454191e-05,7.06976744186047,2.6046511627907,NA,NA
"2017-May","North",2,2064.1,289,62,126,31,NA,2017-05-14 14:45:00,2017-05-18 15:30:00,2017-06-06 15:30:00,3.99457259158752,7.91910331384016e-06,5.08527131782946,2.6046511627907,NA,NA
"2017-May","North",2,1946,122,64,103,22,NA,2017-05-14 14:45:00,2017-05-18 15:30:00,2017-06-06 15:30:00,7.64179104477612,9.74658869395712e-06,3.72093023255814,1.48837209302326,NA,NA
"2017-May","North",3,1775,201,96,91,15,NA,2017-05-14 14:45:00,2017-05-18 15:30:00,2017-06-06 15:30:00,8.24966078697422,5.48245614035088e-06,2.10852713178295,2.97674418604651,NA,NA
"2017-May","North",3,2073,170,59,74,19,NA,2017-05-14 14:45:00,2017-05-18 15:30:00,2017-06-06 15:30:00,11.9402985074627,1.3401559454191e-05,3.10077519379845,-9.42635658914729,NA,NA
"2017-May","North",3,1791,152,80,48,12,NA,2017-05-14 14:45:00,2017-05-18 15:30:00,2017-06-06 15:30:00,7.46811397557666,1.15740740740741e-05,3.10077519379845,-0.62015503875969,NA,NA
"2017-May","North",1,1714,250,171,250,72,NA,2017-05-14 14:45:00,2017-05-18 15:30:00,2017-06-06 15:30:00,10.2035278154681,1.27923976608187e-05,6.69767441860465,-1.98449612403101,NA,NA
"2017-May","North",1,2047,270,202,270,48,NA,2017-05-14 14:45:00,2017-05-18 15:30:00,2017-06-06 15:30:00,12.5047489823609,-1.46198830409357e-05,7.44186046511628,-26.7906976744186,NA,NA
"2017-May","North",2,1938,141,100,100,22,NA,2017-05-14 14:45:00,2017-05-18 15:30:00,2017-06-06 15:30:00,7.72862957937585,1.03557504873294e-05,5.45736434108527,0,NA,NA
"2017-May","North",2,2068,119,71,60,16,NA,2017-05-14 14:45:00,2017-05-18 15:30:00,2017-06-06 15:30:00,10.2903663500678,1.46198830409357e-05,2.48062015503876,0,NA,NA
"2017-May","North",3,1969,186,113,100,20,NA,2017-05-14 14:45:00,2017-05-18 15:30:00,2017-06-06 15:30:00,9.50881953867028,1.21832358674464e-05,4.58914728682171,-10.7906976744186,NA,NA
"2017-May","North",3,1914,280,133,150,32,NA,2017-05-14 14:45:00,2017-05-18 15:30:00,2017-06-06 15:30:00,8.640434192673,6.70077972709552e-06,7.1937984496124,0.248062015503876,NA,NA
"2017-May","North",3,2413,275,103,150,40,NA,2017-05-14 14:45:00,2017-05-18 15:30:00,2017-06-06 15:30:00,8.42333785617368,9.1374269005848e-06,5.2093023255814,-0.496124031007752,NA,NA
"2017-May","Second",1,1921,198,90,116,41,NA,2017-05-14 13:00:00,2017-05-18 12:15:00,2017-06-09 14:30:00,5.79376498800959,1.99067525800199e-05,0.503937007874016,4.78740157480315,NA,NA
"2017-May","Second",1,2490,314,79,97,67,NA,2017-05-14 13:00:00,2017-05-18 12:15:00,2017-06-09 14:30:00,7.13669064748201,1.62397192100162e-05,3.52755905511811,-2.64566929133858,NA,NA
"2017-May","Second",1,1794,175,82,64,37,NA,2017-05-14 13:00:00,2017-05-18 12:15:00,2017-06-09 14:30:00,6.29256594724221,1.72874430300173e-05,4.28346456692913,-5.41732283464567,NA,NA
"2017-May","Second",1,2054,138,83,81,16,NA,2017-05-14 13:00:00,2017-05-18 12:15:00,2017-06-09 14:30:00,8.5947242206235,1.2048823930012e-05,4.03149606299213,-7.05511811023622,NA,NA
"2017-May","Second",1,1684,165,76,99,30,NA,2017-05-14 13:00:00,2017-05-18 12:15:00,2017-06-09 14:30:00,9.40047961630695,2.3049924040023e-05,4.66141732283465,0.125984251968504,NA,NA
"2017-May","Second",1,1846,100,109,77,20,NA,2017-05-14 13:00:00,2017-05-18 12:15:00,2017-06-09 14:30:00,8.05755395683453,-2.0954476400021e-06,5.29133858267717,0.503937007874016,NA,NA
"2017-May","Second",2,2066,100,77,89,30,NA,2017-05-14 13:00:00,2017-05-18 12:15:00,2017-06-09 14:30:00,5.67865707434053,1.25726858400126e-05,4.03149606299213,0.377952755905512,NA,NA
"2017-May","Second",2,1858,118,102,97,21,NA,2017-05-14 13:00:00,2017-05-18 12:15:00,2017-06-09 14:30:00,7.25179856115108,1.62397192100162e-05,4.91338582677165,0.377952755905512,NA,NA
"2017-May","Second",1,1842,89,76,85,16,NA,2017-05-14 13:00:00,2017-05-18 12:15:00,2017-06-09 14:30:00,5.52517985611511,8.90565247000891e-06,4.03149606299213,-1.76377952755906,NA,NA
"2017-May","Second",1,1825,132,66,100,17,NA,2017-05-14 13:00:00,2017-05-18 12:15:00,2017-06-09 14:30:00,7.02158273381295,1.30965477500131e-05,4.53543307086614,0,NA,NA
"2017-May","Second",1,2134,136,54,110,26,NA,2017-05-14 13:00:00,2017-05-18 12:15:00,2017-06-09 14:30:00,8.21103117505995,1.25726858400126e-05,3.52755905511811,1.00787401574803,NA,NA
"2017-May","Second",1,1932,115,86,90,31,NA,2017-05-14 13:00:00,2017-05-18 12:15:00,2017-06-09 14:30:00,8.40287769784173,8.38179056000838e-06,4.78740157480315,-1.76377952755906,NA,NA
"2017-May","Second",1,2001,112,75,70,15,NA,2017-05-14 13:00:00,2017-05-18 12:15:00,2017-06-09 14:30:00,8.74820143884892,6.28634292000629e-06,3.2755905511811,-0.251968503937008,NA,NA
"2017-May","Second",1,2118,190,125,145,31,NA,2017-05-14 13:00:00,2017-05-18 12:15:00,2017-06-09 14:30:00,4.98800959232614,9.42951438000943e-06,NA,NA,NA,NA
"2018-Aug","Manley",1,55,420,19,11,16,NA,2018-08-21 10:30:00,2018-08-26 11:30:00,2018-11-20 12:00:00,NA,NA,0,0,NA,NA
"2018-Aug","Manley",3,64,161,16,18,NA,NA,2018-08-21 10:30:00,2018-08-26 11:30:00,2018-11-20 12:00:00,NA,NA,NA,NA,NA,NA
"2018-Aug","Manley",1,90,322,101,70,60,NA,2018-08-21 10:30:00,2018-08-26 11:30:00,2018-11-20 12:00:00,NA,NA,2.57851239669421,-4.36363636363636,NA,NA
"2018-Aug","Manley",1,93,282,46,45,25,NA,2018-08-21 10:30:00,2018-08-26 11:30:00,2018-11-20 12:00:00,NA,NA,1.78512396694215,-2.3801652892562,NA,NA
"2018-Aug","Manley",1,28,402,30,25,53,NA,2018-08-21 10:30:00,2018-08-26 11:30:00,2018-11-20 12:00:00,NA,NA,0.793388429752066,-0.198347107438017,NA,NA
"2018-Aug","Manley",1,78,384,NA,0,0,NA,2018-08-21 10:30:00,2018-08-26 11:30:00,2018-11-20 12:00:00,NA,NA,NA,NA,NA,NA
"2018-Aug","Manley",1,83,262,36,22,50,NA,2018-08-21 10:30:00,2018-08-26 11:30:00,2018-11-20 12:00:00,NA,NA,1.48760330578512,-1.68595041322314,NA,NA
"2018-Aug","Manley",2,156,197,53,50,32,NA,2018-08-21 10:30:00,2018-08-26 11:30:00,2018-11-20 12:00:00,1.92175703500343,-3.63284088156939e-06,1.88429752066116,-0.892561983471074,NA,NA
"2018-Aug","North",1,80,567,163,138,59,NA,2018-08-21 16:30:00,2018-08-26 16:00:00,2018-11-20 12:00:00,NA,NA,9.43933054393305,-9.03765690376569,NA,NA
"2018-Aug","North",1,82.1,481,183,158,43,NA,2018-08-21 16:30:00,2018-08-26 16:00:00,2018-11-20 12:00:00,NA,NA,7.23012552301255,-10.2426778242678,NA,NA
"2018-Aug","North",1,50,407,77,88,34,NA,2018-08-21 16:30:00,2018-08-26 16:00:00,2018-11-20 12:00:00,NA,NA,5.32217573221757,-4.51882845188284,NA,NA
"2018-Aug","North",1,68,460,141,140,43,NA,2018-08-21 16:30:00,2018-08-26 16:00:00,2018-11-20 12:00:00,NA,NA,4.61924686192469,-7.63179916317992,NA,NA
"2018-Aug","North",1,54,566,139,129,40,NA,2018-08-21 16:30:00,2018-08-26 16:00:00,2018-11-20 12:00:00,NA,NA,5.42259414225941,-4.82008368200837,NA,NA
"2018-Aug","North",1,57,479,214,160,30,NA,2018-08-21 16:30:00,2018-08-26 16:00:00,2018-11-20 12:00:00,NA,NA,7.23012552301255,-5.02092050209205,NA,NA
"2018-Aug","North",1,63,446,76,93,24,NA,2018-08-21 16:30:00,2018-08-26 16:00:00,2018-11-20 12:00:00,NA,NA,4.51882845188284,-2.71129707112971,NA,NA
"2018-Aug","North",2,44,463,141,130,40,NA,2018-08-21 16:30:00,2018-08-26 16:00:00,2018-11-20 12:00:00,NA,NA,4.61924686192469,-9.84100418410042,NA,NA
"2018-Aug","North",2,65,512,100,120,46,NA,2018-08-21 16:30:00,2018-08-26 16:00:00,2018-11-20 12:00:00,NA,NA,3.01255230125523,-4.01673640167364,NA,NA
"2018-Aug","North",2,98,472,182,160,69,NA,2018-08-21 16:30:00,2018-08-26 16:00:00,2018-11-20 12:00:00,NA,NA,6.92887029288703,-8.73640167364017,NA,NA
"2018-Aug","North",2,74,494,132,145,40,NA,2018-08-21 16:30:00,2018-08-26 16:00:00,2018-11-20 12:00:00,0.187198898830007,-4.71952535059331e-06,4.21757322175732,-1.40585774058577,NA,NA
"2018-Aug","North",2,29,526,134,130,34,NA,2018-08-21 16:30:00,2018-08-26 16:00:00,2018-11-20 12:00:00,0.814865794907089,-1.07874865156419e-06,7.8326359832636,-11.8493723849372,NA,NA
"2018-Aug","North",3,92,505,158,100,47,NA,2018-08-21 16:30:00,2018-08-26 16:00:00,2018-11-20 12:00:00,0.275292498279422,-2.02265372168285e-06,5.42259414225941,-5.42259414225941,NA,NA
"2018-Aug","North",3,79,400,169,170,27,NA,2018-08-21 16:30:00,2018-08-26 16:00:00,2018-11-20 12:00:00,1.23331039229181,-9.43905070118662e-07,6.82845188284519,-3.81589958158996,NA,NA
"2018-Aug","North",3,99,173,70,73,6,NA,2018-08-21 16:30:00,2018-08-26 16:00:00,2018-11-20 12:00:00,NA,NA,2.61087866108787,-1.40585774058577,NA,NA
"2018-Aug","North",3,89,540,85,85,30,NA,2018-08-21 16:30:00,2018-08-26 16:00:00,2018-11-20 10:00:00,NA,NA,5.02092050209205,-2.61087866108787,NA,NA
"2018-Aug","North",3,84,596,199,170,64,NA,2018-08-21 16:30:00,2018-08-26 16:00:00,2018-11-20 10:00:00,NA,NA,8.03347280334728,-4.82008368200837,NA,NA
"2018-Aug","North",3,82,500,78,65,28,NA,2018-08-21 16:30:00,2018-08-26 16:00:00,2018-11-20 12:00:00,NA,NA,5.02092050209205,-2.41004184100418,NA,NA
"2018-Aug","Second",1,88,412,121,120,78,NA,2018-08-21 13:30:00,2018-08-26 14:00:00,2018-11-20 10:00:00,0.308186195826645,-3.77562028047465e-06,6.57261410788382,-2.58921161825726,NA,NA
"2018-Aug","Second",1,97,325,55,77,25,NA,2018-08-21 13:30:00,2018-08-26 14:00:00,2018-11-20 10:00:00,NA,NA,3.98340248962656,0.597510373443983,NA,NA
"2018-Aug","Second",2,271.1,329,180,130,80,NA,2018-08-21 13:30:00,2018-08-26 14:00:00,2018-11-20 10:00:00,NA,NA,5.77593360995851,-15.7344398340249,NA,NA
"2018-Aug","Second",2,77,331,52,61,NA,NA,2018-08-21 13:30:00,2018-08-26 14:00:00,2018-11-20 10:00:00,NA,NA,NA,NA,NA,NA
"2018-Aug","Second",2,85,420,88,77,28,NA,2018-08-21 13:30:00,2018-08-26 14:00:00,2018-11-20 10:00:00,2.82870901169457,-1.07874865156419e-06,7.76763485477179,-3.38589211618257,NA,NA
"2018-Aug","Second",2,86,511,80,68,36,NA,2018-08-21 13:30:00,2018-08-26 14:00:00,2018-11-20 10:00:00,NA,NA,6.17427385892116,-4.58091286307054,NA,NA
"2018-Aug","Second",3,81,489,41,50,23,NA,2018-08-21 13:30:00,2018-08-26 14:00:00,2018-11-20 10:00:00,NA,NA,3.5850622406639,-1.39419087136929,NA,NA
"2018-Aug","Second",3,270.1,462,78,87,45,NA,2018-08-21 13:30:00,2018-08-26 14:00:00,2018-11-20 10:00:00,NA,NA,4.18257261410788,-4.18257261410788,NA,NA
"2018-Aug","Second",3,95,305,57,60,30,NA,2018-08-21 13:30:00,2018-08-26 14:00:00,2018-11-20 10:00:00,1.39784453107086,-1.7529665587918e-06,3.78423236514523,0,NA,NA
"2018-Aug","Second",1,52,534,134,100,77,NA,2018-08-21 13:30:00,2018-08-26 14:00:00,2018-11-20 10:00:00,0.187113047466177,-6.20280474649407e-06,5.77593360995851,-3.98340248962656,NA,NA
"2018-Aug","Second",1,66,725,103,80,62,NA,2018-08-21 13:30:00,2018-08-26 14:00:00,2018-11-20 10:00:00,NA,NA,3.98340248962656,-3.78423236514523,NA,NA
"2018-Aug","Second",1,71,653,122,70,28,NA,2018-08-21 13:30:00,2018-08-26 14:00:00,2018-11-20 10:00:00,NA,NA,4.18257261410788,-3.78423236514523,NA,NA
"2018-Aug","Second",1,67,600,96,110,72,NA,2018-08-21 13:30:00,2018-08-26 14:00:00,2018-11-20 10:00:00,NA,NA,5.17842323651452,-10.954356846473,NA,NA
"2018-Aug","Second",1,69,257,67,60,32,NA,2018-08-21 13:30:00,2018-08-26 14:00:00,2018-11-20 10:00:00,NA,NA,4.58091286307054,-3.18672199170125,NA,NA
"2018-Aug","Second",1,60,338,86,80,42,NA,2018-08-21 13:30:00,2018-08-26 14:00:00,2018-11-20 10:00:00,3.27998165558358,-1.61812297734628e-06,6.97095435684647,-1.79253112033195,NA,NA
"2018-Aug","Second",1,61,291,107,75,23,NA,2018-08-21 13:30:00,2018-08-26 14:00:00,2018-11-20 10:00:00,NA,NA,8.2655601659751,-2.88796680497925,NA,NA
"2018-Aug","Second",3,62,275,78,90,42,NA,2018-08-21 13:30:00,2018-08-26 14:00:00,2018-11-20 10:00:00,0.847512038523274,-6.74217907227616e-07,5.37759336099585,-1.39419087136929,NA,NA
"2018-Aug","Second",3,72,335,76,70,27,NA,2018-08-21 13:30:00,2018-08-26 14:00:00,2018-11-20 10:00:00,NA,NA,NA,NA,NA,NA
"2018-Jul","Manley",1,166,155,50,42,26,NA,2018-07-13 08:23:00,2018-07-19 09:40:00,2018-08-21 10:00:00,1.22864710169401,1.051745898191e-06,0.991166685786394,-3.63427784788345,NA,NA
"2018-Jul","Manley",1,170,329,64,53,28,NA,2018-07-13 08:23:00,2018-07-19 09:40:00,2018-08-21 10:00:00,0.0511936292372505,-9.81629504978264e-06,0.165194447631066,-4.12986119077664,NA,NA
"2018-Jul","Manley",1,162,173,43,45,22,NA,2018-07-13 08:23:00,2018-07-19 09:40:00,2018-08-21 10:00:00,0.0255968146186252,-7.71280325340064e-06,NA,NA,NA,NA
"2018-Jul","Manley",1,163,244,42,45,NA,NA,2018-07-13 08:23:00,2018-07-19 09:40:00,2018-08-21 10:00:00,NA,NA,NA,NA,NA,NA
"2018-Jul","Manley",1,165,103,51,50,29,NA,2018-07-13 08:23:00,2018-07-19 09:40:00,2018-08-21 10:00:00,NA,NA,0.330388895262131,-1.98233337157279,NA,NA
"2018-Jul","Manley",1,153,315,135,137,73,NA,2018-07-13 08:23:00,2018-07-19 09:40:00,2018-08-21 10:00:00,0.179177702330377,-2.10349179638199e-06,2.64311116209705,-5.7818056670873,NA,NA
"2018-Jul","Manley",1,161,137,39,51,28,NA,2018-07-13 08:23:00,2018-07-19 09:40:00,2018-08-21 10:00:00,3.71153811970066,-3.50581966063666e-07,1.65194447631066,1.15636113341746,NA,NA
"2018-Jul","Manley",2,154,127,60,55,31,NA,2018-07-13 08:23:00,2018-07-19 09:40:00,2018-08-21 10:00:00,2.07334198410864,7.01163932127331e-07,1.32155558104853,-2.80830560972812,NA,NA
"2018-Jul","Manley",2,168,218,28,27,30,NA,2018-07-13 08:23:00,2018-07-19 09:40:00,2018-08-21 10:00:00,NA,NA,0,-1.81713892394172,NA,NA
"2018-Jul","Manley",1,189.1,254,80,90,60,NA,2018-07-13 08:23:00,2018-07-19 09:40:00,2018-08-21 10:00:00,0.204774516949002,-4.55756555882765e-06,0.495583342893197,-1.48675002867959,NA,NA
"2018-Jul","Manley",1,177.1,281,38,30,0,NA,2018-07-13 08:23:00,2018-07-19 09:40:00,2018-08-21 10:00:00,NA,NA,NA,NA,NA,NA
"2018-Jul","Manley",1,185.1,454,65,50,23,NA,2018-07-13 08:23:00,2018-07-19 09:40:00,2018-08-21 10:00:00,NA,NA,0.247791671446599,-2.89090283354365,NA,NA
"2018-Jul","Manley",1,190.1,436,73,60,60,NA,2018-07-13 08:23:00,2018-07-19 09:40:00,2018-08-21 10:00:00,0.102387258474501,-7.71280325340064e-06,1.48675002867959,-3.96466674314558,NA,NA
"2018-Jul","Manley",2,183.1,444,37,20,23,NA,2018-07-13 08:23:00,2018-07-19 09:40:00,2018-08-21 10:00:00,NA,NA,0,-1.56934725249512,NA,NA
"2018-Jul","Manley",2,186.1,215,41,40,44,NA,2018-07-13 08:23:00,2018-07-19 09:40:00,2018-08-21 10:00:00,NA,NA,0.330388895262131,-2.47791671446599,NA,NA
"2018-Jul","Manley",2,180.1,304,82,80,47,NA,2018-07-13 08:23:00,2018-07-19 09:40:00,2018-08-21 10:00:00,0.153580887711751,-1.12186229140373e-05,0.330388895262131,-4.62544453366984,NA,NA
"2018-Jul","Manley",3,171,136,56,65,27,NA,2018-07-13 08:23:00,2018-07-19 09:40:00,2018-08-21 10:00:00,NA,NA,1.81713892394172,-2.64311116209705,NA,NA
"2018-Jul","Manley",3,179.1,365,36,40,21,NA,2018-07-13 08:23:00,2018-07-19 09:40:00,2018-08-21 10:00:00,NA,NA,0.660777790524263,-0.660777790524263,NA,NA
"2018-Jul","North",1,259,426,183,183,94,NA,2018-07-13 15:00:00,2018-07-19 15:50:00,2018-08-21 15:30:00,0.512546716497597,-1.2280701754386e-05,7.29113924050633,-8.45109321058688,NA,NA
"2018-Jul","North",1,263,367,231,180,49,NA,2018-07-13 15:00:00,2018-07-19 15:50:00,2018-08-21 15:30:00,NA,NA,1.40851553509781,-14.8308400460299,NA,NA
"2018-Jul","North",1,265,120,91,78,41,NA,2018-07-13 15:00:00,2018-07-19 15:50:00,2018-08-21 15:30:00,8.35451147891084,1.05263157894737e-06,4.97123130034522,-3.64556962025316,NA,NA
"2018-Jul","North",1,267,313,73,85,44,NA,2018-07-13 15:00:00,2018-07-19 15:50:00,2018-08-21 15:30:00,4.48478376935398,2.10526315789474e-06,3.81127733026467,-0.497123130034522,NA,NA
"2018-Jul","North",1,257,251,85,58,181,NA,2018-07-13 15:00:00,2018-07-19 15:50:00,2018-08-21 15:30:00,4.9717031500267,-5.54385964912281e-05,NA,NA,NA,NA
"2018-Jul","North",2,160,478,260,165,60,NA,2018-07-13 15:00:00,2018-07-19 15:50:00,2018-08-21 15:30:00,1.28136679124399,-3.50877192982456e-07,6.29689298043728,-25.3532796317606,NA,NA
"2018-Jul","North",3,167,399,268,132,64,NA,2018-07-13 15:00:00,2018-07-19 15:50:00,2018-08-21 15:30:00,0.384410037373198,-1.40350877192982e-06,7.45684695051784,-26.5132336018412,NA,NA
"2018-Jul","North",2,252,394,106,120,38,NA,2018-07-13 15:00:00,2018-07-19 15:50:00,2018-08-21 15:30:00,1.89642285104111,1.40350877192982e-06,4.30840046029919,-6.79401611047181,NA,NA
"2018-Jul","North",2,274.1,352,152,120,44,NA,2018-07-13 15:00:00,2018-07-19 15:50:00,2018-08-21 15:30:00,4.3310197544047,1.75438596491228e-06,5.30264672036824,-8.45109321058688,NA,NA
"2018-Jul","North",2,262,350,92,120,53,NA,2018-07-13 15:00:00,2018-07-19 15:50:00,2018-08-21 15:30:00,4.4591564335291,3.50877192982456e-06,5.30264672036824,-4.30840046029919,NA,NA
"2018-Jul","North",2,272,324,115,130,41,NA,2018-07-13 15:00:00,2018-07-19 15:50:00,2018-08-21 15:30:00,4.35664709022958,1.75438596491228e-06,4.14269275028769,-5.30264672036824,NA,NA
"2018-Jul","North",3,261,489,77,120,60,NA,2018-07-13 15:00:00,2018-07-19 15:50:00,2018-08-21 15:30:00,2.61398825413775,-3.1578947368421e-06,4.30840046029919,-2.98273878020713,NA,NA
"2018-Jul","North",3,273.1,360,87,115,58,NA,2018-07-13 15:00:00,2018-07-19 15:50:00,2018-08-21 15:30:00,3.8184730379071,3.50877192982456e-06,5.30264672036824,-2.3199079401611,NA,NA
"2018-Jul","North",3,251,250,39,70,17,NA,2018-07-13 15:00:00,2018-07-19 15:50:00,2018-08-21 15:30:00,6.91938067271756,4.21052631578947e-06,NA,NA,NA,NA
"2018-Jul","Second",1,136,353,102,110,75,NA,2018-07-13 11:30:00,2018-07-19 12:30:00,2018-08-21 13:00:00,1.408,1.40203294777427e-06,2.64827586206897,-3.1448275862069,NA,NA
"2018-Jul","Second",1,138,501,116,100,85,NA,2018-07-13 11:30:00,2018-07-19 12:30:00,2018-08-21 13:00:00,4.096,-3.50508236943568e-06,4.46896551724138,-7.9448275862069,NA,NA
"2018-Jul","Second",1,169,670,45,97,36,NA,2018-07-13 11:30:00,2018-07-19 12:30:00,2018-08-21 13:00:00,0,-7.01016473887136e-07,2.48275862068966,-0.662068965517241,NA,NA
"2018-Jul","Second",1,164,532,176,130,77,NA,2018-07-13 11:30:00,2018-07-19 12:30:00,2018-08-21 13:00:00,2.0224,0,5.79310344827586,-6.4551724137931,NA,NA
"2018-Jul","Second",1,152,471,112,103,80,NA,2018-07-13 11:30:00,2018-07-19 12:30:00,2018-08-21 13:00:00,2.7904,3.50508236943568e-07,NA,NA,NA,NA
"2018-Jul","Second",1,133,423,69,60,56,NA,2018-07-13 11:30:00,2018-07-19 12:30:00,2018-08-21 13:00:00,3.6096,1.40203294777427e-06,4.63448275862069,-5.29655172413793,NA,NA
"2018-Jul","Second",2,134,344,98,100,74,NA,2018-07-13 11:30:00,2018-07-19 12:30:00,2018-08-21 13:00:00,2.4576,1.40203294777427e-06,2.81379310344828,-4.13793103448276,NA,NA
"2018-Jul","Second",2,157,265,69,75,66,NA,2018-07-13 11:30:00,2018-07-19 12:30:00,2018-08-21 13:00:00,NA,NA,2.81379310344828,-2.31724137931034,NA,NA
"2018-Jul","Second",2,132.1,280,91,100,47,NA,2018-07-13 11:30:00,2018-07-19 12:30:00,2018-08-21 13:00:00,NA,NA,3.97241379310345,-6.62068965517241,NA,NA
"2018-Jul","Second",1,155,250,62,70,48,NA,2018-07-13 11:30:00,2018-07-19 12:30:00,2018-08-21 13:00:00,5.4272,-1.0515247108307e-06,4.8,-1.48965517241379,NA,NA
"2018-Jul","Second",1,158,377,76,70,37,NA,2018-07-13 11:30:00,2018-07-19 12:30:00,2018-08-21 13:00:00,4.9408,-1.40203294777427e-06,2.48275862068966,-2.64827586206897,NA,NA
"2018-Jul","Second",1,130,218,66,65,55,NA,2018-07-13 11:30:00,2018-07-19 12:30:00,2018-08-21 13:00:00,NA,NA,4.30344827586207,-2.64827586206897,NA,NA
"2018-Jul","Second",1,172,368,80,90,57,NA,2018-07-13 11:30:00,2018-07-19 12:30:00,2018-08-21 13:00:00,NA,NA,NA,NA,NA,NA
"2018-Jul","Second",2,159,161,57,60,30,NA,2018-07-13 11:30:00,2018-07-19 12:30:00,2018-08-21 13:00:00,8.5248,3.50508236943568e-06,5.29655172413793,-0.662068965517241,NA,NA
"2018-Jul","Second",2,151,207,49,60,31,NA,2018-07-13 11:30:00,2018-07-19 12:30:00,2018-08-21 13:00:00,3.5584,5.60813179109709e-06,4.13793103448276,-1.6551724137931,NA,NA
"2018-Jul","Second",3,198.1,125,68,70,NA,NA,2018-07-13 11:30:00,2018-07-19 12:30:00,2018-08-21 13:00:00,NA,NA,NA,NA,NA,NA
"2018-Jul","Second",3,146,264,84,75,43,NA,2018-07-13 11:30:00,2018-07-19 12:30:00,2018-08-21 13:00:00,5.6832,1.75254118471784e-06,4.63448275862069,-4.30344827586207,NA,NA
"2018-Jul","Second",3,150,235,66,60,24,NA,2018-07-13 11:30:00,2018-07-19 12:30:00,2018-08-21 13:00:00,6.2208,7.01016473887136e-07,3.80689655172414,-3.47586206896552,NA,NA
"2018-May","Manley",1,141,226,91,114,33,NA,2018-05-22 10:30:00,2018-05-26 09:30:00,2018-07-13 08:00:00,2.90967482938579,1.93152735525617e-06,3.78947368421053,-3.53684210526316,NA,NA
"2018-May","Manley",1,182,245,120,155,64,NA,2018-05-22 10:30:00,2018-05-26 09:30:00,2018-07-13 08:00:00,1.67643516659976,-3.3801728716983e-06,3.53684210526316,6.56842105263158,NA,NA
"2018-May","Manley",1,178,358,181,245,51,NA,2018-05-22 10:30:00,2018-05-26 09:30:00,2018-07-13 08:00:00,1.213970293055,-4.82881838814042e-06,4.54736842105263,0.757894736842105,NA,NA
"2018-May","Manley",1,194,293,110,150,45,NA,2018-05-22 10:30:00,2018-05-26 09:30:00,2018-07-13 08:00:00,1.81132075471698,0,2.27368421052632,0,NA,NA
"2018-May","Manley",1,143,335,250,265,102,NA,2018-05-22 10:30:00,2018-05-26 09:30:00,2018-07-13 08:00:00,1.42593336009635,-3.13873195229127e-06,7.57894736842105,-9.09473684210526,NA,NA
"2018-May","Manley",1,189,156,105,115,36,NA,2018-05-22 10:30:00,2018-05-26 09:30:00,2018-07-13 08:00:00,1.88839823364111,5.07025930754744e-06,3.28421052631579,-0.252631578947368,NA,NA
"2018-May","Manley",1,177,162,75,120,26,NA,2018-05-22 10:30:00,2018-05-26 09:30:00,2018-07-13 08:00:00,2.29305499799277,5.07025930754744e-06,2.14736842105263,0.126315789473684,NA,NA
"2018-May","Manley",1,185,387,112,160,47,NA,2018-05-22 10:30:00,2018-05-26 09:30:00,2018-07-13 08:00:00,1.29104777197912,-6.03602298517553e-06,2.02105263157895,0.505263157894737,NA,NA
"2018-May","Manley",1,190,397,183,240,66,NA,2018-05-22 10:30:00,2018-05-26 09:30:00,2018-07-13 08:00:00,2.67844239261341,0,3.1578947368421,-1.38947368421053,NA,NA
"2018-May","Manley",2,183,334,138,150,64,NA,2018-05-22 10:30:00,2018-05-26 09:30:00,2018-07-13 08:00:00,2.11963067041349,-9.65763677628084e-06,2.4,-3.41052631578947,NA,NA
"2018-May","Manley",2,186,128,47,85,18,NA,2018-05-22 10:30:00,2018-05-26 09:30:00,2018-07-13 08:00:00,1.67643516659976,6.03602298517553e-06,1.89473684210526,0.378947368421053,NA,NA
"2018-May","Manley",2,180,213,174,178,48,NA,2018-05-22 10:30:00,2018-05-26 09:30:00,2018-07-13 08:00:00,1.79205138498595,1.20720459703511e-06,4.8,0.505263157894737,NA,NA
"2018-May","Manley",3,179,309,56,106,39,NA,2018-05-22 10:30:00,2018-05-26 09:30:00,2018-07-13 08:00:00,1.07908470493778,-3.13873195229127e-06,1.51578947368421,-8.08421052631579,NA,NA
"2018-May","North",1,175,185,123,189,49,NA,2018-05-22 16:00:00,2018-05-26 12:30:00,2018-07-13 15:00:00,3.56054530874098,2.406043982484e-07,7.78378378378378,8.3027027027027,NA,NA
"2018-May","North",1,176,465,200,401,72,NA,2018-05-22 16:00:00,2018-05-26 12:30:00,2018-07-13 15:00:00,0.769847634322374,-2.6466483807324e-06,12.972972972973,15.5675675675676,NA,NA
"2018-May","North",1,193,117,119,123,43,NA,2018-05-22 16:00:00,2018-05-26 12:30:00,2018-07-13 15:00:00,5.94707297514034,1.203021991242e-05,5.96756756756757,-7.00540540540541,NA,NA
"2018-May","North",2,184,117,87,100,11,NA,2018-05-22 16:00:00,2018-05-26 12:30:00,2018-07-13 15:00:00,4.88853247794707,3.8496703719744e-06,3.63243243243243,-2.07567567567568,NA,NA
"2018-May","North",2,1748,164,137,139,39,NA,2018-05-22 16:00:00,2018-05-26 12:30:00,2018-07-13 15:00:00,4.86928628708901,7.218131947452e-06,6.22702702702703,-0.259459459459459,NA,NA
"2018-May","North",2,2116,152,78,99,27,NA,2018-05-22 16:00:00,2018-05-26 12:30:00,2018-07-13 15:00:00,5.02325581395349,7.218131947452e-06,4.92972972972973,-1.2972972972973,NA,NA
"2018-May","North",2,2108,335,233,250,51,NA,2018-05-22 16:00:00,2018-05-26 12:30:00,2018-07-13 15:00:00,2.69446672012831,0,7.52432432432432,-2.33513513513514,NA,NA
"2018-May","North",2,2534,95,62,70,19,NA,2018-05-22 16:00:00,2018-05-26 12:30:00,2018-07-13 15:00:00,6.92862870890136,1.46768682931524e-05,4.8,0.389189189189189,NA,NA
"2018-May","North",3,1775.1,113,67,92,18,NA,2018-05-22 16:00:00,2018-05-26 12:30:00,2018-07-13 15:00:00,5.40817963111467,1.0827197921178e-05,NA,NA,NA,NA
"2018-May","North",3,285,94,67,55,15,NA,2018-05-22 16:00:00,2018-05-26 12:30:00,2018-07-13 15:00:00,5.52365677626303,1.15490111159232e-05,4.92972972972973,0.259459459459459,NA,NA
"2018-May","North",3,197,348,246,320,66,NA,2018-05-22 16:00:00,2018-05-26 12:30:00,2018-07-13 15:00:00,3.98396150761828,-1.203021991242e-06,10.2486486486486,-0.12972972972973,NA,NA
"2018-May","North",3,142,230,177,153,35,NA,2018-05-22 16:00:00,2018-05-26 12:30:00,2018-07-13 15:00:00,4.27265437048917,4.812087964968e-06,8.56216216216216,-4.67027027027027,NA,NA
"2018-May","North",3,1974.1,110,52,73,22,NA,2018-05-22 16:00:00,2018-05-26 12:30:00,2018-07-13 15:00:00,6.60144346431435,1.61204946826428e-05,4.54054054054054,1.16756756756757,NA,NA
"2018-May","Second",1,127,152,150,235,36,NA,2018-05-22 14:17:00,2018-05-27 09:30:00,2018-07-13 11:05:00,7.11439588688946,1.08201155785073e-05,6.66570230001447,-2.08303196875452,NA,NA
"2018-May","Second",1,187,282,97,194,35,NA,2018-05-22 14:17:00,2018-05-27 09:30:00,2018-07-13 11:05:00,7.48071979434447,1.72138202385344e-06,6.45739910313901,-8.12382467814263,NA,NA
"2018-May","Second",1,140,140,120,203,40,NA,2018-05-22 14:17:00,2018-05-27 09:30:00,2018-07-13 11:05:00,7.55784061696658,7.86917496618714e-06,8.95703746564444,12.0815854187762,NA,NA
"2018-May","Second",1,181,100,150,71,52,NA,2018-05-22 14:17:00,2018-05-27 09:30:00,2018-07-13 11:05:00,NA,NA,2.29133516562997,-19.9971069000434,NA,NA
"2018-May","Second",1,126,113,94,87,22,NA,2018-05-22 14:17:00,2018-05-27 09:30:00,2018-07-13 11:05:00,7.42287917737789,1.40169679085208e-05,4.37436713438449,-6.45739910313901,NA,NA
"2018-May","Second",1,198,248,131,160,34,NA,2018-05-22 14:17:00,2018-05-27 09:30:00,2018-07-13 11:05:00,8.44473007712082,9.09873355465388e-06,6.45739910313901,0.416606393750904,NA,NA
"2018-May","Second",1,173,96,71,74,22,NA,2018-05-22 14:17:00,2018-05-27 09:30:00,2018-07-13 11:05:00,7.15295629820051,1.40169679085208e-05,4.47851873282222,0.312454795313178,NA,NA
"2018-May","Second",1,137,181,95,140,26,NA,2018-05-22 14:17:00,2018-05-27 09:30:00,2018-07-13 11:05:00,NA,NA,5.83248951251266,0.208303196875452,NA,NA
"2018-May","Second",1,174,97,62,96,25,NA,2018-05-22 14:17:00,2018-05-27 09:30:00,2018-07-13 11:05:00,NA,NA,4.7909735281354,0.416606393750904,NA,NA
"2018-May","Second",2,128,148,81,102,26,NA,2018-05-22 14:17:00,2018-05-27 09:30:00,2018-07-13 11:05:00,NA,NA,5.72833791407493,0.52075799218863,NA,NA
"2018-May","Second",2,132,107,63,90,38,NA,2018-05-22 14:17:00,2018-05-27 09:30:00,2018-07-13 11:05:00,5.64910025706941,1.0574203860814e-05,4.7909735281354,1.24981918125271,NA,NA
"2018-Nov","Manley",NA,30,324,31,10,8,NA,2018-11-20 13:00:00,2018-11-25 10:00:00,2019-01-14 09:00:00,NA,NA,0,0,NA,NA
"2018-Nov","Manley",NA,91,382,70,30,7,NA,2018-11-20 13:00:00,2018-11-25 10:00:00,2019-01-14 09:00:00,NA,NA,2.05128205128205,0.82051282051282,NA,NA
"2018-Nov","Manley",NA,96,424,85,15,6,NA,2018-11-20 13:00:00,2018-11-25 10:00:00,2019-01-14 09:00:00,NA,NA,NA,NA,NA,NA
"2018-Nov","Manley",2,49,372,55,20,9,NA,2018-11-20 13:00:00,2018-11-25 10:00:00,2019-01-14 09:00:00,NA,NA,0.82051282051282,-0.615384615384615,NA,NA
"2018-Nov","Manley",NA,2,425,67,60,9,NA,2018-11-20 13:00:00,2018-11-25 10:00:00,2019-01-14 09:00:00,NA,NA,0.82051282051282,-0.82051282051282,NA,NA
"2018-Nov","Manley",NA,26,456,90,80,23,NA,2018-11-20 13:00:00,2018-11-25 10:00:00,2019-01-14 09:00:00,NA,NA,1.43589743589744,0.205128205128205,NA,NA
"2018-Nov","Manley",NA,42,386,56,50,8,NA,2018-11-20 13:00:00,2018-11-25 10:00:00,2019-01-14 09:00:00,NA,NA,0.102564102564103,-1.84615384615385,NA,NA
"2018-Nov","Manley",NA,47,336,33,30,12,NA,2018-11-20 13:00:00,2018-11-25 10:00:00,2019-01-14 09:00:00,NA,NA,0.512820512820513,-0.307692307692308,NA,NA
"2018-Nov","Manley",NA,76,446,99,85,16,NA,2018-11-20 13:00:00,2018-11-25 10:00:00,2019-01-14 09:00:00,0.310030395136778,-2.31674543601149e-06,1.64102564102564,0,NA,NA
"2018-Nov","North",1,18,483,125,110,17,NA,2018-11-20 10:40:00,2018-11-24 12:00:00,2019-01-13 13:00:00,0,-1.38773244518457e-06,0.493150684931507,-1.97260273972603,NA,NA
"2018-Nov","North",2,34,514,97,130,39,NA,2018-11-20 10:40:00,2018-11-24 12:00:00,2019-01-13 13:00:00,0,-2.54417614950504e-06,1.35616438356164,1.10958904109589,NA,NA
"2018-Nov","North",2,43,465,98,90,19,NA,2018-11-20 10:40:00,2018-11-24 12:00:00,2019-01-13 13:00:00,0,-4.3944860764178e-06,1.35616438356164,-0.616438356164384,NA,NA
"2018-Nov","North",2,7,600,67,25,17,NA,2018-11-20 10:40:00,2018-11-24 12:00:00,2019-01-13 13:00:00,0,-1.38773244518457e-06,0.616438356164384,0.36986301369863,NA,NA
"2018-Nov","North",3,13,482,115,215,27,NA,2018-11-20 10:40:00,2018-11-24 12:00:00,2019-01-13 13:00:00,0,-2.54417614950504e-06,0.246575342465753,18.986301369863,NA,NA
"2018-Nov","North",3,14,602,133,123,31,NA,2018-11-20 10:40:00,2018-11-24 12:00:00,2019-01-13 13:00:00,0.110911424903723,-2.31288740864095e-06,0.73972602739726,-2.21917808219178,NA,NA
"2018-Nov","North",3,32,401,109,90,9,NA,2018-11-20 10:40:00,2018-11-24 12:00:00,2019-01-13 13:00:00,1.70064184852375,-1.15644370432047e-06,1.23287671232877,0.986301369863014,NA,NA
"2018-Nov","North",3,8,528,152,180,17,NA,2018-11-20 10:40:00,2018-11-24 12:00:00,2019-01-13 13:00:00,0.14788189987163,6.93866222592284e-07,0,0.246575342465753,NA,NA
"2018-Nov","North",3,17,614,173,110,40,NA,2018-11-20 10:40:00,2018-11-24 12:00:00,2019-01-13 13:00:00,2.03337612323492,-6.93866222592284e-07,1.97260273972603,-0.246575342465753,NA,NA
"2018-Nov","North",2,24,511,151,80,5,NA,2018-11-20 10:40:00,2018-11-24 12:00:00,2019-01-13 13:00:00,0,-9.25154963456379e-07,NA,NA,NA,NA
"2018-Nov","North",2,16,600,138,170,26,NA,2018-11-20 10:40:00,2018-11-24 12:00:00,2019-01-13 13:00:00,0,-2.77546489036914e-06,4.06849315068493,23.5479452054795,NA,NA
"2018-Nov","North",2,19,545,72,85,18,NA,2018-11-20 10:40:00,2018-11-24 12:00:00,2019-01-13 13:00:00,1.201540436457,-1.85030992691276e-06,0.863013698630137,0.36986301369863,NA,NA
"2018-Nov","North",3,6,572,186,170,21,NA,2018-11-20 10:40:00,2018-11-24 12:00:00,2019-01-13 13:00:00,NA,NA,3.45205479452055,0.73972602739726,NA,NA
"2018-Nov","North",3,4,512,237,200,20,NA,2018-11-20 10:40:00,2018-11-24 12:00:00,2019-01-13 13:00:00,NA,NA,2.71232876712329,0.493150684931507,NA,NA
"2018-Nov","North",3,41,651,69,110,19,NA,2018-11-20 10:40:00,2018-11-24 12:00:00,2019-01-13 13:00:00,0,-9.25154963456379e-07,0.863013698630137,-0.123287671232877,NA,NA
"2018-Nov","North",3,20,525,77,140,11,NA,2018-11-20 10:40:00,2018-11-24 12:00:00,2019-01-13 13:00:00,0.129396662387676,-2.31288740864095e-07,NA,NA,NA,NA
"2018-Nov","North",3,38,563,66,40,6,NA,2018-11-20 10:40:00,2018-11-24 12:00:00,2019-01-13 13:00:00,NA,NA,NA,NA,NA,NA
"2018-Nov","North",3,15,662,77,100,28,NA,2018-11-20 10:40:00,2018-11-24 12:00:00,2019-01-13 13:00:00,0,-4.6257748172819e-07,1.97260273972603,0.493150684931507,NA,NA
"2018-Nov","Second",1,27,440,85,150,50,NA,2018-11-20 10:00:00,2018-11-24 10:00:00,2019-01-14 14:00:00,0.126888217522659,-5.88128845457836e-06,1.75,-0.75,NA,NA
"2018-Nov","Second",1,39,551,125,80,31,NA,2018-11-20 10:00:00,2018-11-24 10:00:00,2019-01-14 14:00:00,0.199395770392749,-4.07166123778502e-06,1.25,-2.75,NA,NA
"2018-Nov","Second",1,11,538,153,150,31,NA,2018-11-20 10:00:00,2018-11-24 10:00:00,2019-01-14 14:00:00,0.326283987915408,-9.0481360839667e-07,0.5,-0.75,NA,NA
"2018-Nov","Second",1,22,609,117,90,26,NA,2018-11-20 10:00:00,2018-11-24 10:00:00,2019-01-14 14:00:00,0.416918429003021,-2.94064422728918e-06,0.625,-2.125,NA,NA
"2018-Nov","Second",1,12,739,112,50,25,NA,2018-11-20 10:00:00,2018-11-24 10:00:00,2019-01-14 14:00:00,0,0,1.125,0.125,NA,NA
"2018-Nov","Second",1,33,679,219,90,30,NA,2018-11-20 10:00:00,2018-11-24 10:00:00,2019-01-14 14:00:00,0.725075528700906,-1.13101701049584e-06,3.25,-15.75,NA,NA
"2018-Nov","Second",3,10,352,250,250,37,NA,2018-11-20 10:00:00,2018-11-24 10:00:00,2019-01-14 14:00:00,1.93957703927492,1.13101701049584e-06,0,-21.25,NA,NA
"2018-Nov","Second",1,9,759,275,250,76,NA,2018-11-20 10:00:00,2018-11-24 10:00:00,2019-01-14 14:00:00,0.126888217522659,-6.78610206297503e-07,3.75,-4,NA,NA
"2018-Nov","Second",1,3,642,88,120,20,NA,2018-11-20 10:00:00,2018-11-24 10:00:00,2019-01-14 14:00:00,0.181268882175227,0,1,0.75,NA,NA
"2018-Nov","Second",1,36,636,198,230,30,NA,2018-11-20 10:00:00,2018-11-24 10:00:00,2019-01-14 14:00:00,0,0,2,-1.5,NA,NA
"2018-Nov","Second",1,40,593,110,150,27,NA,2018-11-20 10:00:00,2018-11-24 10:00:00,2019-01-14 14:00:00,0.398791540785498,-2.26203402099168e-07,1.75,-1.5,NA,NA
"2018-Nov","Second",2,1,677,144,115,20,NA,2018-11-20 10:00:00,2018-11-24 10:00:00,2019-01-14 14:00:00,0,-6.78610206297503e-07,3.125,-3.125,NA,NA
"2018-Nov","Second",2,45,744,275,275,45,NA,2018-11-20 10:00:00,2018-11-24 10:00:00,2019-01-14 14:00:00,0,-4.07166123778502e-06,4.25,-3,NA,NA
"2018-Nov","Second",3,35,432,150,140,17,NA,2018-11-20 10:00:00,2018-11-24 10:00:00,2019-01-14 14:00:00,0.0181268882175227,0,1.5,1,NA,NA
"2019-Jan","Manley",NA,281.1,475,60,40,NA,NA,2019-01-13 09:00:00,NA,NA,NA,NA,NA,NA,NA,NA
"2019-Jan","Manley",NA,282.1,425,56,15,NA,NA,2019-01-13 09:00:00,NA,NA,NA,NA,NA,NA,NA,NA
"2019-Jan","Manley",NA,283.1,484,52,22,NA,NA,2019-01-13 09:00:00,NA,NA,NA,NA,NA,NA,NA,NA
"2019-Jan","Manley",NA,286.1,373,30,14,NA,NA,2019-01-13 09:00:00,NA,NA,NA,NA,NA,NA,NA,NA
"2019-Jan","Manley",NA,296.1,496,97,26,NA,NA,2019-01-13 09:00:00,NA,NA,NA,NA,NA,NA,NA,NA
"2019-Jan","Manley",NA,76.1,463,37,20,NA,NA,2019-01-13 09:00:00,NA,NA,NA,NA,NA,NA,NA,NA
"2019-Jan","Manley",NA,256,296,53,61,NA,NA,2019-01-13 09:00:00,NA,NA,NA,NA,NA,NA,NA,NA
"2019-Jan","Manley",NA,258,497,31,30,NA,NA,2019-01-13 09:00:00,NA,NA,NA,NA,NA,NA,NA,NA
"2019-Jan","Manley",NA,264,364,108,63,NA,NA,2019-01-13 09:00:00,NA,NA,NA,NA,NA,NA,NA,NA
"2019-Jan","Manley",NA,276.1,432,38,10,NA,NA,2019-01-13 09:00:00,NA,NA,NA,NA,NA,NA,NA,NA
"2019-Jan","Manley",NA,288,274,53,47,NA,NA,2019-01-13 09:00:00,NA,NA,NA,NA,NA,NA,NA,NA
"2019-Jan","Manley",NA,292.1,454,27,45,NA,NA,2019-01-13 09:00:00,NA,NA,NA,NA,NA,NA,NA,NA
"2019-Jan","Manley",NA,298.1,634,44,83,NA,NA,2019-01-13 09:00:00,NA,NA,NA,NA,NA,NA,NA,NA
"2019-Jan","Manley",NA,277.1,464,51,55,NA,NA,2019-01-13 09:00:00,NA,NA,NA,NA,NA,NA,NA,NA
"2019-Jan","Manley",NA,285.1,359,127,124,NA,NA,2019-01-13 09:00:00,NA,NA,NA,NA,NA,NA,NA,NA
"2019-Jan","North",1,18.1,470,18,21,9,NA,2019-01-13 13:00:00,2019-01-17 09:10:00,NA,NA,NA,0,0.260397830018083,NA,NA
"2019-Jan","North",2,34.1,508,134,120,6,NA,2019-01-13 13:00:00,2019-01-17 09:10:00,NA,NA,NA,1.30198915009042,-0.78119349005425,NA,NA
"2019-Jan","North",2,7.1,587,17,17,26,NA,2019-01-13 13:00:00,2019-01-17 09:10:00,NA,NA,NA,1.04159132007233,0.260397830018083,NA,NA
"2019-Jan","North",3,13.1,480,150,115,18,NA,2019-01-13 13:00:00,2019-01-17 09:10:00,NA,NA,NA,0.520795660036166,5.20795660036166,NA,NA
"2019-Jan","North",3,32.1,493,18,10,1,NA,2019-01-13 13:00:00,2019-01-17 09:10:00,NA,NA,NA,0,-1.04159132007233,NA,NA
"2019-Jan","North",2,24.1,496,11,11,1,NA,2019-01-13 13:00:00,2019-01-17 09:10:00,NA,NA,NA,1.5623869801085,-1.5623869801085,NA,NA
"2019-Jan","North",2,16.1,590,57,150,13,NA,2019-01-13 13:00:00,2019-01-17 09:10:00,NA,NA,NA,2.08318264014467,-1.04159132007233,NA,NA
"2019-Jan","North",2,19.1,610,52,29,10,NA,2019-01-13 13:00:00,2019-01-17 09:10:00,NA,NA,NA,2.08318264014467,-1.82278481012658,NA,NA
"2019-Jan","North",3,41.1,522,45,50,NA,NA,2019-01-13 13:00:00,2019-01-17 09:10:00,NA,NA,NA,NA,NA,NA,NA
"2019-Jan","North",3,20.1,532,18,30,13,NA,2019-01-13 13:00:00,2019-01-17 09:10:00,NA,NA,NA,1.5623869801085,-0.520795660036166,NA,NA
"2019-Jan","North",3,15.1,629,147,46,23,NA,2019-01-13 13:00:00,2019-01-17 09:10:00,NA,NA,NA,NA,NA,NA,NA
"2019-Jan","Second",1,9.1,766,50,200,38,NA,2019-01-14 14:00:00,2019-01-20 10:00:00,NA,NA,NA,1.88571428571429,0.171428571428571,NA,NA
"2019-Jan","Second",1,3.1,652,122,180,NA,NA,2019-01-14 14:00:00,2019-01-20 10:00:00,NA,NA,NA,NA,NA,NA,NA
"2019-Jan","Second",1,36.1,630,152,140,28,NA,2019-01-14 14:00:00,2019-01-20 10:00:00,NA,NA,NA,NA,NA,NA,NA
"2019-Jan","Second",1,40.1,615,127,160,18,NA,2019-01-14 14:00:00,2019-01-20 10:00:00,NA,NA,NA,2.22857142857143,-1.2,NA,NA
"2019-Jan","Second",3,35.1,433,98,17,NA,NA,2019-01-14 14:00:00,2019-01-20 10:00:00,NA,NA,NA,NA,NA,NA,NA
"2019-Jan","Second",1,27.1,447,76,140,19,NA,2019-01-14 14:00:00,2019-01-20 10:00:00,NA,NA,NA,0.857142857142857,-0.514285714285714,NA,NA
"2019-Jan","Second",1,39.1,567,79,60,9,NA,2019-01-14 14:00:00,2019-01-20 10:00:00,NA,NA,NA,0.6,-0.6,NA,NA
"2019-Jan","Second",1,22.1,632,156,150,9,NA,2019-01-14 14:00:00,2019-01-20 10:00:00,NA,NA,NA,4.11428571428571,-14.4,NA,NA
"2019-Jan","Second",1,12.1,723,125,150,20,NA,2019-01-14 14:00:00,2019-01-20 10:00:00,NA,NA,NA,3.08571428571429,-5.14285714285714,NA,NA
"2019-Jan","Second",1,33.1,719,80,180,29,NA,2019-01-14 14:00:00,2019-01-20 10:00:00,NA,NA,NA,3.08571428571429,-1.37142857142857,NA,NA
"2019-Jan","Second",1,11.1,556,190,180,23,NA,2019-01-14 14:00:00,2019-01-20 10:00:00,NA,NA,NA,5.14285714285714,0,NA,NA
"2019-Jan","Second",3,10.1,459,76,150,34,NA,2019-01-14 14:00:00,2019-01-20 10:00:00,NA,NA,NA,1.37142857142857,-1.54285714285714,NA,NA
"2019-Jan","Second",2,1.1,674,55,163,15,NA,2019-01-14 14:00:00,2019-01-20 10:00:00,NA,NA,NA,NA,NA,NA,NA
"2019-Jan","Second",2,45.1,742,326,350,38,NA,2019-01-14 14:00:00,2019-01-20 10:00:00,NA,NA,NA,5.31428571428571,13.8857142857143,NA,NA
"2019-Jul","North",2,230,278,92,120,28,23,2019-07-02 13:30:00,2019-07-06 12:00:00,2019-07-19 13:00:00,NA,NA,7.11111111111111,-0.507936507936508,NA,NA
"2019-Jul","North",3,226,279,121,129,29,26,2019-07-02 13:30:00,2019-07-06 12:00:00,2019-07-19 14:00:00,5.22888616891065,9.7310686482661e-06,9.65079365079365,-10.6666666666667,NA,NA
"2019-Jul","North",3,96.1,329,180,250,30,39,2019-07-02 13:30:00,2019-07-06 12:00:00,2019-07-19 14:00:00,6.46266829865361,6.19249823071479e-06,7.87301587301587,-6.6031746031746,NA,NA
"2019-Jul","North",3,242,327,220,185,26,33,2019-07-02 13:30:00,2019-07-06 12:00:00,2019-07-19 14:00:00,4.81762545899633,1.41542816702052e-05,NA,NA,NA,NA
"2019-Jul","North",3,232,250,162,152,28,34,2019-07-02 13:30:00,2019-07-06 12:00:00,2019-07-19 14:00:00,3.93635250917993,9.7310686482661e-06,8.38095238095238,-6.34920634920635,NA,NA
"2019-Jul","North",3,249,321,160,190,32,42,2019-07-02 13:30:00,2019-07-06 12:00:00,2019-07-19 14:00:00,8.51897184822522,1.85774946921444e-05,NA,NA,NA,NA
"2019-Jul","North",3,227,335,140,160,33,30,2019-07-02 13:30:00,2019-07-06 12:00:00,2019-07-19 14:00:00,4.99388004895961,7.96178343949045e-06,10.4126984126984,-17.7777777777778,NA,NA
"2019-Jul","North",1,239,317,53,79,15,20,2019-07-02 13:30:00,2019-07-06 12:00:00,2019-07-19 14:00:00,NA,NA,3.04761904761905,5.58730158730159,NA,NA
"2019-Jul","North",1,299,484,107,125,25,32,2019-07-02 13:30:00,2019-07-06 12:00:00,2019-07-19 14:00:00,1.82129742962056,8.84642604387827e-07,4.57142857142857,-7.61904761904762,NA,NA
"2019-Jul","North",1,287.1,355,144,170,37,40,2019-07-02 13:30:00,2019-07-06 12:00:00,2019-07-19 14:00:00,4.40636474908201,1.15003538570418e-05,9.3968253968254,1.01587301587302,NA,NA
"2019-Jul","North",2,289.1,494,154,223,42,50,2019-07-02 13:30:00,2019-07-06 12:00:00,2019-07-19 14:00:00,0,-8.84642604387827e-07,8.38095238095238,1.52380952380952,NA,NA
"2019-Jul","North",2,284,300,126,117,33,29,2019-07-02 13:30:00,2019-07-06 12:00:00,2019-07-19 14:00:00,4.11260709914321,1.50389242745931e-05,8.12698412698413,-8.88888888888889,NA,NA
"2019-Jul","North",2,291.1,344,38,150,23,28,2019-07-02 13:30:00,2019-07-06 12:00:00,2019-07-19 14:00:00,2.70257037943696,3.53857041755131e-06,NA,NA,NA,NA
"2019-Jul","North",2,295.1,527,220,200,74,50,2019-07-02 13:30:00,2019-07-06 12:00:00,2019-07-19 14:00:00,0.0587515299877601,-5.30785562632696e-06,8.38095238095238,-4.82539682539683,NA,NA
"2019-Jul","North",2,275.1,176,120,219,NA,NA,2019-07-02 13:30:00,2019-07-06 12:00:00,2019-07-19 14:00:00,8.93023255813953,NA,NA,NA,NA,NA
"2019-Jul","North",2,293.1,346,91,260,30,39,2019-07-02 13:30:00,2019-07-06 12:00:00,2019-07-19 14:00:00,3.40758873929009,7.07714083510262e-06,13.7142857142857,-4.31746031746032,NA,NA
"2019-Jul","Second",1,268,342,220,350,82,63,2019-07-02 09:30:00,2019-07-06 09:30:00,2019-07-19 13:00:00,2.97448359659781,8.80436696601514e-07,4.5,-11.25,NA,NA
"2019-Jul","Second",1,280.1,412,200,235,65,43,2019-07-02 09:30:00,2019-07-06 09:30:00,2019-07-19 13:00:00,7.05710814094775,0,4.75,1.25,NA,NA
"2019-Jul","Second",1,297.1,318,160,179,29,34,2019-07-02 09:30:00,2019-07-06 09:30:00,2019-07-19 13:00:00,1.22478736330498,1.05652403592182e-05,7.25,-7.25,NA,NA
"2019-Jul","Second",1,290,501,191,210,64,45,2019-07-02 09:30:00,2019-07-06 09:30:00,2019-07-19 13:00:00,NA,NA,8.75,4.75,NA,NA
"2019-Jul","Second",1,294,402,196,240,71,53,2019-07-02 09:30:00,2019-07-06 09:30:00,2019-07-19 13:00:00,0.641555285540705,3.52174678640606e-06,6.75,-30.75,NA,NA
"2019-Jul","Second",1,279.1,293,111,176,24,37,2019-07-02 09:30:00,2019-07-06 09:30:00,2019-07-19 13:00:00,2.68286755771567,2.11304807184363e-05,6,-7.75,NA,NA
"2019-Jul","Second",2,25,510,350,300,NA,NA,2019-07-02 09:30:00,2019-07-06 09:30:00,2019-07-19 13:00:00,NA,NA,NA,NA,NA,NA
"2019-Jul","Second",2,21,120,41,50,10,12,2019-07-02 09:30:00,2019-07-06 09:30:00,2019-07-19 13:00:00,3.7910085054678,7.92393026941363e-06,NA,NA,NA,NA
"2019-Jul","Second",2,23,140,54,70,16,10,2019-07-02 09:30:00,2019-07-06 09:30:00,2019-07-19 13:00:00,2.97448359659781,2.64131008980454e-06,NA,NA,NA,NA
"2019-Jul","Second",2,37,313,118,110,32,21,2019-07-02 09:30:00,2019-07-06 09:30:00,2019-07-19 13:00:00,3.09113001215067,1.32065504490227e-05,5.75,-4.25,NA,NA
"2019-Jul","Second",2,260,166,66,60,16,23,2019-07-02 09:30:00,2019-07-06 09:30:00,2019-07-19 11:00:00,NA,NA,2.5,-3.25,NA,NA
"2019-Jul","Second",2,255,340,116,150,43,37,2019-07-02 09:30:00,2019-07-06 09:30:00,2019-07-19 11:00:00,0.644688644688645,-4.43026758816232e-06,3.25,-1.25,NA,NA
"2019-Jul","Second",2,48,207,92,75,6,16,2019-07-02 09:30:00,2019-07-06 09:30:00,2019-07-19 13:00:00,NA,NA,4.625,-3.375,NA,NA
"2019-Jul","Second",3,5,285,162,175,58,37,2019-07-02 09:30:00,2019-07-06 09:30:00,2019-07-19 13:00:00,2.7411907654921,3.52174678640606e-06,4.625,-5.375,NA,NA
"2019-Jul","Second",3,253,142,120,120,NA,NA,2019-07-02 09:30:00,2019-07-06 09:30:00,2019-07-19 13:00:00,NA,NA,NA,NA,NA,NA
"2019-Jul","Second",3,0,125,95,75,18,16,2019-07-02 09:30:00,2019-07-06 09:30:00,2019-07-19 13:00:00,NA,NA,4.5,-0.25,NA,NA
"2019-Jul","Second",3,254,272,124,130,40,30,2019-07-02 09:30:00,2019-07-06 09:30:00,2019-07-19 13:00:00,2.21628189550425,1.58478605388273e-05,4.125,-3.125,NA,NA
"2019-Jul","Manley",2,233,491,47,60,17,38,2019-07-03 10:00:00,2019-07-07 12:30:00,2019-07-19 10:00:00,NA,NA,0.730964467005076,-1.9492385786802,NA,NA
"2019-Jul","Manley",2,225,250,115,140,33,38,2019-07-03 10:00:00,2019-07-07 12:30:00,2019-07-19 10:00:00,0.375,2.72426542128819e-05,2.19289340101523,6.33502538071066,NA,NA
"2019-Jul","Manley",2,241,350,143,140,29,42,2019-07-03 10:00:00,2019-07-07 12:30:00,2019-07-19 10:00:00,0.4375,6.81066355322047e-06,2.19289340101523,-1.70558375634518,NA,NA
"2019-Jul","Manley",2,240,163,29,40,NA,NA,2019-07-03 10:00:00,2019-07-07 12:30:00,2019-07-19 10:00:00,NA,NA,NA,NA,NA,NA
"2019-Jul","Manley",2,229,289,49,140,38,48,2019-07-03 10:00:00,2019-07-07 12:30:00,2019-07-19 10:00:00,4.3125,2.04319906596614e-05,1.21827411167513,11.2081218274112,NA,NA
"2019-Jul","Manley",2,245,271,122,140,31,36,2019-07-03 10:00:00,2019-07-07 12:30:00,2019-07-19 10:00:00,0.1875,9.72951936174353e-06,1.46192893401015,-3.16751269035533,NA,NA
"2019-Jul","Manley",2,235,380,127,140,44,47,2019-07-03 10:00:00,2019-07-07 12:30:00,2019-07-19 10:00:00,0,2.91885580852306e-05,2.68020304568528,-1.9492385786802,NA,NA
"2019-Jul","Manley",1,237,112,43,60,20,10,2019-07-03 10:00:00,2019-07-07 12:30:00,2019-07-19 10:00:00,2.375,1.16754232340922e-05,1.70558375634518,0,NA,NA
"2019-Jul","Manley",1,246,176,56,60,16,15,2019-07-03 10:00:00,2019-07-07 12:30:00,2019-07-19 10:00:00,1.375,1.16754232340922e-05,2.31472081218274,-0.121827411167513,NA,NA
"2019-Jul","Manley",1,238,131,77,80,34,16,2019-07-03 10:00:00,2019-07-07 12:30:00,2019-07-19 10:00:00,2.25,-3.89180774469741e-06,2.07106598984772,-2.80203045685279,NA,NA
"2019-Jul","Manley",1,247,100,31,65,15,12,2019-07-03 10:00:00,2019-07-07 12:30:00,2019-07-19 10:00:00,1.5,1.55672309787896e-05,2.9238578680203,0.243654822335025,NA,NA
"2019-Jul","Manley",1,236,373,246,160,28,10,2019-07-03 10:00:00,2019-07-07 12:30:00,2019-07-19 10:00:00,0.1875,4.57287410001946e-05,2.43654822335025,-16.3248730964467,NA,NA
"2019-Jul","Manley",1,46,302,112,100,69,46,2019-07-03 10:00:00,2019-07-07 12:30:00,2019-07-19 10:00:00,NA,NA,1.9492385786802,-5.60406091370558,NA,NA
"2019-Jul","Manley",1,228,303,153,125,14,38,2019-07-03 10:00:00,2019-07-07 12:30:00,2019-07-19 10:00:00,0.25,-9.72951936174353e-06,0.974619289340101,-4.62944162436548,NA,NA
"2019-Jul","Manley",3,244,244,50,75,30,21,2019-07-03 10:00:00,2019-07-07 12:30:00,2019-07-19 10:00:00,3.5,3.89180774469741e-06,1.21827411167513,0.243654822335025,NA,NA
"2019-Jul","Triquetta",2,266,360,63,77,22,26,2019-07-03 15:30:00,2019-07-07 10:00:00,2019-07-19 11:00:00,1.77075098814229,0,0.530386740331492,1.32596685082873,NA,NA
"2019-Jul","Triquetta",2,269.1,424,142,145,72,50,2019-07-03 15:30:00,2019-07-07 10:00:00,2019-07-19 11:00:00,3.28853754940711,8.65051903114187e-06,2.38674033149171,-2.65193370165746,NA,NA
"2019-Jul","Triquetta",3,234,340,60,110,31,32,2019-07-03 15:30:00,2019-07-07 10:00:00,2019-07-19 11:00:00,NA,NA,0,0,NA,NA
"2019-Jul","Triquetta",3,231,388,170,140,37,50,2019-07-03 15:30:00,2019-07-07 10:00:00,2019-07-19 11:00:00,8.7905138339921,1.53787004998078e-05,3.4475138121547,-26.7845303867403,NA,NA
"2019-Jul","Triquetta",3,278,468,120,150,41,46,2019-07-03 15:30:00,2019-07-07 10:00:00,2019-07-19 11:00:00,0.442687747035573,8.65051903114187e-06,6.09944751381215,-20.6850828729282,NA,NA
"2019-Jul","Triquetta",3,243,511,148,150,55,56,2019-07-03 15:30:00,2019-07-07 10:00:00,2019-07-19 11:00:00,2.78260869565217,1.05728565936178e-05,3.71270718232044,-16.1767955801105,NA,NA
"2019-Jul","Triquetta",3,248,500,160,150,55,28,2019-07-03 15:30:00,2019-07-07 10:00:00,2019-07-19 11:00:00,4.4901185770751,-2.88350634371396e-05,1.59116022099448,-9.01657458563536,NA,NA
"2019-Jul","Triquetta",1,6.1,323,69,90,22,23,2019-07-03 15:30:00,2019-07-07 10:00:00,2019-07-19 11:00:00,NA,NA,1.85635359116022,-3.4475138121547,NA,NA
"2019-Jul","Triquetta",1,7.2,418,90,80,41,25,2019-07-03 15:30:00,2019-07-07 10:00:00,2019-07-19 11:00:00,0.822134387351779,-6.7281814686659e-06,2.12154696132597,-4.24309392265193,NA,NA
"2019-Jul","Triquetta",1,4.2,357,102,100,36,22,2019-07-03 15:30:00,2019-07-07 10:00:00,2019-07-19 11:00:00,0.632411067193676,5.76701268742791e-06,2.38674033149171,-3.18232044198895,NA,NA
"2019-Jul","Triquetta",1,8.1,405,128,130,39,34,2019-07-03 15:30:00,2019-07-07 10:00:00,2019-07-19 11:00:00,NA,NA,3.04972375690608,-10.2099447513812,NA,NA
"2019-Jul","Triquetta",1,10.2,372,103,120,61,42,2019-07-03 15:30:00,2019-07-07 10:00:00,2019-07-19 11:00:00,6.07114624505929,-2.21068819684737e-05,1.59116022099448,-3.18232044198895,NA,NA
"2019-Jul","Triquetta",2,9.2,509,56,60,31,32,2019-07-03 15:30:00,2019-07-07 10:00:00,2019-07-19 11:00:00,2.1501976284585,3.84467512495194e-05,1.32596685082873,-2.65193370165746,NA,NA
"2019-Jul","Triquetta",2,2.1,570,122,120,50,39,2019-07-03 15:30:00,2019-07-07 10:00:00,2019-07-19 11:00:00,0.442687747035573,-5.76701268742791e-06,1.32596685082873,-1.85635359116022,NA,NA
"2019-Jul","Triquetta",2,1.2,532,124,130,73,48,2019-07-03 15:30:00,2019-07-07 10:00:00,2019-07-19 11:00:00,NA,NA,1.32596685082873,-1.59116022099448,NA,NA
"2020-Jul","North",NA,1720,306,170,188,28,28,2020-07-04 15:00:00,2020-07-11 11:15:00,2020-07-26 10:16:00,NA,NA,8.76712328767123,-4.38356164383562,NA,NA
"2020-Jul","North",NA,1861,563,95,285,57,57,2020-07-04 15:00:00,2020-07-11 11:15:00,2020-07-26 10:16:00,NA,NA,3.36073059360731,1.46118721461187,NA,NA
"2020-Jul","North",NA,1913,375,155,300,45,45,2020-07-04 15:00:00,2020-07-11 11:15:00,2020-07-26 10:16:00,NA,NA,4.23744292237443,-2.48401826484018,NA,NA
"2020-Jul","North",NA,1921,364,122,204,40,50,2020-07-04 15:00:00,2020-07-11 11:15:00,2020-07-26 10:16:00,NA,NA,3.21461187214612,-8.0365296803653,NA,NA
"2020-Jul","North",NA,1937,425,230,350,53,70,2020-07-04 15:00:00,2020-07-11 11:15:00,2020-07-26 10:16:00,2.10982290737674,-2.32115500673135e-05,2.92237442922374,-3.79908675799087,0.0917314307555103,"t1-t3"
"2020-Jul","North",NA,2001,337,189,290,62,50,2020-07-04 15:00:00,2020-07-11 11:15:00,2020-07-26 10:16:00,7.61370875270735,-1.54743667115423e-06,6.13698630136986,-3.65296803652968,0.0458657153777551,"t1-t3"
"2020-Jul","North",NA,2076,223,143,190,26,40,2020-07-04 15:00:00,2020-07-11 11:15:00,2020-07-26 10:16:00,NA,NA,NA,NA,NA,NA
"2020-Jul","North",NA,2333,425,95,224,59,45,2020-07-04 15:00:00,2020-07-11 11:15:00,2020-07-26 10:16:00,NA,NA,NA,NA,NA,NA
"2020-Jul","North",NA,2509,390,88,221,70,59,2020-07-04 15:00:00,2020-07-11 11:15:00,2020-07-26 10:16:00,NA,NA,3.06849315068493,0.876712328767123,NA,NA
"2020-Jul","North",NA,1708,305,152,140,34,41,2020-07-04 15:00:00,2020-07-11 11:15:00,2020-07-26 10:16:00,1.14664288444388,-7.73718335577116e-07,6.13698630136986,-3.21461187214612,-0.366925723022041,"t1-t3"
"2020-Jul","North",NA,1768,320,218,217,42,52,2020-07-04 15:00:00,2020-07-11 11:15:00,2020-07-26 10:16:00,1.60530003822143,-2.32115500673135e-06,5.26027397260274,-2.19178082191781,0.137597146133265,"t1-t3"
"2020-Jul","North",NA,1817,248,187,180,45,45,2020-07-04 15:00:00,2020-07-11 11:15:00,2020-07-26 10:16:00,0.871448592177347,-5.41602834903982e-06,5.84474885844749,-5.55251141552511,-0.0458657153777551,"t1-t3"
"2020-Jul","North",NA,2066,466,228,230,47,68,2020-07-04 15:00:00,2020-07-11 11:15:00,2020-07-26 10:16:00,NA,NA,NA,NA,NA,NA
"2020-Jul","North",NA,2080,534,218,210,39,50,2020-07-04 15:00:00,2020-07-11 11:15:00,2020-07-26 10:16:00,NA,NA,7.74429223744292,-2.48401826484018,NA,NA
"2020-Jul","North",NA,2083,376,234,195,57,58,2020-07-04 15:00:00,2020-07-11 11:15:00,2020-07-26 10:16:00,0.779717161421837,-3.09487334230847e-06,9.86301369863014,-0.219178082191781,0.18346286151102,"t1-t3"
"2020-Jul","Second",NA,1769,351,169,310,51,34,2020-07-04 14:30:00,2020-07-11 09:50:00,2020-07-26 09:20:00,NA,NA,9.84489795918367,-6.90612244897959,NA,NA
"2020-Jul","Second",NA,1803,267,141,136,43,38,2020-07-04 14:30:00,2020-07-11 09:50:00,2020-07-26 09:20:00,3.12145361810647,3.8633905115129e-06,8.08163265306123,-3.08571428571429,0.275422378068218,"t1-t3"
"2020-Jul","Second",NA,1825,174,142,126,42,38,2020-07-04 14:30:00,2020-07-11 09:50:00,2020-07-26 09:20:00,6.10519604717883,0,5.73061224489796,-2.93877551020408,0.321326107746254,"t1-t3"
"2020-Jul","Second",NA,1895,222,132,160,NA,NA,2020-07-04 14:30:00,2020-07-11 09:50:00,2020-07-26 09:20:00,NA,NA,NA,NA,NA,NA
"2020-Jul","Second",NA,2022,387,86,150,94,36,2020-07-04 14:30:00,2020-07-11 09:50:00,2020-07-26 09:20:00,3.85591329295505,-1.00448153299335e-05,9.40408163265306,-2.64489795918367,0.229518648390182,"t1-t3"
"2020-Jul","Second",NA,2552,121,121,46,20,19,2020-07-04 14:30:00,2020-07-11 09:50:00,2020-07-26 09:20:00,5.23302518329614,8.49945912532839e-06,NA,NA,0.321326107746254,"t1-t3"
"2020-Jul","Second",NA,2584,373,152,250,50,29,2020-07-04 14:30:00,2020-07-11 09:50:00,2020-07-26 09:20:00,NA,0,2.20408163265306,3.37959183673469,0.0459037296780363,"t1-t3"
"2020-Jul","Second",NA,2590,242,120,170,56,32,2020-07-04 14:30:00,2020-07-11 09:50:00,2020-07-26 09:20:00,3.58049091488683,1.85442744552619e-05,5.43673469387755,-1.32244897959184,0.367229837424291,"t1-t3"
"2020-Jul","Second",NA,1799,293,126,150,56,44,2020-07-04 14:30:00,2020-07-11 09:50:00,2020-07-26 09:20:00,1.60663053873127,3.09071240921032e-06,4.77551020408163,0.36734693877551,-0.137711189034109,"t1-t3"
"2020-Jul","Second",NA,1911,283,266,220,58,50,2020-07-04 14:30:00,2020-07-11 09:50:00,2020-07-26 09:20:00,1.5148230793752,1.15901715345387e-05,9.62448979591837,-16.3836734693878,0.137711189034109,"t1-t3"
"2020-Jul","Second",NA,1969,306,273,170,43,34,2020-07-04 14:30:00,2020-07-11 09:50:00,2020-07-26 09:20:00,3.58049091488683,6.95410292072323e-06,8.81632653061225,-19.9836734693878,0.183614918712145,"t1-t3"
"2020-Jul","Second",NA,2073,294,107,183,57,48,2020-07-04 14:30:00,2020-07-11 09:50:00,2020-07-26 09:20:00,2.47880140261396,7.72678102302581e-07,5.58367346938776,0,0.0918074593560727,"t1-t3"
"2020-Jul","Second",NA,2117,263,151,120,47,45,2020-07-04 14:30:00,2020-07-11 09:50:00,2020-07-26 09:20:00,1.42301562001913,3.8633905115129e-06,6.68571428571429,-5.95102040816327,0.0459037296780363,"t1-t3"
"2020-Jul","Second",NA,2134,290,145,170,44,35,2020-07-04 14:30:00,2020-07-11 09:50:00,2020-07-26 09:20:00,2.524705132292,9.27213722763097e-06,5.06938775510204,-2.49795918367347,0.0459037296780363,"t1-t3"
"2020-Jul","Second",NA,2515,154,54,40,24,24,2020-07-04 14:30:00,2020-07-11 09:50:00,2020-07-26 09:20:00,3.67229837424291,6.95410292072323e-06,3.01224489795918,-0.661224489795918,0.275422378068218,"t1-t3"
"2020-Jul","Triquetta",1,2561,314,214,118,52,32,2020-07-04 11:15:00,2020-07-11 14:00:00,2020-07-25 16:05:00,5.23550605961349,5.75137622216745e-06,4.9194729136164,-13.9150805270864,0.235833606288896,"t1-t3"
"2020-Jul","Triquetta",2,2559,434,88,120,40,40,2020-07-04 11:15:00,2020-07-11 14:00:00,2020-07-25 16:05:00,3.3960039305601,9.03787692054885e-06,1.12445095168375,-0.421669106881406,0,"t1-t3"
"2020-Jul","Triquetta",2,2576,378,169,170,62,39,2020-07-04 11:15:00,2020-07-11 14:00:00,2020-07-25 16:05:00,3.77333770062234,-4.9297510475721e-06,3.51390922401171,-5.06002928257687,0,"t1-t3"
"2020-Jul","Triquetta",2,2578,482,145,150,76,39,2020-07-04 11:15:00,2020-07-11 14:00:00,2020-07-25 16:05:00,3.30167048804455,1.72541286665023e-05,0.98389458272328,-5.76281112737921,0.0943334425155585,"t1-t3"
"2020-Jul","Triquetta",2,2571,398,80,150,63,30,2020-07-04 11:15:00,2020-07-11 14:00:00,2020-07-25 16:05:00,5.28267278087127,-4.10812587297675e-06,1.68667642752562,0.140556368960469,0.424500491320013,"t1-t3"
"2020-Jul","Triquetta",2,2566,339,206,110,61,29,2020-07-04 11:15:00,2020-07-11 14:00:00,2020-07-25 16:05:00,5.09400589584016,8.2162517459535e-07,2.81112737920937,-22.489019033675,0.330167048804455,"t1-t3"
"2020-Jul","Triquetta",3,2554,319,58,190,47,25,2020-07-04 11:15:00,2020-07-11 14:00:00,2020-07-25 16:05:00,5.04683917458238,-5.75137622216745e-06,2.95168374816984,-0.140556368960469,0.330167048804455,"t1-t3"
"2020-Jul","Triquetta",3,2582,298,56,140,40,26,2020-07-04 11:15:00,2020-07-11 14:00:00,2020-07-25 16:05:00,5.28267278087127,4.9297510475721e-06,2.81112737920937,-0.702781844802343,0.0471667212577792,"t1-t3"
"2020-Jul","Triquetta",3,2540,374,184,290,79,38,2020-07-04 11:15:00,2020-07-11 14:00:00,2020-07-25 16:05:00,3.77333770062234,-1.06811272697395e-05,3.51390922401171,-6.18448023426062,0.188666885031117,"t1-t3"
"2020-Jul","Triquetta",1,2541,156,68,80,34,12,2020-07-04 11:15:00,2020-07-11 14:00:00,2020-07-25 16:05:00,4.90533901080904,1.6432503491907e-06,3.09224011713031,-0.140556368960469,0.235833606288896,"t1-t3"
"2020-Jul","Triquetta",1,2558,165,71,70,35,17,2020-07-04 11:15:00,2020-07-11 14:00:00,2020-07-25 16:05:00,NA,NA,2.6705710102489,0.140556368960469,NA,NA
"2020-Jul","Triquetta",1,2544,277,110,90,31,19,2020-07-04 11:15:00,2020-07-11 14:00:00,2020-07-25 16:05:00,3.44317065181788,4.10812587297675e-06,2.10834553440703,-9.69838945827233,0.141500163773338,"t1-t3"
"2020-Jul","Triquetta",1,2547,470,209,240,76,49,2020-07-04 11:15:00,2020-07-11 14:00:00,2020-07-25 16:05:00,1.83950212905339,-2.13622545394791e-05,3.79502196193265,0.281112737920937,0.188666885031117,"t1-t3"
"2020-Jul","Triquetta",3,2572.3,182,72,152,40,20,2020-07-04 11:15:00,2020-07-11 14:00:00,2020-07-25 16:05:00,13.3953488372093,1.31460027935256e-05,2.8814055636896,0.210834553440703,0.990501146413364,"t1-t3"
"2020-Jul","Triquetta",3,2557,450,231,210,76,38,2020-07-04 11:15:00,2020-07-11 14:00:00,2020-07-25 16:05:00,2.54700294792008,-9.8595020951442e-06,5.20058565153734,-8.43338213762811,0.0943334425155585,"t1-t3"
"2020-Jul","Manley",NA,2046,284,84,160,52,44,2020-07-05 11:12:00,2020-07-11 13:00:00,2020-07-26 11:50:00,NA,NA,1.48148148148148,-4.77366255144033,NA,NA
"2020-Jul","Manley",NA,2549,118,81,100,61,45,2020-07-05 11:12:00,2020-07-11 13:00:00,2020-07-26 11:50:00,4.94616553273003,9.28936367858802e-06,0.823045267489712,-2.13991769547325,NA,NA
"2020-Jul","Manley",NA,2565,166,100,100,36,34,2020-07-05 11:12:00,2020-07-11 13:00:00,2020-07-26 11:50:00,1.37921923508818,9.28936367858802e-06,2.13991769547325,-2.30452674897119,NA,NA
"2020-Jul","Manley",NA,2580,182,258,160,64,41,2020-07-05 11:12:00,2020-07-11 13:00:00,2020-07-26 11:50:00,0.190237135874232,-1.54822727976467e-06,0,-16.4609053497942,NA,NA
"2020-Jul","Manley",NA,2581,297,98,150,33,35,2020-07-05 11:12:00,2020-07-11 13:00:00,2020-07-26 11:50:00,NA,1.1611704598235e-05,2.30452674897119,-10.6995884773663,NA,NA
"2020-Jul","Manley",NA,2592,125,72,190,59,43,2020-07-05 11:12:00,2020-07-11 13:00:00,2020-07-26 11:50:00,0.380474271748464,-2.322340919647e-06,2.79835390946502,-1.1522633744856,NA,NA
"2020-Jul","Manley",NA,276,385,197,210,89,52,2020-07-05 11:12:00,2020-07-11 13:00:00,2020-07-26 11:50:00,0.47559283968558,-6.96702275894101e-06,3.37448559670782,-2.88065843621399,0.095118567937116,"t1-t3"
"2020-Jul","Manley",NA,281,187,180,170,45,40,2020-07-05 11:12:00,2020-07-11 13:00:00,2020-07-26 11:50:00,6.18270691591254,3.09645455952934e-06,NA,NA,0.190237135874232,"t1-t3"
"2020-Jul","Manley",NA,1820,403,174,150,91,52,2020-07-05 11:12:00,2020-07-11 13:00:00,2020-07-26 11:50:00,0.23779641984279,1.08375909583527e-05,3.78600823045267,-5.92592592592593,0.095118567937116,"t1-t3"
"2020-Jul","Manley",NA,1891,125,67,80,38,28,2020-07-05 11:12:00,2020-07-11 13:00:00,2020-07-26 11:50:00,0.998744963339719,7.74113639882335e-07,1.81069958847737,0,0,"t1-t3"
"2020-Jul","Manley",NA,2064,329,121,120,76,36,2020-07-05 11:12:00,2020-07-11 13:00:00,2020-07-26 11:50:00,NA,NA,2.96296296296296,-4.2798353909465,NA,NA
"2020-Jul","Manley",NA,2072,150,91,80,45,26,2020-07-05 11:12:00,2020-07-11 13:00:00,2020-07-26 11:50:00,1.66457493889953,3.09645455952934e-06,NA,NA,0.095118567937116,"t1-t3"
"2020-Jul","Manley",NA,2543,167,107,90,43,25,2020-07-05 11:12:00,2020-07-11 13:00:00,2020-07-26 11:50:00,NA,NA,2.63374485596708,-20.2469135802469,NA,NA
"2020-Jul","Manley",NA,2550,149,92,80,36,26,2020-07-05 11:12:00,2020-07-11 13:00:00,2020-07-26 11:50:00,NA,NA,1.89300411522634,-4.52674897119342,NA,NA
"2020-Jul","Manley",NA,2589,222,153,150,63,21,2020-07-05 11:12:00,2020-07-11 13:00:00,2020-07-26 11:50:00,2.9486756060506,6.19290911905868e-06,4.60905349794239,-7.07818930041152,0.23779641984279,"t1-t3"
"2021-Aug","Owen",1,42.2,324,228,295,14,38,2021-08-05 15:31:00,2021-08-09 17:32:00,NA,NA,NA,3.79527291276994,0.367284475429349,NA,NA
"2021-Aug","Owen",1,41.2,313,191,200,25,39,2021-08-05 15:31:00,2021-08-09 17:32:00,NA,NA,NA,3.67284475429349,-1.4691379017174,NA,NA
"2021-Aug","Owen",2,44.2,287,276,251,19,41,2021-08-05 15:31:00,2021-08-09 17:32:00,NA,NA,NA,NA,NA,NA,NA
"2021-Aug","Owen",2,40.2,529,173,255,15,37,2021-08-05 15:31:00,2021-08-09 17:32:00,NA,NA,NA,4.28498554667573,-2.32613501105254,NA,NA
"2021-Aug","Owen",2,43.2,328,81,130,16,22,2021-08-05 15:31:00,2021-08-09 17:32:00,NA,NA,NA,0.979425267811597,-0.489712633905798,NA,NA
"2021-Aug","Owen",3,52.2,524,360,238,18,37,2021-08-05 15:31:00,2021-08-09 17:32:00,NA,NA,NA,5.87655160686958,-6.36626424077538,NA,NA
"2021-Aug","Owen",3,50.2,693,347,169,15,39,2021-08-05 15:31:00,2021-08-09 17:32:00,NA,NA,NA,10.2839653120218,-2.20370685257609,NA,NA
"2021-Aug","Owen",3,51,305,180,200,35,33,2021-08-05 15:31:00,2021-08-09 17:32:00,NA,NA,NA,4.28498554667573,-2.57099132800544,NA,NA
"2021-Aug","Owen",1,54.2,361,127,209,NA,NA,2021-08-05 15:31:00,2021-08-09 17:32:00,NA,NA,NA,NA,NA,NA,NA
"2021-Aug","Owen",1,55.2,737,340,410,14,44,2021-08-05 15:31:00,2021-08-09 17:32:00,NA,NA,NA,12.7325284815508,-8.56997109335147,NA,NA
"2021-Aug","Owen",1,49.2,354,115,128,29,43,2021-08-05 15:31:00,2021-08-09 17:32:00,NA,NA,NA,3.42798843734059,0.244856316952899,NA,NA
"2021-Aug","Owen",2,45.2,449,273,145,22,36,2021-08-05 15:31:00,2021-08-09 17:32:00,NA,NA,NA,NA,NA,NA,NA
"2021-Aug","Owen",2,46.2,410,168,125,20,33,2021-08-05 15:31:00,2021-08-09 17:32:00,NA,NA,NA,2.93827580343479,-1.2242815847645,NA,NA
"2021-Aug","Owen",3,47.2,359,219,310,32,39,2021-08-05 15:31:00,2021-08-09 17:32:00,NA,NA,NA,4.40741370515218,-4.89712633905798,NA,NA
"2021-Aug","Owen",3,53,669,398,361,25,49,2021-08-05 15:31:00,2021-08-09 17:32:00,NA,NA,NA,10.0391089950689,-3.42798843734059,NA,NA
"2021-Jul","North",NA,2544.2,196,77,95,34,32,2021-07-02 12:44:00,2021-07-07 11:17:00,2021-07-19 09:35:00,3.49759170062986,0,7.0856178827499,-1.6195698017714,NA,NA
"2021-Jul","North",NA,2547.2,302,146,217,73,40,2021-07-02 12:44:00,2021-07-07 11:17:00,2021-07-19 09:35:00,5.63171545016673,1.35832654170062e-05,9.514972585407,1.41712357654998,NA,NA
"2021-Jul","North",NA,2557.2,364,160,193,66,55,2021-07-02 12:44:00,2021-07-07 11:17:00,2021-07-19 09:35:00,1.30418673582808,-1.94046648814375e-06,6.47827920708562,0.404892450442851,NA,NA
"2021-Jul","North",NA,2571.2,323,71,93,54,53,2021-07-02 12:44:00,2021-07-07 11:17:00,2021-07-19 09:35:00,0.711374583178955,-7.761865952575e-06,2.02446225221426,-0.202446225221426,NA,NA
"2021-Jul","North",NA,2582.2,375,67,201,38,55,2021-07-02 12:44:00,2021-07-07 11:17:00,2021-07-19 09:35:00,NA,NA,3.44158582876423,2.42935470265711,NA,NA
"2021-Jul","North",NA,1708.2,353,43,75,52,35,2021-07-02 13:00:00,2021-07-07 11:40:00,2021-07-19 09:35:00,1.42368692070031,-1.06868745749539e-05,2.8314606741573,1.01123595505618,NA,NA
"2021-Jul","North",NA,1937.2,552,110,175,60,52,2021-07-02 13:00:00,2021-07-07 11:40:00,2021-07-19 09:35:00,1.54232749742533,5.82920431361119e-06,4.44943820224719,-0.404494382022472,NA,NA
"2021-Jul","North",NA,2072.2,291,143,130,65,54,2021-07-02 13:00:00,2021-07-07 11:40:00,2021-07-19 09:35:00,0.711843460350154,-1.06868745749539e-05,3.43820224719101,-3.64044943820225,NA,NA
"2021-Jul","North",NA,2560,500,194,200,38,56,2021-07-02 13:00:00,2021-07-07 11:40:00,2021-07-19 09:35:00,0.177960865087539,1.94306810453706e-06,7.48314606741573,0.606741573033708,NA,NA
"2021-Jul","North",NA,2565.2,247,44,95,57,35,2021-07-02 13:00:00,2021-07-07 11:40:00,2021-07-19 09:35:00,8.89804325437693,2.9146021568056e-06,1.61797752808989,0.202247191011236,NA,NA
"2021-Jul","North",NA,2001.2,587,150,170,20,45,2021-07-02 13:00:00,2021-07-07 11:30:00,2021-07-19 09:35:00,-0.355921730175077,0,4.45569620253165,-4.45569620253165,NA,NA
"2021-Jul","North",NA,2066.2,330,58,99,42,43,2021-07-02 13:00:00,2021-07-07 11:30:00,2021-07-19 09:35:00,0.296601441812564,2.91290416545296e-06,3.24050632911392,0,NA,NA
"2021-Jul","North",NA,2134.2,513,96,146,32,41,2021-07-02 13:00:00,2021-07-07 11:30:00,2021-07-19 09:35:00,-0.889804325437693,4.85484027575493e-06,2.63291139240506,1.21518987341772,NA,NA
"2021-Jul","Ratatouille",3,2584.2,689,153,121,63,54,2021-07-02 15:37:00,2021-07-07 14:00:00,2021-07-19 15:21:00,1.00065402223676,0,NA,NA,NA,NA
"2021-Jul","Ratatouille",3,1765.2,346,40,65,45,42,2021-07-02 15:37:00,2021-07-07 14:00:00,2021-07-19 15:21:00,1.35382603008502,6.72004300827525e-06,1.82458116288892,0,NA,NA
"2021-Jul","Ratatouille",3,281.2,550,125,110,41,46,2021-07-02 15:37:00,2021-07-07 14:00:00,2021-07-19 15:21:00,1.41268803139307,3.84002457615729e-06,2.2300436435309,-0.202731240320991,NA,NA
"2021-Jul","Ratatouille",3,1921.2,317,44,65,41,40,2021-07-02 15:37:00,2021-07-07 14:00:00,2021-07-19 15:21:00,0.882930019620667,6.72004300827525e-06,1.21638744192595,0.810924961283965,NA,NA
"2021-Jul","Ratatouille",1,2590.2,369,74,75,26,27,2021-07-02 15:38:00,2021-07-07 14:00:00,2021-07-19 15:21:00,4.12050852307566,4.80003072019661e-06,3.64967614756407,-0.202759785975781,NA,NA
"2021-Jul","Ratatouille",1,2581.2,408,60,80,42,43,2021-07-02 15:38:00,2021-07-07 14:00:00,2021-07-19 15:21:00,6.35735600703103,4.80003072019661e-06,2.33173753872149,0.506899464939454,NA,NA
"2021-Jul","Ratatouille",1,2580,393,63,80,27,34,2021-07-02 15:38:00,2021-07-07 14:00:00,2021-07-19 15:21:00,1.11842374197768,3.84002457615729e-06,4.3593353984793,0.506899464939454,NA,NA
"2021-Jul","Ratatouille",1,1891.2,522,75,50,27,39,2021-07-02 15:38:00,2021-07-07 14:00:00,2021-07-19 15:21:00,0.294322037362547,3.84002457615729e-06,2.02759785975781,-1.21655871585469,NA,NA
"2021-Jul","Ratatouille",2,2540.2,388,100,97,24,38,2021-07-02 15:41:00,2021-07-07 14:00:00,2021-07-19 15:21:00,-0.176614881439084,9.60006144039322e-07,3.85406395266939,-0.608536413579377,NA,NA
"2021-Jul","Ratatouille",2,2572.2,534,200,222,51,52,2021-07-02 15:41:00,2021-07-07 14:00:00,2021-07-19 15:21:00,-0.706459525756337,9.60006144039322e-07,2.02845471193126,-6.08536413579377,NA,NA
"2021-Jul","Ratatouille",2,2566.2,413,79,102,26,36,2021-07-02 15:41:00,2021-07-07 14:00:00,2021-07-19 15:21:00,0.41210139002453,9.60006144039322e-07,1.82560924073813,-0.608536413579377,NA,NA
"2021-Jul","Second",NA,1952.2,240,148,130,38,25,2021-07-02 10:16:00,2021-07-07 09:45:00,2021-07-19 09:08:00,4.4240537440603,5.79945485124398e-06,6.02594504114939,-2.61124285116474,NA,NA
"2021-Jul","Second",NA,1969.2,243,137,228,74,43,2021-07-02 10:16:00,2021-07-07 09:45:00,2021-07-19 09:08:00,3.36228084548583,-3.86630323416266e-06,7.23113404937927,14.4622680987585,NA,NA
"2021-Jul","Second",NA,2022.2,344,170,241,81,43,2021-07-02 10:16:00,2021-07-07 09:45:00,2021-07-19 09:08:00,5.01392757660167,4.83287904270332e-06,7.23113404937927,-2.41037801645976,NA,NA
"2021-Jul","Second",NA,2064.2,195,80,82,37,30,2021-07-02 10:16:00,2021-07-07 09:45:00,2021-07-19 09:08:00,6.90152384073406,1.25654855110286e-05,4.21816152880458,-1.40605384293486,NA,NA
"2021-Jul","Second",NA,2073.2,322,239,260,64,48,2021-07-02 10:16:00,2021-07-07 09:45:00,2021-07-19 09:08:00,3.9521546780272,1.93315161708133e-06,9.23978239642907,-23.0994559910727,NA,NA
"2021-Jul","Second",NA,2542,276,149,178,60,29,2021-07-02 10:16:00,2021-07-07 09:45:00,2021-07-19 09:08:00,3.06734392921514,3.86630323416266e-06,5.42335053703445,-1.80778351234482,NA,NA
"2021-Jul","Second",NA,1799.2,395,226,200,53,46,2021-07-02 10:16:00,2021-07-07 09:45:00,2021-07-19 09:08:00,3.53924299524824,-1.93315161708133e-06,8.73762030966662,0.502162086762449,NA,NA
"2021-Jul","Second",NA,1911.2,344,192,175,79,49,2021-07-02 10:16:00,2021-07-07 09:45:00,2021-07-19 09:08:00,1.4156971980993,3.86630323416266e-06,5.02162086762449,0,NA,NA
"2021-Jul","Second",NA,2541.2,350,180,200,47,46,2021-07-02 10:16:00,2021-07-07 09:45:00,2021-07-19 09:08:00,3.77519252826479,1.93315161708133e-06,5.62421537173943,-7.03026921467429,NA,NA
"2021-Jul","Second",NA,2576.2,233,62,125,61,36,2021-07-02 10:16:00,2021-07-07 09:45:00,2021-07-19 09:08:00,3.83417991151892,-2.89972742562199e-06,4.72032361556702,0.10043241735249,NA,NA
"2021-Jul","Second",NA,2578.2,200,100,60,30,25,2021-07-02 10:16:00,2021-07-07 09:45:00,2021-07-19 09:08:00,4.95494019334753,9.66575808540664e-06,3.41470218998466,-2.61124285116474,NA,NA
"2021-Jul","Second",NA,48.2,165,91,102,39,22,2021-07-02 10:16:00,2021-07-07 09:45:00,2021-07-19 09:08:00,5.3678518761265,2.89972742562199e-06,7.23113404937927,-1.40605384293486,NA,NA
"2021-Jul","Second",NA,1825.2,219,105,177,43,27,2021-07-02 10:16:00,2021-07-07 09:45:00,2021-07-19 09:08:00,5.30886449287236,1.93315161708133e-06,6.42767471055935,-2.0086483470498,NA,NA
"2021-Jul","Second",NA,2509.2,439,213,285,77,49,2021-07-02 10:16:00,2021-07-07 09:45:00,2021-07-19 09:08:00,1.35670981484516,3.86630323416266e-06,9.23978239642907,-1.20518900822988,NA,NA
"2021-Jul","Second",NA,2549.2,114,52,49,12,11,2021-07-02 10:16:00,2021-07-07 09:45:00,2021-07-19 09:08:00,4.66000327707685,8.69918227686598e-06,3.41470218998466,-0.20086483470498,NA,NA
"2021-Jul","Breaker",2,1946.2,334,101,117,33,33,2021-07-03 15:19:00,2021-07-08 14:34:00,2021-07-19 10:52:00,2.33961269924911,-2.13428949502711e-06,2.0125786163522,-5.23270440251572,NA,NA
"2021-Jul","Breaker",2,1697.2,269,127,156,44,40,2021-07-03 15:19:00,2021-07-08 14:34:00,2021-07-19 10:52:00,2.52931102621525,-2.13428949502711e-06,3.82389937106918,-7.44654088050314,NA,NA
"2021-Jul","Breaker",2,1698,157,55,82,20,20,2021-07-03 15:19:00,2021-07-08 14:34:00,2021-07-19 10:52:00,NA,NA,3.0188679245283,0,NA,NA
"2021-Jul","Breaker",2,1848.2,392,113,336,49,43,2021-07-03 15:19:00,2021-07-08 14:34:00,2021-07-19 10:52:00,1.20142273745225,4.26857899005421e-06,1.61006289308176,0.60377358490566,NA,NA
"2021-Jul","Breaker",2,1714.2,263,68,116,37,32,2021-07-03 15:19:00,2021-07-08 14:34:00,2021-07-19 10:52:00,3.66750098801212,0,2.81761006289308,-0.40251572327044,NA,NA
"2021-Jul","Breaker",3,286.2,373,52,54,NA,NA,2021-07-03 15:18:00,2021-07-08 14:30:00,2021-07-19 10:52:00,NA,NA,NA,NA,NA,NA
"2021-Jul","Breaker",3,2083.2,417,137,181,49,37,2021-07-03 15:18:00,2021-07-08 14:30:00,2021-07-19 10:52:00,NA,NA,2.61744966442953,-3.6241610738255,NA,NA
"2021-Jul","Breaker",3,1797.2,202,56,60,NA,NA,2021-07-03 15:18:00,2021-07-08 14:30:00,2021-07-19 10:52:00,NA,NA,NA,NA,NA,NA
"2021-Jul","Breaker",3,2551,349,63,75,48,54,2021-07-03 15:18:00,2021-07-08 14:30:00,2021-07-19 10:52:00,-0.252919996487222,-4.26748602398327e-06,1.20805369127517,0,NA,NA
"2021-Jul","Breaker",3,2587,233,72,78,42,29,2021-07-03 15:18:00,2021-07-08 14:30:00,2021-07-19 10:52:00,1.51751997892333,-2.13374301199164e-06,2.41610738255034,-1.20805369127517,NA,NA
"2021-Jul","Breaker",1,220,183,68,104,36,25,2021-07-03 15:18:00,2021-07-08 14:19:00,2021-07-19 11:00:00,1.8330260732157,3.19672655201074e-06,3.12561265929142,-0.504131074079261,NA,NA
"2021-Jul","Breaker",1,218,197,75,68,NA,NA,2021-07-03 15:18:00,2021-07-08 14:19:00,2021-07-19 11:00:00,NA,NA,NA,NA,NA,NA
"2021-Jul","Breaker",1,106,368,138,220,59,43,2021-07-03 15:18:00,2021-07-08 14:19:00,2021-07-19 11:00:00,-0.126415591256255,1.06557551733691e-06,3.73056994818653,-0.302478644447556,NA,NA
"2021-Jul","Breaker",1,202,150,72,115,44,41,2021-07-03 15:18:00,2021-07-08 14:19:00,2021-07-19 11:00:00,0.50566236502502,-4.26230206934765e-06,1.81487186668534,0,NA,NA
"2021-Jul","Breaker",1,207,106,60,82,27,30,2021-07-03 15:18:00,2021-07-08 14:19:00,2021-07-19 11:00:00,0.632077956281275,3.19672655201074e-06,3.02478644447556,2.41982915558045,NA,NA
"2021-Jul","Manley",2,2574,190,160,145,21,24,2021-07-03 13:13:00,2021-07-08 12:20:00,2021-07-18 16:00:00,0.992327835714614,1.13999088007296e-06,5.84301105358892,-2.01483139778928,NA,NA
"2021-Jul","Manley",2,2047.2,388,220,282,81,55,2021-07-03 13:13:00,2021-07-08 12:20:00,2021-07-18 16:00:00,8.26939863095512,2.27998176014592e-06,1.00741569889464,12.8949209458514,NA,NA
"2021-Jul","Manley",2,2573,105,98,108,16,19,2021-07-03 13:13:00,2021-07-08 12:20:00,2021-07-18 16:00:00,1.32310378095282,7.97993616051072e-06,5.03707849447321,-1.81334825801035,NA,NA
"2021-Jul","Manley",3,2591,152,72,66,15,16,2021-07-03 13:15:00,2021-07-08 12:12:00,2021-07-18 15:43:00,1.72153761265404,6.84415851071111e-06,2.21941992433796,-0.605296343001261,NA,NA
"2021-Jul","Manley",3,2545,208,80,69,21,16,2021-07-03 13:15:00,2021-07-08 12:12:00,2021-07-18 15:43:00,2.78094537428729,1.14069308511852e-06,1.6141235813367,1.41235813366961,NA,NA
"2021-Jul","Manley",3,276.2,145,67,78,NA,NA,2021-07-03 13:15:00,2021-07-08 12:12:00,2021-07-18 15:43:00,NA,NA,NA,NA,NA,NA
"2021-Jul","Manley",3,2554.2,237,76,143,32,25,2021-07-03 13:15:00,2021-07-08 12:12:00,2021-07-18 15:43:00,4.70112194224756,2.28138617023704e-06,3.43001261034048,-0.403530895334174,NA,NA
"2021-Jul","Manley",3,2080.2,176,63,115,23,12,2021-07-03 13:15:00,2021-07-08 12:12:00,2021-07-18 15:43:00,1.58911164244988,2.28138617023704e-06,1.6141235813367,0.201765447667087,NA,NA
"2021-Jul","Manley",1,222,224,55,78,39,16,2021-07-03 13:16:00,2021-07-08 12:20:00,2021-07-18 16:00:00,2.11725785701158,1.13999088007296e-06,2.01567749160134,-0.403135498320269,NA,NA
"2021-Jul","Manley",1,1803.2,268,183,239,42,28,2021-07-03 13:16:00,2021-07-08 12:20:00,2021-07-18 16:00:00,7.07958095938247,2.27998176014592e-06,4.63605823068309,-14.3113101903695,NA,NA
"2021-Jul","Manley",1,219,434,140,221,54,40,2021-07-03 13:16:00,2021-07-08 12:20:00,2021-07-18 16:00:00,1.1247932365374,1.13999088007296e-05,2.01567749160134,-3.82978723404255,NA,NA
"2021-Jul","Triquetta",2,2592.2,227,59,130,22,20,2021-07-03 11:11:00,2021-07-08 10:10:00,2021-07-18 12:35:00,1.59380188157167,1.94797754096482e-05,NA,NA,NA,NA
"2021-Jul","Triquetta",2,2563,248,46,155,31,14,2021-07-03 11:11:00,2021-07-08 10:10:00,2021-07-18 12:35:00,NA,NA,2.72307045804735,1.51281692113741,NA,NA
"2021-Jul","Triquetta",2,1750.2,124,78,110,NA,NA,2021-07-03 11:11:00,2021-07-08 10:10:00,2021-07-18 12:35:00,NA,NA,NA,NA,NA,NA
"2021-Jul","Triquetta",2,2515.2,538,163,162,69,50,2021-07-03 11:11:00,2021-07-08 10:10:00,2021-07-18 12:35:00,1.39457664637521,5.72934570872006e-06,2.82392491945651,-0.201708922818322,NA,NA
"2021-Jul","Triquetta",2,1817.2,90,47,86,24,11,2021-07-03 11:11:00,2021-07-08 10:10:00,2021-07-18 12:35:00,4.25013835085778,2.29173828348803e-06,1.91623476677406,-1.10939907550077,NA,NA
"2021-Jul","Triquetta",3,2585,215,83,135,40,23,2021-07-03 10:33:00,2021-07-08 09:57:00,2021-07-18 12:35:00,2.51910505478317,0,3.81909547738693,0.201005025125628,NA,NA
"2021-Jul","Triquetta",3,2117.2,270,72,110,31,28,2021-07-03 10:33:00,2021-07-08 09:57:00,2021-07-18 12:35:00,0.928091335972747,5.72422951870678e-06,2.01005025125628,-0.201005025125628,NA,NA
"2021-Jul","Triquetta",3,1897.2,349,136,170,63,29,2021-07-03 10:33:00,2021-07-08 09:57:00,2021-07-18 12:35:00,0.795506859405211,-5.72422951870678e-06,2.21105527638191,-5.42713567839196,NA,NA
"2021-Jul","Triquetta",3,1843,214,96,134,35,15,2021-07-03 10:33:00,2021-07-08 09:57:00,2021-07-18 12:35:00,3.24831967590461,1.14484590374136e-06,4.02010050251256,-0.402010050251256,NA,NA
"2021-Jul","Triquetta",3,2562,488,230,263,92,50,2021-07-03 10:33:00,2021-07-08 09:57:00,2021-07-18 12:35:00,1.06067581254028,3.43453771122407e-06,4.12060301507538,-2.1105527638191,NA,NA
"2021-Jul","Triquetta",3,1820.2,435,113,206,67,50,2021-07-03 10:33:00,2021-07-08 09:57:00,2021-07-18 12:35:00,1.59101371881042,3.43453771122407e-06,3.71859296482412,1.10552763819095,NA,NA
"2021-Jul","Triquetta",1,204,505,181,225,82,36,2021-07-03 10:39:00,2021-07-08 11:00:00,2021-07-18 12:35:00,0.928347762018788,-2.75957226629872e-05,4.38720398836726,-10.5691732447029,NA,NA
"2021-Jul","Triquetta",1,209,316,52,105,37,21,2021-07-03 10:39:00,2021-07-08 11:00:00,2021-07-18 12:35:00,1.85669552403758,9.19857422099575e-06,2.59243872039884,-0.199418363107603,NA,NA
"2021-Jul","Triquetta",1,224,181,35,106,16,10,2021-07-03 10:39:00,2021-07-08 11:00:00,2021-07-18 12:35:00,5.50377601768281,1.49476831091181e-05,1.19651017864562,0.997091815538014,NA,NA
"2021-Jul","Triquetta",1,214,146,83,82,20,10,2021-07-03 10:39:00,2021-07-08 11:00:00,2021-07-18 12:35:00,NA,NA,NA,NA,NA,NA
"2021-Jul","Triquetta",1,211,147,76,121,33,17,2021-07-03 10:39:00,2021-07-08 11:00:00,2021-07-18 12:35:00,8.55406152145883,-3.4494653328734e-06,4.38720398836726,-10.5691732447029,NA,NA
"2021-Jun","Owen",1,83.2,681,NA,90,15,31,2021-06-07 16:00:00,2021-06-10 17:00:00,2021-06-24 16:00:00,1.41176470588235,-3.3167495854063e-06,NA,NA,NA,NA
"2021-Jun","Owen",1,82.2,730,NA,110,6,31,2021-06-07 16:00:00,2021-06-10 17:00:00,2021-06-24 16:00:00,0.0588235294117647,-4.97512437810945e-06,NA,NA,NA,NA
"2021-Jun","Owen",1,81.2,822,NA,200,35,42,2021-06-07 16:00:00,2021-06-10 17:00:00,2021-06-24 16:00:00,-0.117647058823529,0,NA,NA,NA,NA
"2021-Jun","Owen",2,93.2,655,304,330,19,46,2021-06-07 16:00:00,2021-06-10 17:00:00,2021-06-24 16:00:00,2.17647058823529,-1.65837479270315e-06,NA,NA,NA,NA
"2021-Jun","Owen",2,94.2,402,214,270,16,32,2021-06-07 16:00:00,2021-06-10 17:00:00,2021-06-24 16:00:00,3.23529411764706,8.29187396351575e-07,2.95890410958904,-5.26027397260274,NA,NA
"2021-Jun","Owen",2,95.2,457,100,125,17,22,2021-06-07 16:00:00,2021-06-10 17:00:00,2021-06-24 16:00:00,2.52941176470588,-4.97512437810945e-06,1.97260273972603,3.94520547945206,NA,NA
"2021-Jun","Owen",2,96.2,409,129,175,18,23,2021-06-07 16:00:00,2021-06-10 17:00:00,2021-06-24 16:00:00,1.94117647058824,-4.14593698175788e-06,1.31506849315069,0.986301369863014,NA,NA
"2021-Jun","Owen",3,80.2,546,NA,220,26,37,2021-06-07 16:00:00,2021-06-10 17:00:00,2021-06-24 16:00:00,2.05882352941176,-6.6334991708126e-06,NA,NA,NA,NA
"2021-Jun","Owen",1,90.2,269,NA,44,19,20,2021-06-07 16:00:00,2021-06-10 17:00:00,2021-06-24 12:51:00,NA,NA,NA,NA,NA,NA
"2021-Jun","Owen",1,89.2,528,NA,145,10,28,2021-06-07 16:00:00,2021-06-10 17:00:00,2021-06-24 12:51:00,0.414968506854391,-6.69646594010011e-06,NA,NA,NA,NA
"2021-Jun","Owen",1,92.2,277,NA,75,17,27,2021-06-07 16:00:00,2021-06-10 17:00:00,2021-06-24 12:51:00,NA,NA,NA,NA,NA,NA
"2021-Jun","Owen",2,84.2,590,296,300,NA,NA,2021-06-07 16:00:00,2021-06-10 17:00:00,2021-06-24 12:51:00,0.296406076324565,NA,NA,NA,NA,NA
"2021-Jun","Owen",2,85.2,600,160,175,19,33,2021-06-07 16:00:00,2021-06-10 17:00:00,2021-06-24 12:51:00,0.533530937384216,-8.37058242512514e-06,1.15068493150685,0.164383561643836,NA,NA
"2021-Jun","Owen",2,86.2,560,124,116,15,20,2021-06-07 16:00:00,2021-06-10 17:00:00,2021-06-24 12:51:00,1.8377176732123,-8.37058242512514e-07,2.46575342465753,-1.15068493150685,NA,NA
"2021-Jun","Owen",2,87.2,523,164,155,29,31,2021-06-07 16:00:00,2021-06-10 17:00:00,2021-06-24 12:51:00,0.474249722119303,8.37058242512514e-07,1.97260273972603,-2.63013698630137,NA,NA
"2021-Jun","Owen",3,88.2,440,NA,177,33,30,2021-06-07 16:00:00,2021-06-10 17:00:00,2021-06-24 12:51:00,0.592812152649129,-7.53352418261263e-06,NA,NA,NA,NA
"2022-Jul","North",NA,1714,330,196,230,42,46,2022-07-08 11:34:00,2022-07-14 11:20:00,2022-07-24 14:45:00,0.867805948947527,6.84697021567956e-06,NA,NA,2.28232340522652e-06,"t2-t3"
"2022-Jul","North",NA,1825,166,155,158,51,41,2022-07-08 11:34:00,2022-07-14 11:20:00,2022-07-24 14:45:00,1.67362575868452,1.59762638365856e-05,NA,NA,0,"t2-t3"
"2022-Jul","North",NA,1937,414,151,238,NA,46,2022-07-08 11:34:00,2022-07-14 11:20:00,2022-07-24 14:45:00,NA,NA,NA,NA,NA,NA
"2022-Jul","North",NA,1969,283,164,183,43,47,2022-07-08 11:34:00,2022-07-14 11:20:00,2022-07-24 14:45:00,NA,NA,4.00649200092743,-9.51541850220264,NA,NA
"2022-Jul","North",NA,2070,218,155,180,46,41,2022-07-08 11:34:00,2022-07-14 11:20:00,2022-07-24 14:45:00,2.23150101157936,-9.12929362090608e-06,2.50405750057964,-8.6807326686761,2.28232340522652e-06,"t2-t3"
"2022-Jul","North",NA,2540,318,146,182,53,48,2022-07-08 11:34:00,2022-07-14 11:20:00,2022-07-24 14:45:00,2.29348715078989,1.48351021339724e-05,4.00649200092743,-5.84280083468583,4.56464681045304e-06,"t2-t3"
"2022-Jul","North",NA,2565,190,115,173,41,30,2022-07-08 11:34:00,2022-07-14 11:20:00,2022-07-24 14:45:00,6.69450303473807,4.56464681045304e-06,3.33874333410619,-9.84929283561326,1.25527787287459e-05,"t2-t3"
"2022-Jul","North",NA,2580,413,167,213,NA,45,2022-07-08 11:34:00,2022-07-14 11:20:00,2022-07-24 14:45:00,NA,NA,NA,NA,NA,NA
"2022-Jul","North",NA,205,274,87,105,NA,30,2022-07-08 11:20:00,2022-07-14 11:20:00,2022-07-24 14:45:00,NA,NA,NA,NA,NA,NA
"2022-Jul","North",NA,209,265,81,130,21,39,2022-07-08 11:20:00,2022-07-14 11:20:00,2022-07-24 14:45:00,3.40718434071843,6.84697021567956e-06,2.83333333333333,-3.83333333333333,7.98813191829282e-06,"t2-t3"
"2022-Jul","North",NA,216,189,101,122,NA,41,2022-07-08 11:20:00,2022-07-14 11:20:00,2022-07-24 14:45:00,NA,NA,NA,NA,NA,NA
"2022-Jul","North",NA,1803,193,128,160,43,44,2022-07-08 11:20:00,2022-07-14 11:20:00,2022-07-24 14:45:00,3.03549150354915,1.14116170261326e-06,1.66666666666667,-12,5.7058085130663e-06,"t2-t3"
"2022-Jul","North",NA,2001,300,77,141,41,28,2022-07-08 11:20:00,2022-07-14 11:20:00,2022-07-24 14:45:00,6.19488061948806,1.82585872418122e-05,3,-8.66666666666667,6.84697021567956e-06,"t2-t3"
"2022-Jul","North",NA,2134,352,107,123,33,47,2022-07-08 11:20:00,2022-07-14 11:20:00,2022-07-24 14:45:00,2.84964508496451,0,3.66666666666667,-12.8333333333333,5.7058085130663e-06,"t2-t3"
"2022-Jul","North",NA,2562,294,154,171,52,43,2022-07-08 11:20:00,2022-07-14 11:20:00,2022-07-24 14:45:00,1.54872015487202,7.98813191829282e-06,3.83333333333333,-2.66666666666667,2.28232340522652e-06,"t2-t3"
"2022-Jul","North",NA,2587,238,70,134,33,34,2022-07-08 11:20:00,2022-07-14 11:20:00,2022-07-24 14:45:00,0.805334480533448,1.14116170261326e-05,NA,NA,5.7058085130663e-06,"t2-t3"
"2022-Jul","Ratatouille",2,1799,382,138,201,44,26,2022-07-08 13:48:00,2022-07-13 15:20:00,2022-07-24 12:45:00,7.77124951037994,1.06258633513973e-06,3.55458036204059,-5.13439385628086,1.06258633513973e-06,"t2-t3"
"2022-Jul","Ratatouille",2,1787,405,249,338,36,52,2022-07-08 13:48:00,2022-07-13 15:20:00,2022-07-24 12:45:00,1.31609870740306,8.50069068111784e-06,NA,NA,2.12517267027946e-06,"t2-t3"
"2022-Jul","Ratatouille",2,2544,435,165,210,56,46,2022-07-08 13:48:00,2022-07-13 15:20:00,2022-07-24 12:45:00,2.88288288288288,4.25034534055892e-06,4.93691716950082,-8.68897421832145,6.37551801083838e-06,"t2-t3"
"2022-Jul","Ratatouille",2,2584,481,106,136,23,22,2022-07-08 13:48:00,2022-07-13 15:20:00,2022-07-24 12:45:00,5.26439482961222,3.18775900541919e-06,NA,NA,8.50069068111784e-06,"t2-t3"
"2022-Jul","Ratatouille",2,2592,420,175,200,45,51,2022-07-08 13:48:00,2022-07-13 15:20:00,2022-07-24 12:45:00,2.50685468076772,-1.80639676973754e-05,2.56719692814043,-5.52934722984092,2.12517267027946e-06,"t2-t3"
"2022-Jul","Ratatouille",3,276,572,398,410,41,56,2022-07-08 13:48:00,2022-07-13 15:20:00,2022-07-24 12:45:00,4.13631022326674,2.23143130379343e-05,5.92430060340099,-46.4070213933077,4.25034534055892e-06,"t2-t3"
"2022-Jul","Ratatouille",3,1817,344,114,131,26,23,2022-07-08 13:48:00,2022-07-13 15:20:00,2022-07-24 12:45:00,5.51508029768899,3.18775900541919e-06,1.7772901810203,-0.394953373560066,7.43810434597811e-06,"t2-t3"
"2022-Jul","Ratatouille",3,1750,447,148,180,43,41,2022-07-08 13:48:00,2022-07-13 15:20:00,2022-07-24 12:45:00,5.01370936153545,-1.06258633513973e-06,2.96215030170049,-2.76467361492046,2.12517267027946e-06,"t2-t3"
"2022-Jul","Ratatouille",2,2582,184,108,150,48,30,2022-07-08 13:32:00,2022-07-13 15:20:00,2022-07-24 12:45:00,4.63445396424999,-2.01891403676549e-05,1.57635467980296,-2.16748768472906,5.31293167569865e-06,"t2-t3"
"2022-Jul","Ratatouille",2,2585,386,332,450,42,45,2022-07-08 13:32:00,2022-07-13 15:20:00,2022-07-24 12:45:00,1.75357717566216,-6.37551801083838e-06,NA,NA,4.25034534055892e-06,"t2-t3"
"2022-Jul","Ratatouille",2,2551,536,204,377,56,54,2022-07-08 13:32:00,2022-07-13 15:20:00,2022-07-24 12:45:00,3.56978210759796,-2.33768993730741e-05,4.5320197044335,0.985221674876847,2.12517267027946e-06,"t2-t3"
"2022-Jul","Ratatouille",2,1921,154,80,120,24,21,2022-07-08 13:32:00,2022-07-13 15:20:00,2022-07-24 12:45:00,4.82233723307093,7.43810434597811e-06,2.95566502463054,0.591133004926108,1.06258633513973e-06,"t2-t3"
"2022-Jul","Ratatouille",2,106,320,173,160,49,47,2022-07-08 13:32:00,2022-07-13 15:20:00,2022-07-24 12:45:00,3.82029313269256,-3.18775900541919e-06,2.95566502463054,-7.48768472906404,-4.25034534055892e-06,"t2-t3"
"2022-Jul","Ratatouille",3,1952,166,44,82,26,24,2022-07-08 13:32:00,2022-07-13 15:20:00,2022-07-24 12:45:00,1.50306615056756,-6.37551801083838e-06,0.788177339901478,-1.57635467980296,-1.06258633513973e-06,"t2-t3"
"2022-Jul","Ratatouille",3,2064,360,175,220,NA,46,2022-07-08 13:32:00,2022-07-13 15:20:00,2022-07-24 12:45:00,NA,NA,NA,NA,NA,NA
"2022-Jul","Ratatouille",3,281,392,97,199,48,47,2022-07-08 13:32:00,2022-07-13 15:20:00,2022-07-24 12:45:00,3.31927108250337,3.18775900541919e-06,1.47783251231527,-6.79802955665025,3.18775900541919e-06,"t2-t3"
"2022-Jul","Second",NA,1911,607,135,150,56,37,2022-07-08 09:29:00,2022-07-13 09:30:00,2022-07-24 14:00:00,1.79142893912745,6.20732464307883e-06,3.99944452159422,-7.79891681710874,9.31098696461825e-06,"t2-t3"
"2022-Jul","Second",NA,2047,459,112,139,0,NA,2022-07-08 09:29:00,2022-07-13 09:30:00,2022-07-24 14:00:00,NA,NA,NA,NA,NA,NA
"2022-Jul","Second",NA,2117,487,118,133,46,30,2022-07-08 09:29:00,2022-07-13 09:30:00,2022-07-24 14:00:00,3.0886705847025,1.65528657148769e-05,2.79961116511596,-7.79891681710874,6.20732464307883e-06,"t2-t3"
"2022-Jul","Second",NA,2515,635,172,196,64,52,2022-07-08 09:29:00,2022-07-13 09:30:00,2022-07-24 14:00:00,-0.7412809403286,7.24187875025864e-06,3.5995000694348,-14.3980002777392,2.06910821435961e-06,"t2-t3"
"2022-Jul","Second",NA,2563,546,174.5,150,63,53,2022-07-08 09:29:00,2022-07-13 09:30:00,2022-07-24 14:00:00,2.470936467762,-3.10366232153942e-06,NA,NA,2.06910821435961e-06,"t2-t3"
"2022-Jul","Second",NA,1348,480,92,112,NA,NA,2022-07-08 09:35:00,NA,NA,NA,NA,NA,NA,NA,NA
"2022-Jul","Second",NA,1765,574,65,110,24,30,2022-07-08 09:35:00,2022-07-13 09:30:00,2022-07-24 14:00:00,6.92040334692126,1.03455410717981e-06,NA,NA,1.03455410717981e-06,"t2-t3"
"2022-Jul","Second",NA,2549,559,136,220,64,47,2022-07-08 09:35:00,2022-07-13 09:30:00,2022-07-24 14:00:00,0.803261102767646,2.06910821435961e-06,3.00208478109798,-1.60111188325226,1.03455410717981e-06,"t2-t3"
"2022-Jul","Second",NA,2575,513,97,74,30,23,2022-07-08 09:35:00,2022-07-13 09:30:00,2022-07-24 14:00:00,2.96588714868054,-1.03455410717981e-06,NA,NA,2.06910821435961e-06,"t2-t3"
"2022-Jul","Second",NA,2578,659,127,300,76,52,2022-07-08 09:35:00,2022-07-13 09:30:00,2022-07-24 14:00:00,3.08946577987556,-3.10366232153942e-06,2.60180681028492,-0.600416956219597,2.06910821435961e-06,"t2-t3"
"2022-Jul","Second",NA,207,735,194,290,67,51,2022-07-08 09:39:00,2022-07-13 09:30:00,2022-07-24 14:00:00,3.46079567400541,-6.20732464307883e-06,2.80350438047559,-19.0237797246558,1.03455410717981e-06,"t2-t3"
"2022-Jul","Second",NA,220,598,60,80,33,23,2022-07-08 09:39:00,2022-07-13 09:30:00,2022-07-24 14:00:00,1.29779837775203,0,NA,NA,4.13821642871922e-06,"t2-t3"
"2022-Jul","Second",NA,224,839,161,160,66,45,2022-07-08 09:39:00,2022-07-13 09:30:00,2022-07-24 14:00:00,-0.494399382000773,-7.24187875025864e-06,2.40300375469337,-1.80225281602002,-1.03455410717981e-06,"t2-t3"
"2022-Jul","Second",NA,2073,756,78,169,54,43,2022-07-08 09:39:00,2022-07-13 09:30:00,2022-07-24 14:00:00,0.556199304750869,1.03455410717981e-06,2.20275344180225,0,0,"t2-t3"
"2022-Jul","Second",NA,2566,638,105,109,45,32,2022-07-08 09:39:00,2022-07-13 09:30:00,2022-07-24 14:00:00,NA,NA,4.50563204005006,-4.90613266583229,NA,NA
"2022-Jul","Second",NA,204,562,297,240,61,54,2022-07-08 09:29:00,2022-07-13 09:30:00,2022-07-24 14:00:00,1.235468233881,1.34492033933375e-05,5.3992501041522,-23.3967504513262,5.17277053589903e-06,"t2-t3"
"2022-Jul","Second",NA,213,597,245,300,66,55,2022-07-08 09:29:00,2022-07-13 09:30:00,2022-07-24 14:00:00,0.2470936467762,-1.03455410717981e-06,3.99944452159422,-28.7960005554784,4.13821642871922e-06,"t2-t3"
"2022-Jul","Second",NA,222,671,209,225,62,48,2022-07-08 09:29:00,2022-07-13 09:30:00,2022-07-24 14:00:00,-2.65625670284415,5.17277053589903e-06,NA,NA,1.03455410717981e-06,"t2-t3"
"2022-Jul","Second",NA,1708,593,247,204,68,53,2022-07-08 09:29:00,2022-07-13 09:30:00,2022-07-24 14:00:00,17.1730084509459,-2.06910821435961e-06,NA,NA,1.03455410717981e-06,"t2-t3"
"2022-Jul","Second",NA,1843,547,212,224,91,43,2022-07-08 09:29:00,2022-07-13 09:30:00,2022-07-24 14:00:00,8.7718244605551,4.13821642871922e-06,3.79947229551451,-7.59894459102902,1.24146492861577e-05,"t2-t3"
"2022-Jul","Breaker",2,2572.5,338,107,129,18,39,2022-07-09 13:17:00,2022-07-13 16:20:00,2022-07-24 11:30:00,0.334992788349695,-2.14362272240086e-06,1.69611307420495,-3.63452801615346,2.14362272240086e-06,"t2-t3"
"2022-Jul","Breaker",2,1897,403,104,128,45,52,2022-07-09 13:17:00,2022-07-13 16:20:00,2022-07-24 11:30:00,0.334992788349695,-1.28617363344051e-05,0.726905603230692,0.726905603230692,2.14362272240086e-06,"t2-t3"
"2022-Jul","Breaker",2,2572,173,81,93,28,21,2022-07-09 13:17:00,2022-07-13 16:20:00,2022-07-24 11:30:00,5.42688317126506,7.502679528403e-06,3.63452801615346,-3.87682988389702,9.64630225080386e-06,"t2-t3"
"2022-Jul","Breaker",2,2509,250,82,171,46,38,2022-07-09 13:17:00,2022-07-13 16:20:00,2022-07-24 11:30:00,2.14395384543805,-4.28724544480172e-06,2.42301867743564,-1.45381120646138,2.14362272240086e-06,"t2-t3"
"2022-Jul","Breaker",2,2557,348,129,192,44,47,2022-07-09 13:17:00,2022-07-13 16:20:00,2022-07-24 11:30:00,0.602987019029452,-7.502679528403e-06,3.14992428066633,-1.93841494194851,4.28724544480172e-06,"t2-t3"
"2022-Jul","Breaker",2,2547,381,106,140,59,50,2022-07-09 13:17:00,2022-07-13 16:20:00,2022-07-24 11:30:00,1.13897548038896,2.14362272240086e-06,1.69611307420495,0,5.35905680600214e-06,"t2-t3"
"2022-Jul","Breaker",3,1784,190,38,41,NA,21,2022-07-09 13:17:00,2022-07-13 16:20:00,2022-07-24 11:30:00,NA,NA,NA,NA,NA,NA
"2022-Jul","Breaker",3,2022,172,64,67,NA,19,2022-07-09 13:17:00,2022-07-13 16:20:00,2022-07-24 11:30:00,NA,NA,NA,NA,NA,NA
"2022-Jul","Breaker",1,2070,318,83,25,57,48,2022-07-09 13:40:00,2022-07-13 16:20:00,2022-07-24 11:30:00,0.603632976245925,1.07181136120043e-06,0.72972972972973,-0.72972972972973,2.14362272240086e-06,"t2-t3"
"2022-Jul","Breaker",1,2673,313,122,116,34,35,2022-07-09 13:40:00,2022-07-13 16:20:00,2022-07-24 11:30:00,3.62179785747555,-1.07181136120043e-06,3.40540540540541,-12.1621621621622,2.14362272240086e-06,"t2-t3"
"2022-Jul","Breaker",1,1833,199,85,90,NA,17,2022-07-09 13:40:00,2022-07-13 16:20:00,2022-07-24 11:30:00,NA,NA,NA,NA,NA,NA
"2022-Jul","Breaker",1,2561,404,206,210,36,39,2022-07-09 13:40:00,2022-07-13 16:20:00,2022-07-24 11:30:00,4.09129017233349,8.57449088960343e-06,2.31081081081081,-9.36486486486486,2.14362272240086e-06,"t2-t3"
"2022-Jul","Breaker",1,215,193,98,110,NA,14,2022-07-09 13:40:00,2022-07-13 16:20:00,2022-07-24 11:30:00,NA,NA,NA,NA,NA,NA
"2022-Jul","Breaker",1,202,348,162,190,44,28,2022-07-09 13:40:00,2022-07-13 16:20:00,2022-07-24 11:30:00,1.6096879366558,1.07181136120043e-06,8.51351351351351,-18,9.64630225080386e-06,"t2-t3"
"2022-Jul","Breaker",1,2668,257,133,125,25,26,2022-07-09 13:40:00,2022-07-13 16:20:00,2022-07-24 11:30:00,4.49371215649744,7.502679528403e-06,2.18918918918919,-7.78378378378378,4.28724544480172e-06,"t2-t3"
"2022-Jul","Breaker",1,2665,310,258,205,41,54,2022-07-09 13:40:00,2022-07-13 16:20:00,2022-07-24 11:30:00,0.201210992081975,1.07181136120043e-06,3.64864864864865,-26.5135135135135,0,"t2-t3"
"2022-Jul","Manley",2,286,175,16,21,15,4,2022-07-09 11:40:00,2022-07-13 14:00:00,2022-07-24 10:00:00,NA,NA,0.658983050847458,-1.1471186440678,NA,NA
"2022-Jul","Manley",2,2591,439,79,123,46,39,2022-07-09 11:40:00,2022-07-13 14:00:00,2022-07-24 10:00:00,-0.20093023255814,1.06837606837607e-06,0.244067796610169,-0.244067796610169,0,"t2-t3"
"2022-Jul","Manley",2,2590,510,160,144,13,46,2022-07-09 11:40:00,2022-07-13 14:00:00,2022-07-24 10:00:00,-1.0046511627907,-3.2051282051282e-06,0,-11.9593220338983,8.54700854700855e-06,"t2-t3"
"2022-Jul","Manley",2,2560,435,58,74,41,30,2022-07-09 11:40:00,2022-07-13 14:00:00,2022-07-24 10:00:00,0,-1.06837606837607e-05,NA,NA,2.13675213675214e-06,"t2-t3"
"2022-Jul","Manley",2,2574,536,103,109,46,49,2022-07-09 11:40:00,2022-07-13 14:00:00,2022-07-24 10:00:00,8.10418604651163,9.61538461538462e-06,2.68474576271186,-4.88135593220339,2.13675213675214e-06,"t2-t3"
"2022-Jul","Manley",3,2080,358,62,53,31,31,2022-07-09 11:40:00,2022-07-13 14:00:00,2022-07-24 10:00:00,-0.133953488372093,-1.06837606837607e-06,1.22033898305085,-4.63728813559322,-1.06837606837607e-06,"t2-t3"
"2022-Jul","Manley",3,2579,394,85,99,61,35,2022-07-09 11:40:00,2022-07-13 14:00:00,2022-07-24 10:00:00,-0.0669767441860465,-3.2051282051282e-06,1.09830508474576,-4.7593220338983,-1.06837606837607e-06,"t2-t3"
"2022-Jul","Manley",3,2554,327,57,105,19,34,2022-07-09 11:40:00,2022-07-13 14:00:00,2022-07-24 10:00:00,-0.401860465116279,9.61538461538462e-06,NA,NA,-1.06837606837607e-06,"t2-t3"
"2022-Jul","Manley",1,2571,212,36,20,11,10,2022-07-09 11:10:00,2022-07-13 14:00:00,2022-07-24 10:00:00,NA,NA,0.12141652613828,-2.54974704890388,NA,NA
"2022-Jul","Manley",1,1891,240,45,38,20,18,2022-07-09 11:10:00,2022-07-13 14:00:00,2022-07-24 10:00:00,1.00325127728751,-9.61538461538462e-06,0.97133220910624,-1.45699831365936,1.06837606837607e-06,"t2-t3"
"2022-Jul","Manley",1,201,380,44,54,35,23,2022-07-09 11:10:00,2022-07-13 14:00:00,2022-07-24 10:00:00,2.27403622851835,-1.4957264957265e-05,1.2141652613828,-2.4283305227656,3.2051282051282e-06,"t2-t3"
"2022-Jul","Manley",1,210,482,55,70,42,33,2022-07-09 11:10:00,2022-07-13 14:00:00,2022-07-24 10:00:00,1.60520204366001,-5.34188034188034e-06,1.45699831365936,-0.72849915682968,1.06837606837607e-06,"t2-t3"
"2022-Jul","Manley",1,203,255,36,32,28,21,2022-07-09 11:10:00,2022-07-13 14:00:00,2022-07-24 10:00:00,0.936367858801672,-1.28205128205128e-05,0.48566610455312,-2.67116357504216,1.06837606837607e-06,"t2-t3"
"2022-Jul","Manley",1,1697,234,50,40,14,16,2022-07-09 11:10:00,2022-07-13 14:00:00,2022-07-24 10:00:00,1.33766836971667,0,1.45699831365936,-1.69983136593592,1.06837606837607e-06,"t2-t3"
"2022-Jul","Manley",1,212,223,43,42,29,24,2022-07-09 11:10:00,2022-07-13 14:00:00,2022-07-24 10:00:00,0.53506734788667,-2.13675213675214e-06,0.412816188870152,-0.412816188870152,2.13675213675214e-06,"t2-t3"
"2022-Jul","Manley",1,206,240,27,24,28,11,2022-07-09 11:10:00,2022-07-13 14:00:00,2022-07-24 10:00:00,-2.54156990246168,-1.17521367521368e-05,0.48566610455312,-2.18549747048904,1.06837606837607e-06,"t2-t3"
"2022-Jul","Triquetta",1,2663,273,59,90,30,24,2022-07-09 09:24:00,2022-07-13 14:00:00,2022-07-24 09:15:00,1.4005835764902,1.39290688953177e-05,1.90854870775348,-1.66998011928429,3.21440051430408e-06,"t2-t3"
"2022-Jul","Triquetta",1,2666,368,78,100,56,30,2022-07-09 09:24:00,2022-07-13 14:00:00,2022-07-24 09:15:00,NA,NA,NA,NA,NA,NA
"2022-Jul","Triquetta",1,2677,210,63,69,13,11,2022-07-09 09:24:00,2022-07-13 14:00:00,2022-07-24 09:15:00,4.26844518549396,-1.07146683810136e-06,0.95427435387674,-2.14711729622266,2.14293367620272e-06,"t2-t3"
"2022-Jul","Triquetta",1,2671,405,95,98,51,26,2022-07-09 09:24:00,2022-07-13 14:00:00,2022-07-24 09:15:00,2.40100041684035,-5.3573341905068e-06,0.95427435387674,-5.72564612326044,4.28586735240544e-06,"t2-t3"
"2022-Jul","Triquetta",1,2676,396,94,140,49,33,2022-07-09 09:24:00,2022-07-13 14:00:00,2022-07-24 09:15:00,3.53480616923718,-2.25008036001286e-05,0.715705765407555,-7.63419483101392,3.21440051430408e-06,"t2-t3"
"2022-Jul","Triquetta",1,2678,497,102,94,63,31,2022-07-09 09:24:00,2022-07-13 14:00:00,2022-07-24 09:15:00,2.13422259274698,-5.3573341905068e-06,2.38568588469185,-6.20278330019881,2.14293367620272e-06,"t2-t3"
"2022-Jul","Triquetta",2,2669,345,66,100,58,35,2022-07-09 09:24:00,2022-07-13 14:00:00,2022-07-24 09:15:00,-0.466861192163401,-2.46437372763313e-05,2.86282306163022,-2.14711729622266,-9.64320154291225e-06,"t2-t3"
"2022-Jul","Triquetta",2,2581,337,61,69,34,23,2022-07-09 09:24:00,2022-07-13 14:00:00,2022-07-24 09:15:00,8.73697373905794,2.14293367620272e-05,NA,NA,1.60720025715204e-05,"t2-t3"
"2022-Jul","Triquetta",3,221,237,65,70,NA,16,2022-07-09 09:30:00,2022-07-13 14:00:00,2022-07-24 09:15:00,NA,NA,NA,NA,NA,NA
"2022-Jul","Triquetta",3,208,250,50,45,25,21,2022-07-09 09:30:00,2022-07-13 14:00:00,2022-07-24 09:15:00,1.00069492703266,-5.3573341905068e-06,2.86567164179104,-6.44776119402985,0,"t2-t3"
"2022-Jul","Triquetta",3,2674,290,50,52,31,25,2022-07-09 09:30:00,2022-07-13 14:00:00,2022-07-24 09:15:00,0.600416956219597,1.07146683810136e-06,0.716417910447761,-3.82089552238806,2.14293367620272e-06,"t2-t3"
"2022-Jul","Triquetta",3,2675,401,90,130,48,33,2022-07-09 09:30:00,2022-07-13 14:00:00,2022-07-24 09:15:00,3.66921473245309,-4.28586735240544e-06,0.716417910447761,-14.3283582089552,2.14293367620272e-06,"t2-t3"
"2022-Jul","Triquetta",3,2679,376,67,110,41,35,2022-07-09 09:30:00,2022-07-13 14:00:00,2022-07-24 09:15:00,9.53995830437804,-2.14293367620272e-06,1.43283582089552,-1.43283582089552,3.21440051430408e-06,"t2-t3"
"2022-Jul","Triquetta",3,73,312,33,108,44,32,2022-07-09 09:30:00,2022-07-13 14:00:00,2022-07-24 09:15:00,1.66782487838777,6.42880102860816e-06,NA,NA,4.28586735240544e-06,"t2-t3"
"2022-Jul","Triquetta",3,223,230,67,70,31,15,2022-07-09 09:30:00,2022-07-13 14:00:00,2022-07-24 09:15:00,4.06949270326616,7.50026786670953e-06,1.19402985074627,-3.82089552238806,3.21440051430408e-06,"t2-t3"
"2022-Jul","Triquetta",3,217,291,92,100,26,18,2022-07-09 09:30:00,2022-07-13 14:00:00,2022-07-24 09:15:00,-3.46907574704656,2.14293367620272e-06,NA,NA,3.21440051430408e-06,"t2-t3"
"2022-Jul","Second",NA,1848,NA,NA,NA,24,19,NA,2022-07-13 09:30:00,2022-07-24 14:00:00,NA,4.13821642871922e-06,NA,NA,3.10366232153942e-06,"t2-t3"
"2022-Jun","Owen",NA,56,NA,243,NA,26,40,2022-06-27 12:01:00,2022-06-29 11:00:00,NA,NA,NA,4.59737495565803,-4.08655551614047,NA,NA
"2022-Jun","Owen",NA,56.1,NA,200,NA,26,40,2022-06-27 12:01:00,2022-06-29 11:00:00,NA,NA,NA,1.78786803831146,0.766229159276339,NA,NA
"2022-Jun","Owen",NA,57,NA,212,NA,22,34,2022-06-27 12:01:00,2022-06-29 11:00:00,NA,NA,NA,2.29868747782902,-1.2770485987939,NA,NA
"2022-Jun","Owen",NA,59,NA,90,NA,19,28,2022-06-27 12:01:00,2022-06-29 11:00:00,NA,NA,NA,3.32032635686414,-0.25540971975878,NA,NA
"2022-Jun","Owen",NA,85,NA,176,NA,28,36,2022-06-27 12:01:00,2022-06-29 11:00:00,NA,NA,NA,1.53245831855268,-0.510819439517559,NA,NA
"2022-Jun","Owen",NA,89,NA,181,NA,20,36,2022-06-27 12:01:00,2022-06-29 11:00:00,NA,NA,NA,4.34196523589925,-5.10819439517559,NA,NA
"2022-Jun","Owen",NA,92,NA,375,NA,37,31,2022-06-27 12:01:00,2022-06-29 11:00:00,NA,NA,NA,5.10819439517559,-80.1986520042568,NA,NA
"2022-Jun","Owen",NA,93,NA,295,NA,17,39,2022-06-27 12:01:00,2022-06-29 11:00:00,NA,NA,NA,7.91770131252217,-22.7314650585314,NA,NA
"2022-Jun","Owen",NA,94,NA,168,NA,18,42,2022-06-27 12:01:00,2022-06-29 11:00:00,NA,NA,NA,4.85278467541681,-0.25540971975878,NA,NA
"2022-Jun","Owen",NA,95,NA,252,NA,23,35,2022-06-27 12:01:00,2022-06-29 11:00:00,NA,NA,NA,3.8311457963817,-6.89606243348705,NA,NA
"2022-Jun","Owen",NA,98,NA,179,NA,21,26,2022-06-27 12:01:00,2022-06-29 11:00:00,NA,NA,NA,5.10819439517559,-0.25540971975878,NA,NA
"2022-Jun","Owen",NA,100,NA,235,NA,30,41,2022-06-27 12:01:00,2022-06-29 11:00:00,NA,NA,NA,3.57573607662292,0,NA,NA
"2023-Jul","North",NA,276,378,41,54,39,43,2023-07-08 12:40:00,2023-07-12 15:40:00,2023-07-25 10:30:00,0.709650924024641,6.33713561470215e-06,4.84848484848485,-1.93939393939394,1.81061017562919e-06,"t2-t3"
"2023-Jul","North",NA,1714,309,104,150,47,49,2023-07-08 12:40:00,2023-07-12 15:40:00,2023-07-25 10:30:00,1.89240246406571,2.71591526344378e-06,5.33333333333333,2.18181818181818,NA,NA
"2023-Jul","North",NA,1891,419,82,150,53,54,2023-07-08 12:40:00,2023-07-12 15:40:00,2023-07-25 10:30:00,0.887063655030801,0,3.15151515151515,2.18181818181818,2.71591526344378e-06,"t2-t3"
"2023-Jul","North",NA,1921,360,94,150,61,49,2023-07-08 12:40:00,2023-07-12 15:40:00,2023-07-25 10:30:00,0,0,2.90909090909091,-9.45454545454546,NA,NA
"2023-Jul","North",NA,2080,389,45,136,66,43,2023-07-08 12:40:00,2023-07-12 15:40:00,2023-07-25 10:30:00,3.01601642710472,1.17689661415897e-05,6.78787878787879,-5.81818181818182,4.52652543907297e-06,"t2-t3"
"2023-Jul","North",NA,2563,215,71,114,42,35,2023-07-08 12:40:00,2023-07-12 15:40:00,2023-07-25 10:30:00,2.30636550308008,3.62122035125837e-06,NA,NA,3.62122035125837e-06,"t2-t3"
"2023-Jul","North",NA,1799,389,72,55,52,43,2023-07-08 13:00:00,2023-07-12 15:40:00,2023-07-25 10:30:00,0.414303329223181,4.52652543907297e-06,4.01351351351351,0.851351351351351,1.81061017562919e-06,"t2-t3"
"2023-Jul","North",NA,1820,226,72,60,59,30,2023-07-08 13:00:00,2023-07-12 15:40:00,2023-07-25 10:30:00,0.887792848335389,-9.05305087814594e-07,4.13513513513514,0.486486486486487,4.52652543907297e-06,"t2-t3"
"2023-Jul","North",NA,1952,294,85,90,30,34,2023-07-08 13:00:00,2023-07-12 15:40:00,2023-07-25 10:30:00,0.828606658446363,1.35795763172189e-05,4.13513513513514,0.972972972972973,9.05305087814594e-07,"t2-t3"
"2023-Jul","North",NA,2066,345,119,160,75,50,2023-07-08 13:00:00,2023-07-12 15:40:00,2023-07-25 10:30:00,0.355117139334155,9.05305087814594e-07,5.95945945945946,0.121621621621622,2.71591526344378e-06,"t2-t3"
"2023-Jul","North",NA,2070,347,79,95,39,44,2023-07-08 13:00:00,2023-07-12 15:40:00,2023-07-25 10:30:00,0,6.33713561470215e-06,3.40540540540541,0.243243243243243,-8.14774579033134e-06,"t2-t3"
"2023-Jul","North",NA,2117,350,104,75,47,39,2023-07-08 13:00:00,2023-07-12 15:40:00,2023-07-25 10:30:00,0.0591861898890259,5.43183052688756e-06,4.13513513513514,0.972972972972973,-2.71591526344378e-06,"t2-t3"
"2023-Jul","North",NA,2544,234,122,74,37,47,2023-07-08 13:00:00,2023-07-12 15:40:00,2023-07-25 10:30:00,1.18372379778052,5.43183052688756e-06,4.37837837837838,0.243243243243243,2.71591526344378e-06,"t2-t3"
"2023-Jul","North",NA,2576,326,53,40,NA,NA,2023-07-08 13:00:00,2023-07-12 15:40:00,2023-07-25 10:30:00,NA,NA,NA,NA,NA,NA
"2023-Jul","North",NA,2578,227,51,41,36,40,2023-07-08 13:00:00,2023-07-12 15:40:00,2023-07-25 10:30:00,1.12453760789149,2.71591526344378e-06,3.64864864864865,0.243243243243243,6.33713561470215e-06,"t2-t3"
"2023-Jul","Second",NA,73,672,118,190,44,39,2023-07-08 10:00:00,2023-07-12 12:15:00,2023-07-25 09:30:00,1.00122699386503,3.59292194377077e-06,4.15267175572519,-10.5038167938931,5.38938291565616e-06,"t2-t3"
"2023-Jul","Second",NA,203,669,254,320,64,51,2023-07-08 10:00:00,2023-07-12 12:15:00,2023-07-25 09:30:00,2.82699386503067,-5.38938291565616e-06,2.68702290076336,-15.1450381679389,8.98230485942693e-07,"t2-t3"
"2023-Jul","Second",NA,204,658,243,161,36,30,2023-07-08 10:00:00,2023-07-12 12:15:00,2023-07-25 09:30:00,1.17791411042945,1.79646097188539e-06,4.3969465648855,-24.4274809160305,4.49115242971346e-06,"t2-t3"
"2023-Jul","Second",NA,212,697,335,320,63,51,2023-07-08 10:00:00,2023-07-12 12:15:00,2023-07-25 09:30:00,1.64907975460123,-8.98230485942693e-06,6.83969465648855,-3.90839694656489,2.69469145782808e-06,"t2-t3"
"2023-Jul","Second",NA,213,702,288,310,43,52,2023-07-08 10:00:00,2023-07-12 12:15:00,2023-07-25 09:30:00,4.29938650306748,-1.97610706907392e-05,NA,NA,4.49115242971346e-06,"t2-t3"
"2023-Jul","Second",NA,224,214,52,49,15,NA,2023-07-08 10:00:00,2023-07-12 12:15:00,2023-07-25 09:30:00,4.71165644171779,-2.69469145782808e-06,0.977099236641221,0,NA,NA
"2023-Jul","Second",NA,106,244,69,101,23,19,2023-07-08 10:15:00,2023-07-12 12:15:00,2023-07-25 09:30:00,3.65377532228361,4.49115242971346e-06,3.18367346938776,0,5.38938291565616e-06,"t2-t3"
"2023-Jul","Second",NA,201,513,144,119,37,28,2023-07-08 10:15:00,2023-07-12 12:15:00,2023-07-25 09:30:00,3.65377532228361,2.69469145782808e-06,4.89795918367347,-14.6938775510204,6.28761340159885e-06,"t2-t3"
"2023-Jul","Second",NA,202,507,140,150,28,20,2023-07-08 10:15:00,2023-07-12 12:15:00,2023-07-25 09:30:00,4.0073664825046,5.38938291565616e-06,5.38775510204082,5.63265306122449,5.38938291565616e-06,"t2-t3"
"2023-Jul","Second",NA,206,554,91,354,46,38,2023-07-08 10:15:00,2023-07-12 12:15:00,2023-07-25 09:30:00,1.70902394106814,7.18584388754154e-06,3.6734693877551,5.38775510204082,3.59292194377077e-06,"t2-t3"
"2023-Jul","Second",NA,207,473,54,222,57,43,2023-07-08 10:15:00,2023-07-12 12:15:00,2023-07-25 09:30:00,4.24309392265193,2.69469145782808e-06,4.6530612244898,1.95918367346939,7.18584388754154e-06,"t2-t3"
"2023-Jul","Second",NA,208,517,137,150,39,40,2023-07-08 10:15:00,2023-07-12 12:15:00,2023-07-25 09:30:00,3.00552486187845,3.59292194377077e-06,6.12244897959184,7.59183673469388,2.69469145782808e-06,"t2-t3"
"2023-Jul","Second",NA,210,NA,145,150,36,31,2023-07-08 10:15:00,2023-07-12 12:15:00,2023-07-25 09:30:00,NA,-6.28761340159885e-06,NA,NA,3.59292194377077e-06,"t2-t3"
"2023-Jul","Second",NA,217,557,132,250,75,46,2023-07-08 10:15:00,2023-07-12 12:15:00,2023-07-25 09:30:00,8.13259668508287,1.43716877750831e-05,7.10204081632653,-4.6530612244898,2.69469145782808e-06,"t2-t3"
"2023-Jul","Breaker",1,2542,341,70,132,20,47,2023-07-09 09:50:00,2023-07-13 09:41:00,2023-07-25 14:00:00,0.432803778445685,9.50263222912747e-06,2.1283255086072,1.87793427230047,0,"t2-t3"
"2023-Jul","Breaker",1,2554,530,150,170,22,48,2023-07-09 09:50:00,2023-07-13 09:41:00,2023-07-25 14:00:00,1.73121511378274,-5.70157933747648e-06,NA,NA,1.90052644582549e-06,"t2-t3"
"2023-Jul","Breaker",1,1843,448,72,70,8,26,2023-07-09 09:50:00,2023-07-13 09:41:00,2023-07-25 14:00:00,0,-2.85078966873824e-06,3.00469483568075,-2.00312989045383,-2.85078966873824e-06,"t2-t3"
"2023-Jul","Breaker",1,2572.1,556,119,116,29,43,2023-07-09 09:50:00,2023-07-13 09:41:00,2023-07-25 14:00:00,0.309145556032632,-9.50263222912747e-06,2.00312989045383,0.751173708920188,2.85078966873824e-06,"t2-t3"
"2023-Jul","Breaker",1,1750,572,85,107,NA,41,2023-07-09 09:50:00,2023-07-13 09:41:00,2023-07-25 14:00:00,NA,NA,2.00312989045383,-14.5226917057903,NA,NA
"2023-Jul","Breaker",1,2515,NA,41,105,7,44,2023-07-09 09:50:00,2023-07-13 09:41:00,2023-07-25 14:00:00,NA,-1.90052644582549e-06,1.00156494522692,0.250391236306729,-1.90052644582549e-06,"t2-t3"
"2023-Jul","Breaker",1,2565,514,179,128,16,45,2023-07-09 09:50:00,2023-07-13 09:41:00,2023-07-25 14:00:00,0.432803778445685,-6.65184256038923e-06,1.25195618153365,-14.0219092331768,3.80105289165099e-06,"t2-t3"
"2023-Jul","Breaker",1,2557,430,81,70,NA,NA,2023-07-09 09:50:00,2023-07-13 09:41:00,2023-07-25 14:00:00,6.05925289823959,NA,NA,NA,NA,NA
"2023-Jul","Breaker",1,2540,650,94,95,19,45,2023-07-09 09:50:00,2023-07-13 09:41:00,2023-07-25 14:00:00,0.123658222413053,-1.80550012353422e-05,0,-5.25821596244131,-2.85078966873824e-06,"t2-t3"
"2023-Jul","Breaker",3,2561,475,135,160,40,50,2023-07-09 09:50:00,2023-07-13 10:30:00,2023-07-25 14:00:00,0,-7.62340384981894e-06,13.4068965517241,-0.744827586206897,1.90585096245474e-06,"t2-t3"
"2023-Jul","Breaker",3,1803,411,79,85,34,41,2023-07-09 09:50:00,2023-07-13 10:30:00,2023-07-25 14:00:00,0.741949334478317,1.90585096245474e-06,2.48275862068966,-3.72413793103448,9.52925481227368e-07,"t2-t3"
"2023-Jul","Breaker",3,2504,372,NA,39,35,33,2023-07-09 09:50:00,2023-07-13 10:30:00,2023-07-25 14:00:00,0,0,NA,NA,9.52925481227368e-07,"t2-t3"
"2023-Jul","Breaker",3,1825,531,141,150,34,36,2023-07-09 09:50:00,2023-07-13 10:30:00,2023-07-25 14:00:00,0.370974667239158,1.23880312559558e-05,NA,NA,1.14351057747284e-05,"t2-t3"
"2023-Jul","Breaker",3,2072,NA,41,47,20,35,2023-07-09 09:50:00,2023-07-13 10:30:00,2023-07-25 14:00:00,NA,0,0,-2.97931034482759,1.90585096245474e-06,"t2-t3"
"2023-Jul","Breaker",3,2073,308,39,50,16,46,2023-07-09 09:50:00,2023-07-13 10:30:00,2023-07-25 14:00:00,0.432803778445685,1.0482180293501e-05,0,-0.496551724137931,-1.33409567371832e-05,"t2-t3"
"2023-Jul","Ratatouille",1,2,602,389,320,50,52,2023-07-09 12:08:00,2023-07-13 12:44:00,2023-07-25 12:00:00,2.43834664814172,8.70271524715711e-06,NA,NA,4.83484180397617e-06,"t2-t3"
"2023-Jul","Ratatouille",1,3,161,36,75,21,21,2023-07-09 12:08:00,2023-07-13 12:44:00,2023-07-25 12:00:00,3.75130253560264,7.73574688636188e-06,3.47826086956522,0.993788819875776,3.86787344318094e-06,"t2-t3"
"2023-Jul","Ratatouille",1,1,294,70,258,25,33,2023-07-09 12:08:00,2023-07-13 12:44:00,2023-07-25 12:00:00,4.6891281695033,0,1.73913043478261,0.993788819875776,6.76877852556664e-06,"t2-t3"
"2023-Jul","Ratatouille",1,4,230,117,140,23,29,2023-07-09 12:08:00,2023-07-13 12:44:00,2023-07-25 12:00:00,5.68947551233067,1.06366519687476e-05,0.869565217391304,2.11180124223602,4.83484180397617e-06,"t2-t3"
"2023-Jul","Ratatouille",1,8,551,430,300,69,56,2023-07-09 12:08:00,2023-07-13 12:44:00,2023-07-25 12:00:00,1.93817297672803,1.16036203295428e-05,NA,NA,1.93393672159047e-06,"t2-t3"
"2023-Jul","Ratatouille",1,7,248,117,110,17,18,2023-07-09 12:08:00,2023-07-13 12:44:00,2023-07-25 12:00:00,7.44008336227857,1.54714937727238e-05,2.98136645962733,-3.9751552795031,8.70271524715711e-06,"t2-t3"
"2023-Jul","Ratatouille",1,6,373,208,370,47,26,2023-07-09 12:08:00,2023-07-13 12:44:00,2023-07-25 12:00:00,4.43904133379646,1.83723988551095e-05,7.95031055900621,-2.98136645962733,2.32072406590856e-05,"t2-t3"
"2023-Jul","Ratatouille",1,5,443,122,148,28,40,2023-07-09 12:08:00,2023-07-13 12:44:00,2023-07-25 12:00:00,3.12608544633553,3.86787344318094e-06,3.85093167701863,-3.35403726708075,2.9009050823857e-06,"t2-t3"
"2023-Jul","Ratatouille",1,0,336,162,255,NA,NA,2023-07-09 12:08:00,2023-07-13 12:44:00,2023-07-25 12:00:00,NA,NA,NA,NA,NA,NA
"2023-Jul","Ratatouille",3,1765,348,106,95,32,39,2023-07-09 12:15:00,2023-07-13 12:44:00,2023-07-25 12:00:00,1.93876221498371,9.66968360795235e-07,2.23872862325099,-0.746242874416998,9.66968360795235e-07,"t2-t3"
"2023-Jul","Ratatouille",3,1797,422,181,122,26,35,2023-07-09 12:15:00,2023-07-13 12:44:00,2023-07-25 12:00:00,2.87687296416938,2.9009050823857e-06,NA,NA,4.83484180397617e-06,"t2-t3"
"2023-Jul","Ratatouille",3,223,285,95,90,27,27,2023-07-09 12:15:00,2023-07-13 12:44:00,2023-07-25 12:00:00,2.814332247557,7.73574688636188e-06,1.74123337363966,-1.24373812402833,2.9009050823857e-06,"t2-t3"
"2023-Jul","Ratatouille",3,209,231,104,120,48,37,2023-07-09 12:15:00,2023-07-13 12:44:00,2023-07-25 12:00:00,2.18892508143322,2.9009050823857e-06,0.994990499222664,-5.22370012091898,4.83484180397617e-06,"t2-t3"
"2023-Jul","Ratatouille",3,220,485,197,170,70,57,2023-07-09 12:15:00,2023-07-13 12:44:00,2023-07-25 12:00:00,1.81368078175896,9.66968360795235e-07,4.72620487130765,0.497495249611332,2.9009050823857e-06,"t2-t3"
"2023-Jul","Ratatouille",3,434,426,66,100,32,34,2023-07-09 12:15:00,2023-07-13 12:44:00,2023-07-25 12:00:00,2.43908794788274,1.93393672159047e-06,2.73622387286232,0.497495249611332,1.93393672159047e-06,"t2-t3"
"2023-Jul","Ratatouille",3,222,213,61,51,18,21,2023-07-09 12:15:00,2023-07-13 12:44:00,2023-07-25 12:00:00,4.19022801302932,0,1.492485748834,0,7.73574688636188e-06,"t2-t3"
"2023-Jul","Manley",3,1946,379,111,137,52,33,2023-07-10 12:12:00,2023-07-14 12:12:00,2023-07-26 11:45:00,0.0625733281188893,-4.83007786085512e-06,5,6,2.89804671651307e-06,"t2-t3"
"2023-Jul","Manley",3,2597,120,71,97,40,18,2023-07-10 12:12:00,2023-07-14 12:12:00,2023-07-26 11:45:00,1.1888932342589,-5.79609343302614e-06,3.75,0,3.86406228868409e-06,"t2-t3"
"2023-Jul","Manley",3,2601,318,34,141,49,43,2023-07-10 12:12:00,2023-07-14 12:12:00,2023-07-26 11:45:00,0.688306609307783,-2.89804671651307e-06,3.25,0,1.93203114434205e-06,"t2-t3"
"2023-Jul","Manley",3,2022,365,32,48,19,28,2023-07-10 12:12:00,2023-07-14 12:12:00,2023-07-26 11:45:00,0.187719984356668,-2.89804671651307e-06,0.25,-0.75,0,"t2-t3"
"2023-Jul","Manley",1,1697,213,58,87,25,8,2023-07-10 12:12:00,2023-07-14 13:00:00,2023-07-26 11:45:00,0.375439968713336,7.74968516904001e-06,2.23140495867769,0,1.259323839969e-05,"t2-t3"
"2023-Jul","Manley",1,2593,95,74,80,31,19,2023-07-10 12:12:00,2023-07-14 13:00:00,2023-07-26 11:45:00,2.06491982792335,-3.87484258452e-06,3.47107438016529,1.2396694214876,-8.71839581517001e-06,"t2-t3"
"2023-Jul","Manley",2,2598,330,190,185,45,52,2023-07-10 12:12:00,2023-07-14 13:00:00,2023-07-26 11:45:00,5.81931951505671,-1.356194904582e-05,14.6280991735537,-12.8925619834711,9.68710646130001e-07,"t2-t3"
"2023-Jul","Manley",2,1911,118,59,75,25,13,2023-07-10 12:12:00,2023-07-14 13:00:00,2023-07-26 11:45:00,1.25146656237779,1.93742129226e-06,2.72727272727273,0.247933884297521,1.93742129226e-06,"t2-t3"
"2023-Jul","Manley",3,2596,237,45,95,32,20,2023-07-10 12:12:00,2023-07-14 13:00:00,2023-07-26 11:45:00,2.37778646851779,-9.68710646130001e-07,2.23140495867769,-0.495867768595041,3.87484258452e-06,"t2-t3"
"2023-Jul","Manley",3,2600,110,69,95,21,11,2023-07-10 12:12:00,2023-07-14 13:00:00,2023-07-26 11:45:00,6.25733281188893,-2.90613193839e-06,3.22314049586777,1.2396694214876,1.93742129226e-06,"t2-t3"
"2023-Jul","Manley",3,2595,115,50,120,30,14,2023-07-10 12:12:00,2023-07-14 13:00:00,2023-07-26 11:45:00,1.93977317168557,3.87484258452e-06,3.34710743801653,0.619834710743802,2.90613193839e-06,"t2-t3"
"2023-Jul","Manley",2,281,150,108,97,26,16,2023-07-10 12:12:00,2023-07-14 13:00:00,2023-07-26 11:45:00,3.12866640594447,-3.87484258452e-06,0.495867768595041,-5.9504132231405,3.87484258452e-06,"t2-t3"
"2023-Jul","Manley",2,1817,248,88,129,63,32,2023-07-10 12:12:00,2023-07-14 13:00:00,2023-07-26 11:45:00,10.1368791552601,-1.162452775356e-05,NA,NA,7.74968516904001e-06,"t2-t3"
"2023-Jul","Manley",3,2675,150,50,63,22,12,2023-07-10 12:12:00,2023-07-14 13:00:00,2023-07-26 11:45:00,NA,NA,0.991735537190083,0.495867768595041,NA,NA
"2023-Jul","Manley",3,2594,168,71,73,19,9,2023-07-10 12:12:00,2023-07-14 13:00:00,2023-07-26 11:45:00,8.1971059835745,2.90613193839e-06,1.48760330578512,-2.97520661157025,1.93742129226e-06,"t2-t3"
"2023-Jul","Manley",3,2599,104,81,70,NA,NA,2023-07-10 12:12:00,2023-07-14 13:00:00,2023-07-26 11:45:00,NA,NA,NA,NA,NA,NA
"2023-Jul","Triquetta",1,2668,163,89,137,31,24,2023-07-10 09:55:00,2023-07-14 13:00:00,2023-07-26 09:45:00,3.68910117238385,5.85308750365818e-06,NA,NA,4.87757291971515e-06,"t2-t3"
"2023-Jul","Triquetta",1,2674,129,72,72,7,12,2023-07-10 09:55:00,2023-07-14 13:00:00,2023-07-26 09:45:00,2.93877551020408,2.92654375182909e-06,5.57106812447435,-2.90664423885618,1.95102916788606e-06,"t2-t3"
"2023-Jul","Triquetta",2,2663,153,57,90,21,15,2023-07-10 09:55:00,2023-07-14 13:00:00,2023-07-26 09:45:00,1.37559704732957,8.77963125548727e-06,1.45332211942809,-0.242220353238015,0,"t2-t3"
"2023-Jul","Triquetta",2,2664,160,58,78,24,15,2023-07-10 09:55:00,2023-07-14 13:00:00,2023-07-26 09:45:00,1.56317846287451,-5.85308750365818e-06,NA,NA,2.92654375182909e-06,"t2-t3"
"2023-Jul","Triquetta",3,2672,400,123,154,NA,NA,2023-07-10 09:55:00,2023-07-14 13:00:00,2023-07-26 09:45:00,NA,NA,NA,NA,NA,NA
"2023-Jul","Triquetta",3,2582,173,63,101,32,15,2023-07-10 09:55:00,2023-07-14 13:00:00,2023-07-26 09:45:00,3.25141120277898,4.87757291971515e-06,2.66442388561817,1.21110176619008,2.92654375182909e-06,"t2-t3"
"2023-Jul","Triquetta",3,2585,116,34,64,NA,NA,2023-07-10 09:55:00,2023-07-14 13:00:00,2023-07-26 09:45:00,NA,NA,NA,NA,NA,NA
"2023-Jul","Triquetta",1,2591,166,51,70,18,16,2023-07-10 09:55:00,2023-07-14 13:00:00,2023-07-26 10:00:00,2.31199826426557,-8.7719298245614e-06,2.17998317914214,-0.96888141295206,3.89863547758285e-06,"t2-t3"
"2023-Jul","Triquetta",1,2547,244,123,210,45,28,2023-07-10 09:55:00,2023-07-14 13:00:00,2023-07-26 10:00:00,1.87459318724235,-8.7719298245614e-06,4.11774600504626,-1.69554247266611,3.89863547758285e-06,"t2-t3"
"2023-Jul","Triquetta",2,1708,132,91,92,18,8,2023-07-10 09:55:00,2023-07-14 13:00:00,2023-07-26 10:00:00,3.87415925363419,2.92397660818713e-06,5.32884777123633,-3.63330529857023,2.92397660818713e-06,"t2-t3"
"2023-Jul","Triquetta",2,2587,192,110,130,NA,NA,2023-07-10 09:55:00,2023-07-14 13:00:00,2023-07-26 10:00:00,NA,NA,NA,NA,NA,NA
"2023-Jul","Triquetta",3,2573,NA,100,140,NA,NA,2023-07-10 09:55:00,2023-07-14 13:00:00,2023-07-26 10:00:00,NA,NA,NA,NA,NA,NA
"2023-Jul","Triquetta",3,1784,327,143,223,50,42,2023-07-10 09:55:00,2023-07-14 13:00:00,2023-07-26 10:00:00,NA,NA,NA,NA,NA,NA
"2023-Jul","Triquetta",2,2592,156,112,115,22,15,2023-07-10 09:44:00,2023-07-14 13:00:00,2023-07-26 09:40:00,2.50043410314291,1.36612021857923e-05,5.07723304231028,-2.41773002014775,4.87900078064012e-06,"t2-t3"
"2023-Jul","Triquetta",2,2579,142,82,9,24,17,2023-07-10 09:44:00,2023-07-14 13:00:00,2023-07-26 09:40:00,3.18805348150721,0,0.48354600402955,NA,2.92740046838407e-06,"t2-t3"
"2023-Jul","Triquetta",3,2562,111,79,78,16,12,2023-07-10 09:44:00,2023-07-14 13:00:00,2023-07-26 09:40:00,2.93801007119292,-2.92740046838407e-06,4.8354600402955,-0.241773002014775,4.87900078064012e-06,"t2-t3"
"2023-Jul","Triquetta",3,2551,472,74,158,68,45,2023-07-10 09:44:00,2023-07-14 13:00:00,2023-07-26 09:40:00,0.125021705157145,-2.04918032786885e-05,1.45063801208865,1.69241101410343,1.95160031225605e-06,"t2-t3"
"2024-Jul","Breaker",2,204.4,427,91,65,NA,45,2024-07-20 12:00:00,2024-07-24 12:00:00,2024-07-24 12:00:00,-0.75,NA,2.25,-7.25,NA,NA
"2024-Jul","Breaker",2,209.4,533,96,66,NA,46,2024-07-20 12:00:00,2024-07-24 12:00:00,2024-07-24 12:00:00,1,NA,2.625,-1.125,NA,NA
"2024-Jul","Breaker",2,2134.4,480,115,107,NA,53,2024-07-20 12:00:00,2024-07-24 12:00:00,2024-07-24 12:00:00,-0.75,NA,3.5,-7.25,NA,NA
"2024-Jul","Breaker",2,223.4,391,107,108,NA,40,2024-07-20 12:00:00,2024-07-24 12:00:00,2024-07-24 12:00:00,1,NA,3.5,-9.75,NA,NA
"2024-Jul","Breaker",2,206.4,400,67,72,NA,36,2024-07-20 12:00:00,2024-07-24 12:00:00,2024-07-24 12:00:00,1,NA,2.75,-3.5,NA,NA
"2024-Jul","Breaker",2,106.4,471,134,90,NA,51,2024-07-20 12:00:00,2024-07-24 12:00:00,2024-07-24 12:00:00,0.75,NA,4,-5,NA,NA
"2024-Jul","Breaker",2,377.4,507,94,96,NA,50,2024-07-20 12:00:00,2024-07-24 12:00:00,2024-07-24 12:00:00,0.25,NA,2.5,-5.5,NA,NA
"2024-Jul","Breaker",2,2561.4,392,52,85,NA,50,2024-07-20 12:14:00,2024-07-24 12:00:00,2024-07-24 12:00:00,-0.2506091193874,NA,2.2554820744866,-0.2506091193874,NA,NA
"2024-Jul","Breaker",2,2562.4,430,120,100,NA,49,2024-07-20 12:14:00,2024-07-24 12:00:00,2024-07-24 12:00:00,24.0584754611904,NA,1.7542638357118,-10.2749738948834,NA,NA
"2024-Jul","Breaker",2,2591.4,429,78,150,NA,46,2024-07-20 12:14:00,2024-07-24 12:00:00,2024-07-24 12:00:00,21.0511660285416,NA,1.0024364775496,-3.759136790811,NA,NA
"2024-Jul","Breaker",2,1833.4,513,39,98,NA,45,2024-07-20 12:14:00,2024-07-24 12:00:00,2024-07-24 12:00:00,1.7542638357118,NA,1.0024364775496,0.5012182387748,NA,NA
"2024-Jul","Breaker",3,2584.4,438,105,90,NA,47,2024-07-20 12:14:00,2024-07-24 12:00:00,2024-07-24 12:00:00,-1.5036547163244,NA,4.2603550295858,-7.2676644622346,NA,NA
"2024-Jul","Breaker",3,1891.4,378,70,95,NA,42,2024-07-20 12:14:00,2024-07-24 12:00:00,2024-07-24 12:00:00,0.7518273581622,NA,2.2554820744866,-2.7567003132614,NA,NA
"2024-Jul","Breaker",3,1848.4,408,188,200,NA,45,2024-07-20 12:14:00,2024-07-24 12:00:00,2024-07-24 12:00:00,-2.0048729550992,NA,13.5328924469196,-28.3188304907762,NA,NA
"2024-Jul","Breaker",3,1820.4,227,68,78,NA,40,2024-07-20 12:14:00,2024-07-24 12:00:00,2024-07-24 12:00:00,24.3090845805778,NA,2.506091193874,-4.0097459101984,NA,NA
"2024-Jul","Ratatouille",2,2572.4,187,102,133,NA,32,2024-07-20 14:00:00,2024-07-24 14:00:00,2024-07-24 14:00:00,7.75,NA,3.375,-4.625,NA,NA
"2024-Jul","Ratatouille",2,1817.4,280,233,270,NA,42,2024-07-20 14:00:00,2024-07-24 14:00:00,2024-07-24 14:00:00,1.5,NA,5.875,-30.875,NA,NA
"2024-Jul","Ratatouille",2,2072.4,278,178,160,NA,39,2024-07-20 14:00:00,2024-07-24 14:00:00,2024-07-24 14:00:00,9.5,NA,7,-18.5,NA,NA
"2024-Jul","Ratatouille",2,0.4,220,123,130,NA,23,2024-07-20 14:00:00,2024-07-24 14:00:00,2024-07-24 14:00:00,31,NA,5.875,-2.875,NA,NA
"2024-Jul","Ratatouille",2,0.5,480,170,300,NA,54,2024-07-20 14:00:00,2024-07-24 14:00:00,2024-07-24 14:00:00,0,NA,6.625,0.375,NA,NA
"2024-Jul","Ratatouille",2,2565.4,122,105,96,NA,18,2024-07-20 14:00:00,2024-07-24 14:00:00,2024-07-24 14:00:00,4.5,NA,2.625,-14.375,NA,NA
"2024-Jul","Ratatouille",2,1825.4,562,239,241,NA,51,2024-07-20 14:00:00,2024-07-24 14:00:00,2024-07-24 14:00:00,2.5,NA,6.5,-6.75,NA,NA
"2024-Jul","Ratatouille",2,2001.4,526,113,128,NA,20,2024-07-20 14:00:00,2024-07-24 14:00:00,2024-07-24 14:00:00,9.5,NA,7.25,-0.5,NA,NA
"2024-Jul","Ratatouille",3,201.2,644,187,160,NA,48,2024-07-20 13:48:00,2024-07-24 14:00:00,2024-07-24 14:00:00,14.2203742203742,NA,7.48440748440748,-3.24324324324324,NA,NA
"2024-Jul","Ratatouille",3,2610,224,88,88,NA,23,2024-07-20 13:48:00,2024-07-24 14:00:00,2024-07-24 14:00:00,13.970893970894,NA,NA,NA,NA,NA
"2024-Jul","Ratatouille",3,2607,262,100,124,NA,21,2024-07-20 13:48:00,2024-07-24 14:00:00,2024-07-24 14:00:00,11.975051975052,NA,2.49480249480249,-0.997920997920998,NA,NA
"2024-Jul","Ratatouille",3,2515.1,226,98,150,NA,19,2024-07-20 13:48:00,2024-07-24 14:00:00,2024-07-24 14:00:00,7.98336798336798,NA,4.49064449064449,5.73804573804574,NA,NA
"2024-Jul","Ratatouille",3,202.2,190,95,110,NA,21,2024-07-20 13:48:00,2024-07-24 14:00:00,2024-07-24 14:00:00,11.975051975052,NA,4.98960498960499,-1.74636174636175,NA,NA
"2024-Jul","Ratatouille",3,2664.2,246,200,208,NA,24,2024-07-20 13:48:00,2024-07-24 14:00:00,2024-07-24 14:00:00,5.73804573804574,NA,8.23284823284823,1.74636174636175,NA,NA
"2024-Jul","Ratatouille",3,2605,171,75,78,NA,23,2024-07-20 13:48:00,2024-07-24 14:00:00,2024-07-24 14:00:00,8.48232848232848,NA,3.24324324324324,2.49480249480249,NA,NA
"2024-Jul","Triquetta",3,208.4,233,60,72,NA,22,2024-07-20 10:00:00,2024-07-24 10:00:00,2024-07-24 10:00:00,0.25,NA,1.5,-0.5,NA,NA
"2024-Jul","Triquetta",3,2542.4,283,56,52,NA,24,2024-07-20 10:00:00,2024-07-24 10:00:00,2024-07-24 10:00:00,2.25,NA,1,-2.5,NA,NA
"2024-Jul","Triquetta",3,2551.4,225,64,90,NA,23,2024-07-20 10:00:00,2024-07-24 10:00:00,2024-07-24 10:00:00,2,NA,2.5,-4.5,NA,NA
"2024-Jul","Triquetta",3,213.4,91,41,40,NA,8,2024-07-20 10:00:00,2024-07-24 10:00:00,2024-07-24 10:00:00,1.25,NA,NA,NA,NA,NA
"2024-Jul","Triquetta",3,217.4,220,62,70,NA,23,2024-07-20 10:00:00,2024-07-24 10:00:00,2024-07-24 10:00:00,2.5,NA,2.25,-1.75,NA,NA
"2024-Jul","Triquetta",3,1797.4,197,58,55,NA,27,2024-07-20 10:00:00,2024-07-24 10:00:00,2024-07-24 10:00:00,3.75,NA,2.375,-1.375,NA,NA
"2024-Jul","Triquetta",3,73.4,288,46,61,NA,25,2024-07-20 10:00:00,2024-07-24 10:00:00,2024-07-24 10:00:00,2.25,NA,1.375,-2.375,NA,NA
"2024-Jul","Triquetta",3,2117.4,248,60,46,NA,26,2024-07-20 10:00:00,2024-07-24 10:00:00,2024-07-24 10:00:00,12.75,NA,2,-2.5,NA,NA
"2024-Jul","Triquetta",1,2574.4,164,22,56,NA,NA,2024-07-20 10:23:00,2024-07-24 10:00:00,2024-07-24 10:00:00,NA,NA,NA,NA,NA,NA
"2024-Jul","Triquetta",1,1714.4,184,27,35,NA,NA,2024-07-20 10:23:00,2024-07-24 10:00:00,2024-07-24 10:00:00,NA,NA,NA,NA,NA,NA
"2024-Jul","Triquetta",1,2022.4,254,37,58,NA,22,2024-07-20 10:23:00,2024-07-24 10:00:00,2024-07-24 10:00:00,-0.502004531985358,NA,0,-2.25902039393411,NA,NA
"2024-Jul","Triquetta",2,1911.4,229,70,68,NA,24,2024-07-20 10:23:00,2024-07-24 10:00:00,2024-07-24 10:00:00,-3.76503398989019,NA,NA,NA,NA,NA
"2024-Jul","Triquetta",2,2590.4,147,34,40,NA,16,2024-07-20 10:23:00,2024-07-24 10:00:00,2024-07-24 10:00:00,-1.00400906397072,NA,NA,NA,NA,NA
"2024-Jul","Triquetta",2,2578.4,362,97,100,NA,36,2024-07-20 10:23:00,2024-07-24 10:00:00,2024-07-24 10:00:00,-3.01202719191215,NA,2.00801812794143,-6.77706118180234,NA,NA
"2024-Jul","Triquetta",2,2582.4,130,40,56,NA,15,2024-07-20 10:23:00,2024-07-24 10:00:00,2024-07-24 10:00:00,4.01603625588287,NA,2.00801812794143,-1.75701586194875,NA,NA
"2025-Jul","McMullins_west",NA,201,185,85,127,23,25,2025-07-03 11:00:00,2025-07-07 13:20:00,NA,NA,NA,4.0271186440678,-0.122033898305085,NA,NA
"2025-Jul","McMullins_west",NA,204,357,82.5,150,37,28,2025-07-03 11:00:00,2025-07-07 13:20:00,NA,NA,NA,4.63728813559322,0.366101694915254,NA,NA
"2025-Jul","McMullins_west",NA,206,180,46,102,33,21,2025-07-03 11:00:00,2025-07-07 13:20:00,NA,NA,NA,1.70847457627119,0.244067796610169,NA,NA
"2025-Jul","McMullins_west",NA,207,231,93,123,NA,NA,2025-07-03 11:00:00,2025-07-07 13:20:00,NA,NA,NA,4.27118644067797,-1.09830508474576,NA,NA
"2025-Jul","McMullins_west",NA,208,410,131,230,61,39,2025-07-03 11:00:00,2025-07-07 13:20:00,NA,NA,NA,4.88135593220339,0.244067796610169,NA,NA
"2025-Jul","McMullins_west",NA,217,342,208,216,36,30,2025-07-03 11:00:00,2025-07-07 13:20:00,NA,NA,NA,7.56610169491525,-7.56610169491525,NA,NA
"2025-Jul","McMullins_west",NA,223,347,109,167,NA,NA,2025-07-03 11:00:00,2025-07-07 13:20:00,NA,NA,NA,NA,NA,NA,NA
"2025-Jul","McMullins_west",NA,224,653,159,180,83,46,2025-07-03 11:00:00,2025-07-07 13:20:00,NA,NA,NA,6.34576271186441,-1.70847457627119,NA,NA
"2025-Jul","McMullins_west",NA,2070,183,52,64,23,20,2025-07-03 11:00:00,2025-07-07 13:20:00,NA,NA,NA,3.78305084745763,0.610169491525424,NA,NA
"2025-Jul","McMullins_west",NA,2515,479,179,255,52,39,2025-07-03 11:00:00,2025-07-07 13:20:00,NA,NA,NA,8.05423728813559,-1.22033898305085,NA,NA
"2025-Jul","McMullins_west",NA,2547,218,95,77,NA,NA,2025-07-03 11:00:00,2025-07-07 13:20:00,NA,NA,NA,5.12542372881356,-0.244067796610169,NA,NA
"2025-Jul","McMullins_west",NA,2602,394,193,384,73,42,2025-07-03 11:00:00,2025-07-07 13:20:00,NA,NA,NA,8.29830508474576,1.70847457627119,NA,NA
"2025-Jul","McMullins_west",NA,2604,190,57,92,NA,NA,2025-07-03 11:00:00,2025-07-07 13:20:00,NA,NA,NA,3.66101694915254,0.732203389830508,NA,NA
"2025-Jul","McMullins_west",NA,2677,269,137,167,38,39,2025-07-03 11:00:00,2025-07-07 13:20:00,NA,NA,NA,6.10169491525424,-2.92881355932203,NA,NA
"2025-Jul","McMullins_west",NA,2679,254,94,165,62,40,2025-07-03 11:00:00,2025-07-07 13:20:00,NA,NA,NA,3.66101694915254,0,NA,NA
"2025-Jul","Robert_rocks_south",NA,1946,373,94,150,16,24,2025-07-03 13:30:00,2025-07-08 13:20:00,NA,NA,NA,4.10570236439499,-8.3115438108484,NA,NA
"2025-Jul","Robert_rocks_south",NA,2551,275,91,150,14,26,2025-07-03 13:30:00,2025-07-08 13:20:00,NA,NA,NA,7.10987482614743,2.30319888734353,NA,NA
"2025-Jul","Robert_rocks_south",NA,2590,411,140,150,6,27,2025-07-03 13:30:00,2025-07-08 13:20:00,NA,NA,NA,7.21001390820584,-2.40333796940195,NA,NA
"2025-Jul","Robert_rocks_south",NA,2597,377,153,300,20,37,2025-07-03 13:30:00,2025-07-08 13:20:00,NA,NA,NA,13.8191933240612,21.6300417246175,NA,NA
"2025-Jul","Robert_rocks_south",NA,2600,386,97,223,24,39,2025-07-03 13:30:00,2025-07-08 13:20:00,NA,NA,NA,5.80806675938804,-0.801112656467316,NA,NA
"2025-Jul","Robert_rocks_south",NA,2603,498,300,382,27,41,2025-07-03 13:30:00,2025-07-08 13:20:00,NA,NA,NA,10.6147426981919,2.00278164116829,NA,NA
"2025-Jul","Robert_rocks_south",NA,2663,355,84,150,29,30,2025-07-03 13:30:00,2025-07-08 13:20:00,NA,NA,NA,5.40751043115438,-7.41029207232267,NA,NA
"2025-Jul","Robert_rocks_south",NA,2680,342,132,182,24,40,2025-07-03 13:30:00,2025-07-08 13:20:00,NA,NA,NA,6.2086230876217,3.20445062586926,NA,NA
"2025-Jul","Robert_rocks_south",NA,73,332,126.5,156,NA,NA,2025-07-03 13:30:00,2025-07-08 13:20:00,NA,NA,NA,8.61196105702364,0.90125173852573,NA,NA
"2025-Jul","Robert_rocks_south",NA,213,155,56,40,8,12,2025-07-03 13:30:00,2025-07-08 13:20:00,NA,NA,NA,3.10431154381085,0.100139082058414,NA,NA
"2025-Jul","Robert_rocks_south",NA,220,278,93,115,21,26,2025-07-03 13:30:00,2025-07-08 13:20:00,NA,NA,NA,6.00834492350487,0.600834492350487,NA,NA
"2025-Jul","Robert_rocks_south",NA,222,229,64,90,10,14,2025-07-03 13:30:00,2025-07-08 13:20:00,NA,NA,NA,6.10848400556328,-0.100139082058414,NA,NA
"2025-Jul","Robert_rocks_south",NA,2542,627,415,480,24,52,2025-07-03 13:30:00,2025-07-08 13:20:00,NA,NA,NA,12.6175243393602,9.21279554937413,NA,NA
"2025-Jul","Robert_rocks_south",NA,2599,388,180,187,36,33,2025-07-03 13:30:00,2025-07-08 13:20:00,NA,NA,NA,10.3143254520167,1.50208623087622,NA,NA
"2025-Jul","Robert_rocks_south",NA,2601,532,122,172,NA,NA,2025-07-03 13:30:00,2025-07-08 13:20:00,NA,NA,NA,NA,NA,NA,NA
"2025-Jul","Robert_rocks_south",NA,2670,525,272,204,35,50,2025-07-03 13:30:00,2025-07-08 13:20:00,NA,NA,NA,7.71070931849791,0.700973574408901,NA,NA
"2025-Jul","Breaker",2,208,5002,50,65,NA,NA,2025-07-10 12:30:00,2025-07-14 14:00:00,2025-07-21 10:00:00,-412.175908221797,NA,NA,NA,NA,NA
"2025-Jul","Breaker",3,2594,136,70,70,22,36,2025-07-10 12:30:00,2025-07-14 14:00:00,2025-07-21 10:00:00,8.90248565965583,-5.08130081300813e-06,1.35384615384615,-1.84615384615385,NA,NA
"2025-Jul","Breaker",3,222,321,55,65,24,29,2025-07-10 12:30:00,2025-07-14 14:00:00,2025-07-21 10:00:00,1.00956022944551,-1.01626016260163e-05,1.23076923076923,-9.35384615384615,NA,NA
"2025-Jul","Breaker",3,207,306,44,50,25,30,2025-07-10 12:30:00,2025-07-14 14:00:00,2025-07-21 10:00:00,0.183556405353728,-1.3550135501355e-05,0.738461538461539,-0.738461538461539,NA,NA
"2025-Jul","Breaker",3,2590,375,73,60,18,44,2025-07-10 12:30:00,2025-07-14 14:00:00,2025-07-21 10:00:00,0.275334608030593,-5.08130081300813e-06,1.23076923076923,-3.93846153846154,NA,NA
"2025-Jul","Breaker",3,206,388,32,32,6,26,2025-07-10 12:30:00,2025-07-14 14:00:00,2025-07-21 10:00:00,0.183556405353728,-3.38753387533875e-06,0.246153846153846,-2.95384615384615,NA,NA
"2025-Jul","Breaker",3,2547,500,68,78,5,49,2025-07-10 12:30:00,2025-07-14 14:00:00,2025-07-21 10:00:00,0.275334608030593,0,0.738461538461539,-6.89230769230769,NA,NA
"2025-Jul","Breaker",1,2515,390,98,90,45,50,2025-07-10 12:30:00,2025-07-14 14:00:00,2025-07-21 10:00:00,-0.0917782026768642,3.38753387533875e-06,2.21538461538462,-4.18461538461538,NA,NA
"2025-Jul","Breaker",1,2542,301,63,63,28,42,2025-07-10 12:30:00,2025-07-14 14:00:00,2025-07-21 10:00:00,-0.0917782026768642,1.01626016260163e-05,2.58461538461538,-1.84615384615385,NA,NA
"2025-Jul","Breaker",1,217,378,49,54,50,45,2025-07-10 12:30:00,2025-07-14 14:00:00,2025-07-21 10:00:00,0.275334608030593,3.38753387533875e-06,0.984615384615385,-0.492307692307692,NA,NA
"2025-Jul","Breaker",1,1708,317,65,75,37,39,2025-07-10 12:30:00,2025-07-14 14:00:00,2025-07-21 10:00:00,0.64244741873805,1.69376693766938e-06,1.72307692307692,-2.21538461538462,NA,NA
"2025-Jul","Breaker",1,223,468,120,80,37,52,2025-07-10 12:30:00,2025-07-14 14:00:00,2025-07-21 10:00:00,0.367112810707457,5.08130081300813e-06,3.32307692307692,-6.52307692307692,NA,NA
"2025-Jul","Breaker",1,2073,382,64,50,29,42,2025-07-10 12:30:00,2025-07-14 14:00:00,2025-07-21 10:00:00,0.550669216061185,1.18563685636856e-05,2.09230769230769,-2.83076923076923,NA,NA
"2025-Jul","Breaker",1,1765,309,93,70,11,35,2025-07-10 12:30:00,2025-07-14 14:00:00,2025-07-21 10:00:00,8.90248565965583,-1.69376693766938e-06,1.96923076923077,-2.21538461538462,NA,NA
"2025-Jul","Breaker",1,281,305,60,60,32,35,2025-07-10 12:30:00,2025-07-14 14:00:00,2025-07-21 10:00:00,0.275334608030593,5.08130081300813e-06,1.96923076923077,-2.21538461538462,NA,NA
"2025-Jul","North",1,204,456,164,180,46,60,2025-07-10 14:30:00,2025-07-15 13:00:00,2025-07-21 09:00:00,10.027079303675,3.96825396825397e-06,5.36708860759494,-6.17721518987342,NA,NA
"2025-Jul","North",1,2579,336,152,224,58,36,2025-07-10 14:30:00,2025-07-15 13:00:00,2025-07-21 09:00:00,5.5705996131528,7.93650793650794e-06,5.46835443037975,-3.0379746835443,NA,NA
"2025-Jul","North",1,2022,290,110,130,17,18,2025-07-10 14:30:00,2025-07-15 13:00:00,2025-07-21 09:00:00,11.8839458413926,1.38888888888889e-05,6.68354430379747,-0.607594936708861,NA,NA
"2025-Jul","North",1,1714,330,74,160,38,24,2025-07-10 14:30:00,2025-07-15 13:00:00,2025-07-21 09:00:00,9.47001934235977,-7.93650793650794e-06,7.89873417721519,0,NA,NA
"2025-Jul","North",1,2043,298,79,153,43,33,2025-07-10 14:30:00,2025-07-15 13:00:00,2025-07-21 09:00:00,7.14893617021277,5.95238095238095e-06,5.26582278481013,-3.64556962025316,NA,NA
"2025-Jul","North",2,1784,384,131,160,52,34,2025-07-10 14:30:00,2025-07-15 13:00:00,2025-07-21 09:00:00,14.9477756286267,1.98412698412698e-05,6.58227848101266,-1.51898734177215,NA,NA
"2025-Jul","North",2,2670,188,77,145,22,22,2025-07-10 14:30:00,2025-07-15 13:00:00,2025-07-21 09:00:00,16.6189555125725,1.58730158730159e-05,7.08860759493671,0.20253164556962,NA,NA
"2025-Jul","North",2,2667,393,251,250,73,65,2025-07-10 14:30:00,2025-07-15 13:00:00,2025-07-21 09:00:00,10.6769825918762,-1.78571428571429e-05,6.88607594936709,-6.68354430379747,NA,NA
"2025-Jul","North",2,2595,244,70,47,26,25,2025-07-10 14:30:00,2025-07-15 13:00:00,2025-07-21 09:00:00,8.82011605415861,9.92063492063492e-06,7.39240506329114,-1.31645569620253,NA,NA
"2025-Jul","North",3,1803,138,123,110,35,26,2025-07-10 14:30:00,2025-07-15 13:00:00,2025-07-21 09:00:00,17.1760154738878,2.18253968253968e-05,6.88607594936709,-6.07594936708861,NA,NA
"2025-Jul","North",3,2596,290,68,45,36,13,2025-07-10 14:30:00,2025-07-15 13:00:00,2025-07-21 09:00:00,9.19148936170213,-1.98412698412698e-06,NA,NA,NA,NA
"2025-Jul","North",3,2551,318,242,220,46,38,2025-07-10 14:30:00,2025-07-15 13:00:00,2025-07-21 09:00:00,6.12765957446809,4.16666666666667e-05,4.05063291139241,-5.67088607594937,NA,NA
"2025-Jul","North",3,2665,181,105,90,21,11,2025-07-10 14:30:00,2025-07-15 13:00:00,2025-07-21 09:00:00,11.0483558994197,5.95238095238095e-06,5.26582278481013,-6.27848101265823,NA,NA
"2025-Jul","North",3,213,197,111,120,33,11,2025-07-10 14:30:00,2025-07-15 13:00:00,2025-07-21 09:00:00,8.91295938104449,1.19047619047619e-05,6.88607594936709,-6.68354430379747,NA,NA
"2025-Jul","North",3,2677,213,192,170,26,23,2025-07-10 14:30:00,2025-07-15 13:00:00,2025-07-21 09:00:00,8.82011605415861,1.19047619047619e-05,8.10126582278481,-15.1898734177215,NA,NA
"2025-Jul","North",3,2663,362,103,NA,44,32,2025-07-10 14:30:00,2025-07-15 13:00:00,2025-07-21 09:00:00,5.38491295938104,2.77777777777778e-05,7.08860759493671,0.20253164556962,NA,NA
"2025-Jul","Triquetta",2,106,150,47,50,23,11,2025-07-10 10:30:00,2025-07-14 10:00:00,2025-07-21 12:00:00,4.33898305084746,9.80392156862745e-06,1.75916230366492,-4.52356020942408,NA,NA
"2025-Jul","Triquetta",2,2560,267,40,45,11,20,2025-07-10 10:30:00,2025-07-14 10:00:00,2025-07-21 12:00:00,0.542372881355932,-1.79738562091503e-05,NA,NA,NA,NA
"2025-Jul","Triquetta",3,2592,340,108,140,49,32,2025-07-10 10:30:00,2025-07-14 10:00:00,2025-07-21 12:00:00,4.7909604519774,-4.90196078431373e-06,2.01047120418848,-5.52879581151833,NA,NA
"2025-Jul","Triquetta",3,1911,440,136,180,76,48,2025-07-10 10:30:00,2025-07-14 10:00:00,2025-07-21 12:00:00,3.1638418079096,1.47058823529412e-05,1.8848167539267,-5.40314136125654,NA,NA
"2025-Jul","Triquetta",3,1697,182,75,85,37,24,2025-07-10 10:30:00,2025-07-14 10:00:00,2025-07-21 12:00:00,5.24293785310734,6.5359477124183e-06,3.01570680628272,-2.76439790575916,NA,NA
"2025-Jul","Triquetta",3,209,304,100,118,50,30,2025-07-10 10:30:00,2025-07-14 10:00:00,2025-07-21 12:00:00,4.33898305084746,-1.47058823529412e-05,1.50785340314136,-6.53403141361257,NA,NA
"2025-Jul","Triquetta",3,2134,440,105,190,52,37,2025-07-10 10:30:00,2025-07-14 10:00:00,2025-07-21 12:00:00,1.08474576271186,-1.63398692810458e-06,2.76439790575916,-1.50785340314136,NA,NA
"2025-Jul","Triquetta",3,2557,337,104,130,63,32,2025-07-10 10:30:00,2025-07-14 10:00:00,2025-07-21 12:00:00,8.7683615819209,1.63398692810458e-05,2.01047120418848,-0.753926701570681,NA,NA
"2025-Jul","Triquetta",1,2578,254,139,90,77,32,2025-07-10 10:30:00,2025-07-14 10:00:00,2025-07-21 12:00:00,3.1638418079096,2.12418300653595e-05,4.77486910994764,-5.78010471204188,NA,NA
"2025-Jul","Triquetta",1,2593,283,89,90,52,32,2025-07-10 10:30:00,2025-07-14 10:00:00,2025-07-21 12:00:00,6.4180790960452,9.80392156862745e-06,2.63874345549738,-4.3979057591623,NA,NA
"2025-Jul","Triquetta",1,1921,495,NA,NA,NA,NA,2025-07-10 10:30:00,2025-07-14 10:00:00,2025-07-21 12:00:00,NA,NA,NA,NA,NA,NA
"2025-Jul","Triquetta",1,1843,377,202,120,68,35,2025-07-10 10:30:00,2025-07-14 10:00:00,2025-07-21 12:00:00,5.06214689265537,-3.26797385620915e-06,NA,NA,NA,NA
"2025-Jul","Triquetta",2,1797,324,209,100,67,44,2025-07-10 10:30:00,2025-07-14 10:00:00,2025-07-21 12:00:00,NA,NA,5.27748691099476,-4.52356020942408,NA,NA
"2025-Jul","Triquetta",2,2117,421,160,100,62,44,2025-07-10 10:30:00,2025-07-14 10:00:00,2025-07-21 12:00:00,4.06779661016949,3.10457516339869e-05,4.14659685863874,-7.16230366492147,NA,NA
"2025-Jul","Triquetta",2,2582,259,95,90,34,28,2025-07-10 10:30:00,2025-07-14 10:00:00,2025-07-21 12:00:00,4.88135593220339,9.80392156862745e-06,2.26178010471204,-2.26178010471204,NA,NA
"2025-Jul","Triquetta",2,2554,249,94,90,67,26,2025-07-10 10:30:00,2025-07-14 10:00:00,2025-07-21 12:00:00,3.07344632768362,1.30718954248366e-05,2.5130890052356,-2.26178010471204,NA,NA
"2026-Jul","North",2,18,132,70,68,14,13,2026-07-03 15:30:00,2026-07-08 12:30:00,2026-07-18 14:20:00,NA,NA,4.1025641025641,-0.82051282051282,NA,NA
"2026-Jul","North",2,19,400,156,150,30,32,2026-07-03 15:30:00,2026-07-08 12:30:00,2026-07-18 14:20:00,12.2396655829076,1.37835975189524e-05,NA,NA,NA,NA
"2026-Jul","North",2,2615,401,200,230,43,35,2026-07-03 15:00:00,2026-07-08 12:30:00,2026-07-18 14:20:00,8.34879406307978,1.37835975189524e-05,8.37446808510638,-27.9829787234043,NA,NA
"2026-Jul","North",2,2652,468,170,160,43,34,2026-07-03 15:30:00,2026-07-08 12:30:00,2026-07-18 14:20:00,NA,NA,8.61538461538461,-16.2051282051282,NA,NA
"2026-Jul","North",2,2658,136,56,60,13,13,2026-07-03 15:30:00,2026-07-08 12:30:00,2026-07-18 14:20:00,NA,NA,4.41025641025641,-0.512820512820513,NA,NA
"2026-Jul","North",2,2642,690,208,210,95,45,2026-07-03 15:30:00,2026-07-08 12:30:00,2026-07-18 14:20:00,11.3701811425917,NA,7.58974358974359,-4.51282051282051,NA,NA
"2026-Jul","North",3,59,242,126,88,21,14,2026-07-03 15:00:00,2026-07-08 12:30:00,2026-07-18 14:20:00,13.7588126159555,3.44589937973811e-06,9.2936170212766,0.919148936170213,NA,NA
"2026-Jul","North",3,61,434,156,165,31,30,2026-07-03 15:00:00,2026-07-08 12:30:00,2026-07-18 14:20:00,13.8923933209648,1.83781300252699e-05,8.47659574468085,-3.57446808510638,NA,NA
"2026-Jul","North",3,69,506,222,250,61,45,2026-07-03 15:00:00,2026-07-08 12:30:00,2026-07-18 14:20:00,9.48423005565863,-2.29726625315874e-06,10.4170212765957,-0.408510638297872,NA,NA
"2026-Jul","North",3,46,405,175,180,39,30,2026-07-03 15:00:00,2026-07-08 12:30:00,2026-07-18 14:20:00,10.152133580705,3.44589937973811e-06,7.65957446808511,0.714893617021277,NA,NA
"2026-Jul","North",3,28,395,143,210,51,32,2026-07-03 15:00:00,2026-07-08 12:30:00,2026-07-18 14:20:00,6.34508348794063,1.03376981392143e-05,10.8255319148936,2.85957446808511,NA,NA
"2026-Jul","North",3,48,243,147,160,50,25,2026-07-03 15:00:00,2026-07-08 12:30:00,2026-07-18 14:20:00,NA,NA,9.70212765957447,0.102127659574468,NA,NA
"2026-Jul","North",3,39,525,166,225,38,33,2026-07-03 15:00:00,2026-07-08 12:30:00,2026-07-18 14:20:00,NA,NA,7.76170212765958,-1.83829787234043,NA,NA
"2026-Jul","North",3,2646,284,120,110,15,21,2026-07-03 15:00:00,2026-07-08 12:30:00,2026-07-18 14:20:00,14.8274582560297,8.04043188605559e-06,NA,NA,NA,NA
"2026-Jul","Second",1,52,110,104,85,18,13,2026-07-03 11:30:00,2026-07-08 10:00:00,2026-07-18 11:30:00,14,9.20174833218311e-06,5.9746835443038,-3.54430379746835,NA,NA
"2026-Jul","Second",1,51,431,149,200,59,45,2026-07-03 11:30:00,2026-07-08 10:00:00,2026-07-18 11:30:00,8.06666666666667,1.15021854152289e-05,8.91139240506329,1.0126582278481,NA,NA
"2026-Jul","Second",1,2623,629,259,400,99,50,2026-07-03 11:30:00,2026-07-08 10:00:00,2026-07-18 11:30:00,3,-5.75109270761445e-06,6.07594936708861,-19.4430379746835,NA,NA
"2026-Jul","Second",1,2618,531,201,190,27,38,2026-07-03 11:30:00,2026-07-08 10:00:00,2026-07-18 11:30:00,4.73333333333333,3.1055900621118e-05,8,-3.74683544303797,NA,NA
"2026-Jul","Second",1,2625,535,184,240,51,39,2026-07-03 11:30:00,2026-07-08 10:00:00,2026-07-18 11:30:00,3.93333333333333,1.15021854152289e-06,8.50632911392405,0,NA,NA
"2026-Jul","Second",1,33,141,79,85,23,18,2026-07-03 11:30:00,2026-07-08 10:00:00,2026-07-18 11:30:00,14.8666666666667,1.15021854152289e-05,6.07594936708861,0.20253164556962,NA,NA
"2026-Jul","Second",1,2644,347,153,170,39,22,2026-07-03 11:30:00,2026-07-08 10:00:00,2026-07-18 11:30:00,9.33333333333333,2.30043708304578e-06,9.72151898734177,-5.87341772151899,NA,NA
"2026-Jul","Second",1,2632,336,117,140,36,23,2026-07-03 11:30:00,2026-07-08 10:00:00,2026-07-18 11:30:00,8.86666666666667,3.45065562456867e-06,6.58227848101266,-1.92405063291139,NA,NA
"2026-Jul","Second",1,2627,395,152,165,40,25,2026-07-03 11:30:00,2026-07-08 10:00:00,2026-07-18 11:30:00,9.46666666666667,8.05152979066022e-06,8.70886075949367,-10.126582278481,NA,NA
"2026-Jul","Second",2,63,340,100.5,140,45,30,2026-07-03 12:00:00,2026-07-08 10:00:00,2026-07-18 11:30:00,8.21140472878999,3.45065562456867e-06,7.01694915254237,-1.42372881355932,NA,NA
"2026-Jul","Second",2,17,219,105,100,NA,NA,2026-07-03 12:00:00,2026-07-08 10:00:00,2026-07-18 11:30:00,NA,NA,NA,NA,NA,NA
"2026-Jul","Second",2,55,563,223,165,83,42,2026-07-03 12:00:00,2026-07-08 10:00:00,2026-07-18 11:30:00,4.40611961057024,-8.05152979066022e-06,9.76271186440678,-0.406779661016949,NA,NA
"2026-Jul","Second",2,67,343,122,115,40,22,2026-07-03 12:00:00,2026-07-08 10:00:00,2026-07-18 11:30:00,7.47705146036161,2.30043708304578e-06,7.52542372881356,-3.45762711864407,NA,NA
"2026-Jul","Second",2,2619,359,143,165,39,25,2026-07-03 12:00:00,2026-07-08 10:00:00,2026-07-18 11:30:00,7.07649513212796,3.45065562456867e-06,9.76271186440678,0.203389830508475,NA,NA
"2026-Jul","Breaker",1,2620,532,377,250,56,56,2026-07-04 14:20:00,2026-07-10 13:00:00,2026-07-20 09:00:00,4.75352112676056,0,14.2990654205607,-10.4299065420561,NA,NA
"2026-Jul","Breaker",1,27,164,78,60,21,12,2026-07-04 14:20:00,2026-07-10 13:00:00,2026-07-20 09:00:00,5.19718309859155,-2.35404896421846e-06,2.85981308411215,-0.841121495327103,NA,NA
"2026-Jul","Breaker",1,24,320,182,210,20,33,2026-07-04 13:49:00,2026-07-10 13:00:00,2026-07-20 08:54:00,3.35546273906353,1.17752343271631e-06,8.04562914678152,3.18472820393435,NA,NA
"2026-Jul","Breaker",1,45,350,82,90,35,23,2026-07-04 13:49:00,2026-07-10 13:00:00,2026-07-20 08:54:00,NA,NA,4.86090094284717,0.335234547782563,NA,NA
"2026-Jul","Breaker",1,30,291,118,100,19,21,2026-07-04 13:49:00,2026-07-10 13:00:00,2026-07-20 08:54:00,NA,NA,5.69898731230357,-3.85519729949948,NA,NA
"2026-Jul","Breaker",1,15,160,100,90,13,12,2026-07-04 13:49:00,2026-07-10 13:00:00,2026-07-20 08:54:00,NA,NA,6.3694564078687,0.502851821673845,NA,NA
"2026-Jul","Breaker",1,2554,376,227,250,73,54,2026-07-04 14:20:00,2026-07-10 13:00:00,2026-07-20 09:00:00,2.21830985915493,-3.53107344632768e-06,21.0280373831776,7.06542056074766,NA,NA
"2026-Jul","Breaker",1,2610,271,86,105,35,23,2026-07-04 14:20:00,2026-07-10 13:00:00,2026-07-20 09:00:00,11.0915492957746,0,3.2803738317757,0.588785046728972,NA,NA
"2026-Jul","Breaker",1,31,164,68,60,11,9,2026-07-04 14:20:00,2026-07-10 13:00:00,2026-07-20 09:00:00,NA,NA,2.52336448598131,0.168224299065421,NA,NA
"2026-Jul","Breaker",1,2637,376,139,300,44,38,2026-07-04 13:49:00,2026-07-10 13:00:00,2026-07-20 08:54:00,5.25478127060892,0,5.19613549062973,-2.68187638226051,NA,NA
"2026-Jul","Breaker",1,2609,396,330,280,45,55,2026-07-04 13:49:00,2026-07-10 13:00:00,2026-07-20 08:54:00,NA,NA,9.88941915958561,-15.2531719241066,NA,NA
"2026-Jul","Breaker",1,2639,360,81,130,38,24,2026-07-04 13:49:00,2026-07-10 13:00:00,2026-07-20 08:54:00,14.434820839745,2.35504686543262e-06,4.5256663950646,0.167617273891282,NA,NA
"2026-Jul","Breaker",1,2630,376,94,95,24,21,2026-07-04 13:49:00,2026-07-10 13:00:00,2026-07-20 08:54:00,10.572873158936,2.35504686543262e-06,3.10091956698871,-0.754277732510767,NA,NA
"2026-Jul","Breaker",1,57,442,183,190,41,44,2026-07-04 13:49:00,2026-07-10 13:00:00,2026-07-20 08:54:00,NA,NA,7.71039459899895,-4.69328366895588,NA,NA
"2026-Jul","Triquetta",1,2634,178,58,60,NA,NA,2026-07-04 11:00:00,2026-07-10 11:00:00,2026-07-19 14:30:00,NA,NA,NA,NA,NA,NA
"2026-Jul","Triquetta",1,2651,130,78,40,18,9,2026-07-04 11:00:00,2026-07-10 11:00:00,2026-07-19 14:30:00,6.40440165061898,1.39205264490003e-05,4.66666666666667,-1,NA,NA
"2026-Jul","Triquetta",2,44,115,47,48,24,11,2026-07-04 11:00:00,2026-07-10 11:00:00,2026-07-19 14:30:00,6.33837689133425,5.06200961781827e-06,NA,NA,NA,NA
"2026-Jul","Triquetta",2,23,185,64,60,36,17,2026-07-04 11:45:00,2026-07-10 10:15:00,2026-07-19 14:30:00,6.68228807718815,1.63955101526044e-05,5.55789473684211,-0.673684210526316,NA,NA
"2026-Jul","Triquetta",2,26,208,67,100,43,25,2026-07-04 11:45:00,2026-07-10 10:15:00,2026-07-19 14:30:00,6.61612680909717,3.78357926598562e-06,6.73684210526316,0.336842105263158,NA,NA
"2026-Jul","Triquetta",2,2656,137,69,70,36,24,2026-07-04 11:45:00,2026-07-10 10:15:00,2026-07-19 14:30:00,5.95451412818746,1.38731239752806e-05,5.05263157894737,0.505263157894737,NA,NA
"2026-Jul","Triquetta",2,41,111,97,80,20,11,2026-07-04 11:00:00,2026-07-10 11:00:00,2026-07-19 14:30:00,7.59284731774415,2.02480384712731e-05,7.58333333333333,0.416666666666667,NA,NA
"2026-Jul","Triquetta",3,2631,131,57,60,26,9,2026-07-04 11:00:00,2026-07-10 11:00:00,2026-07-19 14:30:00,5.21595598349381,1.13895216400911e-05,4.66666666666667,0.166666666666667,NA,NA
"2026-Jul","Triquetta",3,2649,137,36,45,17,17,2026-07-04 11:00:00,2026-07-10 11:00:00,2026-07-19 14:30:00,4.02751031636864,2.53100480890914e-06,3.83333333333333,0,NA,NA
"2026-Jul","Triquetta",3,2608,247,110,130,NA,NA,2026-07-04 11:45:00,2026-07-10 10:15:00,2026-07-19 14:30:00,NA,NA,8.33684210526316,-0.589473684210526,NA,NA
"2026-Jul","Triquetta",3,21,103,60,45,20,12,2026-07-04 11:00:00,2026-07-10 11:00:00,2026-07-19 14:30:00,NA,NA,4.16666666666667,0,NA,NA
"2026-Jul","Triquetta",3,43,158,61,50,27,18,2026-07-04 11:00:00,2026-07-10 11:00:00,2026-07-19 14:30:00,5.08390646492435,-3.79650721336371e-06,4,-3.66666666666667,NA,NA
"2026-Jul","Triquetta",3,38,173,75,100,44,25,2026-07-04 11:00:00,2026-07-10 11:00:00,2026-07-19 14:30:00,6.33837689133425,-5.06200961781827e-06,7,-1.66666666666667,NA,NA
