interval,date,site,diver,transect,side,distance,tag,time,presence,timestamp,stipe_length,blade_count,punch_length,punch_blade_length,blade_avg_length,Sbulb_max,sori
1,2016-05-20,Manley,AM,1,L,3.6,310,13:30:00,y,1,137,NA,30,107,100,NA,0
1,2016-05-20,Manley,AM,1,L,11.3,1781,13:30:00,y,1,120,NA,35,114,100,NA,0
1,2016-05-20,Manley,AM,1,L,12,313,13:30:00,y,1,252,NA,35,115,110,NA,0
1,2016-05-20,Manley,AM,2,L,3.3,2010,13:30:00,y,1,197,NA,50,155,120,NA,0
1,2016-05-20,Manley,AM,2,L,12,1734,13:30:00,y,1,121,NA,35,115,115,NA,0
1,2016-05-20,Manley,AM,2,L,18.3,1867,13:30:00,y,1,104,NA,25,80,100,NA,0
1,2016-05-20,Manley,AM,3,L,9,1792,13:30:00,y,1,49,NA,15,46,45,NA,0
1,2016-05-20,Manley,AM,3,L,13,1730,13:30:00,y,1,41,NA,10,38,30,NA,0
1,2016-05-20,Manley,OP,1,R,3.7,1763,13:30:00,y,1,138,NA,30,108,110,NA,0
1,2016-05-20,Manley,OP,1,R,7,1939,13:30:00,y,1,116,NA,20,68,80,NA,0
1,2016-05-20,Manley,OP,1,R,16.3,1863,13:30:00,y,1,112,NA,25,76,80,NA,0
1,2016-05-20,Manley,OP,2,R,12,2129,13:30:00,y,1,39,NA,10,40,30,NA,0
1,2016-05-20,Manley,OP,2,R,13.2,2038,13:30:00,y,1,183,NA,30,90,125,NA,0
1,2016-05-20,Manley,OP,2,R,18.6,1793,13:30:00,y,1,64,NA,15,52,50,NA,0
1,2016-05-20,Manley,OP,3,R,1,2091,13:30:00,y,1,99,NA,25,60,70,NA,0
1,2016-05-20,Manley,OP,3,R,8.2,2089,13:30:00,y,1,66,NA,12,42,55,NA,0
1,2016-05-20,North,AM,1,L,10,2077,15:40:00,y,1,337,NA,70,190,250,NA,0
1,2016-05-20,North,AM,2,L,5.6,1873,15:40:00,y,1,100,NA,25,88,90,NA,0
1,2016-05-20,North,AM,2,L,10.7,2107,15:40:00,y,1,59,NA,15,48,45,NA,0
1,2016-05-20,North,AM,2,L,18,1815,15:40:00,y,1,116,NA,20,60,70,NA,0
1,2016-05-20,North,AM,3,L,14.1,2007,15:40:00,y,1,244,NA,30,106,140,NA,0
1,2016-05-20,North,AM,3,L,16.2,1703,15:40:00,y,1,64,NA,25,75,65,NA,0
1,2016-05-20,North,AM,3,L,16.2,1743,15:40:00,y,1,117,NA,40,116,120,NA,0
1,2016-05-20,North,NR,2,R,19.5,1992,15:40:00,y,1,65.5,NA,9,28,33,NA,0
1,2016-05-20,North,NR,2,R,20,2059,15:40:00,y,1,58,NA,15,44,25,NA,0
1,2016-05-20,North,NR,3,L,12.75,1701,15:40:00,y,1,108,NA,18,50,74,NA,0
1,2016-05-20,North,NR,3,L,14.1,2112,15:40:00,y,1,277,NA,33,99,105,NA,0
1,2016-05-20,North,NR,3,R,5.75,2100,15:40:00,y,1,303,NA,20,60,175,NA,0
1,2016-05-21,Second,AM,1,L,7.1,2102,9:25:00,y,1,146,NA,30,105,110,NA,0
1,2016-05-21,Second,AM,2,L,8,311,9:25:00,y,1,124,NA,25,88,90,NA,0
1,2016-05-21,Second,AM,2,L,8,1838,9:25:00,y,1,134,NA,25,85,100,NA,0
1,2016-05-21,Second,AM,2,L,14,1716,9:25:00,y,1,115,NA,25,80,85,NA,0
1,2016-05-21,Second,AM,3,L,0,1936,9:25:00,y,1,224,NA,30,110,260,NA,0
1,2016-05-21,Second,AM,3,L,4.6,2034,9:25:00,y,1,267,NA,60,180,218,NA,0
1,2016-05-21,Second,AM,3,R,8.3,317,9:25:00,y,1,106,NA,30,92,105,NA,0
1,2016-05-21,Second,OP,1,R,0,1822,9:25:00,y,1,76,NA,15,45,45,NA,0
1,2016-05-21,Second,OP,1,R,6,1706,9:25:00,y,1,95,NA,15,51,55,NA,0
1,2016-05-21,Second,OP,1,R,11,2418,9:25:00,y,1,200,NA,25,78,115,NA,0
1,2016-05-21,Second,OP,2,R,8,2093,9:25:00,y,1,46,NA,13,38,40,NA,0
1,2016-05-21,Second,OP,2,R,13,2512,9:25:00,y,1,59,NA,15,51,45,NA,0
1,2016-05-21,Second,OP,3,R,6,1857,9:25:00,y,1,233,NA,34,104,120,NA,0
1,2016-05-21,Second,OP,3,R,11.4,2086,9:25:00,y,1,83,NA,17,53,55,NA,0
1,2016-05-21,Second,OP,3,R,12,1917,9:25:00,y,1,160,NA,26,77,100,NA,0
1,2016-05-22,Manley,NR,1,NA,NA,NA,13:30:00,NA,1,92,NA,NA,NA,45,NA,0
1,2016-05-22,Manley,NR,1,NA,NA,NA,13:30:00,NA,1,100,NA,NA,NA,60,NA,0
1,2016-05-22,Manley,NR,1,NA,NA,NA,13:30:00,NA,1,100,NA,NA,NA,68,NA,0
1,2016-05-22,Manley,NR,1,NA,NA,NA,13:30:00,NA,1,102,NA,NA,NA,70,NA,0
1,2016-05-22,Manley,NR,1,NA,NA,NA,13:30:00,NA,1,105,NA,NA,NA,50,NA,0
1,2016-05-22,Manley,NR,1,NA,NA,NA,13:30:00,NA,1,116,NA,NA,NA,78,NA,0
1,2016-05-22,Manley,NR,1,NA,NA,NA,13:30:00,NA,1,116,NA,NA,NA,85,NA,0
1,2016-05-22,Manley,NR,1,NA,NA,NA,13:30:00,NA,1,123,NA,NA,NA,87,NA,0
1,2016-05-22,Manley,NR,1,NA,NA,NA,13:30:00,NA,1,125,NA,NA,NA,95,NA,0
1,2016-05-22,Manley,NR,1,NA,NA,NA,13:30:00,NA,1,130,NA,NA,NA,105,NA,0
1,2016-05-22,Manley,NR,1,NA,NA,NA,13:30:00,NA,1,137,NA,NA,NA,88,NA,0
1,2016-05-22,Manley,NR,1,NA,NA,NA,13:30:00,NA,1,169,NA,NA,NA,100,NA,0
1,2016-05-22,Manley,NR,1,NA,NA,NA,13:30:00,NA,1,215,NA,NA,NA,110,NA,0
1,2016-05-22,Manley,NR,1,NA,NA,NA,13:30:00,NA,1,217,NA,NA,NA,175,NA,0
1,2016-05-22,Manley,NR,1,NA,NA,NA,13:30:00,NA,1,361,NA,NA,NA,150,NA,0
1,2016-05-22,Manley,NR,2,NA,NA,NA,13:30:00,NA,1,100,NA,NA,NA,85,NA,0
1,2016-05-22,Manley,NR,2,NA,NA,NA,13:30:00,NA,1,101,NA,NA,NA,45,NA,0
1,2016-05-22,Manley,NR,2,NA,NA,NA,13:30:00,NA,1,103,NA,NA,NA,70,NA,0
1,2016-05-22,Manley,NR,2,NA,NA,NA,13:30:00,NA,1,104,NA,NA,NA,40,NA,0
1,2016-05-22,Manley,NR,2,NA,NA,NA,13:30:00,NA,1,115,NA,NA,NA,75,NA,0
1,2016-05-22,Manley,NR,2,NA,NA,NA,13:30:00,NA,1,127,NA,NA,NA,110,NA,0
1,2016-05-22,Manley,NR,2,NA,NA,NA,13:30:00,NA,1,138,NA,NA,NA,85,NA,0
1,2016-05-22,Manley,NR,2,NA,NA,NA,13:30:00,NA,1,155,NA,NA,NA,85,NA,0
1,2016-05-22,Manley,NR,2,NA,NA,NA,13:30:00,NA,1,189,NA,NA,NA,115,NA,0
1,2016-05-22,Manley,NR,2,NA,NA,NA,13:30:00,NA,1,239,NA,NA,NA,115,NA,0
1,2016-05-22,Manley,NR,2,NA,NA,NA,13:30:00,NA,1,436,NA,NA,NA,50,NA,L
1,2016-05-22,Manley,NR,2,NA,NA,NA,13:30:00,NA,1,439,NA,NA,NA,80,NA,0
1,2016-05-22,Manley,NR,2,NA,NA,NA,13:30:00,NA,1,460,NA,NA,NA,175,NA,L
1,2016-05-22,Manley,NR,2,NA,NA,NA,13:30:00,NA,1,480,NA,NA,NA,110,NA,L
1,2016-05-22,Manley,NR,2,NA,NA,NA,13:30:00,NA,1,585,NA,NA,NA,250,NA,L
1,2016-05-22,Manley,OP,3,NA,NA,NA,13:30:00,NA,1,102,NA,NA,NA,91,NA,0
1,2016-05-22,Manley,OP,3,NA,NA,NA,13:30:00,NA,1,104,NA,NA,NA,89,NA,0
1,2016-05-22,Manley,OP,3,NA,NA,NA,13:30:00,NA,1,105,NA,NA,NA,45,NA,0
1,2016-05-22,Manley,OP,3,NA,NA,NA,13:30:00,NA,1,113,NA,NA,NA,67,NA,0
1,2016-05-22,Manley,OP,3,NA,NA,NA,13:30:00,NA,1,114,NA,NA,NA,72,NA,0
1,2016-05-22,Manley,OP,3,NA,NA,NA,13:30:00,NA,1,118,NA,NA,NA,86,NA,0
1,2016-05-22,Manley,OP,3,NA,NA,NA,13:30:00,NA,1,124,NA,NA,NA,91,NA,0
1,2016-05-22,Manley,OP,3,NA,NA,NA,13:30:00,NA,1,182,NA,NA,NA,89,NA,0
1,2016-05-22,Manley,OP,3,NA,NA,NA,13:30:00,NA,1,203,NA,NA,NA,164,NA,0
1,2016-05-23,Second,AM,1,NA,NA,NA,9:25:00,NA,1,37,NA,NA,NA,58,NA,0
1,2016-05-23,Second,AM,1,NA,NA,NA,9:25:00,NA,1,56,NA,NA,NA,52,NA,0
1,2016-05-23,Second,AM,1,NA,NA,NA,9:25:00,NA,1,58,NA,NA,NA,72,NA,0
1,2016-05-23,Second,AM,1,NA,NA,NA,9:25:00,NA,1,64,NA,NA,NA,55,NA,0
1,2016-05-23,Second,AM,1,NA,NA,NA,9:25:00,NA,1,75,NA,NA,NA,70,NA,0
1,2016-05-23,Second,AM,1,NA,NA,NA,9:25:00,NA,1,91,NA,NA,NA,85,NA,0
1,2016-05-23,Second,AM,1,NA,NA,NA,9:25:00,NA,1,96,NA,NA,NA,75,NA,0
1,2016-05-23,Second,AM,1,NA,NA,NA,9:25:00,NA,1,100,NA,NA,NA,83,NA,0
1,2016-05-23,Second,AM,1,NA,NA,NA,9:25:00,NA,1,117,NA,NA,NA,85,NA,0
1,2016-05-23,Second,AM,1,NA,NA,NA,9:25:00,NA,1,140,NA,NA,NA,75,NA,0
1,2016-05-23,Second,AM,1,NA,NA,NA,9:25:00,NA,1,182,NA,NA,NA,94,NA,0
1,2016-05-23,Second,AM,1,NA,NA,NA,9:25:00,NA,1,186,NA,NA,NA,140,NA,0
1,2016-05-23,Second,AM,1,NA,NA,NA,9:25:00,NA,1,190,NA,NA,NA,126,NA,0
1,2016-05-23,Second,AM,1,NA,NA,NA,9:25:00,NA,1,222,NA,NA,NA,150,NA,0
1,2016-05-23,Second,AM,1,NA,NA,NA,9:25:00,NA,1,326,NA,NA,NA,300,NA,0
1,2016-05-23,Second,AM,2,NA,NA,NA,9:25:00,NA,1,36,NA,NA,NA,42,NA,0
1,2016-05-23,Second,AM,2,NA,NA,NA,9:25:00,NA,1,48,NA,NA,NA,50,NA,0
1,2016-05-23,Second,AM,2,NA,NA,NA,9:25:00,NA,1,52,NA,NA,NA,65,NA,0
1,2016-05-23,Second,AM,2,NA,NA,NA,9:25:00,NA,1,71,NA,NA,NA,60,NA,0
1,2016-05-23,Second,AM,2,NA,NA,NA,9:25:00,NA,1,133,NA,NA,NA,93,NA,0
1,2016-05-23,Second,AM,2,NA,NA,NA,9:25:00,NA,1,142,NA,NA,NA,100,NA,0
1,2016-05-23,Second,AM,2,NA,NA,NA,9:25:00,NA,1,164,NA,NA,NA,110,NA,0
1,2016-05-23,Second,AM,2,NA,NA,NA,9:25:00,NA,1,171,NA,NA,NA,175,NA,0
1,2016-05-23,Second,AM,2,NA,NA,NA,9:25:00,NA,1,177,NA,NA,NA,140,NA,0
1,2016-05-23,Second,AM,2,NA,NA,NA,9:25:00,NA,1,181,NA,NA,NA,120,NA,0
1,2016-05-23,Second,AM,3,NA,NA,NA,9:25:00,NA,1,74,NA,NA,NA,70,NA,0
1,2016-05-23,Second,AM,3,NA,NA,NA,9:25:00,NA,1,98,NA,NA,NA,70,NA,0
1,2016-05-23,Second,AM,3,NA,NA,NA,9:25:00,NA,1,123,NA,NA,NA,92,NA,0
1,2016-05-23,Second,AM,3,NA,NA,NA,9:25:00,NA,1,151,NA,NA,NA,90,NA,0
1,2016-05-23,Second,AM,3,NA,NA,NA,9:25:00,NA,1,240,NA,NA,NA,210,NA,0
1,2016-05-23,Second,AM,3,NA,NA,NA,9:25:00,NA,1,243,NA,NA,NA,170,NA,0
1,2016-05-23,Second,AM,3,NA,NA,NA,9:25:00,NA,1,270,NA,NA,NA,150,NA,0
1,2016-05-23,Second,AM,3,NA,NA,NA,9:25:00,NA,1,277,NA,NA,NA,220,NA,0
1,2016-05-23,Second,AM,3,NA,NA,NA,9:25:00,NA,1,298,NA,NA,NA,190,NA,0
1,2016-05-26,Manley,AM,1,L,3.6,310,10:35:00,y,2,NA,27,49.9,124.2,NA,NA,NA
1,2016-05-26,Manley,AM,1,L,11.3,1781,10:35:00,y,2,NA,19,NA,NA,NA,NA,NA
1,2016-05-26,Manley,AM,1,L,12,313,10:35:00,y,2,NA,45,56.9,104.6,NA,NA,NA
1,2016-05-26,Manley,AM,2,L,3.3,2010,10:35:00,y,2,NA,54,75.1,159.3,NA,NA,NA
1,2016-05-26,Manley,AM,2,L,12,1734,10:35:00,y,2,NA,34,61.7,140.6,NA,NA,NA
1,2016-05-26,Manley,AM,2,L,18.3,1867,10:35:00,y,2,NA,23,44.6,98.7,NA,NA,NA
1,2016-05-26,Manley,AM,3,L,9,1792,10:35:00,y,2,NA,20,31.8,71.9,NA,NA,NA
1,2016-05-26,Manley,AM,3,L,13,1730,10:35:00,y,2,NA,17,20.2,51.6,NA,NA,NA
1,2016-05-26,Manley,OP,1,R,3.7,1763,10:35:00,y,2,NA,41,52.2,128.8,NA,NA,NA
1,2016-05-26,Manley,OP,1,R,7,1939,10:35:00,y,2,NA,32,30,79.7,NA,NA,NA
1,2016-05-26,Manley,OP,1,R,16.3,1863,10:35:00,y,2,NA,19,42.7,92.1,NA,NA,NA
1,2016-05-26,Manley,OP,2,R,12,2129,10:35:00,y,2,NA,10,19,48.5,NA,NA,NA
1,2016-05-26,Manley,OP,2,R,13.2,2038,10:35:00,y,2,NA,43,49.9,113.6,NA,NA,NA
1,2016-05-26,Manley,OP,2,R,18.6,1793,10:35:00,y,2,NA,16,28.8,60.5,NA,NA,NA
1,2016-05-26,Manley,OP,3,R,1,2091,10:35:00,y,2,NA,23,44,77.6,NA,NA,NA
1,2016-05-26,Manley,OP,3,R,8.2,2089,10:35:00,y,2,NA,30,28.5,59,NA,NA,NA
1,2016-05-26,North,AM,1,L,10,2077,13:26:00,y,2,NA,74,NA,NA,NA,NA,NA
1,2016-05-26,North,AM,2,L,5.6,1873,13:26:00,y,2,NA,20,82,146.6,NA,NA,NA
1,2016-05-26,North,AM,2,L,10.7,2107,13:26:00,y,2,NA,10,49.5,86.1,NA,NA,NA
1,2016-05-26,North,AM,2,L,18,1815,13:26:00,y,2,NA,20,60,89.9,NA,NA,NA
1,2016-05-26,North,AM,3,L,14.1,2007,13:26:00,y,2,NA,28,83.6,139.7,NA,NA,NA
1,2016-05-26,North,AM,3,L,16.2,1703,13:26:00,y,2,NA,10,64.3,106.6,NA,NA,NA
1,2016-05-26,North,AM,3,L,16.2,1743,13:26:00,y,2,NA,20,94.5,125.6,NA,NA,NA
1,2016-05-26,North,NR,2,R,19.5,1992,13:26:00,y,2,NA,8,35.6,57.8,NA,NA,NA
1,2016-05-26,North,NR,2,R,20,2059,13:26:00,y,2,NA,9,35.7,67.5,NA,NA,NA
1,2016-05-26,North,NR,3,L,12.75,1701,13:26:00,y,2,NA,19,66.4,107.5,NA,NA,NA
1,2016-05-26,North,NR,3,L,14.1,2112,13:26:00,y,2,NA,23,62.6,135,NA,NA,NA
1,2016-05-26,North,NR,3,R,5.75,2100,13:26:00,y,2,NA,33,71,123.5,NA,NA,NA
1,2016-05-27,North,OP,2,NA,NA,NA,15:40:00,NA,1,106,NA,NA,NA,74,NA,0
1,2016-05-27,Second,AM,1,L,7.1,2102,9:20:00,y,2,NA,19,87.1,162,NA,NA,NA
1,2016-05-27,Second,AM,2,L,8,311,9:20:00,y,2,NA,16,66,131.5,NA,NA,NA
1,2016-05-27,Second,AM,2,L,8,1838,9:20:00,y,2,NA,21,72.2,193.3,NA,NA,NA
1,2016-05-27,Second,AM,2,L,14,1716,9:20:00,y,2,NA,20,70.7,135.1,NA,NA,NA
1,2016-05-27,Second,AM,3,L,0,1936,9:20:00,y,2,NA,55,112.3,198.5,NA,NA,NA
1,2016-05-27,Second,AM,3,L,4.6,2034,9:20:00,y,2,NA,49,NA,254.5,NA,NA,NA
1,2016-05-27,Second,AM,3,R,8.3,317,9:20:00,y,2,NA,28,82,149.6,NA,NA,NA
1,2016-05-27,Second,OP,1,R,0,1822,9:20:00,y,2,NA,17,41.3,76.8,NA,NA,NA
1,2016-05-27,Second,OP,1,R,6,1706,9:20:00,y,2,NA,17,49,92.5,NA,NA,NA
1,2016-05-27,Second,OP,1,R,11,2418,9:20:00,y,2,NA,38,84.5,140.6,NA,NA,NA
1,2016-05-27,Second,OP,2,R,8,2093,9:20:00,y,2,NA,11,41.4,69.6,NA,NA,NA
1,2016-05-27,Second,OP,2,R,13,2512,9:20:00,y,2,NA,12,41.5,77.5,NA,NA,NA
1,2016-05-27,Second,OP,3,R,6,1857,9:20:00,y,2,NA,38,105.2,180,NA,NA,NA
1,2016-05-27,Second,OP,3,R,11.4,2086,9:20:00,y,2,NA,10,53.5,94,NA,NA,NA
1,2016-05-27,Second,OP,3,R,12,1917,9:20:00,y,2,NA,30,74,132.3,NA,NA,NA
1,2016-06-09,North,AM,1,L,10,2077,13:30:00,y,3,NA,66,NA,NA,NA,NA,NA
1,2016-06-09,North,AM,2,L,5.6,1873,13:30:00,y,3,302,42,NA,NA,NA,NA,NA
1,2016-06-09,North,AM,2,L,10.7,2107,13:30:00,y,3,236,32,NA,NA,NA,NA,NA
1,2016-06-09,North,AM,2,L,18,1815,13:30:00,y,3,343,45,NA,NA,NA,NA,NA
1,2016-06-09,North,AM,3,L,14.1,2007,13:30:00,y,3,465,44,NA,NA,NA,NA,NA
1,2016-06-09,North,AM,3,L,16.2,1703,13:30:00,y,3,250,26,NA,NA,NA,NA,NA
1,2016-06-09,North,AM,3,L,16.2,1743,13:30:00,n,3,NA,NA,NA,NA,NA,NA,NA
1,2016-06-09,North,NR,2,R,19.5,1992,13:30:00,y,3,175,20,NA,NA,NA,NA,NA
1,2016-06-09,North,NR,2,R,20,2059,13:30:00,y,3,143,19,NA,NA,NA,NA,NA
1,2016-06-09,North,NR,3,L,12.75,1701,13:30:00,y,3,268,29,NA,NA,NA,NA,NA
1,2016-06-09,North,NR,3,L,14.1,2112,13:30:00,y,3,466,56,NA,NA,NA,NA,NA
1,2016-06-09,North,NR,3,R,5.75,2100,13:30:00,n,3,NA,NA,NA,NA,NA,NA,NA
1,2016-06-09,Second,AM,1,L,7.1,2102,14:30:00,y,3,391,48,NA,NA,NA,NA,NA
1,2016-06-09,Second,AM,2,L,8,311,14:30:00,y,3,373,34,NA,NA,NA,NA,NA
1,2016-06-09,Second,AM,2,L,8,1838,14:30:00,y,3,227,55,NA,NA,NA,NA,NA
1,2016-06-09,Second,AM,2,L,14,1716,14:30:00,y,3,361,53,NA,NA,NA,NA,NA
1,2016-06-09,Second,AM,3,L,0,1936,14:30:00,y,3,336,79,NA,NA,NA,NA,NA
1,2016-06-09,Second,AM,3,L,4.6,2034,14:30:00,y,3,404,46,NA,NA,NA,NA,NA
1,2016-06-09,Second,AM,3,R,8.3,317,14:30:00,y,3,277,43,NA,NA,NA,NA,NA
1,2016-06-09,Second,OP,1,R,0,1822,14:30:00,y,3,299,37,NA,NA,NA,NA,NA
1,2016-06-09,Second,OP,1,R,6,1706,14:30:00,y,3,305,47,NA,NA,NA,NA,NA
1,2016-06-09,Second,OP,1,R,11,2418,14:30:00,y,3,370,66,NA,NA,NA,NA,NA
1,2016-06-09,Second,OP,2,R,8,2093,14:30:00,y,3,167,21,NA,NA,NA,NA,NA
1,2016-06-09,Second,OP,2,R,13,2512,14:30:00,y,3,268,27,NA,NA,NA,NA,NA
1,2016-06-09,Second,OP,3,R,6,1857,14:30:00,n,3,NA,NA,NA,NA,NA,NA,NA
1,2016-06-09,Second,OP,3,R,11.4,2086,14:30:00,y,3,274,32,NA,NA,NA,NA,NA
1,2016-06-09,Second,OP,3,R,12,1917,14:30:00,y,3,286,62,NA,NA,NA,NA,NA
1,2016-06-15,Manley,AM,1,L,3.6,310,10:30:00,y,3,189,40,NA,NA,NA,NA,NA
1,2016-06-15,Manley,AM,1,L,11.3,1781,10:30:00,y,3,188,25,NA,NA,NA,NA,NA
1,2016-06-15,Manley,AM,1,L,12,313,10:30:00,y,3,272,57,NA,NA,NA,NA,NA
1,2016-06-15,Manley,AM,2,L,3.3,2010,10:30:00,y,3,248,57,NA,NA,NA,NA,NA
1,2016-06-15,Manley,AM,2,L,12,1734,10:30:00,y,3,171,34,NA,NA,NA,NA,NA
1,2016-06-15,Manley,AM,2,L,18.3,1867,10:30:00,y,3,162,32,NA,NA,NA,NA,NA
1,2016-06-15,Manley,AM,3,L,9,1792,10:30:00,y,3,75,24,NA,NA,NA,NA,NA
1,2016-06-15,Manley,AM,3,L,13,1730,10:30:00,y,3,81,16,NA,NA,NA,NA,NA
1,2016-06-15,Manley,OP,1,R,3.7,1763,10:30:00,y,3,196,56,NA,NA,NA,NA,NA
1,2016-06-15,Manley,OP,1,R,7,1939,10:30:00,y,3,168,60,NA,NA,NA,NA,NA
1,2016-06-15,Manley,OP,1,R,16.3,1863,10:30:00,y,3,168,27,NA,NA,NA,NA,NA
1,2016-06-15,Manley,OP,2,R,12,2129,10:30:00,y,3,120,20,NA,NA,NA,NA,NA
1,2016-06-15,Manley,OP,2,R,13.2,2038,10:30:00,y,3,235,64,NA,NA,NA,NA,NA
1,2016-06-15,Manley,OP,2,R,18.6,1793,10:30:00,y,3,144,32,NA,NA,NA,NA,NA
1,2016-06-15,Manley,OP,3,R,1,2091,10:30:00,y,3,173,37,NA,NA,NA,NA,NA
1,2016-06-15,Manley,OP,3,R,8.2,2089,10:30:00,y,3,111,39,NA,NA,NA,NA,NA
1,NA,Manley,NR,1,NA,NA,NA,NA,NA,2,NA,NA,NA,NA,NA,NA,NA
1,NA,Manley,NR,1,NA,NA,NA,NA,NA,2,NA,NA,NA,NA,NA,NA,NA
1,NA,Manley,NR,1,NA,NA,NA,NA,NA,2,NA,NA,NA,NA,NA,NA,NA
1,NA,Manley,NR,1,NA,NA,NA,NA,NA,2,NA,NA,NA,NA,NA,NA,NA
1,NA,Manley,NR,1,NA,NA,NA,NA,NA,2,NA,NA,NA,NA,NA,NA,NA
1,NA,Manley,NR,1,NA,NA,NA,NA,NA,2,NA,NA,NA,NA,NA,NA,NA
1,NA,Manley,NR,1,NA,NA,NA,NA,NA,2,NA,NA,NA,NA,NA,NA,NA
1,NA,Manley,NR,1,NA,NA,NA,NA,NA,2,NA,NA,NA,NA,NA,NA,NA
1,NA,Manley,NR,1,NA,NA,NA,NA,NA,2,NA,NA,NA,NA,NA,NA,NA
1,NA,Manley,NR,1,NA,NA,NA,NA,NA,2,NA,NA,NA,NA,NA,NA,NA
1,NA,Manley,NR,1,NA,NA,NA,NA,NA,2,NA,NA,NA,NA,NA,NA,NA
1,NA,Manley,NR,1,NA,NA,NA,NA,NA,2,NA,NA,NA,NA,NA,NA,NA
1,NA,Manley,NR,1,NA,NA,NA,NA,NA,2,NA,NA,NA,NA,NA,NA,NA
1,NA,Manley,NR,1,NA,NA,NA,NA,NA,2,NA,NA,NA,NA,NA,NA,NA
1,NA,Manley,NR,1,NA,NA,NA,NA,NA,2,NA,NA,NA,NA,NA,NA,NA
1,NA,Manley,NR,1,NA,NA,NA,NA,NA,3,NA,NA,NA,NA,NA,NA,NA
1,NA,Manley,NR,1,NA,NA,NA,NA,NA,3,NA,NA,NA,NA,NA,NA,NA
1,NA,Manley,NR,1,NA,NA,NA,NA,NA,3,NA,NA,NA,NA,NA,NA,NA
1,NA,Manley,NR,1,NA,NA,NA,NA,NA,3,NA,NA,NA,NA,NA,NA,NA
1,NA,Manley,NR,1,NA,NA,NA,NA,NA,3,NA,NA,NA,NA,NA,NA,NA
1,NA,Manley,NR,1,NA,NA,NA,NA,NA,3,NA,NA,NA,NA,NA,NA,NA
1,NA,Manley,NR,1,NA,NA,NA,NA,NA,3,NA,NA,NA,NA,NA,NA,NA
1,NA,Manley,NR,1,NA,NA,NA,NA,NA,3,NA,NA,NA,NA,NA,NA,NA
1,NA,Manley,NR,1,NA,NA,NA,NA,NA,3,NA,NA,NA,NA,NA,NA,NA
1,NA,Manley,NR,1,NA,NA,NA,NA,NA,3,NA,NA,NA,NA,NA,NA,NA
1,NA,Manley,NR,1,NA,NA,NA,NA,NA,3,NA,NA,NA,NA,NA,NA,NA
1,NA,Manley,NR,1,NA,NA,NA,NA,NA,3,NA,NA,NA,NA,NA,NA,NA
1,NA,Manley,NR,1,NA,NA,NA,NA,NA,3,NA,NA,NA,NA,NA,NA,NA
1,NA,Manley,NR,1,NA,NA,NA,NA,NA,3,NA,NA,NA,NA,NA,NA,NA
1,NA,Manley,NR,1,NA,NA,NA,NA,NA,3,NA,NA,NA,NA,NA,NA,NA
1,NA,Manley,NR,2,NA,NA,NA,NA,NA,2,NA,NA,NA,NA,NA,NA,NA
1,NA,Manley,NR,2,NA,NA,NA,NA,NA,2,NA,NA,NA,NA,NA,NA,NA
1,NA,Manley,NR,2,NA,NA,NA,NA,NA,2,NA,NA,NA,NA,NA,NA,NA
1,NA,Manley,NR,2,NA,NA,NA,NA,NA,2,NA,NA,NA,NA,NA,NA,NA
1,NA,Manley,NR,2,NA,NA,NA,NA,NA,2,NA,NA,NA,NA,NA,NA,NA
1,NA,Manley,NR,2,NA,NA,NA,NA,NA,2,NA,NA,NA,NA,NA,NA,NA
1,NA,Manley,NR,2,NA,NA,NA,NA,NA,2,NA,NA,NA,NA,NA,NA,NA
1,NA,Manley,NR,2,NA,NA,NA,NA,NA,2,NA,NA,NA,NA,NA,NA,NA
1,NA,Manley,NR,2,NA,NA,NA,NA,NA,2,NA,NA,NA,NA,NA,NA,NA
1,NA,Manley,NR,2,NA,NA,NA,NA,NA,2,NA,NA,NA,NA,NA,NA,NA
1,NA,Manley,NR,2,NA,NA,NA,NA,NA,2,NA,NA,NA,NA,NA,NA,NA
1,NA,Manley,NR,2,NA,NA,NA,NA,NA,2,NA,NA,NA,NA,NA,NA,NA
1,NA,Manley,NR,2,NA,NA,NA,NA,NA,2,NA,NA,NA,NA,NA,NA,NA
1,NA,Manley,NR,2,NA,NA,NA,NA,NA,2,NA,NA,NA,NA,NA,NA,NA
1,NA,Manley,NR,2,NA,NA,NA,NA,NA,2,NA,NA,NA,NA,NA,NA,NA
1,NA,Manley,NR,2,NA,NA,NA,NA,NA,3,NA,NA,NA,NA,NA,NA,NA
1,NA,Manley,NR,2,NA,NA,NA,NA,NA,3,NA,NA,NA,NA,NA,NA,NA
1,NA,Manley,NR,2,NA,NA,NA,NA,NA,3,NA,NA,NA,NA,NA,NA,NA
1,NA,Manley,NR,2,NA,NA,NA,NA,NA,3,NA,NA,NA,NA,NA,NA,NA
1,NA,Manley,NR,2,NA,NA,NA,NA,NA,3,NA,NA,NA,NA,NA,NA,NA
1,NA,Manley,NR,2,NA,NA,NA,NA,NA,3,NA,NA,NA,NA,NA,NA,NA
1,NA,Manley,NR,2,NA,NA,NA,NA,NA,3,NA,NA,NA,NA,NA,NA,NA
1,NA,Manley,NR,2,NA,NA,NA,NA,NA,3,NA,NA,NA,NA,NA,NA,NA
1,NA,Manley,NR,2,NA,NA,NA,NA,NA,3,NA,NA,NA,NA,NA,NA,NA
1,NA,Manley,NR,2,NA,NA,NA,NA,NA,3,NA,NA,NA,NA,NA,NA,NA
1,NA,Manley,NR,2,NA,NA,NA,NA,NA,3,NA,NA,NA,NA,NA,NA,NA
1,NA,Manley,NR,2,NA,NA,NA,NA,NA,3,NA,NA,NA,NA,NA,NA,NA
1,NA,Manley,NR,2,NA,NA,NA,NA,NA,3,NA,NA,NA,NA,NA,NA,NA
1,NA,Manley,NR,2,NA,NA,NA,NA,NA,3,NA,NA,NA,NA,NA,NA,NA
1,NA,Manley,NR,2,NA,NA,NA,NA,NA,3,NA,NA,NA,NA,NA,NA,NA
1,NA,Manley,OP,3,NA,NA,NA,NA,NA,2,NA,NA,NA,NA,NA,NA,NA
1,NA,Manley,OP,3,NA,NA,NA,NA,NA,2,NA,NA,NA,NA,NA,NA,NA
1,NA,Manley,OP,3,NA,NA,NA,NA,NA,2,NA,NA,NA,NA,NA,NA,NA
1,NA,Manley,OP,3,NA,NA,NA,NA,NA,2,NA,NA,NA,NA,NA,NA,NA
1,NA,Manley,OP,3,NA,NA,NA,NA,NA,2,NA,NA,NA,NA,NA,NA,NA
1,NA,Manley,OP,3,NA,NA,NA,NA,NA,2,NA,NA,NA,NA,NA,NA,NA
1,NA,Manley,OP,3,NA,NA,NA,NA,NA,2,NA,NA,NA,NA,NA,NA,NA
1,NA,Manley,OP,3,NA,NA,NA,NA,NA,2,NA,NA,NA,NA,NA,NA,NA
1,NA,Manley,OP,3,NA,NA,NA,NA,NA,2,NA,NA,NA,NA,NA,NA,NA
1,NA,Manley,OP,3,NA,NA,NA,NA,NA,3,NA,NA,NA,NA,NA,NA,NA
1,NA,Manley,OP,3,NA,NA,NA,NA,NA,3,NA,NA,NA,NA,NA,NA,NA
1,NA,Manley,OP,3,NA,NA,NA,NA,NA,3,NA,NA,NA,NA,NA,NA,NA
1,NA,Manley,OP,3,NA,NA,NA,NA,NA,3,NA,NA,NA,NA,NA,NA,NA
1,NA,Manley,OP,3,NA,NA,NA,NA,NA,3,NA,NA,NA,NA,NA,NA,NA
1,NA,Manley,OP,3,NA,NA,NA,NA,NA,3,NA,NA,NA,NA,NA,NA,NA
1,NA,Manley,OP,3,NA,NA,NA,NA,NA,3,NA,NA,NA,NA,NA,NA,NA
1,NA,Manley,OP,3,NA,NA,NA,NA,NA,3,NA,NA,NA,NA,NA,NA,NA
1,NA,Manley,OP,3,NA,NA,NA,NA,NA,3,NA,NA,NA,NA,NA,NA,NA
1,NA,North,OP,2,NA,NA,NA,NA,NA,2,NA,NA,NA,NA,NA,NA,NA
1,NA,North,OP,2,NA,NA,NA,NA,NA,3,NA,NA,NA,NA,NA,NA,NA
1,NA,Second,AM,1,NA,NA,NA,NA,NA,2,NA,NA,NA,NA,NA,NA,NA
1,NA,Second,AM,1,NA,NA,NA,NA,NA,2,NA,NA,NA,NA,NA,NA,NA
1,NA,Second,AM,1,NA,NA,NA,NA,NA,2,NA,NA,NA,NA,NA,NA,NA
1,NA,Second,AM,1,NA,NA,NA,NA,NA,2,NA,NA,NA,NA,NA,NA,NA
1,NA,Second,AM,1,NA,NA,NA,NA,NA,2,NA,NA,NA,NA,NA,NA,NA
1,NA,Second,AM,1,NA,NA,NA,NA,NA,2,NA,NA,NA,NA,NA,NA,NA
1,NA,Second,AM,1,NA,NA,NA,NA,NA,2,NA,NA,NA,NA,NA,NA,NA
1,NA,Second,AM,1,NA,NA,NA,NA,NA,2,NA,NA,NA,NA,NA,NA,NA
1,NA,Second,AM,1,NA,NA,NA,NA,NA,2,NA,NA,NA,NA,NA,NA,NA
1,NA,Second,AM,1,NA,NA,NA,NA,NA,2,NA,NA,NA,NA,NA,NA,NA
1,NA,Second,AM,1,NA,NA,NA,NA,NA,2,NA,NA,NA,NA,NA,NA,NA
1,NA,Second,AM,1,NA,NA,NA,NA,NA,2,NA,NA,NA,NA,NA,NA,NA
1,NA,Second,AM,1,NA,NA,NA,NA,NA,2,NA,NA,NA,NA,NA,NA,NA
1,NA,Second,AM,1,NA,NA,NA,NA,NA,2,NA,NA,NA,NA,NA,NA,NA
1,NA,Second,AM,1,NA,NA,NA,NA,NA,2,NA,NA,NA,NA,NA,NA,NA
1,NA,Second,AM,1,NA,NA,NA,NA,NA,3,NA,NA,NA,NA,NA,NA,NA
1,NA,Second,AM,1,NA,NA,NA,NA,NA,3,NA,NA,NA,NA,NA,NA,NA
1,NA,Second,AM,1,NA,NA,NA,NA,NA,3,NA,NA,NA,NA,NA,NA,NA
1,NA,Second,AM,1,NA,NA,NA,NA,NA,3,NA,NA,NA,NA,NA,NA,NA
1,NA,Second,AM,1,NA,NA,NA,NA,NA,3,NA,NA,NA,NA,NA,NA,NA
1,NA,Second,AM,1,NA,NA,NA,NA,NA,3,NA,NA,NA,NA,NA,NA,NA
1,NA,Second,AM,1,NA,NA,NA,NA,NA,3,NA,NA,NA,NA,NA,NA,NA
1,NA,Second,AM,1,NA,NA,NA,NA,NA,3,NA,NA,NA,NA,NA,NA,NA
1,NA,Second,AM,1,NA,NA,NA,NA,NA,3,NA,NA,NA,NA,NA,NA,NA
1,NA,Second,AM,1,NA,NA,NA,NA,NA,3,NA,NA,NA,NA,NA,NA,NA
1,NA,Second,AM,1,NA,NA,NA,NA,NA,3,NA,NA,NA,NA,NA,NA,NA
1,NA,Second,AM,1,NA,NA,NA,NA,NA,3,NA,NA,NA,NA,NA,NA,NA
1,NA,Second,AM,1,NA,NA,NA,NA,NA,3,NA,NA,NA,NA,NA,NA,NA
1,NA,Second,AM,1,NA,NA,NA,NA,NA,3,NA,NA,NA,NA,NA,NA,NA
1,NA,Second,AM,1,NA,NA,NA,NA,NA,3,NA,NA,NA,NA,NA,NA,NA
1,NA,Second,AM,2,NA,NA,NA,NA,NA,2,NA,NA,NA,NA,NA,NA,NA
1,NA,Second,AM,2,NA,NA,NA,NA,NA,2,NA,NA,NA,NA,NA,NA,NA
1,NA,Second,AM,2,NA,NA,NA,NA,NA,2,NA,NA,NA,NA,NA,NA,NA
1,NA,Second,AM,2,NA,NA,NA,NA,NA,2,NA,NA,NA,NA,NA,NA,NA
1,NA,Second,AM,2,NA,NA,NA,NA,NA,2,NA,NA,NA,NA,NA,NA,NA
1,NA,Second,AM,2,NA,NA,NA,NA,NA,2,NA,NA,NA,NA,NA,NA,NA
1,NA,Second,AM,2,NA,NA,NA,NA,NA,2,NA,NA,NA,NA,NA,NA,NA
1,NA,Second,AM,2,NA,NA,NA,NA,NA,2,NA,NA,NA,NA,NA,NA,NA
1,NA,Second,AM,2,NA,NA,NA,NA,NA,2,NA,NA,NA,NA,NA,NA,NA
1,NA,Second,AM,2,NA,NA,NA,NA,NA,2,NA,NA,NA,NA,NA,NA,NA
1,NA,Second,AM,2,NA,NA,NA,NA,NA,3,NA,NA,NA,NA,NA,NA,NA
1,NA,Second,AM,2,NA,NA,NA,NA,NA,3,NA,NA,NA,NA,NA,NA,NA
1,NA,Second,AM,2,NA,NA,NA,NA,NA,3,NA,NA,NA,NA,NA,NA,NA
1,NA,Second,AM,2,NA,NA,NA,NA,NA,3,NA,NA,NA,NA,NA,NA,NA
1,NA,Second,AM,2,NA,NA,NA,NA,NA,3,NA,NA,NA,NA,NA,NA,NA
1,NA,Second,AM,2,NA,NA,NA,NA,NA,3,NA,NA,NA,NA,NA,NA,NA
1,NA,Second,AM,2,NA,NA,NA,NA,NA,3,NA,NA,NA,NA,NA,NA,NA
1,NA,Second,AM,2,NA,NA,NA,NA,NA,3,NA,NA,NA,NA,NA,NA,NA
1,NA,Second,AM,2,NA,NA,NA,NA,NA,3,NA,NA,NA,NA,NA,NA,NA
1,NA,Second,AM,2,NA,NA,NA,NA,NA,3,NA,NA,NA,NA,NA,NA,NA
1,NA,Second,AM,3,NA,NA,NA,NA,NA,2,NA,NA,NA,NA,NA,NA,NA
1,NA,Second,AM,3,NA,NA,NA,NA,NA,2,NA,NA,NA,NA,NA,NA,NA
1,NA,Second,AM,3,NA,NA,NA,NA,NA,2,NA,NA,NA,NA,NA,NA,NA
1,NA,Second,AM,3,NA,NA,NA,NA,NA,2,NA,NA,NA,NA,NA,NA,NA
1,NA,Second,AM,3,NA,NA,NA,NA,NA,2,NA,NA,NA,NA,NA,NA,NA
1,NA,Second,AM,3,NA,NA,NA,NA,NA,2,NA,NA,NA,NA,NA,NA,NA
1,NA,Second,AM,3,NA,NA,NA,NA,NA,2,NA,NA,NA,NA,NA,NA,NA
1,NA,Second,AM,3,NA,NA,NA,NA,NA,2,NA,NA,NA,NA,NA,NA,NA
1,NA,Second,AM,3,NA,NA,NA,NA,NA,2,NA,NA,NA,NA,NA,NA,NA
1,NA,Second,AM,3,NA,NA,NA,NA,NA,3,NA,NA,NA,NA,NA,NA,NA
1,NA,Second,AM,3,NA,NA,NA,NA,NA,3,NA,NA,NA,NA,NA,NA,NA
1,NA,Second,AM,3,NA,NA,NA,NA,NA,3,NA,NA,NA,NA,NA,NA,NA
1,NA,Second,AM,3,NA,NA,NA,NA,NA,3,NA,NA,NA,NA,NA,NA,NA
1,NA,Second,AM,3,NA,NA,NA,NA,NA,3,NA,NA,NA,NA,NA,NA,NA
1,NA,Second,AM,3,NA,NA,NA,NA,NA,3,NA,NA,NA,NA,NA,NA,NA
1,NA,Second,AM,3,NA,NA,NA,NA,NA,3,NA,NA,NA,NA,NA,NA,NA
1,NA,Second,AM,3,NA,NA,NA,NA,NA,3,NA,NA,NA,NA,NA,NA,NA
1,NA,Second,AM,3,NA,NA,NA,NA,NA,3,NA,NA,NA,NA,NA,NA,NA
2,2016-06-09,North,AM,1,L,5.9,1866,16:15:00,y,1,153,NA,30,100,125,NA,0
2,2016-06-09,North,AM,1,L,6.8,1545,16:15:00,y,1,170,NA,40,133,140,NA,0
2,2016-06-09,North,AM,1,L,12,2099,16:15:00,y,1,243,NA,50,160,170,NA,0
2,2016-06-09,North,AM,2,L,3.6,1918,16:15:00,y,1,170,NA,40,120,150,NA,0
2,2016-06-09,North,AM,2,L,6.2,1878,16:15:00,y,1,97,NA,30,93,100,NA,0
2,2016-06-09,North,AM,3,L,0,2021,16:15:00,y,1,133,NA,25,85,100,NA,0
2,2016-06-09,North,AM,3,L,10.9,1922,16:15:00,y,1,114,NA,40,129,130,NA,0
2,2016-06-09,North,AM,3,L,16.5,1900,16:15:00,y,1,96,NA,20,67,82,NA,0
2,2016-06-09,North,OP,1,R,7.8,1971,16:15:00,y,1,148,NA,21,67,105,NA,0
2,2016-06-09,North,OP,1,R,7.8,2053,16:15:00,y,1,132,NA,30,108,90,NA,0
2,2016-06-09,North,OP,1,R,9.2,1964,16:15:00,y,1,116,NA,21,64,65,NA,0
2,2016-06-09,North,OP,2,R,5.3,1789,16:15:00,y,1,154,NA,40,126,120,NA,0
2,2016-06-09,North,OP,2,R,10.7,1776,16:15:00,y,1,94,NA,20,58,55,NA,0
2,2016-06-09,North,OP,3,R,2,1802,16:15:00,y,1,109,NA,23,84,95,NA,0
2,2016-06-09,North,OP,3,R,9.8,2092,16:15:00,y,1,123,NA,30,101,100,NA,0
2,2016-06-09,North,OP,3,R,14.5,2101,16:15:00,y,1,254,NA,36,123,150,NA,0
2,2016-06-09,Second,AM,1,R,4.8,2402,13:30:00,y,1,170,NA,50,146,150,NA,0
2,2016-06-09,Second,AM,1,R,12.1,2126,13:30:00,y,1,260,NA,50,154,160,NA,0
2,2016-06-09,Second,AM,2,R,3.2,2513,13:30:00,y,1,213,NA,30,90,110,NA,0
2,2016-06-09,Second,AM,2,R,9,2043,13:30:00,y,1,191,NA,60,170,170,NA,0
2,2016-06-09,Second,AM,3,R,1,2500,13:30:00,y,1,137,NA,30,104,120,NA,0
2,2016-06-09,Second,AM,3,R,1.8,1850,13:30:00,y,1,176,NA,40,120,109,NA,0
2,2016-06-09,Second,AM,3,R,5.8,1928,13:30:00,y,1,142,NA,30,96,100,NA,0
2,2016-06-09,Second,AM,3,R,15.1,1731,13:30:00,y,1,134,NA,30,109,120,NA,0
2,2016-06-09,Second,OP,1,L,1,1886,13:30:00,y,1,135,NA,24,71,70,NA,0
2,2016-06-09,Second,OP,1,L,6.4,1940,13:30:00,y,1,309,NA,30,108,180,NA,0
2,2016-06-09,Second,OP,1,L,15.9,2056,13:30:00,y,1,244,NA,20,57,200,NA,0
2,2016-06-09,Second,OP,2,L,12.6,2065,13:30:00,y,1,120,NA,27,78,85,NA,0
2,2016-06-09,Second,OP,2,L,13.5,1828,13:30:00,y,1,309,NA,65,167,180,NA,0
2,2016-06-09,Second,OP,3,L,5.7,1812,13:30:00,y,1,100,NA,20,63,85,NA,0
2,2016-06-09,Second,OP,3,L,6.5,1746,13:30:00,y,1,94,NA,24,72,80,NA,0
2,2016-06-09,Second,OP,3,L,11,2055,13:30:00,y,1,206,NA,31,95,125,NA,0
2,2016-06-11,Manley,AM,1,L,10.3,1800,9:45:00,y,1,221,NA,25,71,95,NA,0
2,2016-06-11,Manley,AM,1,L,16.2,1725,9:45:00,y,1,138,NA,25,86,90,NA,0
2,2016-06-11,Manley,AM,2,L,0.6,1735,9:45:00,y,1,324,NA,30,94,125,NA,0
2,2016-06-11,Manley,AM,2,L,2.5,2030,9:45:00,y,1,171,NA,30,114,120,NA,0
2,2016-06-11,Manley,AM,2,L,13,2078,9:45:00,y,1,165,NA,25,80,110,NA,0
2,2016-06-11,Manley,AM,3,L,0.2,1739,9:45:00,y,1,254,NA,25,83,100,NA,0
2,2016-06-11,Manley,AM,3,L,2.8,1726,9:45:00,y,1,153,NA,25,77,90,NA,0
2,2016-06-11,Manley,AM,3,L,18.7,1771,9:45:00,y,1,240,NA,25,78,80,NA,0
2,2016-06-11,Manley,NR,1,R,7.5,1982,9:45:00,y,1,156,NA,30,110,110,NA,0
2,2016-06-11,Manley,NR,1,R,11.3,2085,9:45:00,y,1,192,NA,20,69,75,NA,0
2,2016-06-11,Manley,NR,1,R,17.4,2114,9:45:00,y,1,166,NA,25,82,96,NA,0
2,2016-06-11,Manley,NR,2,R,4.9,1841,9:45:00,y,1,215,NA,30,95,105,NA,0
2,2016-06-11,Manley,NR,2,R,14.2,2132,9:45:00,y,1,118,NA,30,95,105,NA,0
2,2016-06-11,Manley,NR,3,R,5,1999,9:45:00,y,1,219,NA,30,100,118,NA,0
2,2016-06-12,North,AM,1,NA,NA,NA,14:07:00,NA,1,108,NA,NA,NA,62,NA,0
2,2016-06-12,North,AM,1,NA,NA,NA,14:07:00,NA,1,121,NA,NA,NA,85,NA,0
2,2016-06-12,North,AM,1,NA,NA,NA,14:07:00,NA,1,147,NA,NA,NA,85,NA,0
2,2016-06-12,North,AM,1,NA,NA,NA,14:07:00,NA,1,150,NA,NA,NA,75,NA,0
2,2016-06-12,North,AM,1,NA,NA,NA,14:07:00,NA,1,188,NA,NA,NA,130,NA,0
2,2016-06-12,North,AM,1,NA,NA,NA,14:07:00,NA,1,194,NA,NA,NA,150,NA,0
2,2016-06-12,North,AM,1,NA,NA,NA,14:07:00,NA,1,343,NA,NA,NA,180,NA,0
2,2016-06-12,North,AM,2,NA,NA,NA,14:07:00,NA,1,107,NA,NA,NA,90,NA,0
2,2016-06-12,North,AM,2,NA,NA,NA,14:07:00,NA,1,112,NA,NA,NA,100,NA,0
2,2016-06-12,North,AM,2,NA,NA,NA,14:07:00,NA,1,168,NA,NA,NA,120,NA,0
2,2016-06-12,North,AM,2,NA,NA,NA,14:07:00,NA,1,171,NA,NA,NA,121,NA,0
2,2016-06-12,North,AM,2,NA,NA,NA,14:07:00,NA,1,208,NA,NA,NA,111,NA,0
2,2016-06-12,North,AM,2,NA,NA,NA,14:07:00,NA,1,214,NA,NA,NA,140,NA,0
2,2016-06-12,North,AM,2,NA,NA,NA,14:07:00,NA,1,236,NA,NA,NA,150,NA,0
2,2016-06-12,North,AM,2,NA,NA,NA,14:07:00,NA,1,237,NA,NA,NA,150,NA,0
2,2016-06-12,North,AM,2,NA,NA,NA,14:07:00,NA,1,263,NA,NA,NA,185,NA,0
2,2016-06-12,North,NR,3,NA,NA,NA,14:07:00,NA,1,31,NA,NA,NA,11,NA,0
2,2016-06-12,North,NR,3,NA,NA,NA,14:07:00,NA,1,80,NA,NA,NA,68,NA,0
2,2016-06-12,North,NR,3,NA,NA,NA,14:07:00,NA,1,100,NA,NA,NA,54,NA,0
2,2016-06-12,North,NR,3,NA,NA,NA,14:07:00,NA,1,116,NA,NA,NA,89,NA,0
2,2016-06-12,North,NR,3,NA,NA,NA,14:07:00,NA,1,124,NA,NA,NA,74,NA,0
2,2016-06-12,North,NR,3,NA,NA,NA,14:07:00,NA,1,126,NA,NA,NA,95,NA,0
2,2016-06-12,North,NR,3,NA,NA,NA,14:07:00,NA,1,139,NA,NA,NA,94,NA,0
2,2016-06-12,North,NR,3,NA,NA,NA,14:07:00,NA,1,143,NA,NA,NA,67,NA,0
2,2016-06-12,North,NR,3,NA,NA,NA,14:07:00,NA,1,144,NA,NA,NA,101,NA,0
2,2016-06-12,North,NR,3,NA,NA,NA,14:07:00,NA,1,160,NA,NA,NA,113,NA,0
2,2016-06-12,North,NR,3,NA,NA,NA,14:07:00,NA,1,171,NA,NA,NA,99,NA,0
2,2016-06-12,North,NR,3,NA,NA,NA,14:07:00,NA,1,214,NA,NA,NA,100,NA,0
2,2016-06-12,North,NR,3,NA,NA,NA,14:07:00,NA,1,225,NA,NA,NA,143,NA,0
2,2016-06-12,North,NR,3,NA,NA,NA,14:07:00,NA,1,312,NA,NA,NA,150,NA,0
2,2016-06-12,North,NR,3,NA,NA,NA,14:07:00,NA,1,391,NA,NA,NA,156,NA,0
2,2016-06-12,North,OP,2,NA,NA,NA,14:07:00,NA,1,76,NA,NA,NA,63,NA,0
2,2016-06-12,North,OP,2,NA,NA,NA,14:07:00,NA,1,99,NA,NA,NA,72,NA,0
2,2016-06-12,North,OP,2,NA,NA,NA,14:07:00,NA,1,100,NA,NA,NA,68,NA,0
2,2016-06-12,North,OP,2,NA,NA,NA,14:07:00,NA,1,129,NA,NA,NA,67,NA,0
2,2016-06-12,North,OP,2,NA,NA,NA,14:07:00,NA,1,235,NA,NA,NA,167,NA,0
2,2016-06-12,North,OP,2,NA,NA,NA,14:07:00,NA,1,471,NA,NA,NA,280,NA,0
2,2016-06-13,North,AM,1,L,5.9,1866,10:40:00,y,2,NA,23,52.5,125,NA,NA,NA
2,2016-06-13,North,AM,1,L,6.8,1545,10:40:00,y,2,NA,21,68,166,NA,NA,NA
2,2016-06-13,North,AM,1,L,12,2099,10:40:00,y,2,NA,37,79.5,184,NA,NA,NA
2,2016-06-13,North,AM,2,L,3.6,1918,10:40:00,y,2,NA,16,69,150,NA,NA,NA
2,2016-06-13,North,AM,2,L,6.2,1878,10:40:00,y,2,NA,20,NA,NA,NA,NA,NA
2,2016-06-13,North,AM,3,L,0,2021,10:40:00,y,2,NA,20,45.5,96.5,NA,NA,NA
2,2016-06-13,North,AM,3,L,10.9,1922,10:40:00,y,2,NA,17,71,77,NA,NA,NA
2,2016-06-13,North,AM,3,L,16.5,1900,10:40:00,y,2,NA,10,34,81,NA,NA,NA
2,2016-06-13,North,OP,1,R,7.8,1971,10:40:00,y,2,NA,20,41,89.5,NA,NA,NA
2,2016-06-13,North,OP,1,R,7.8,2053,10:40:00,y,2,NA,15,54,114,NA,NA,NA
2,2016-06-13,North,OP,1,R,9.2,1964,10:40:00,y,2,NA,15,38.5,75.5,NA,NA,NA
2,2016-06-13,North,OP,2,R,5.3,1789,10:40:00,y,2,NA,21,78,170,NA,NA,NA
2,2016-06-13,North,OP,2,R,10.7,1776,10:40:00,y,2,NA,11,36,76.5,NA,NA,NA
2,2016-06-13,North,OP,3,R,2,1802,10:40:00,y,2,NA,14,NA,NA,NA,NA,NA
2,2016-06-13,North,OP,3,R,9.8,2092,10:40:00,y,2,NA,12,53,128,NA,NA,NA
2,2016-06-13,North,OP,3,R,14.5,2101,10:40:00,y,2,NA,24,64,149,NA,NA,NA
2,2016-06-13,Second,AM,1,R,4.8,2402,9:10:00,y,2,NA,26,74,143,NA,NA,NA
2,2016-06-13,Second,AM,1,R,12.1,2126,9:10:00,y,2,NA,35,NA,NA,NA,NA,NA
2,2016-06-13,Second,AM,2,R,3.2,2513,9:10:00,y,2,NA,33,49,109,NA,NA,NA
2,2016-06-13,Second,AM,2,R,9,2043,9:10:00,y,2,NA,36,NA,NA,NA,NA,NA
2,2016-06-13,Second,AM,3,R,1,2500,9:10:00,y,2,NA,30,52,123,NA,NA,NA
2,2016-06-13,Second,AM,3,R,1.8,1850,9:10:00,y,2,NA,23,66.5,136,NA,NA,NA
2,2016-06-13,Second,AM,3,R,5.8,1928,9:10:00,y,2,NA,13,52,119,NA,NA,NA
2,2016-06-13,Second,AM,3,R,15.1,1731,9:10:00,y,2,NA,19,62.5,144,NA,NA,NA
2,2016-06-13,Second,OP,1,L,1,1886,9:10:00,y,2,NA,12,NA,NA,NA,NA,NA
2,2016-06-13,Second,OP,1,L,6.4,1940,9:10:00,y,2,NA,39,54,121.5,NA,NA,NA
2,2016-06-13,Second,OP,1,L,15.9,2056,9:10:00,y,2,NA,35,NA,NA,NA,NA,NA
2,2016-06-13,Second,OP,2,L,12.6,2065,9:10:00,y,2,NA,14,42,93.5,NA,NA,NA
2,2016-06-13,Second,OP,2,L,13.5,1828,9:10:00,y,2,NA,52,87,150,NA,NA,NA
2,2016-06-13,Second,OP,3,L,5.7,1812,9:10:00,y,2,NA,20,37,80.5,NA,NA,NA
2,2016-06-13,Second,OP,3,L,6.5,1746,9:10:00,y,2,NA,15,51,81,NA,NA,NA
2,2016-06-13,Second,OP,3,L,11,2055,9:10:00,y,2,NA,22,53,116,NA,NA,NA
2,2016-06-15,Manley,AM,1,L,10.3,1800,11:45:00,y,2,NA,48,37.6,87.7,NA,NA,NA
2,2016-06-15,Manley,AM,1,L,16.2,1725,11:45:00,y,2,NA,50,38.7,100.5,NA,NA,NA
2,2016-06-15,Manley,AM,2,L,0.6,1735,11:45:00,y,2,NA,56,50.5,102.4,NA,NA,NA
2,2016-06-15,Manley,AM,2,L,2.5,2030,11:45:00,y,2,NA,30,39.5,106,NA,NA,NA
2,2016-06-15,Manley,AM,2,L,13,2078,11:45:00,y,2,NA,41,38.5,38.5,NA,NA,NA
2,2016-06-15,Manley,AM,3,L,0.2,1739,11:45:00,y,2,NA,33,36.5,79.7,NA,NA,NA
2,2016-06-15,Manley,AM,3,L,2.8,1726,11:45:00,y,2,NA,46,40.6,93,NA,NA,NA
2,2016-06-15,Manley,AM,3,L,18.7,1771,11:45:00,y,2,NA,36,42,74.4,NA,NA,NA
2,2016-06-15,Manley,NR,1,R,7.5,1982,11:45:00,y,2,NA,52,48.5,100,NA,NA,NA
2,2016-06-15,Manley,NR,1,R,11.3,2085,11:45:00,y,2,NA,40,35.8,86.7,NA,NA,NA
2,2016-06-15,Manley,NR,1,R,17.4,2114,11:45:00,y,2,NA,39,34.5,99.3,NA,NA,NA
2,2016-06-15,Manley,NR,2,R,4.9,1841,11:45:00,y,2,NA,41,46.7,46.7,NA,NA,NA
2,2016-06-15,Manley,NR,2,R,14.2,2132,11:45:00,y,2,NA,48,48.4,110,NA,NA,NA
2,2016-06-15,Manley,NR,3,R,5,1999,11:45:00,y,2,NA,51,48.4,109.9,NA,NA,NA
2,2016-06-15,Manley,OP,1,NA,NA,NA,10:40:00,NA,1,66,NA,NA,NA,40,NA,0
2,2016-06-15,Manley,OP,1,NA,NA,NA,10:40:00,NA,1,74,NA,NA,NA,65,NA,0
2,2016-06-15,Manley,OP,1,NA,NA,NA,10:40:00,NA,1,95,NA,NA,NA,60,NA,0
2,2016-06-15,Manley,OP,1,NA,NA,NA,10:40:00,NA,1,95,NA,NA,NA,90,NA,0
2,2016-06-15,Manley,OP,1,NA,NA,NA,10:40:00,NA,1,110,NA,NA,NA,70,NA,0
2,2016-06-15,Manley,OP,1,NA,NA,NA,10:40:00,NA,1,113,NA,NA,NA,65,NA,0
2,2016-06-15,Manley,OP,1,NA,NA,NA,10:40:00,NA,1,115,NA,NA,NA,185,NA,0
2,2016-06-15,Manley,OP,1,NA,NA,NA,10:40:00,NA,1,126,NA,NA,NA,65,NA,0
2,2016-06-15,Manley,OP,1,NA,NA,NA,10:40:00,NA,1,149,NA,NA,NA,110,NA,0
2,2016-06-15,Manley,OP,1,NA,NA,NA,10:40:00,NA,1,170,NA,NA,NA,75,NA,0
2,2016-06-15,Manley,OP,1,NA,NA,NA,10:40:00,NA,1,181,NA,NA,NA,65,NA,0
2,2016-06-15,Manley,OP,1,NA,NA,NA,10:40:00,NA,1,185,NA,NA,NA,90,NA,0
2,2016-06-15,Manley,OP,1,NA,NA,NA,10:40:00,NA,1,197,NA,NA,NA,70,NA,0
2,2016-06-15,Manley,OP,1,NA,NA,NA,10:40:00,NA,1,200,NA,NA,NA,100,NA,0
2,2016-06-15,Manley,OP,1,NA,NA,NA,10:40:00,NA,1,285,NA,NA,NA,100,NA,0
2,2016-06-15,Manley,OP,2,NA,NA,NA,10:40:00,NA,1,97,NA,NA,NA,60,NA,0
2,2016-06-15,Manley,OP,2,NA,NA,NA,10:40:00,NA,1,98,NA,NA,NA,65,NA,0
2,2016-06-15,Manley,OP,2,NA,NA,NA,10:40:00,NA,1,99,NA,NA,NA,55,NA,0
2,2016-06-15,Manley,OP,2,NA,NA,NA,10:40:00,NA,1,118,NA,NA,NA,70,NA,0
2,2016-06-15,Manley,OP,2,NA,NA,NA,10:40:00,NA,1,121,NA,NA,NA,55,NA,0
2,2016-06-15,Manley,OP,2,NA,NA,NA,10:40:00,NA,1,128,NA,NA,NA,95,NA,0
2,2016-06-15,Manley,OP,2,NA,NA,NA,10:40:00,NA,1,150,NA,NA,NA,100,NA,0
2,2016-06-15,Manley,OP,2,NA,NA,NA,10:40:00,NA,1,153,NA,NA,NA,100,NA,0
2,2016-06-15,Manley,OP,2,NA,NA,NA,10:40:00,NA,1,164,NA,NA,NA,125,NA,0
2,2016-06-15,Manley,OP,2,NA,NA,NA,10:40:00,NA,1,166,NA,NA,NA,65,NA,0
2,2016-06-15,Manley,OP,2,NA,NA,NA,10:40:00,NA,1,187,NA,NA,NA,95,NA,0
2,2016-06-15,Manley,OP,2,NA,NA,NA,10:40:00,NA,1,190,NA,NA,NA,100,NA,0
2,2016-06-15,Manley,OP,2,NA,NA,NA,10:40:00,NA,1,208,NA,NA,NA,110,NA,0
2,2016-06-15,Manley,OP,2,NA,NA,NA,10:40:00,NA,1,235,NA,NA,NA,85,NA,0
2,2016-06-15,Manley,OP,2,NA,NA,NA,10:40:00,NA,1,279,NA,NA,NA,140,NA,0
2,2016-06-15,Manley,OP,3,NA,NA,NA,10:40:00,NA,1,100,NA,NA,NA,75,NA,0
2,2016-06-15,Manley,OP,3,NA,NA,NA,10:40:00,NA,1,112,NA,NA,NA,60,NA,0
2,2016-06-15,Manley,OP,3,NA,NA,NA,10:40:00,NA,1,116,NA,NA,NA,95,NA,0
2,2016-06-15,Manley,OP,3,NA,NA,NA,10:40:00,NA,1,117,NA,NA,NA,90,NA,0
2,2016-06-15,Manley,OP,3,NA,NA,NA,10:40:00,NA,1,120,NA,NA,NA,65,NA,0
2,2016-06-15,Manley,OP,3,NA,NA,NA,10:40:00,NA,1,121,NA,NA,NA,50,NA,0
2,2016-06-15,Manley,OP,3,NA,NA,NA,10:40:00,NA,1,140,NA,NA,NA,70,NA,0
2,2016-06-15,Manley,OP,3,NA,NA,NA,10:40:00,NA,1,142,NA,NA,NA,80,NA,0
2,2016-06-15,Manley,OP,3,NA,NA,NA,10:40:00,NA,1,142,NA,NA,NA,110,NA,0
2,2016-06-15,Manley,OP,3,NA,NA,NA,10:40:00,NA,1,180,NA,NA,NA,100,NA,0
2,2016-06-15,Manley,OP,3,NA,NA,NA,10:40:00,NA,1,188,NA,NA,NA,120,NA,0
2,2016-06-15,Manley,OP,3,NA,NA,NA,10:40:00,NA,1,193,NA,NA,NA,125,NA,0
2,2016-06-15,Manley,OP,3,NA,NA,NA,10:40:00,NA,1,225,NA,NA,NA,100,NA,0
2,2016-06-15,Manley,OP,3,NA,NA,NA,10:40:00,NA,1,250,NA,NA,NA,140,NA,0
2,2016-06-15,Manley,OP,3,NA,NA,NA,10:40:00,NA,1,302,NA,NA,NA,100,NA,0
2,2016-06-17,Second,OP,1,NA,NA,NA,9:08:00,NA,1,100,NA,NA,NA,50,NA,0
2,2016-06-17,Second,OP,1,NA,NA,NA,9:08:00,NA,1,110,NA,NA,NA,65,NA,0
2,2016-06-17,Second,OP,1,NA,NA,NA,9:08:00,NA,1,121,NA,NA,NA,75,NA,0
2,2016-06-17,Second,OP,1,NA,NA,NA,9:08:00,NA,1,127,NA,NA,NA,86,NA,0
2,2016-06-17,Second,OP,1,NA,NA,NA,9:08:00,NA,1,155,NA,NA,NA,100,NA,0
2,2016-06-17,Second,OP,1,NA,NA,NA,9:08:00,NA,1,160,NA,NA,NA,100,NA,0
2,2016-06-17,Second,OP,1,NA,NA,NA,9:08:00,NA,1,165,NA,NA,NA,80,NA,0
2,2016-06-17,Second,OP,1,NA,NA,NA,9:08:00,NA,1,172,NA,NA,NA,100,NA,0
2,2016-06-17,Second,OP,1,NA,NA,NA,9:08:00,NA,1,184,NA,NA,NA,100,NA,0
2,2016-06-17,Second,OP,1,NA,NA,NA,9:08:00,NA,1,198,NA,NA,NA,100,NA,0
2,2016-06-17,Second,OP,1,NA,NA,NA,9:08:00,NA,1,220,NA,NA,NA,150,NA,0
2,2016-06-17,Second,OP,1,NA,NA,NA,9:08:00,NA,1,230,NA,NA,NA,120,NA,0
2,2016-06-17,Second,OP,1,NA,NA,NA,9:08:00,NA,1,348,NA,NA,NA,140,NA,0
2,2016-06-17,Second,OP,1,NA,NA,NA,9:08:00,NA,1,350,NA,NA,NA,200,NA,0
2,2016-06-17,Second,OP,1,NA,NA,NA,9:08:00,NA,1,419,NA,NA,NA,250,NA,0
2,2016-06-17,Second,OP,2,NA,NA,NA,9:08:00,NA,1,115,NA,NA,NA,100,NA,0
2,2016-06-17,Second,OP,2,NA,NA,NA,9:08:00,NA,1,117,NA,NA,NA,150,NA,0
2,2016-06-17,Second,OP,2,NA,NA,NA,9:08:00,NA,1,128,NA,NA,NA,90,NA,0
2,2016-06-17,Second,OP,2,NA,NA,NA,9:08:00,NA,1,129,NA,NA,NA,80,NA,0
2,2016-06-17,Second,OP,2,NA,NA,NA,9:08:00,NA,1,134,NA,NA,NA,90,NA,0
2,2016-06-17,Second,OP,2,NA,NA,NA,9:08:00,NA,1,134,NA,NA,NA,100,NA,0
2,2016-06-17,Second,OP,2,NA,NA,NA,9:08:00,NA,1,254,NA,NA,NA,100,NA,0
2,2016-06-17,Second,OP,2,NA,NA,NA,9:08:00,NA,1,254,NA,NA,NA,150,NA,0
2,2016-06-17,Second,OP,2,NA,NA,NA,9:08:00,NA,1,260,NA,NA,NA,130,NA,0
2,2016-06-17,Second,OP,2,NA,NA,NA,9:08:00,NA,1,300,NA,NA,NA,130,NA,0
2,2016-06-17,Second,OP,2,NA,NA,NA,9:08:00,NA,1,319,NA,NA,NA,120,NA,0
2,2016-06-17,Second,OP,2,NA,NA,NA,9:08:00,NA,1,324,NA,NA,NA,200,NA,0
2,2016-06-17,Second,OP,2,NA,NA,NA,9:08:00,NA,1,400,NA,NA,NA,230,NA,0
2,2016-06-17,Second,OP,2,NA,NA,NA,9:08:00,NA,1,415,NA,NA,NA,200,NA,0
2,2016-06-17,Second,OP,2,NA,NA,NA,9:08:00,NA,1,424,NA,NA,NA,250,NA,0
2,2016-06-17,Second,OP,3,NA,NA,NA,9:08:00,NA,1,104,NA,NA,NA,75,NA,0
2,2016-06-17,Second,OP,3,NA,NA,NA,9:08:00,NA,1,111,NA,NA,NA,85,NA,0
2,2016-06-17,Second,OP,3,NA,NA,NA,9:08:00,NA,1,113,NA,NA,NA,78,NA,0
2,2016-06-17,Second,OP,3,NA,NA,NA,9:08:00,NA,1,120,NA,NA,NA,80,NA,0
2,2016-06-17,Second,OP,3,NA,NA,NA,9:08:00,NA,1,126,NA,NA,NA,60,NA,0
2,2016-06-17,Second,OP,3,NA,NA,NA,9:08:00,NA,1,142,NA,NA,NA,85,NA,0
2,2016-06-17,Second,OP,3,NA,NA,NA,9:08:00,NA,1,158,NA,NA,NA,72,NA,0
2,2016-06-17,Second,OP,3,NA,NA,NA,9:08:00,NA,1,168,NA,NA,NA,125,NA,0
2,2016-06-17,Second,OP,3,NA,NA,NA,9:08:00,NA,1,172,NA,NA,NA,120,NA,0
2,2016-06-17,Second,OP,3,NA,NA,NA,9:08:00,NA,1,174,NA,NA,NA,105,NA,0
2,2016-06-17,Second,OP,3,NA,NA,NA,9:08:00,NA,1,178,NA,NA,NA,125,NA,0
2,2016-06-17,Second,OP,3,NA,NA,NA,9:08:00,NA,1,275,NA,NA,NA,93,NA,0
2,2016-06-17,Second,OP,3,NA,NA,NA,9:08:00,NA,1,308,NA,NA,NA,180,NA,0
2,2016-06-17,Second,OP,3,NA,NA,NA,9:08:00,NA,1,316,NA,NA,NA,200,NA,0
2,2016-06-17,Second,OP,3,NA,NA,NA,9:08:00,NA,1,333,NA,NA,NA,200,NA,0
2,2016-07-20,Second,AM,1,R,4.8,2402,14:00:00,n,3,NA,NA,NA,NA,NA,NA,NA
2,2016-07-20,Second,AM,1,R,12.1,2126,14:00:00,n,3,NA,NA,NA,NA,NA,NA,NA
2,2016-07-20,Second,AM,2,R,3.2,2513,14:00:00,y,3,333,67,NA,NA,NA,NA,NA
2,2016-07-20,Second,AM,2,R,9,2043,14:00:00,n,3,NA,NA,NA,NA,NA,NA,NA
2,2016-07-20,Second,AM,3,R,1,2500,14:00:00,n,3,NA,NA,NA,NA,NA,NA,NA
2,2016-07-20,Second,AM,3,R,1.8,1850,14:00:00,n,3,NA,NA,NA,NA,NA,NA,NA
2,2016-07-20,Second,AM,3,R,5.8,1928,14:00:00,y,3,358,27,NA,NA,NA,NA,NA
2,2016-07-20,Second,AM,3,R,15.1,1731,14:00:00,y,3,298,28,NA,NA,NA,NA,NA
2,2016-07-20,Second,OP,1,L,1,1886,14:00:00,y,3,363,37,NA,NA,NA,NA,NA
2,2016-07-20,Second,OP,1,L,6.4,1940,14:00:00,y,3,532,41,NA,NA,NA,NA,NA
2,2016-07-20,Second,OP,1,L,15.9,2056,14:00:00,y,3,470,50,NA,NA,NA,NA,NA
2,2016-07-20,Second,OP,2,L,12.6,2065,14:00:00,n,3,NA,NA,NA,NA,NA,NA,NA
2,2016-07-20,Second,OP,2,L,13.5,1828,14:00:00,y,3,512,45,NA,NA,NA,NA,NA
2,2016-07-20,Second,OP,3,L,5.7,1812,14:00:00,n,3,NA,NA,NA,NA,NA,NA,NA
2,2016-07-20,Second,OP,3,L,6.5,1746,14:00:00,n,3,NA,NA,NA,NA,NA,NA,NA
2,2016-07-20,Second,OP,3,L,11,2055,14:00:00,n,3,NA,NA,NA,NA,NA,NA,NA
2,2016-07-21,Manley,AM,1,L,10.3,1800,13:00:00,y,3,308,60,NA,NA,NA,NA,NA
2,2016-07-21,Manley,AM,1,L,16.2,1725,13:00:00,y,3,273,31,NA,NA,NA,NA,NA
2,2016-07-21,Manley,AM,2,L,0.6,1735,13:00:00,y,3,397,65,NA,NA,NA,NA,NA
2,2016-07-21,Manley,AM,2,L,2.5,2030,13:00:00,n,3,NA,NA,NA,NA,NA,NA,NA
2,2016-07-21,Manley,AM,2,L,13,2078,13:00:00,y,3,235,48,NA,NA,NA,NA,NA
2,2016-07-21,Manley,AM,3,L,0.2,1739,13:00:00,n,3,NA,NA,NA,NA,NA,NA,NA
2,2016-07-21,Manley,AM,3,L,2.8,1726,13:00:00,y,3,283,74,NA,NA,NA,NA,NA
2,2016-07-21,Manley,AM,3,L,18.7,1771,13:00:00,y,3,350,45,NA,NA,NA,NA,NA
2,2016-07-21,Manley,NR,1,R,7.5,1982,13:00:00,y,3,294,70,NA,NA,NA,NA,NA
2,2016-07-21,Manley,NR,1,R,11.3,2085,13:00:00,y,3,277,47,NA,NA,NA,NA,NA
2,2016-07-21,Manley,NR,1,R,17.4,2114,13:00:00,y,3,266,58,NA,NA,NA,NA,NA
2,2016-07-21,Manley,NR,2,R,4.9,1841,13:00:00,y,3,316,56,NA,NA,NA,NA,NA
2,2016-07-21,Manley,NR,2,R,14.2,2132,13:00:00,y,3,219,66,NA,NA,NA,NA,NA
2,2016-07-21,Manley,NR,3,R,5,1999,13:00:00,y,3,286,60,NA,NA,NA,NA,NA
2,2016-07-21,North,AM,1,L,5.9,1866,15:30:00,y,3,394,38,NA,NA,NA,NA,NA
2,2016-07-21,North,AM,1,L,6.8,1545,15:30:00,y,3,450,35,NA,NA,NA,NA,NA
2,2016-07-21,North,AM,1,L,12,2099,15:30:00,y,3,451,43,NA,NA,NA,NA,NA
2,2016-07-21,North,AM,2,L,3.6,1918,15:30:00,y,3,367,33,NA,NA,NA,NA,NA
2,2016-07-21,North,AM,2,L,6.2,1878,15:30:00,y,3,368,38,NA,NA,NA,NA,NA
2,2016-07-21,North,AM,3,L,0,2021,15:30:00,y,3,214,33,NA,NA,NA,NA,NA
2,2016-07-21,North,AM,3,L,10.9,1922,15:30:00,y,3,377,24,NA,NA,NA,NA,NA
2,2016-07-21,North,AM,3,L,16.5,1900,15:30:00,y,3,431,29,NA,NA,NA,NA,NA
2,2016-07-21,North,OP,1,R,7.8,1971,15:30:00,y,3,435,40,NA,NA,NA,NA,NA
2,2016-07-21,North,OP,1,R,7.8,2053,15:30:00,y,3,423,31,NA,NA,NA,NA,NA
2,2016-07-21,North,OP,1,R,9.2,1964,15:30:00,y,3,404,36,NA,NA,NA,NA,NA
2,2016-07-21,North,OP,2,R,5.3,1789,15:30:00,n,3,NA,NA,NA,NA,NA,NA,NA
2,2016-07-21,North,OP,2,R,10.7,1776,15:30:00,y,3,441,36,NA,NA,NA,NA,NA
2,2016-07-21,North,OP,3,R,2,1802,15:30:00,y,3,445,29,NA,NA,NA,NA,NA
2,2016-07-21,North,OP,3,R,9.8,2092,15:30:00,y,3,463,29,NA,NA,NA,NA,NA
2,2016-07-21,North,OP,3,R,14.5,2101,15:30:00,y,3,588,30,NA,NA,NA,NA,NA
2,NA,Manley,OP,1,NA,NA,NA,NA,NA,2,NA,NA,NA,NA,NA,NA,NA
2,NA,Manley,OP,1,NA,NA,NA,NA,NA,2,NA,NA,NA,NA,NA,NA,NA
2,NA,Manley,OP,1,NA,NA,NA,NA,NA,2,NA,NA,NA,NA,NA,NA,NA
2,NA,Manley,OP,1,NA,NA,NA,NA,NA,2,NA,NA,NA,NA,NA,NA,NA
2,NA,Manley,OP,1,NA,NA,NA,NA,NA,2,NA,NA,NA,NA,NA,NA,NA
2,NA,Manley,OP,1,NA,NA,NA,NA,NA,2,NA,NA,NA,NA,NA,NA,NA
2,NA,Manley,OP,1,NA,NA,NA,NA,NA,2,NA,NA,NA,NA,NA,NA,NA
2,NA,Manley,OP,1,NA,NA,NA,NA,NA,2,NA,NA,NA,NA,NA,NA,NA
2,NA,Manley,OP,1,NA,NA,NA,NA,NA,2,NA,NA,NA,NA,NA,NA,NA
2,NA,Manley,OP,1,NA,NA,NA,NA,NA,2,NA,NA,NA,NA,NA,NA,NA
2,NA,Manley,OP,1,NA,NA,NA,NA,NA,2,NA,NA,NA,NA,NA,NA,NA
2,NA,Manley,OP,1,NA,NA,NA,NA,NA,2,NA,NA,NA,NA,NA,NA,NA
2,NA,Manley,OP,1,NA,NA,NA,NA,NA,2,NA,NA,NA,NA,NA,NA,NA
2,NA,Manley,OP,1,NA,NA,NA,NA,NA,2,NA,NA,NA,NA,NA,NA,NA
2,NA,Manley,OP,1,NA,NA,NA,NA,NA,2,NA,NA,NA,NA,NA,NA,NA
2,NA,Manley,OP,1,NA,NA,NA,NA,NA,3,NA,NA,NA,NA,NA,NA,NA
2,NA,Manley,OP,1,NA,NA,NA,NA,NA,3,NA,NA,NA,NA,NA,NA,NA
2,NA,Manley,OP,1,NA,NA,NA,NA,NA,3,NA,NA,NA,NA,NA,NA,NA
2,NA,Manley,OP,1,NA,NA,NA,NA,NA,3,NA,NA,NA,NA,NA,NA,NA
2,NA,Manley,OP,1,NA,NA,NA,NA,NA,3,NA,NA,NA,NA,NA,NA,NA
2,NA,Manley,OP,1,NA,NA,NA,NA,NA,3,NA,NA,NA,NA,NA,NA,NA
2,NA,Manley,OP,1,NA,NA,NA,NA,NA,3,NA,NA,NA,NA,NA,NA,NA
2,NA,Manley,OP,1,NA,NA,NA,NA,NA,3,NA,NA,NA,NA,NA,NA,NA
2,NA,Manley,OP,1,NA,NA,NA,NA,NA,3,NA,NA,NA,NA,NA,NA,NA
2,NA,Manley,OP,1,NA,NA,NA,NA,NA,3,NA,NA,NA,NA,NA,NA,NA
2,NA,Manley,OP,1,NA,NA,NA,NA,NA,3,NA,NA,NA,NA,NA,NA,NA
2,NA,Manley,OP,1,NA,NA,NA,NA,NA,3,NA,NA,NA,NA,NA,NA,NA
2,NA,Manley,OP,1,NA,NA,NA,NA,NA,3,NA,NA,NA,NA,NA,NA,NA
2,NA,Manley,OP,1,NA,NA,NA,NA,NA,3,NA,NA,NA,NA,NA,NA,NA
2,NA,Manley,OP,1,NA,NA,NA,NA,NA,3,NA,NA,NA,NA,NA,NA,NA
2,NA,Manley,OP,2,NA,NA,NA,NA,NA,2,NA,NA,NA,NA,NA,NA,NA
2,NA,Manley,OP,2,NA,NA,NA,NA,NA,2,NA,NA,NA,NA,NA,NA,NA
2,NA,Manley,OP,2,NA,NA,NA,NA,NA,2,NA,NA,NA,NA,NA,NA,NA
2,NA,Manley,OP,2,NA,NA,NA,NA,NA,2,NA,NA,NA,NA,NA,NA,NA
2,NA,Manley,OP,2,NA,NA,NA,NA,NA,2,NA,NA,NA,NA,NA,NA,NA
2,NA,Manley,OP,2,NA,NA,NA,NA,NA,2,NA,NA,NA,NA,NA,NA,NA
2,NA,Manley,OP,2,NA,NA,NA,NA,NA,2,NA,NA,NA,NA,NA,NA,NA
2,NA,Manley,OP,2,NA,NA,NA,NA,NA,2,NA,NA,NA,NA,NA,NA,NA
2,NA,Manley,OP,2,NA,NA,NA,NA,NA,2,NA,NA,NA,NA,NA,NA,NA
2,NA,Manley,OP,2,NA,NA,NA,NA,NA,2,NA,NA,NA,NA,NA,NA,NA
2,NA,Manley,OP,2,NA,NA,NA,NA,NA,2,NA,NA,NA,NA,NA,NA,NA
2,NA,Manley,OP,2,NA,NA,NA,NA,NA,2,NA,NA,NA,NA,NA,NA,NA
2,NA,Manley,OP,2,NA,NA,NA,NA,NA,2,NA,NA,NA,NA,NA,NA,NA
2,NA,Manley,OP,2,NA,NA,NA,NA,NA,2,NA,NA,NA,NA,NA,NA,NA
2,NA,Manley,OP,2,NA,NA,NA,NA,NA,2,NA,NA,NA,NA,NA,NA,NA
2,NA,Manley,OP,2,NA,NA,NA,NA,NA,3,NA,NA,NA,NA,NA,NA,NA
2,NA,Manley,OP,2,NA,NA,NA,NA,NA,3,NA,NA,NA,NA,NA,NA,NA
2,NA,Manley,OP,2,NA,NA,NA,NA,NA,3,NA,NA,NA,NA,NA,NA,NA
2,NA,Manley,OP,2,NA,NA,NA,NA,NA,3,NA,NA,NA,NA,NA,NA,NA
2,NA,Manley,OP,2,NA,NA,NA,NA,NA,3,NA,NA,NA,NA,NA,NA,NA
2,NA,Manley,OP,2,NA,NA,NA,NA,NA,3,NA,NA,NA,NA,NA,NA,NA
2,NA,Manley,OP,2,NA,NA,NA,NA,NA,3,NA,NA,NA,NA,NA,NA,NA
2,NA,Manley,OP,2,NA,NA,NA,NA,NA,3,NA,NA,NA,NA,NA,NA,NA
2,NA,Manley,OP,2,NA,NA,NA,NA,NA,3,NA,NA,NA,NA,NA,NA,NA
2,NA,Manley,OP,2,NA,NA,NA,NA,NA,3,NA,NA,NA,NA,NA,NA,NA
2,NA,Manley,OP,2,NA,NA,NA,NA,NA,3,NA,NA,NA,NA,NA,NA,NA
2,NA,Manley,OP,2,NA,NA,NA,NA,NA,3,NA,NA,NA,NA,NA,NA,NA
2,NA,Manley,OP,2,NA,NA,NA,NA,NA,3,NA,NA,NA,NA,NA,NA,NA
2,NA,Manley,OP,2,NA,NA,NA,NA,NA,3,NA,NA,NA,NA,NA,NA,NA
2,NA,Manley,OP,2,NA,NA,NA,NA,NA,3,NA,NA,NA,NA,NA,NA,NA
2,NA,Manley,OP,3,NA,NA,NA,NA,NA,2,NA,NA,NA,NA,NA,NA,NA
2,NA,Manley,OP,3,NA,NA,NA,NA,NA,2,NA,NA,NA,NA,NA,NA,NA
2,NA,Manley,OP,3,NA,NA,NA,NA,NA,2,NA,NA,NA,NA,NA,NA,NA
2,NA,Manley,OP,3,NA,NA,NA,NA,NA,2,NA,NA,NA,NA,NA,NA,NA
2,NA,Manley,OP,3,NA,NA,NA,NA,NA,2,NA,NA,NA,NA,NA,NA,NA
2,NA,Manley,OP,3,NA,NA,NA,NA,NA,2,NA,NA,NA,NA,NA,NA,NA
2,NA,Manley,OP,3,NA,NA,NA,NA,NA,2,NA,NA,NA,NA,NA,NA,NA
2,NA,Manley,OP,3,NA,NA,NA,NA,NA,2,NA,NA,NA,NA,NA,NA,NA
2,NA,Manley,OP,3,NA,NA,NA,NA,NA,2,NA,NA,NA,NA,NA,NA,NA
2,NA,Manley,OP,3,NA,NA,NA,NA,NA,2,NA,NA,NA,NA,NA,NA,NA
2,NA,Manley,OP,3,NA,NA,NA,NA,NA,2,NA,NA,NA,NA,NA,NA,NA
2,NA,Manley,OP,3,NA,NA,NA,NA,NA,2,NA,NA,NA,NA,NA,NA,NA
2,NA,Manley,OP,3,NA,NA,NA,NA,NA,2,NA,NA,NA,NA,NA,NA,NA
2,NA,Manley,OP,3,NA,NA,NA,NA,NA,2,NA,NA,NA,NA,NA,NA,NA
2,NA,Manley,OP,3,NA,NA,NA,NA,NA,2,NA,NA,NA,NA,NA,NA,NA
2,NA,Manley,OP,3,NA,NA,NA,NA,NA,3,NA,NA,NA,NA,NA,NA,NA
2,NA,Manley,OP,3,NA,NA,NA,NA,NA,3,NA,NA,NA,NA,NA,NA,NA
2,NA,Manley,OP,3,NA,NA,NA,NA,NA,3,NA,NA,NA,NA,NA,NA,NA
2,NA,Manley,OP,3,NA,NA,NA,NA,NA,3,NA,NA,NA,NA,NA,NA,NA
2,NA,Manley,OP,3,NA,NA,NA,NA,NA,3,NA,NA,NA,NA,NA,NA,NA
2,NA,Manley,OP,3,NA,NA,NA,NA,NA,3,NA,NA,NA,NA,NA,NA,NA
2,NA,Manley,OP,3,NA,NA,NA,NA,NA,3,NA,NA,NA,NA,NA,NA,NA
2,NA,Manley,OP,3,NA,NA,NA,NA,NA,3,NA,NA,NA,NA,NA,NA,NA
2,NA,Manley,OP,3,NA,NA,NA,NA,NA,3,NA,NA,NA,NA,NA,NA,NA
2,NA,Manley,OP,3,NA,NA,NA,NA,NA,3,NA,NA,NA,NA,NA,NA,NA
2,NA,Manley,OP,3,NA,NA,NA,NA,NA,3,NA,NA,NA,NA,NA,NA,NA
2,NA,Manley,OP,3,NA,NA,NA,NA,NA,3,NA,NA,NA,NA,NA,NA,NA
2,NA,Manley,OP,3,NA,NA,NA,NA,NA,3,NA,NA,NA,NA,NA,NA,NA
2,NA,Manley,OP,3,NA,NA,NA,NA,NA,3,NA,NA,NA,NA,NA,NA,NA
2,NA,Manley,OP,3,NA,NA,NA,NA,NA,3,NA,NA,NA,NA,NA,NA,NA
2,NA,North,AM,1,NA,NA,NA,NA,NA,2,NA,NA,NA,NA,NA,NA,NA
2,NA,North,AM,1,NA,NA,NA,NA,NA,2,NA,NA,NA,NA,NA,NA,NA
2,NA,North,AM,1,NA,NA,NA,NA,NA,2,NA,NA,NA,NA,NA,NA,NA
2,NA,North,AM,1,NA,NA,NA,NA,NA,2,NA,NA,NA,NA,NA,NA,NA
2,NA,North,AM,1,NA,NA,NA,NA,NA,2,NA,NA,NA,NA,NA,NA,NA
2,NA,North,AM,1,NA,NA,NA,NA,NA,2,NA,NA,NA,NA,NA,NA,NA
2,NA,North,AM,1,NA,NA,NA,NA,NA,2,NA,NA,NA,NA,NA,NA,NA
2,NA,North,AM,1,NA,NA,NA,NA,NA,3,NA,NA,NA,NA,NA,NA,NA
2,NA,North,AM,1,NA,NA,NA,NA,NA,3,NA,NA,NA,NA,NA,NA,NA
2,NA,North,AM,1,NA,NA,NA,NA,NA,3,NA,NA,NA,NA,NA,NA,NA
2,NA,North,AM,1,NA,NA,NA,NA,NA,3,NA,NA,NA,NA,NA,NA,NA
2,NA,North,AM,1,NA,NA,NA,NA,NA,3,NA,NA,NA,NA,NA,NA,NA
2,NA,North,AM,1,NA,NA,NA,NA,NA,3,NA,NA,NA,NA,NA,NA,NA
2,NA,North,AM,1,NA,NA,NA,NA,NA,3,NA,NA,NA,NA,NA,NA,NA
2,NA,North,AM,2,NA,NA,NA,NA,NA,2,NA,NA,NA,NA,NA,NA,NA
2,NA,North,AM,2,NA,NA,NA,NA,NA,2,NA,NA,NA,NA,NA,NA,NA
2,NA,North,AM,2,NA,NA,NA,NA,NA,2,NA,NA,NA,NA,NA,NA,NA
2,NA,North,AM,2,NA,NA,NA,NA,NA,2,NA,NA,NA,NA,NA,NA,NA
2,NA,North,AM,2,NA,NA,NA,NA,NA,2,NA,NA,NA,NA,NA,NA,NA
2,NA,North,AM,2,NA,NA,NA,NA,NA,2,NA,NA,NA,NA,NA,NA,NA
2,NA,North,AM,2,NA,NA,NA,NA,NA,2,NA,NA,NA,NA,NA,NA,NA
2,NA,North,AM,2,NA,NA,NA,NA,NA,2,NA,NA,NA,NA,NA,NA,NA
2,NA,North,AM,2,NA,NA,NA,NA,NA,2,NA,NA,NA,NA,NA,NA,NA
2,NA,North,AM,2,NA,NA,NA,NA,NA,3,NA,NA,NA,NA,NA,NA,NA
2,NA,North,AM,2,NA,NA,NA,NA,NA,3,NA,NA,NA,NA,NA,NA,NA
2,NA,North,AM,2,NA,NA,NA,NA,NA,3,NA,NA,NA,NA,NA,NA,NA
2,NA,North,AM,2,NA,NA,NA,NA,NA,3,NA,NA,NA,NA,NA,NA,NA
2,NA,North,AM,2,NA,NA,NA,NA,NA,3,NA,NA,NA,NA,NA,NA,NA
2,NA,North,AM,2,NA,NA,NA,NA,NA,3,NA,NA,NA,NA,NA,NA,NA
2,NA,North,AM,2,NA,NA,NA,NA,NA,3,NA,NA,NA,NA,NA,NA,NA
2,NA,North,AM,2,NA,NA,NA,NA,NA,3,NA,NA,NA,NA,NA,NA,NA
2,NA,North,AM,2,NA,NA,NA,NA,NA,3,NA,NA,NA,NA,NA,NA,NA
2,NA,North,NR,3,NA,NA,NA,NA,NA,2,NA,NA,NA,NA,NA,NA,NA
2,NA,North,NR,3,NA,NA,NA,NA,NA,2,NA,NA,NA,NA,NA,NA,NA
2,NA,North,NR,3,NA,NA,NA,NA,NA,2,NA,NA,NA,NA,NA,NA,NA
2,NA,North,NR,3,NA,NA,NA,NA,NA,2,NA,NA,NA,NA,NA,NA,NA
2,NA,North,NR,3,NA,NA,NA,NA,NA,2,NA,NA,NA,NA,NA,NA,NA
2,NA,North,NR,3,NA,NA,NA,NA,NA,2,NA,NA,NA,NA,NA,NA,NA
2,NA,North,NR,3,NA,NA,NA,NA,NA,2,NA,NA,NA,NA,NA,NA,NA
2,NA,North,NR,3,NA,NA,NA,NA,NA,2,NA,NA,NA,NA,NA,NA,NA
2,NA,North,NR,3,NA,NA,NA,NA,NA,2,NA,NA,NA,NA,NA,NA,NA
2,NA,North,NR,3,NA,NA,NA,NA,NA,2,NA,NA,NA,NA,NA,NA,NA
2,NA,North,NR,3,NA,NA,NA,NA,NA,2,NA,NA,NA,NA,NA,NA,NA
2,NA,North,NR,3,NA,NA,NA,NA,NA,2,NA,NA,NA,NA,NA,NA,NA
2,NA,North,NR,3,NA,NA,NA,NA,NA,2,NA,NA,NA,NA,NA,NA,NA
2,NA,North,NR,3,NA,NA,NA,NA,NA,2,NA,NA,NA,NA,NA,NA,NA
2,NA,North,NR,3,NA,NA,NA,NA,NA,2,NA,NA,NA,NA,NA,NA,NA
2,NA,North,NR,3,NA,NA,NA,NA,NA,3,NA,NA,NA,NA,NA,NA,NA
2,NA,North,NR,3,NA,NA,NA,NA,NA,3,NA,NA,NA,NA,NA,NA,NA
2,NA,North,NR,3,NA,NA,NA,NA,NA,3,NA,NA,NA,NA,NA,NA,NA
2,NA,North,NR,3,NA,NA,NA,NA,NA,3,NA,NA,NA,NA,NA,NA,NA
2,NA,North,NR,3,NA,NA,NA,NA,NA,3,NA,NA,NA,NA,NA,NA,NA
2,NA,North,NR,3,NA,NA,NA,NA,NA,3,NA,NA,NA,NA,NA,NA,NA
2,NA,North,NR,3,NA,NA,NA,NA,NA,3,NA,NA,NA,NA,NA,NA,NA
2,NA,North,NR,3,NA,NA,NA,NA,NA,3,NA,NA,NA,NA,NA,NA,NA
2,NA,North,NR,3,NA,NA,NA,NA,NA,3,NA,NA,NA,NA,NA,NA,NA
2,NA,North,NR,3,NA,NA,NA,NA,NA,3,NA,NA,NA,NA,NA,NA,NA
2,NA,North,NR,3,NA,NA,NA,NA,NA,3,NA,NA,NA,NA,NA,NA,NA
2,NA,North,NR,3,NA,NA,NA,NA,NA,3,NA,NA,NA,NA,NA,NA,NA
2,NA,North,NR,3,NA,NA,NA,NA,NA,3,NA,NA,NA,NA,NA,NA,NA
2,NA,North,NR,3,NA,NA,NA,NA,NA,3,NA,NA,NA,NA,NA,NA,NA
2,NA,North,NR,3,NA,NA,NA,NA,NA,3,NA,NA,NA,NA,NA,NA,NA
2,NA,North,OP,2,NA,NA,NA,NA,NA,2,NA,NA,NA,NA,NA,NA,NA
2,NA,North,OP,2,NA,NA,NA,NA,NA,2,NA,NA,NA,NA,NA,NA,NA
2,NA,North,OP,2,NA,NA,NA,NA,NA,2,NA,NA,NA,NA,NA,NA,NA
2,NA,North,OP,2,NA,NA,NA,NA,NA,2,NA,NA,NA,NA,NA,NA,NA
2,NA,North,OP,2,NA,NA,NA,NA,NA,2,NA,NA,NA,NA,NA,NA,NA
2,NA,North,OP,2,NA,NA,NA,NA,NA,2,NA,NA,NA,NA,NA,NA,NA
2,NA,North,OP,2,NA,NA,NA,NA,NA,3,NA,NA,NA,NA,NA,NA,NA
2,NA,North,OP,2,NA,NA,NA,NA,NA,3,NA,NA,NA,NA,NA,NA,NA
2,NA,North,OP,2,NA,NA,NA,NA,NA,3,NA,NA,NA,NA,NA,NA,NA
2,NA,North,OP,2,NA,NA,NA,NA,NA,3,NA,NA,NA,NA,NA,NA,NA
2,NA,North,OP,2,NA,NA,NA,NA,NA,3,NA,NA,NA,NA,NA,NA,NA
2,NA,North,OP,2,NA,NA,NA,NA,NA,3,NA,NA,NA,NA,NA,NA,NA
2,NA,Second,OP,1,NA,NA,NA,NA,NA,2,NA,NA,NA,NA,NA,NA,NA
2,NA,Second,OP,1,NA,NA,NA,NA,NA,2,NA,NA,NA,NA,NA,NA,NA
2,NA,Second,OP,1,NA,NA,NA,NA,NA,2,NA,NA,NA,NA,NA,NA,NA
2,NA,Second,OP,1,NA,NA,NA,NA,NA,2,NA,NA,NA,NA,NA,NA,NA
2,NA,Second,OP,1,NA,NA,NA,NA,NA,2,NA,NA,NA,NA,NA,NA,NA
2,NA,Second,OP,1,NA,NA,NA,NA,NA,2,NA,NA,NA,NA,NA,NA,NA
2,NA,Second,OP,1,NA,NA,NA,NA,NA,2,NA,NA,NA,NA,NA,NA,NA
2,NA,Second,OP,1,NA,NA,NA,NA,NA,2,NA,NA,NA,NA,NA,NA,NA
2,NA,Second,OP,1,NA,NA,NA,NA,NA,2,NA,NA,NA,NA,NA,NA,NA
2,NA,Second,OP,1,NA,NA,NA,NA,NA,2,NA,NA,NA,NA,NA,NA,NA
2,NA,Second,OP,1,NA,NA,NA,NA,NA,2,NA,NA,NA,NA,NA,NA,NA
2,NA,Second,OP,1,NA,NA,NA,NA,NA,2,NA,NA,NA,NA,NA,NA,NA
2,NA,Second,OP,1,NA,NA,NA,NA,NA,2,NA,NA,NA,NA,NA,NA,NA
2,NA,Second,OP,1,NA,NA,NA,NA,NA,2,NA,NA,NA,NA,NA,NA,NA
2,NA,Second,OP,1,NA,NA,NA,NA,NA,2,NA,NA,NA,NA,NA,NA,NA
2,NA,Second,OP,1,NA,NA,NA,NA,NA,3,NA,NA,NA,NA,NA,NA,NA
2,NA,Second,OP,1,NA,NA,NA,NA,NA,3,NA,NA,NA,NA,NA,NA,NA
2,NA,Second,OP,1,NA,NA,NA,NA,NA,3,NA,NA,NA,NA,NA,NA,NA
2,NA,Second,OP,1,NA,NA,NA,NA,NA,3,NA,NA,NA,NA,NA,NA,NA
2,NA,Second,OP,1,NA,NA,NA,NA,NA,3,NA,NA,NA,NA,NA,NA,NA
2,NA,Second,OP,1,NA,NA,NA,NA,NA,3,NA,NA,NA,NA,NA,NA,NA
2,NA,Second,OP,1,NA,NA,NA,NA,NA,3,NA,NA,NA,NA,NA,NA,NA
2,NA,Second,OP,1,NA,NA,NA,NA,NA,3,NA,NA,NA,NA,NA,NA,NA
2,NA,Second,OP,1,NA,NA,NA,NA,NA,3,NA,NA,NA,NA,NA,NA,NA
2,NA,Second,OP,1,NA,NA,NA,NA,NA,3,NA,NA,NA,NA,NA,NA,NA
2,NA,Second,OP,1,NA,NA,NA,NA,NA,3,NA,NA,NA,NA,NA,NA,NA
2,NA,Second,OP,1,NA,NA,NA,NA,NA,3,NA,NA,NA,NA,NA,NA,NA
2,NA,Second,OP,1,NA,NA,NA,NA,NA,3,NA,NA,NA,NA,NA,NA,NA
2,NA,Second,OP,1,NA,NA,NA,NA,NA,3,NA,NA,NA,NA,NA,NA,NA
2,NA,Second,OP,1,NA,NA,NA,NA,NA,3,NA,NA,NA,NA,NA,NA,NA
2,NA,Second,OP,2,NA,NA,NA,NA,NA,2,NA,NA,NA,NA,NA,NA,NA
2,NA,Second,OP,2,NA,NA,NA,NA,NA,2,NA,NA,NA,NA,NA,NA,NA
2,NA,Second,OP,2,NA,NA,NA,NA,NA,2,NA,NA,NA,NA,NA,NA,NA
2,NA,Second,OP,2,NA,NA,NA,NA,NA,2,NA,NA,NA,NA,NA,NA,NA
2,NA,Second,OP,2,NA,NA,NA,NA,NA,2,NA,NA,NA,NA,NA,NA,NA
2,NA,Second,OP,2,NA,NA,NA,NA,NA,2,NA,NA,NA,NA,NA,NA,NA
2,NA,Second,OP,2,NA,NA,NA,NA,NA,2,NA,NA,NA,NA,NA,NA,NA
2,NA,Second,OP,2,NA,NA,NA,NA,NA,2,NA,NA,NA,NA,NA,NA,NA
2,NA,Second,OP,2,NA,NA,NA,NA,NA,2,NA,NA,NA,NA,NA,NA,NA
2,NA,Second,OP,2,NA,NA,NA,NA,NA,2,NA,NA,NA,NA,NA,NA,NA
2,NA,Second,OP,2,NA,NA,NA,NA,NA,2,NA,NA,NA,NA,NA,NA,NA
2,NA,Second,OP,2,NA,NA,NA,NA,NA,2,NA,NA,NA,NA,NA,NA,NA
2,NA,Second,OP,2,NA,NA,NA,NA,NA,2,NA,NA,NA,NA,NA,NA,NA
2,NA,Second,OP,2,NA,NA,NA,NA,NA,2,NA,NA,NA,NA,NA,NA,NA
2,NA,Second,OP,2,NA,NA,NA,NA,NA,2,NA,NA,NA,NA,NA,NA,NA
2,NA,Second,OP,2,NA,NA,NA,NA,NA,3,NA,NA,NA,NA,NA,NA,NA
2,NA,Second,OP,2,NA,NA,NA,NA,NA,3,NA,NA,NA,NA,NA,NA,NA
2,NA,Second,OP,2,NA,NA,NA,NA,NA,3,NA,NA,NA,NA,NA,NA,NA
2,NA,Second,OP,2,NA,NA,NA,NA,NA,3,NA,NA,NA,NA,NA,NA,NA
2,NA,Second,OP,2,NA,NA,NA,NA,NA,3,NA,NA,NA,NA,NA,NA,NA
2,NA,Second,OP,2,NA,NA,NA,NA,NA,3,NA,NA,NA,NA,NA,NA,NA
2,NA,Second,OP,2,NA,NA,NA,NA,NA,3,NA,NA,NA,NA,NA,NA,NA
2,NA,Second,OP,2,NA,NA,NA,NA,NA,3,NA,NA,NA,NA,NA,NA,NA
2,NA,Second,OP,2,NA,NA,NA,NA,NA,3,NA,NA,NA,NA,NA,NA,NA
2,NA,Second,OP,2,NA,NA,NA,NA,NA,3,NA,NA,NA,NA,NA,NA,NA
2,NA,Second,OP,2,NA,NA,NA,NA,NA,3,NA,NA,NA,NA,NA,NA,NA
2,NA,Second,OP,2,NA,NA,NA,NA,NA,3,NA,NA,NA,NA,NA,NA,NA
2,NA,Second,OP,2,NA,NA,NA,NA,NA,3,NA,NA,NA,NA,NA,NA,NA
2,NA,Second,OP,2,NA,NA,NA,NA,NA,3,NA,NA,NA,NA,NA,NA,NA
2,NA,Second,OP,2,NA,NA,NA,NA,NA,3,NA,NA,NA,NA,NA,NA,NA
2,NA,Second,OP,3,NA,NA,NA,NA,NA,2,NA,NA,NA,NA,NA,NA,NA
2,NA,Second,OP,3,NA,NA,NA,NA,NA,2,NA,NA,NA,NA,NA,NA,NA
2,NA,Second,OP,3,NA,NA,NA,NA,NA,2,NA,NA,NA,NA,NA,NA,NA
2,NA,Second,OP,3,NA,NA,NA,NA,NA,2,NA,NA,NA,NA,NA,NA,NA
2,NA,Second,OP,3,NA,NA,NA,NA,NA,2,NA,NA,NA,NA,NA,NA,NA
2,NA,Second,OP,3,NA,NA,NA,NA,NA,2,NA,NA,NA,NA,NA,NA,NA
2,NA,Second,OP,3,NA,NA,NA,NA,NA,2,NA,NA,NA,NA,NA,NA,NA
2,NA,Second,OP,3,NA,NA,NA,NA,NA,2,NA,NA,NA,NA,NA,NA,NA
2,NA,Second,OP,3,NA,NA,NA,NA,NA,2,NA,NA,NA,NA,NA,NA,NA
2,NA,Second,OP,3,NA,NA,NA,NA,NA,2,NA,NA,NA,NA,NA,NA,NA
2,NA,Second,OP,3,NA,NA,NA,NA,NA,2,NA,NA,NA,NA,NA,NA,NA
2,NA,Second,OP,3,NA,NA,NA,NA,NA,2,NA,NA,NA,NA,NA,NA,NA
2,NA,Second,OP,3,NA,NA,NA,NA,NA,2,NA,NA,NA,NA,NA,NA,NA
2,NA,Second,OP,3,NA,NA,NA,NA,NA,2,NA,NA,NA,NA,NA,NA,NA
2,NA,Second,OP,3,NA,NA,NA,NA,NA,2,NA,NA,NA,NA,NA,NA,NA
2,NA,Second,OP,3,NA,NA,NA,NA,NA,3,NA,NA,NA,NA,NA,NA,NA
2,NA,Second,OP,3,NA,NA,NA,NA,NA,3,NA,NA,NA,NA,NA,NA,NA
2,NA,Second,OP,3,NA,NA,NA,NA,NA,3,NA,NA,NA,NA,NA,NA,NA
2,NA,Second,OP,3,NA,NA,NA,NA,NA,3,NA,NA,NA,NA,NA,NA,NA
2,NA,Second,OP,3,NA,NA,NA,NA,NA,3,NA,NA,NA,NA,NA,NA,NA
2,NA,Second,OP,3,NA,NA,NA,NA,NA,3,NA,NA,NA,NA,NA,NA,NA
2,NA,Second,OP,3,NA,NA,NA,NA,NA,3,NA,NA,NA,NA,NA,NA,NA
2,NA,Second,OP,3,NA,NA,NA,NA,NA,3,NA,NA,NA,NA,NA,NA,NA
2,NA,Second,OP,3,NA,NA,NA,NA,NA,3,NA,NA,NA,NA,NA,NA,NA
2,NA,Second,OP,3,NA,NA,NA,NA,NA,3,NA,NA,NA,NA,NA,NA,NA
2,NA,Second,OP,3,NA,NA,NA,NA,NA,3,NA,NA,NA,NA,NA,NA,NA
2,NA,Second,OP,3,NA,NA,NA,NA,NA,3,NA,NA,NA,NA,NA,NA,NA
2,NA,Second,OP,3,NA,NA,NA,NA,NA,3,NA,NA,NA,NA,NA,NA,NA
2,NA,Second,OP,3,NA,NA,NA,NA,NA,3,NA,NA,NA,NA,NA,NA,NA
2,NA,Second,OP,3,NA,NA,NA,NA,NA,3,NA,NA,NA,NA,NA,NA,NA
3,2016-07-20,Second,AM,1,R,1.9,2174,14:00:00,y,1,250,NA,15,43,54,NA,0
3,2016-07-20,Second,AM,1,R,7,2173,14:00:00,y,1,367,NA,15,56,57,NA,0
3,2016-07-20,Second,AM,1,R,11,2148,14:00:00,y,1,522,NA,30,92,100,NA,L
3,2016-07-20,Second,AM,2,R,5.1,808,14:00:00,y,1,240,NA,10,32,40,NA,0
3,2016-07-20,Second,AM,2,R,12.9,722,14:00:00,y,1,312,NA,15,53,90,NA,0
3,2016-07-20,Second,AM,3,R,10,759,14:00:00,y,1,212,NA,15,44,50,NA,0
3,2016-07-20,Second,AM,3,R,12.5,2167,14:00:00,y,1,262,NA,15,50,60,NA,0
3,2016-07-20,Second,AM,3,R,18,2163,14:00:00,y,1,310,NA,15,59,56,NA,0
3,2016-07-20,Second,OP,1,L,6.9,2154,14:00:00,y,1,584,NA,15,50,95,NA,L
3,2016-07-20,Second,OP,1,L,13.5,2191,14:00:00,y,1,398,NA,10,25,45,NA,0
3,2016-07-20,Second,OP,1,L,18.1,815,14:00:00,y,1,343,NA,7,21,30,NA,0
3,2016-07-20,Second,OP,2,L,8,2168,14:00:00,y,1,410,NA,20,66,85,NA,0
3,2016-07-20,Second,OP,2,L,16.5,2157,14:00:00,y,1,200,NA,12,38,50,NA,0
3,2016-07-20,Second,OP,3,L,11,797,14:00:00,y,1,366,NA,25,72,75,NA,0
3,2016-07-20,Second,OP,3,L,16.5,848,14:00:00,y,1,296,NA,8,24,35,NA,0
3,2016-07-20,Second,OP,3,L,18.9,2151,14:00:00,y,1,235,NA,7,23,35,NA,0
3,2016-07-21,Manley,AM,1,L,5.1,2192,12:19:00,y,1,240,NA,15,46,60,NA,0
3,2016-07-21,Manley,AM,1,L,12,2165,12:19:00,y,1,348,NA,20,64,90,NA,0
3,2016-07-21,Manley,AM,2,L,1.7,2144,12:19:00,y,1,255,NA,25,79,80,NA,0
3,2016-07-21,Manley,AM,2,L,7.8,2190,12:19:00,y,1,179,NA,20,70,70,NA,0
3,2016-07-21,Manley,AM,2,L,11.5,2170,12:19:00,y,1,250,NA,10,29,38,NA,0
3,2016-07-21,Manley,AM,3,L,3,729,12:19:00,y,1,157,NA,20,64,65,NA,0
3,2016-07-21,Manley,AM,3,L,7,2182,12:19:00,y,1,285,NA,15,49,64,NA,0
3,2016-07-21,Manley,AM,3,L,18,2153,12:19:00,y,1,299,NA,25,86,100,NA,0
3,2016-07-21,Manley,OP,1,R,3.5,2142,12:19:00,y,1,280,NA,23,67,70,NA,0
3,2016-07-21,Manley,OP,1,R,10.1,2064,12:19:00,y,1,169,NA,25,68,100,NA,0
3,2016-07-21,Manley,OP,1,R,18,2140,12:19:00,y,1,132,NA,10,30,50,NA,0
3,2016-07-21,Manley,OP,2,R,3.5,776,12:19:00,y,1,287,NA,25,75,80,NA,0
3,2016-07-21,Manley,OP,2,R,13.5,2159,12:19:00,y,1,215,NA,15,39,65,NA,0
3,2016-07-21,Manley,OP,2,R,18.5,2160,12:19:00,y,1,283,NA,12,37,80,NA,0
3,2016-07-21,Manley,OP,3,R,1,2143,12:19:00,y,1,254,NA,15,42,55,NA,0
3,2016-07-21,Manley,OP,3,R,19.5,721,12:19:00,y,1,319,NA,22,66,75,NA,0
3,2016-07-21,North,AM,1,L,6.9,1737,14:40:00,y,1,339,NA,15,46,50,NA,0
3,2016-07-21,North,AM,1,L,10,1723,14:40:00,y,1,553,NA,30,115,110,NA,0
3,2016-07-21,North,AM,2,L,4.8,1924,14:40:00,y,1,483,NA,20,69,76,NA,L
3,2016-07-21,North,AM,2,L,6.3,335,14:40:00,y,1,387,NA,10,31,30,NA,0
3,2016-07-21,North,AM,2,L,10.5,2042,14:40:00,y,1,513,NA,20,61,76,NA,0
3,2016-07-21,North,AM,3,L,4.2,336,14:40:00,y,1,613,NA,15,53,73,NA,L
3,2016-07-21,North,AM,3,L,4.6,2027,14:40:00,y,1,273,NA,15,45,40,NA,0
3,2016-07-21,North,AM,3,L,13,1986,14:40:00,y,1,155,NA,10,38,45,NA,0
3,2016-07-21,North,OP,1,R,3.2,1834,14:40:00,y,1,248,NA,12,42,50,NA,0
3,2016-07-21,North,OP,1,R,10.5,1787,14:40:00,y,1,477,NA,15,46,60,NA,0
3,2016-07-21,North,OP,2,R,2,1892,14:40:00,y,1,484,NA,22,66,90,NA,0
3,2016-07-21,North,OP,2,R,15,1872,14:40:00,y,1,342,NA,16,29,40,NA,0
3,2016-07-21,North,OP,2,R,20,1806,14:40:00,y,1,366,NA,15,53,60,NA,0
3,2016-07-21,North,OP,3,R,7.5,2145,14:40:00,y,1,264,NA,10,35,35,NA,0
3,2016-07-21,North,OP,3,R,15,1826,14:40:00,y,1,310,NA,15,43,45,NA,0
3,2016-07-21,North,OP,3,R,18.5,853,14:40:00,y,1,329,NA,12,40,40,NA,0
3,2016-07-23,Second,AM,1,R,1.9,2174,15:20:00,y,2,NA,36,NA,NA,NA,NA,NA
3,2016-07-23,Second,AM,1,R,7,2173,15:20:00,y,2,NA,22,16,24,NA,NA,NA
3,2016-07-23,Second,AM,1,R,11,2148,15:20:00,y,2,NA,87,37,80,NA,NA,NA
3,2016-07-23,Second,AM,1,NA,NA,NA,14:00:00,NA,1,112,NA,NA,NA,24,NA,0
3,2016-07-23,Second,AM,1,NA,NA,NA,14:00:00,NA,1,116,NA,NA,NA,34,NA,0
3,2016-07-23,Second,AM,1,NA,NA,NA,14:00:00,NA,1,144,NA,NA,NA,48,NA,0
3,2016-07-23,Second,AM,1,NA,NA,NA,14:00:00,NA,1,183,NA,NA,NA,47,NA,0
3,2016-07-23,Second,AM,1,NA,NA,NA,14:00:00,NA,1,212,NA,NA,NA,30,NA,0
3,2016-07-23,Second,AM,1,NA,NA,NA,14:00:00,NA,1,229,NA,NA,NA,23,NA,0
3,2016-07-23,Second,AM,1,NA,NA,NA,14:00:00,NA,1,286,NA,NA,NA,22,NA,0
3,2016-07-23,Second,AM,1,NA,NA,NA,14:00:00,NA,1,308,NA,NA,NA,44,NA,0
3,2016-07-23,Second,AM,1,NA,NA,NA,14:00:00,NA,1,377,NA,NA,NA,39,NA,0
3,2016-07-23,Second,AM,1,NA,NA,NA,14:00:00,NA,1,380,NA,NA,NA,31,NA,0
3,2016-07-23,Second,AM,1,NA,NA,NA,14:00:00,NA,1,386,NA,NA,NA,26,NA,0
3,2016-07-23,Second,AM,1,NA,NA,NA,14:00:00,NA,1,431,NA,NA,NA,52,NA,0
3,2016-07-23,Second,AM,1,NA,NA,NA,14:00:00,NA,1,456,NA,NA,NA,50,NA,0
3,2016-07-23,Second,AM,1,NA,NA,NA,14:00:00,NA,1,520,NA,NA,NA,44,NA,0
3,2016-07-23,Second,AM,1,NA,NA,NA,14:00:00,NA,1,546,NA,NA,NA,23,NA,0
3,2016-07-23,Second,AM,2,R,5.1,808,15:20:00,y,2,NA,44,10,20,NA,NA,NA
3,2016-07-23,Second,AM,2,R,12.9,722,15:20:00,y,2,NA,48,17,42,NA,NA,NA
3,2016-07-23,Second,AM,2,NA,NA,NA,14:00:00,NA,1,106,NA,NA,NA,32,NA,0
3,2016-07-23,Second,AM,2,NA,NA,NA,14:00:00,NA,1,176,NA,NA,NA,35,NA,0
3,2016-07-23,Second,AM,2,NA,NA,NA,14:00:00,NA,1,195,NA,NA,NA,38,NA,0
3,2016-07-23,Second,AM,2,NA,NA,NA,14:00:00,NA,1,231,NA,NA,NA,34,NA,0
3,2016-07-23,Second,AM,2,NA,NA,NA,14:00:00,NA,1,240,NA,NA,NA,12,NA,0
3,2016-07-23,Second,AM,2,NA,NA,NA,14:00:00,NA,1,292,NA,NA,NA,43,NA,0
3,2016-07-23,Second,AM,2,NA,NA,NA,14:00:00,NA,1,303,NA,NA,NA,18,NA,0
3,2016-07-23,Second,AM,2,NA,NA,NA,14:00:00,NA,1,311,NA,NA,NA,30,NA,0
3,2016-07-23,Second,AM,2,NA,NA,NA,14:00:00,NA,1,350,NA,NA,NA,68,NA,0
3,2016-07-23,Second,AM,2,NA,NA,NA,14:00:00,NA,1,362,NA,NA,NA,32,NA,0
3,2016-07-23,Second,AM,2,NA,NA,NA,14:00:00,NA,1,386,NA,NA,NA,45,NA,0
3,2016-07-23,Second,AM,2,NA,NA,NA,14:00:00,NA,1,410,NA,NA,NA,50,NA,0
3,2016-07-23,Second,AM,2,NA,NA,NA,14:00:00,NA,1,442,NA,NA,NA,34,NA,0
3,2016-07-23,Second,AM,2,NA,NA,NA,14:00:00,NA,1,544,NA,NA,NA,88,NA,0
3,2016-07-23,Second,AM,2,NA,NA,NA,14:00:00,NA,1,603,NA,NA,NA,65,NA,0
3,2016-07-23,Second,AM,3,R,10,759,15:20:00,y,2,NA,21,20,36,NA,NA,NA
3,2016-07-23,Second,AM,3,R,12.5,2167,15:20:00,y,2,NA,27,17,46,NA,NA,NA
3,2016-07-23,Second,AM,3,R,18,2163,15:20:00,y,2,NA,37,16.5,35,NA,NA,NA
3,2016-07-23,Second,AM,3,NA,NA,NA,14:00:00,NA,1,108,NA,NA,NA,35,NA,0
3,2016-07-23,Second,AM,3,NA,NA,NA,14:00:00,NA,1,160,NA,NA,NA,20,NA,0
3,2016-07-23,Second,AM,3,NA,NA,NA,14:00:00,NA,1,165,NA,NA,NA,50,NA,0
3,2016-07-23,Second,AM,3,NA,NA,NA,14:00:00,NA,1,169,NA,NA,NA,30,NA,0
3,2016-07-23,Second,AM,3,NA,NA,NA,14:00:00,NA,1,215,NA,NA,NA,50,NA,0
3,2016-07-23,Second,AM,3,NA,NA,NA,14:00:00,NA,1,250,NA,NA,NA,25,NA,0
3,2016-07-23,Second,AM,3,NA,NA,NA,14:00:00,NA,1,254,NA,NA,NA,57,NA,0
3,2016-07-23,Second,AM,3,NA,NA,NA,14:00:00,NA,1,264,NA,NA,NA,25,NA,0
3,2016-07-23,Second,AM,3,NA,NA,NA,14:00:00,NA,1,268,NA,NA,NA,40,NA,0
3,2016-07-23,Second,AM,3,NA,NA,NA,14:00:00,NA,1,271,NA,NA,NA,40,NA,0
3,2016-07-23,Second,AM,3,NA,NA,NA,14:00:00,NA,1,314,NA,NA,NA,25,NA,0
3,2016-07-23,Second,AM,3,NA,NA,NA,14:00:00,NA,1,316,NA,NA,NA,42,NA,0
3,2016-07-23,Second,AM,3,NA,NA,NA,14:00:00,NA,1,341,NA,NA,NA,35,NA,0
3,2016-07-23,Second,AM,3,NA,NA,NA,14:00:00,NA,1,352,NA,NA,NA,20,NA,0
3,2016-07-23,Second,AM,3,NA,NA,NA,14:00:00,NA,1,477,NA,NA,NA,45,NA,0
3,2016-07-23,Second,OP,1,L,6.9,2154,15:20:00,y,2,NA,86,18,51,NA,NA,NA
3,2016-07-23,Second,OP,1,L,13.5,2191,15:20:00,y,2,NA,30,14,14,NA,NA,NA
3,2016-07-23,Second,OP,1,L,18.1,815,15:20:00,y,2,NA,30,8,21,NA,NA,NA
3,2016-07-23,Second,OP,2,L,8,2168,15:20:00,y,2,NA,38,25,63,NA,NA,NA
3,2016-07-23,Second,OP,2,L,16.5,2157,15:20:00,y,2,NA,24,16,38,NA,NA,NA
3,2016-07-23,Second,OP,3,L,11,797,15:20:00,y,2,NA,41,26,53,NA,NA,NA
3,2016-07-23,Second,OP,3,L,16.5,848,15:20:00,y,2,NA,20,10,20,NA,NA,NA
3,2016-07-23,Second,OP,3,L,18.9,2151,15:20:00,y,2,NA,24,7.5,15,NA,NA,NA
3,2016-07-24,Manley,AM,1,L,5.1,2192,12:20:00,y,2,NA,58,20.5,43.5,NA,NA,NA
3,2016-07-24,Manley,AM,1,L,12,2165,12:20:00,y,2,NA,64,27,64,NA,NA,NA
3,2016-07-24,Manley,AM,1,NA,NA,NA,12:19:00,NA,1,112,NA,NA,NA,22,NA,0
3,2016-07-24,Manley,AM,1,NA,NA,NA,12:19:00,NA,1,113,NA,NA,NA,39,NA,0
3,2016-07-24,Manley,AM,1,NA,NA,NA,12:19:00,NA,1,115,NA,NA,NA,32,NA,0
3,2016-07-24,Manley,AM,1,NA,NA,NA,12:19:00,NA,1,125,NA,NA,NA,13,NA,0
3,2016-07-24,Manley,AM,1,NA,NA,NA,12:19:00,NA,1,125,NA,NA,NA,45,NA,0
3,2016-07-24,Manley,AM,1,NA,NA,NA,12:19:00,NA,1,152,NA,NA,NA,47,NA,0
3,2016-07-24,Manley,AM,1,NA,NA,NA,12:19:00,NA,1,156,NA,NA,NA,67,NA,0
3,2016-07-24,Manley,AM,1,NA,NA,NA,12:19:00,NA,1,172,NA,NA,NA,66,NA,0
3,2016-07-24,Manley,AM,1,NA,NA,NA,12:19:00,NA,1,176,NA,NA,NA,60,NA,0
3,2016-07-24,Manley,AM,1,NA,NA,NA,12:19:00,NA,1,188,NA,NA,NA,47,NA,0
3,2016-07-24,Manley,AM,1,NA,NA,NA,12:19:00,NA,1,199,NA,NA,NA,42,NA,0
3,2016-07-24,Manley,AM,1,NA,NA,NA,12:19:00,NA,1,203,NA,NA,NA,20,NA,0
3,2016-07-24,Manley,AM,1,NA,NA,NA,12:19:00,NA,1,216,NA,NA,NA,78,NA,0
3,2016-07-24,Manley,AM,1,NA,NA,NA,12:19:00,NA,1,257,NA,NA,NA,66,NA,0
3,2016-07-24,Manley,AM,1,NA,NA,NA,12:19:00,NA,1,276,NA,NA,NA,69,NA,0
3,2016-07-24,Manley,AM,2,L,1.7,2144,12:20:00,y,2,NA,69,26,74,NA,NA,NA
3,2016-07-24,Manley,AM,2,L,7.8,2190,12:20:00,y,2,NA,41,28,66,NA,NA,NA
3,2016-07-24,Manley,AM,2,L,11.5,2170,12:20:00,y,2,NA,31,13.5,18.5,NA,NA,NA
3,2016-07-24,Manley,AM,2,NA,NA,NA,12:19:00,NA,1,113,NA,NA,NA,72,NA,0
3,2016-07-24,Manley,AM,2,NA,NA,NA,12:19:00,NA,1,119,NA,NA,NA,59,NA,0
3,2016-07-24,Manley,AM,2,NA,NA,NA,12:19:00,NA,1,122,NA,NA,NA,35,NA,0
3,2016-07-24,Manley,AM,2,NA,NA,NA,12:19:00,NA,1,122,NA,NA,NA,16,NA,0
3,2016-07-24,Manley,AM,2,NA,NA,NA,12:19:00,NA,1,129,NA,NA,NA,40,NA,0
3,2016-07-24,Manley,AM,2,NA,NA,NA,12:19:00,NA,1,141,NA,NA,NA,15,NA,0
3,2016-07-24,Manley,AM,2,NA,NA,NA,12:19:00,NA,1,154,NA,NA,NA,53,NA,0
3,2016-07-24,Manley,AM,2,NA,NA,NA,12:19:00,NA,1,197,NA,NA,NA,69,NA,0
3,2016-07-24,Manley,AM,2,NA,NA,NA,12:19:00,NA,1,208,NA,NA,NA,33,NA,0
3,2016-07-24,Manley,AM,2,NA,NA,NA,12:19:00,NA,1,220,NA,NA,NA,77,NA,0
3,2016-07-24,Manley,AM,2,NA,NA,NA,12:19:00,NA,1,268,NA,NA,NA,80,NA,0
3,2016-07-24,Manley,AM,2,NA,NA,NA,12:19:00,NA,1,272,NA,NA,NA,73,NA,0
3,2016-07-24,Manley,AM,2,NA,NA,NA,12:19:00,NA,1,275,NA,NA,NA,78,NA,0
3,2016-07-24,Manley,AM,2,NA,NA,NA,12:19:00,NA,1,297,NA,NA,NA,66,NA,0
3,2016-07-24,Manley,AM,2,NA,NA,NA,12:19:00,NA,1,377,NA,NA,NA,68,NA,0
3,2016-07-24,Manley,AM,3,L,3,729,12:20:00,y,2,NA,41,23,53,NA,NA,NA
3,2016-07-24,Manley,AM,3,L,7,2182,12:20:00,y,2,NA,42,26,53,NA,NA,NA
3,2016-07-24,Manley,AM,3,L,18,2153,12:20:00,y,2,NA,67,37,85,NA,NA,NA
3,2016-07-24,Manley,AM,3,NA,NA,NA,12:19:00,NA,1,115,NA,NA,NA,46,NA,0
3,2016-07-24,Manley,AM,3,NA,NA,NA,12:19:00,NA,1,122,NA,NA,NA,54,NA,0
3,2016-07-24,Manley,AM,3,NA,NA,NA,12:19:00,NA,1,135,NA,NA,NA,47,NA,0
3,2016-07-24,Manley,AM,3,NA,NA,NA,12:19:00,NA,1,136,NA,NA,NA,77,NA,0
3,2016-07-24,Manley,AM,3,NA,NA,NA,12:19:00,NA,1,155,NA,NA,NA,70,NA,0
3,2016-07-24,Manley,AM,3,NA,NA,NA,12:19:00,NA,1,163,NA,NA,NA,68,NA,0
3,2016-07-24,Manley,AM,3,NA,NA,NA,12:19:00,NA,1,184,NA,NA,NA,34,NA,0
3,2016-07-24,Manley,AM,3,NA,NA,NA,12:19:00,NA,1,210,NA,NA,NA,46,NA,0
3,2016-07-24,Manley,AM,3,NA,NA,NA,12:19:00,NA,1,212,NA,NA,NA,52,NA,0
3,2016-07-24,Manley,AM,3,NA,NA,NA,12:19:00,NA,1,218,NA,NA,NA,12,NA,0
3,2016-07-24,Manley,AM,3,NA,NA,NA,12:19:00,NA,1,254,NA,NA,NA,59,NA,0
3,2016-07-24,Manley,AM,3,NA,NA,NA,12:19:00,NA,1,257,NA,NA,NA,42,NA,0
3,2016-07-24,Manley,AM,3,NA,NA,NA,12:19:00,NA,1,289,NA,NA,NA,52,NA,0
3,2016-07-24,Manley,AM,3,NA,NA,NA,12:19:00,NA,1,313,NA,NA,NA,90,NA,0
3,2016-07-24,Manley,AM,3,NA,NA,NA,12:19:00,NA,1,359,NA,NA,NA,38,NA,0
3,2016-07-24,Manley,OP,1,R,3.5,2142,12:20:00,y,2,NA,88,29,60,NA,NA,NA
3,2016-07-24,Manley,OP,1,R,10.1,2064,12:20:00,y,2,NA,40,31,78,NA,NA,NA
3,2016-07-24,Manley,OP,1,R,18,2140,12:20:00,y,2,NA,20,13,33,NA,NA,NA
3,2016-07-24,Manley,OP,2,R,3.5,776,12:20:00,y,2,NA,61,29.5,75,NA,NA,NA
3,2016-07-24,Manley,OP,2,R,13.5,2159,12:20:00,y,2,NA,36,20,45,NA,NA,NA
3,2016-07-24,Manley,OP,2,R,18.5,2160,12:20:00,y,2,NA,50,15.5,24.5,NA,NA,NA
3,2016-07-24,Manley,OP,3,R,1,2143,12:20:00,y,2,NA,77,18,46,NA,NA,NA
3,2016-07-24,Manley,OP,3,R,19.5,721,12:20:00,y,2,NA,82,28,67,NA,NA,NA
3,2016-07-25,North,AM,1,L,6.9,1737,16:00:00,y,2,NA,23,23,49,NA,NA,NA
3,2016-07-25,North,AM,1,L,10,1723,16:00:00,y,2,NA,69,39,107,NA,NA,NA
3,2016-07-25,North,AM,1,NA,NA,NA,14:40:00,NA,1,118,NA,NA,NA,56,NA,0
3,2016-07-25,North,AM,1,NA,NA,NA,14:40:00,NA,1,230,NA,NA,NA,41,NA,0
3,2016-07-25,North,AM,1,NA,NA,NA,14:40:00,NA,1,243,NA,NA,NA,42,NA,0
3,2016-07-25,North,AM,1,NA,NA,NA,14:40:00,NA,1,284,NA,NA,NA,19,NA,0
3,2016-07-25,North,AM,1,NA,NA,NA,14:40:00,NA,1,291,NA,NA,NA,54,NA,0
3,2016-07-25,North,AM,1,NA,NA,NA,14:40:00,NA,1,304,NA,NA,NA,45,NA,0
3,2016-07-25,North,AM,1,NA,NA,NA,14:40:00,NA,1,309,NA,NA,NA,32,NA,0
3,2016-07-25,North,AM,1,NA,NA,NA,14:40:00,NA,1,310,NA,NA,NA,27,NA,0
3,2016-07-25,North,AM,1,NA,NA,NA,14:40:00,NA,1,317,NA,NA,NA,48,NA,0
3,2016-07-25,North,AM,1,NA,NA,NA,14:40:00,NA,1,340,NA,NA,NA,59,NA,0
3,2016-07-25,North,AM,1,NA,NA,NA,14:40:00,NA,1,355,NA,NA,NA,45,NA,0
3,2016-07-25,North,AM,1,NA,NA,NA,14:40:00,NA,1,356,NA,NA,NA,31,NA,0
3,2016-07-25,North,AM,1,NA,NA,NA,14:40:00,NA,1,359,NA,NA,NA,68,NA,0
3,2016-07-25,North,AM,1,NA,NA,NA,14:40:00,NA,1,453,NA,NA,NA,80,NA,0
3,2016-07-25,North,AM,1,NA,NA,NA,14:40:00,NA,1,496,NA,NA,NA,59,NA,0
3,2016-07-25,North,AM,2,L,4.8,1924,16:00:00,y,2,NA,51,28,61,NA,NA,NA
3,2016-07-25,North,AM,2,L,6.3,335,16:00:00,y,2,NA,33,18,33,NA,NA,NA
3,2016-07-25,North,AM,2,L,10.5,2042,16:00:00,y,2,NA,28,25,63,NA,NA,NA
3,2016-07-25,North,AM,2,NA,NA,NA,14:40:00,NA,1,169,NA,NA,NA,67,NA,0
3,2016-07-25,North,AM,2,NA,NA,NA,14:40:00,NA,1,183,NA,NA,NA,66,NA,0
3,2016-07-25,North,AM,2,NA,NA,NA,14:40:00,NA,1,187,NA,NA,NA,64,NA,0
3,2016-07-25,North,AM,2,NA,NA,NA,14:40:00,NA,1,188,NA,NA,NA,45,NA,0
3,2016-07-25,North,AM,2,NA,NA,NA,14:40:00,NA,1,245,NA,NA,NA,50,NA,0
3,2016-07-25,North,AM,2,NA,NA,NA,14:40:00,NA,1,281,NA,NA,NA,72,NA,0
3,2016-07-25,North,AM,2,NA,NA,NA,14:40:00,NA,1,308,NA,NA,NA,46,NA,0
3,2016-07-25,North,AM,2,NA,NA,NA,14:40:00,NA,1,326,NA,NA,NA,46,NA,0
3,2016-07-25,North,AM,2,NA,NA,NA,14:40:00,NA,1,344,NA,NA,NA,48,NA,0
3,2016-07-25,North,AM,2,NA,NA,NA,14:40:00,NA,1,396,NA,NA,NA,29,NA,0
3,2016-07-25,North,AM,2,NA,NA,NA,14:40:00,NA,1,397,NA,NA,NA,34,NA,0
3,2016-07-25,North,AM,2,NA,NA,NA,14:40:00,NA,1,450,NA,NA,NA,48,NA,0
3,2016-07-25,North,AM,2,NA,NA,NA,14:40:00,NA,1,482,NA,NA,NA,55,NA,0
3,2016-07-25,North,AM,2,NA,NA,NA,14:40:00,NA,1,482,NA,NA,NA,53,NA,0
3,2016-07-25,North,AM,2,NA,NA,NA,14:40:00,NA,1,494,NA,NA,NA,47,NA,0
3,2016-07-25,North,AM,3,L,4.2,336,16:00:00,y,2,NA,45,20.5,36,NA,NA,NA
3,2016-07-25,North,AM,3,L,4.6,2027,16:00:00,y,2,NA,33,25,52,NA,NA,NA
3,2016-07-25,North,AM,3,L,13,1986,16:00:00,y,2,NA,35,20,45,NA,NA,NA
3,2016-07-25,North,AM,3,NA,NA,NA,14:40:00,NA,1,114,NA,NA,NA,34,NA,0
3,2016-07-25,North,AM,3,NA,NA,NA,14:40:00,NA,1,123,NA,NA,NA,54,NA,0
3,2016-07-25,North,AM,3,NA,NA,NA,14:40:00,NA,1,184,NA,NA,NA,60,NA,0
3,2016-07-25,North,AM,3,NA,NA,NA,14:40:00,NA,1,194,NA,NA,NA,40,NA,0
3,2016-07-25,North,AM,3,NA,NA,NA,14:40:00,NA,1,203,NA,NA,NA,39,NA,0
3,2016-07-25,North,AM,3,NA,NA,NA,14:40:00,NA,1,207,NA,NA,NA,49,NA,0
3,2016-07-25,North,AM,3,NA,NA,NA,14:40:00,NA,1,220,NA,NA,NA,24,NA,0
3,2016-07-25,North,AM,3,NA,NA,NA,14:40:00,NA,1,226,NA,NA,NA,37,NA,0
3,2016-07-25,North,AM,3,NA,NA,NA,14:40:00,NA,1,255,NA,NA,NA,64,NA,0
3,2016-07-25,North,AM,3,NA,NA,NA,14:40:00,NA,1,255,NA,NA,NA,54,NA,0
3,2016-07-25,North,AM,3,NA,NA,NA,14:40:00,NA,1,267,NA,NA,NA,49,NA,0
3,2016-07-25,North,AM,3,NA,NA,NA,14:40:00,NA,1,288,NA,NA,NA,51,NA,0
3,2016-07-25,North,AM,3,NA,NA,NA,14:40:00,NA,1,308,NA,NA,NA,30,NA,0
3,2016-07-25,North,AM,3,NA,NA,NA,14:40:00,NA,1,348,NA,NA,NA,26,NA,0
3,2016-07-25,North,AM,3,NA,NA,NA,14:40:00,NA,1,392,NA,NA,NA,22,NA,0
3,2016-07-25,North,OP,1,R,3.2,1834,16:00:00,y,2,NA,37,25,52,NA,NA,NA
3,2016-07-25,North,OP,1,R,10.5,1787,16:00:00,y,2,NA,43,25,54,NA,NA,NA
3,2016-07-25,North,OP,2,R,2,1892,16:00:00,y,2,NA,46,33,72,NA,NA,NA
3,2016-07-25,North,OP,2,R,15,1872,16:00:00,y,2,NA,42,20.5,40.5,NA,NA,NA
3,2016-07-25,North,OP,2,R,20,1806,16:00:00,y,2,NA,49,30.5,69,NA,NA,NA
3,2016-07-25,North,OP,3,R,7.5,2145,16:00:00,y,2,NA,31,21,44,NA,NA,NA
3,2016-07-25,North,OP,3,R,15,1826,16:00:00,y,2,NA,21,30,56,NA,NA,NA
3,2016-07-25,North,OP,3,R,18.5,853,16:00:00,y,2,NA,39,21.5,49,NA,NA,NA
3,2016-08-10,North,AM,1,L,6.9,1737,14:40:00,y,3,342,39,NA,NA,NA,NA,NA
3,2016-08-10,North,AM,1,L,10,1723,14:40:00,y,3,553,64,NA,NA,NA,NA,NA
3,2016-08-10,North,AM,2,L,4.8,1924,14:40:00,y,3,487,45,NA,NA,NA,NA,NA
3,2016-08-10,North,AM,2,L,6.3,335,14:40:00,y,3,387,29,NA,NA,NA,NA,NA
3,2016-08-10,North,AM,2,L,10.5,2042,14:40:00,y,3,520,27,NA,NA,NA,NA,NA
3,2016-08-10,North,AM,3,L,4.2,336,14:40:00,y,3,615,36,NA,NA,NA,NA,NA
3,2016-08-10,North,AM,3,L,4.6,2027,14:40:00,y,3,322,42,NA,NA,NA,NA,NA
3,2016-08-10,North,AM,3,L,13,1986,14:40:00,n,3,NA,NA,NA,NA,NA,NA,NA
3,2016-08-10,North,OP,1,R,3.2,1834,14:40:00,y,3,276,39,NA,NA,NA,NA,NA
3,2016-08-10,North,OP,1,R,10.5,1787,14:40:00,y,3,504,32,NA,NA,NA,NA,NA
3,2016-08-10,North,OP,2,R,2,1892,14:40:00,y,3,505,44,NA,NA,NA,NA,NA
3,2016-08-10,North,OP,2,R,15,1872,14:40:00,y,3,445,44,NA,NA,NA,NA,NA
3,2016-08-10,North,OP,2,R,20,1806,14:40:00,y,3,405,49,NA,NA,NA,NA,NA
3,2016-08-10,North,OP,3,R,7.5,2145,14:40:00,y,3,327,31,NA,NA,NA,NA,NA
3,2016-08-10,North,OP,3,R,15,1826,14:40:00,y,3,456,23,NA,NA,NA,NA,NA
3,2016-08-10,North,OP,3,R,18.5,853,14:40:00,y,3,431,39,NA,NA,NA,NA,NA
3,2016-08-13,Manley,AM,1,L,5.1,2192,11:45:00,y,3,240,49,NA,NA,NA,NA,NA
3,2016-08-13,Manley,AM,1,L,12,2165,11:45:00,y,3,349,49,NA,NA,NA,NA,NA
3,2016-08-13,Manley,AM,2,L,1.7,2144,11:45:00,n,3,NA,NA,NA,NA,NA,NA,NA
3,2016-08-13,Manley,AM,2,L,7.8,2190,11:45:00,y,3,192,38,NA,NA,NA,NA,NA
3,2016-08-13,Manley,AM,2,L,11.5,2170,11:45:00,n,3,NA,NA,NA,NA,NA,NA,NA
3,2016-08-13,Manley,AM,3,L,3,729,11:45:00,n,3,NA,NA,NA,NA,NA,NA,NA
3,2016-08-13,Manley,AM,3,L,7,2182,11:45:00,n,3,NA,NA,NA,NA,NA,NA,NA
3,2016-08-13,Manley,AM,3,L,18,2153,11:45:00,y,3,311,65,NA,NA,NA,NA,NA
3,2016-08-13,Manley,OP,1,R,3.5,2142,11:45:00,n,3,NA,NA,NA,NA,NA,NA,NA
3,2016-08-13,Manley,OP,1,R,10.1,2064,11:45:00,y,3,181,33,NA,NA,NA,NA,NA
3,2016-08-13,Manley,OP,1,R,18,2140,11:45:00,y,3,145,22,NA,NA,NA,NA,NA
3,2016-08-13,Manley,OP,2,R,3.5,776,11:45:00,y,3,290,34,NA,NA,NA,NA,NA
3,2016-08-13,Manley,OP,2,R,13.5,2159,11:45:00,n,3,NA,NA,NA,NA,NA,NA,NA
3,2016-08-13,Manley,OP,2,R,18.5,2160,11:45:00,y,3,284,31,NA,NA,NA,NA,NA
3,2016-08-13,Manley,OP,3,R,1,2143,11:45:00,n,3,NA,NA,NA,NA,NA,NA,NA
3,2016-08-13,Manley,OP,3,R,19.5,721,11:45:00,y,3,319,69,NA,NA,NA,NA,NA
3,2016-08-14,Second,AM,1,R,1.9,2174,13:30:00,n,3,NA,NA,NA,NA,NA,NA,NA
3,2016-08-14,Second,AM,1,R,7,2173,13:30:00,n,3,NA,NA,NA,NA,NA,NA,NA
3,2016-08-14,Second,AM,1,R,11,2148,13:30:00,y,3,NA,20,NA,NA,NA,NA,NA
3,2016-08-14,Second,AM,2,R,5.1,808,13:30:00,n,3,NA,NA,NA,NA,NA,NA,NA
3,2016-08-14,Second,AM,2,R,12.9,722,13:30:00,y,3,352,32,NA,NA,NA,NA,NA
3,2016-08-14,Second,AM,3,R,10,759,13:30:00,y,3,222,24,NA,NA,NA,NA,NA
3,2016-08-14,Second,AM,3,R,12.5,2167,13:30:00,y,3,363,21,NA,NA,NA,NA,NA
3,2016-08-14,Second,AM,3,R,18,2163,13:30:00,n,3,NA,NA,NA,NA,NA,NA,NA
3,2016-08-14,Second,OP,1,L,6.9,2154,13:30:00,y,3,606,61,NA,NA,NA,NA,NA
3,2016-08-14,Second,OP,1,L,13.5,2191,13:30:00,n,3,NA,NA,NA,NA,NA,NA,NA
3,2016-08-14,Second,OP,1,L,18.1,815,13:30:00,n,3,NA,NA,NA,NA,NA,NA,NA
3,2016-08-14,Second,OP,2,L,8,2168,13:30:00,y,3,425,38,NA,NA,NA,NA,NA
3,2016-08-14,Second,OP,2,L,16.5,2157,13:30:00,y,3,289,34,NA,NA,NA,NA,NA
3,2016-08-14,Second,OP,3,L,11,797,13:30:00,n,3,NA,NA,NA,NA,NA,NA,NA
3,2016-08-14,Second,OP,3,L,16.5,848,13:30:00,y,3,299,0,NA,NA,NA,NA,NA
3,2016-08-14,Second,OP,3,L,18.9,2151,13:30:00,n,3,NA,NA,NA,NA,NA,NA,NA
3,NA,Manley,AM,1,NA,NA,NA,NA,NA,2,NA,NA,NA,NA,NA,NA,NA
3,NA,Manley,AM,1,NA,NA,NA,NA,NA,2,NA,NA,NA,NA,NA,NA,NA
3,NA,Manley,AM,1,NA,NA,NA,NA,NA,2,NA,NA,NA,NA,NA,NA,NA
3,NA,Manley,AM,1,NA,NA,NA,NA,NA,2,NA,NA,NA,NA,NA,NA,NA
3,NA,Manley,AM,1,NA,NA,NA,NA,NA,2,NA,NA,NA,NA,NA,NA,NA
3,NA,Manley,AM,1,NA,NA,NA,NA,NA,2,NA,NA,NA,NA,NA,NA,NA
3,NA,Manley,AM,1,NA,NA,NA,NA,NA,2,NA,NA,NA,NA,NA,NA,NA
3,NA,Manley,AM,1,NA,NA,NA,NA,NA,2,NA,NA,NA,NA,NA,NA,NA
3,NA,Manley,AM,1,NA,NA,NA,NA,NA,2,NA,NA,NA,NA,NA,NA,NA
3,NA,Manley,AM,1,NA,NA,NA,NA,NA,2,NA,NA,NA,NA,NA,NA,NA
3,NA,Manley,AM,1,NA,NA,NA,NA,NA,2,NA,NA,NA,NA,NA,NA,NA
3,NA,Manley,AM,1,NA,NA,NA,NA,NA,2,NA,NA,NA,NA,NA,NA,NA
3,NA,Manley,AM,1,NA,NA,NA,NA,NA,2,NA,NA,NA,NA,NA,NA,NA
3,NA,Manley,AM,1,NA,NA,NA,NA,NA,2,NA,NA,NA,NA,NA,NA,NA
3,NA,Manley,AM,1,NA,NA,NA,NA,NA,2,NA,NA,NA,NA,NA,NA,NA
3,NA,Manley,AM,1,NA,NA,NA,NA,NA,3,NA,NA,NA,NA,NA,NA,NA
3,NA,Manley,AM,1,NA,NA,NA,NA,NA,3,NA,NA,NA,NA,NA,NA,NA
3,NA,Manley,AM,1,NA,NA,NA,NA,NA,3,NA,NA,NA,NA,NA,NA,NA
3,NA,Manley,AM,1,NA,NA,NA,NA,NA,3,NA,NA,NA,NA,NA,NA,NA
3,NA,Manley,AM,1,NA,NA,NA,NA,NA,3,NA,NA,NA,NA,NA,NA,NA
3,NA,Manley,AM,1,NA,NA,NA,NA,NA,3,NA,NA,NA,NA,NA,NA,NA
3,NA,Manley,AM,1,NA,NA,NA,NA,NA,3,NA,NA,NA,NA,NA,NA,NA
3,NA,Manley,AM,1,NA,NA,NA,NA,NA,3,NA,NA,NA,NA,NA,NA,NA
3,NA,Manley,AM,1,NA,NA,NA,NA,NA,3,NA,NA,NA,NA,NA,NA,NA
3,NA,Manley,AM,1,NA,NA,NA,NA,NA,3,NA,NA,NA,NA,NA,NA,NA
3,NA,Manley,AM,1,NA,NA,NA,NA,NA,3,NA,NA,NA,NA,NA,NA,NA
3,NA,Manley,AM,1,NA,NA,NA,NA,NA,3,NA,NA,NA,NA,NA,NA,NA
3,NA,Manley,AM,1,NA,NA,NA,NA,NA,3,NA,NA,NA,NA,NA,NA,NA
3,NA,Manley,AM,1,NA,NA,NA,NA,NA,3,NA,NA,NA,NA,NA,NA,NA
3,NA,Manley,AM,1,NA,NA,NA,NA,NA,3,NA,NA,NA,NA,NA,NA,NA
3,NA,Manley,AM,2,NA,NA,NA,NA,NA,2,NA,NA,NA,NA,NA,NA,NA
3,NA,Manley,AM,2,NA,NA,NA,NA,NA,2,NA,NA,NA,NA,NA,NA,NA
3,NA,Manley,AM,2,NA,NA,NA,NA,NA,2,NA,NA,NA,NA,NA,NA,NA
3,NA,Manley,AM,2,NA,NA,NA,NA,NA,2,NA,NA,NA,NA,NA,NA,NA
3,NA,Manley,AM,2,NA,NA,NA,NA,NA,2,NA,NA,NA,NA,NA,NA,NA
3,NA,Manley,AM,2,NA,NA,NA,NA,NA,2,NA,NA,NA,NA,NA,NA,NA
3,NA,Manley,AM,2,NA,NA,NA,NA,NA,2,NA,NA,NA,NA,NA,NA,NA
3,NA,Manley,AM,2,NA,NA,NA,NA,NA,2,NA,NA,NA,NA,NA,NA,NA
3,NA,Manley,AM,2,NA,NA,NA,NA,NA,2,NA,NA,NA,NA,NA,NA,NA
3,NA,Manley,AM,2,NA,NA,NA,NA,NA,2,NA,NA,NA,NA,NA,NA,NA
3,NA,Manley,AM,2,NA,NA,NA,NA,NA,2,NA,NA,NA,NA,NA,NA,NA
3,NA,Manley,AM,2,NA,NA,NA,NA,NA,2,NA,NA,NA,NA,NA,NA,NA
3,NA,Manley,AM,2,NA,NA,NA,NA,NA,2,NA,NA,NA,NA,NA,NA,NA
3,NA,Manley,AM,2,NA,NA,NA,NA,NA,2,NA,NA,NA,NA,NA,NA,NA
3,NA,Manley,AM,2,NA,NA,NA,NA,NA,2,NA,NA,NA,NA,NA,NA,NA
3,NA,Manley,AM,2,NA,NA,NA,NA,NA,3,NA,NA,NA,NA,NA,NA,NA
3,NA,Manley,AM,2,NA,NA,NA,NA,NA,3,NA,NA,NA,NA,NA,NA,NA
3,NA,Manley,AM,2,NA,NA,NA,NA,NA,3,NA,NA,NA,NA,NA,NA,NA
3,NA,Manley,AM,2,NA,NA,NA,NA,NA,3,NA,NA,NA,NA,NA,NA,NA
3,NA,Manley,AM,2,NA,NA,NA,NA,NA,3,NA,NA,NA,NA,NA,NA,NA
3,NA,Manley,AM,2,NA,NA,NA,NA,NA,3,NA,NA,NA,NA,NA,NA,NA
3,NA,Manley,AM,2,NA,NA,NA,NA,NA,3,NA,NA,NA,NA,NA,NA,NA
3,NA,Manley,AM,2,NA,NA,NA,NA,NA,3,NA,NA,NA,NA,NA,NA,NA
3,NA,Manley,AM,2,NA,NA,NA,NA,NA,3,NA,NA,NA,NA,NA,NA,NA
3,NA,Manley,AM,2,NA,NA,NA,NA,NA,3,NA,NA,NA,NA,NA,NA,NA
3,NA,Manley,AM,2,NA,NA,NA,NA,NA,3,NA,NA,NA,NA,NA,NA,NA
3,NA,Manley,AM,2,NA,NA,NA,NA,NA,3,NA,NA,NA,NA,NA,NA,NA
3,NA,Manley,AM,2,NA,NA,NA,NA,NA,3,NA,NA,NA,NA,NA,NA,NA
3,NA,Manley,AM,2,NA,NA,NA,NA,NA,3,NA,NA,NA,NA,NA,NA,NA
3,NA,Manley,AM,2,NA,NA,NA,NA,NA,3,NA,NA,NA,NA,NA,NA,NA
3,NA,Manley,AM,3,NA,NA,NA,NA,NA,2,NA,NA,NA,NA,NA,NA,NA
3,NA,Manley,AM,3,NA,NA,NA,NA,NA,2,NA,NA,NA,NA,NA,NA,NA
3,NA,Manley,AM,3,NA,NA,NA,NA,NA,2,NA,NA,NA,NA,NA,NA,NA
3,NA,Manley,AM,3,NA,NA,NA,NA,NA,2,NA,NA,NA,NA,NA,NA,NA
3,NA,Manley,AM,3,NA,NA,NA,NA,NA,2,NA,NA,NA,NA,NA,NA,NA
3,NA,Manley,AM,3,NA,NA,NA,NA,NA,2,NA,NA,NA,NA,NA,NA,NA
3,NA,Manley,AM,3,NA,NA,NA,NA,NA,2,NA,NA,NA,NA,NA,NA,NA
3,NA,Manley,AM,3,NA,NA,NA,NA,NA,2,NA,NA,NA,NA,NA,NA,NA
3,NA,Manley,AM,3,NA,NA,NA,NA,NA,2,NA,NA,NA,NA,NA,NA,NA
3,NA,Manley,AM,3,NA,NA,NA,NA,NA,2,NA,NA,NA,NA,NA,NA,NA
3,NA,Manley,AM,3,NA,NA,NA,NA,NA,2,NA,NA,NA,NA,NA,NA,NA
3,NA,Manley,AM,3,NA,NA,NA,NA,NA,2,NA,NA,NA,NA,NA,NA,NA
3,NA,Manley,AM,3,NA,NA,NA,NA,NA,2,NA,NA,NA,NA,NA,NA,NA
3,NA,Manley,AM,3,NA,NA,NA,NA,NA,2,NA,NA,NA,NA,NA,NA,NA
3,NA,Manley,AM,3,NA,NA,NA,NA,NA,2,NA,NA,NA,NA,NA,NA,NA
3,NA,Manley,AM,3,NA,NA,NA,NA,NA,3,NA,NA,NA,NA,NA,NA,NA
3,NA,Manley,AM,3,NA,NA,NA,NA,NA,3,NA,NA,NA,NA,NA,NA,NA
3,NA,Manley,AM,3,NA,NA,NA,NA,NA,3,NA,NA,NA,NA,NA,NA,NA
3,NA,Manley,AM,3,NA,NA,NA,NA,NA,3,NA,NA,NA,NA,NA,NA,NA
3,NA,Manley,AM,3,NA,NA,NA,NA,NA,3,NA,NA,NA,NA,NA,NA,NA
3,NA,Manley,AM,3,NA,NA,NA,NA,NA,3,NA,NA,NA,NA,NA,NA,NA
3,NA,Manley,AM,3,NA,NA,NA,NA,NA,3,NA,NA,NA,NA,NA,NA,NA
3,NA,Manley,AM,3,NA,NA,NA,NA,NA,3,NA,NA,NA,NA,NA,NA,NA
3,NA,Manley,AM,3,NA,NA,NA,NA,NA,3,NA,NA,NA,NA,NA,NA,NA
3,NA,Manley,AM,3,NA,NA,NA,NA,NA,3,NA,NA,NA,NA,NA,NA,NA
3,NA,Manley,AM,3,NA,NA,NA,NA,NA,3,NA,NA,NA,NA,NA,NA,NA
3,NA,Manley,AM,3,NA,NA,NA,NA,NA,3,NA,NA,NA,NA,NA,NA,NA
3,NA,Manley,AM,3,NA,NA,NA,NA,NA,3,NA,NA,NA,NA,NA,NA,NA
3,NA,Manley,AM,3,NA,NA,NA,NA,NA,3,NA,NA,NA,NA,NA,NA,NA
3,NA,Manley,AM,3,NA,NA,NA,NA,NA,3,NA,NA,NA,NA,NA,NA,NA
3,NA,North,AM,1,NA,NA,NA,NA,NA,2,NA,NA,NA,NA,NA,NA,NA
3,NA,North,AM,1,NA,NA,NA,NA,NA,2,NA,NA,NA,NA,NA,NA,NA
3,NA,North,AM,1,NA,NA,NA,NA,NA,2,NA,NA,NA,NA,NA,NA,NA
3,NA,North,AM,1,NA,NA,NA,NA,NA,2,NA,NA,NA,NA,NA,NA,NA
3,NA,North,AM,1,NA,NA,NA,NA,NA,2,NA,NA,NA,NA,NA,NA,NA
3,NA,North,AM,1,NA,NA,NA,NA,NA,2,NA,NA,NA,NA,NA,NA,NA
3,NA,North,AM,1,NA,NA,NA,NA,NA,2,NA,NA,NA,NA,NA,NA,NA
3,NA,North,AM,1,NA,NA,NA,NA,NA,2,NA,NA,NA,NA,NA,NA,NA
3,NA,North,AM,1,NA,NA,NA,NA,NA,2,NA,NA,NA,NA,NA,NA,NA
3,NA,North,AM,1,NA,NA,NA,NA,NA,2,NA,NA,NA,NA,NA,NA,NA
3,NA,North,AM,1,NA,NA,NA,NA,NA,2,NA,NA,NA,NA,NA,NA,NA
3,NA,North,AM,1,NA,NA,NA,NA,NA,2,NA,NA,NA,NA,NA,NA,NA
3,NA,North,AM,1,NA,NA,NA,NA,NA,2,NA,NA,NA,NA,NA,NA,NA
3,NA,North,AM,1,NA,NA,NA,NA,NA,2,NA,NA,NA,NA,NA,NA,NA
3,NA,North,AM,1,NA,NA,NA,NA,NA,2,NA,NA,NA,NA,NA,NA,NA
3,NA,North,AM,1,NA,NA,NA,NA,NA,3,NA,NA,NA,NA,NA,NA,NA
3,NA,North,AM,1,NA,NA,NA,NA,NA,3,NA,NA,NA,NA,NA,NA,NA
3,NA,North,AM,1,NA,NA,NA,NA,NA,3,NA,NA,NA,NA,NA,NA,NA
3,NA,North,AM,1,NA,NA,NA,NA,NA,3,NA,NA,NA,NA,NA,NA,NA
3,NA,North,AM,1,NA,NA,NA,NA,NA,3,NA,NA,NA,NA,NA,NA,NA
3,NA,North,AM,1,NA,NA,NA,NA,NA,3,NA,NA,NA,NA,NA,NA,NA
3,NA,North,AM,1,NA,NA,NA,NA,NA,3,NA,NA,NA,NA,NA,NA,NA
3,NA,North,AM,1,NA,NA,NA,NA,NA,3,NA,NA,NA,NA,NA,NA,NA
3,NA,North,AM,1,NA,NA,NA,NA,NA,3,NA,NA,NA,NA,NA,NA,NA
3,NA,North,AM,1,NA,NA,NA,NA,NA,3,NA,NA,NA,NA,NA,NA,NA
3,NA,North,AM,1,NA,NA,NA,NA,NA,3,NA,NA,NA,NA,NA,NA,NA
3,NA,North,AM,1,NA,NA,NA,NA,NA,3,NA,NA,NA,NA,NA,NA,NA
3,NA,North,AM,1,NA,NA,NA,NA,NA,3,NA,NA,NA,NA,NA,NA,NA
3,NA,North,AM,1,NA,NA,NA,NA,NA,3,NA,NA,NA,NA,NA,NA,NA
3,NA,North,AM,1,NA,NA,NA,NA,NA,3,NA,NA,NA,NA,NA,NA,NA
3,NA,North,AM,2,NA,NA,NA,NA,NA,2,NA,NA,NA,NA,NA,NA,NA
3,NA,North,AM,2,NA,NA,NA,NA,NA,2,NA,NA,NA,NA,NA,NA,NA
3,NA,North,AM,2,NA,NA,NA,NA,NA,2,NA,NA,NA,NA,NA,NA,NA
3,NA,North,AM,2,NA,NA,NA,NA,NA,2,NA,NA,NA,NA,NA,NA,NA
3,NA,North,AM,2,NA,NA,NA,NA,NA,2,NA,NA,NA,NA,NA,NA,NA
3,NA,North,AM,2,NA,NA,NA,NA,NA,2,NA,NA,NA,NA,NA,NA,NA
3,NA,North,AM,2,NA,NA,NA,NA,NA,2,NA,NA,NA,NA,NA,NA,NA
3,NA,North,AM,2,NA,NA,NA,NA,NA,2,NA,NA,NA,NA,NA,NA,NA
3,NA,North,AM,2,NA,NA,NA,NA,NA,2,NA,NA,NA,NA,NA,NA,NA
3,NA,North,AM,2,NA,NA,NA,NA,NA,2,NA,NA,NA,NA,NA,NA,NA
3,NA,North,AM,2,NA,NA,NA,NA,NA,2,NA,NA,NA,NA,NA,NA,NA
3,NA,North,AM,2,NA,NA,NA,NA,NA,2,NA,NA,NA,NA,NA,NA,NA
3,NA,North,AM,2,NA,NA,NA,NA,NA,2,NA,NA,NA,NA,NA,NA,NA
3,NA,North,AM,2,NA,NA,NA,NA,NA,2,NA,NA,NA,NA,NA,NA,NA
3,NA,North,AM,2,NA,NA,NA,NA,NA,2,NA,NA,NA,NA,NA,NA,NA
3,NA,North,AM,2,NA,NA,NA,NA,NA,3,NA,NA,NA,NA,NA,NA,NA
3,NA,North,AM,2,NA,NA,NA,NA,NA,3,NA,NA,NA,NA,NA,NA,NA
3,NA,North,AM,2,NA,NA,NA,NA,NA,3,NA,NA,NA,NA,NA,NA,NA
3,NA,North,AM,2,NA,NA,NA,NA,NA,3,NA,NA,NA,NA,NA,NA,NA
3,NA,North,AM,2,NA,NA,NA,NA,NA,3,NA,NA,NA,NA,NA,NA,NA
3,NA,North,AM,2,NA,NA,NA,NA,NA,3,NA,NA,NA,NA,NA,NA,NA
3,NA,North,AM,2,NA,NA,NA,NA,NA,3,NA,NA,NA,NA,NA,NA,NA
3,NA,North,AM,2,NA,NA,NA,NA,NA,3,NA,NA,NA,NA,NA,NA,NA
3,NA,North,AM,2,NA,NA,NA,NA,NA,3,NA,NA,NA,NA,NA,NA,NA
3,NA,North,AM,2,NA,NA,NA,NA,NA,3,NA,NA,NA,NA,NA,NA,NA
3,NA,North,AM,2,NA,NA,NA,NA,NA,3,NA,NA,NA,NA,NA,NA,NA
3,NA,North,AM,2,NA,NA,NA,NA,NA,3,NA,NA,NA,NA,NA,NA,NA
3,NA,North,AM,2,NA,NA,NA,NA,NA,3,NA,NA,NA,NA,NA,NA,NA
3,NA,North,AM,2,NA,NA,NA,NA,NA,3,NA,NA,NA,NA,NA,NA,NA
3,NA,North,AM,2,NA,NA,NA,NA,NA,3,NA,NA,NA,NA,NA,NA,NA
3,NA,North,AM,3,NA,NA,NA,NA,NA,2,NA,NA,NA,NA,NA,NA,NA
3,NA,North,AM,3,NA,NA,NA,NA,NA,2,NA,NA,NA,NA,NA,NA,NA
3,NA,North,AM,3,NA,NA,NA,NA,NA,2,NA,NA,NA,NA,NA,NA,NA
3,NA,North,AM,3,NA,NA,NA,NA,NA,2,NA,NA,NA,NA,NA,NA,NA
3,NA,North,AM,3,NA,NA,NA,NA,NA,2,NA,NA,NA,NA,NA,NA,NA
3,NA,North,AM,3,NA,NA,NA,NA,NA,2,NA,NA,NA,NA,NA,NA,NA
3,NA,North,AM,3,NA,NA,NA,NA,NA,2,NA,NA,NA,NA,NA,NA,NA
3,NA,North,AM,3,NA,NA,NA,NA,NA,2,NA,NA,NA,NA,NA,NA,NA
3,NA,North,AM,3,NA,NA,NA,NA,NA,2,NA,NA,NA,NA,NA,NA,NA
3,NA,North,AM,3,NA,NA,NA,NA,NA,2,NA,NA,NA,NA,NA,NA,NA
3,NA,North,AM,3,NA,NA,NA,NA,NA,2,NA,NA,NA,NA,NA,NA,NA
3,NA,North,AM,3,NA,NA,NA,NA,NA,2,NA,NA,NA,NA,NA,NA,NA
3,NA,North,AM,3,NA,NA,NA,NA,NA,2,NA,NA,NA,NA,NA,NA,NA
3,NA,North,AM,3,NA,NA,NA,NA,NA,2,NA,NA,NA,NA,NA,NA,NA
3,NA,North,AM,3,NA,NA,NA,NA,NA,2,NA,NA,NA,NA,NA,NA,NA
3,NA,North,AM,3,NA,NA,NA,NA,NA,3,NA,NA,NA,NA,NA,NA,NA
3,NA,North,AM,3,NA,NA,NA,NA,NA,3,NA,NA,NA,NA,NA,NA,NA
3,NA,North,AM,3,NA,NA,NA,NA,NA,3,NA,NA,NA,NA,NA,NA,NA
3,NA,North,AM,3,NA,NA,NA,NA,NA,3,NA,NA,NA,NA,NA,NA,NA
3,NA,North,AM,3,NA,NA,NA,NA,NA,3,NA,NA,NA,NA,NA,NA,NA
3,NA,North,AM,3,NA,NA,NA,NA,NA,3,NA,NA,NA,NA,NA,NA,NA
3,NA,North,AM,3,NA,NA,NA,NA,NA,3,NA,NA,NA,NA,NA,NA,NA
3,NA,North,AM,3,NA,NA,NA,NA,NA,3,NA,NA,NA,NA,NA,NA,NA
3,NA,North,AM,3,NA,NA,NA,NA,NA,3,NA,NA,NA,NA,NA,NA,NA
3,NA,North,AM,3,NA,NA,NA,NA,NA,3,NA,NA,NA,NA,NA,NA,NA
3,NA,North,AM,3,NA,NA,NA,NA,NA,3,NA,NA,NA,NA,NA,NA,NA
3,NA,North,AM,3,NA,NA,NA,NA,NA,3,NA,NA,NA,NA,NA,NA,NA
3,NA,North,AM,3,NA,NA,NA,NA,NA,3,NA,NA,NA,NA,NA,NA,NA
3,NA,North,AM,3,NA,NA,NA,NA,NA,3,NA,NA,NA,NA,NA,NA,NA
3,NA,North,AM,3,NA,NA,NA,NA,NA,3,NA,NA,NA,NA,NA,NA,NA
3,NA,Second,AM,1,NA,NA,NA,NA,NA,2,NA,NA,NA,NA,NA,NA,NA
3,NA,Second,AM,1,NA,NA,NA,NA,NA,2,NA,NA,NA,NA,NA,NA,NA
3,NA,Second,AM,1,NA,NA,NA,NA,NA,2,NA,NA,NA,NA,NA,NA,NA
3,NA,Second,AM,1,NA,NA,NA,NA,NA,2,NA,NA,NA,NA,NA,NA,NA
3,NA,Second,AM,1,NA,NA,NA,NA,NA,2,NA,NA,NA,NA,NA,NA,NA
3,NA,Second,AM,1,NA,NA,NA,NA,NA,2,NA,NA,NA,NA,NA,NA,NA
3,NA,Second,AM,1,NA,NA,NA,NA,NA,2,NA,NA,NA,NA,NA,NA,NA
3,NA,Second,AM,1,NA,NA,NA,NA,NA,2,NA,NA,NA,NA,NA,NA,NA
3,NA,Second,AM,1,NA,NA,NA,NA,NA,2,NA,NA,NA,NA,NA,NA,NA
3,NA,Second,AM,1,NA,NA,NA,NA,NA,2,NA,NA,NA,NA,NA,NA,NA
3,NA,Second,AM,1,NA,NA,NA,NA,NA,2,NA,NA,NA,NA,NA,NA,NA
3,NA,Second,AM,1,NA,NA,NA,NA,NA,2,NA,NA,NA,NA,NA,NA,NA
3,NA,Second,AM,1,NA,NA,NA,NA,NA,2,NA,NA,NA,NA,NA,NA,NA
3,NA,Second,AM,1,NA,NA,NA,NA,NA,2,NA,NA,NA,NA,NA,NA,NA
3,NA,Second,AM,1,NA,NA,NA,NA,NA,2,NA,NA,NA,NA,NA,NA,NA
3,NA,Second,AM,1,NA,NA,NA,NA,NA,3,NA,NA,NA,NA,NA,NA,NA
3,NA,Second,AM,1,NA,NA,NA,NA,NA,3,NA,NA,NA,NA,NA,NA,NA
3,NA,Second,AM,1,NA,NA,NA,NA,NA,3,NA,NA,NA,NA,NA,NA,NA
3,NA,Second,AM,1,NA,NA,NA,NA,NA,3,NA,NA,NA,NA,NA,NA,NA
3,NA,Second,AM,1,NA,NA,NA,NA,NA,3,NA,NA,NA,NA,NA,NA,NA
3,NA,Second,AM,1,NA,NA,NA,NA,NA,3,NA,NA,NA,NA,NA,NA,NA
3,NA,Second,AM,1,NA,NA,NA,NA,NA,3,NA,NA,NA,NA,NA,NA,NA
3,NA,Second,AM,1,NA,NA,NA,NA,NA,3,NA,NA,NA,NA,NA,NA,NA
3,NA,Second,AM,1,NA,NA,NA,NA,NA,3,NA,NA,NA,NA,NA,NA,NA
3,NA,Second,AM,1,NA,NA,NA,NA,NA,3,NA,NA,NA,NA,NA,NA,NA
3,NA,Second,AM,1,NA,NA,NA,NA,NA,3,NA,NA,NA,NA,NA,NA,NA
3,NA,Second,AM,1,NA,NA,NA,NA,NA,3,NA,NA,NA,NA,NA,NA,NA
3,NA,Second,AM,1,NA,NA,NA,NA,NA,3,NA,NA,NA,NA,NA,NA,NA
3,NA,Second,AM,1,NA,NA,NA,NA,NA,3,NA,NA,NA,NA,NA,NA,NA
3,NA,Second,AM,1,NA,NA,NA,NA,NA,3,NA,NA,NA,NA,NA,NA,NA
3,NA,Second,AM,2,NA,NA,NA,NA,NA,2,NA,NA,NA,NA,NA,NA,NA
3,NA,Second,AM,2,NA,NA,NA,NA,NA,2,NA,NA,NA,NA,NA,NA,NA
3,NA,Second,AM,2,NA,NA,NA,NA,NA,2,NA,NA,NA,NA,NA,NA,NA
3,NA,Second,AM,2,NA,NA,NA,NA,NA,2,NA,NA,NA,NA,NA,NA,NA
3,NA,Second,AM,2,NA,NA,NA,NA,NA,2,NA,NA,NA,NA,NA,NA,NA
3,NA,Second,AM,2,NA,NA,NA,NA,NA,2,NA,NA,NA,NA,NA,NA,NA
3,NA,Second,AM,2,NA,NA,NA,NA,NA,2,NA,NA,NA,NA,NA,NA,NA
3,NA,Second,AM,2,NA,NA,NA,NA,NA,2,NA,NA,NA,NA,NA,NA,NA
3,NA,Second,AM,2,NA,NA,NA,NA,NA,2,NA,NA,NA,NA,NA,NA,NA
3,NA,Second,AM,2,NA,NA,NA,NA,NA,2,NA,NA,NA,NA,NA,NA,NA
3,NA,Second,AM,2,NA,NA,NA,NA,NA,2,NA,NA,NA,NA,NA,NA,NA
3,NA,Second,AM,2,NA,NA,NA,NA,NA,2,NA,NA,NA,NA,NA,NA,NA
3,NA,Second,AM,2,NA,NA,NA,NA,NA,2,NA,NA,NA,NA,NA,NA,NA
3,NA,Second,AM,2,NA,NA,NA,NA,NA,2,NA,NA,NA,NA,NA,NA,NA
3,NA,Second,AM,2,NA,NA,NA,NA,NA,2,NA,NA,NA,NA,NA,NA,NA
3,NA,Second,AM,2,NA,NA,NA,NA,NA,3,NA,NA,NA,NA,NA,NA,NA
3,NA,Second,AM,2,NA,NA,NA,NA,NA,3,NA,NA,NA,NA,NA,NA,NA
3,NA,Second,AM,2,NA,NA,NA,NA,NA,3,NA,NA,NA,NA,NA,NA,NA
3,NA,Second,AM,2,NA,NA,NA,NA,NA,3,NA,NA,NA,NA,NA,NA,NA
3,NA,Second,AM,2,NA,NA,NA,NA,NA,3,NA,NA,NA,NA,NA,NA,NA
3,NA,Second,AM,2,NA,NA,NA,NA,NA,3,NA,NA,NA,NA,NA,NA,NA
3,NA,Second,AM,2,NA,NA,NA,NA,NA,3,NA,NA,NA,NA,NA,NA,NA
3,NA,Second,AM,2,NA,NA,NA,NA,NA,3,NA,NA,NA,NA,NA,NA,NA
3,NA,Second,AM,2,NA,NA,NA,NA,NA,3,NA,NA,NA,NA,NA,NA,NA
3,NA,Second,AM,2,NA,NA,NA,NA,NA,3,NA,NA,NA,NA,NA,NA,NA
3,NA,Second,AM,2,NA,NA,NA,NA,NA,3,NA,NA,NA,NA,NA,NA,NA
3,NA,Second,AM,2,NA,NA,NA,NA,NA,3,NA,NA,NA,NA,NA,NA,NA
3,NA,Second,AM,2,NA,NA,NA,NA,NA,3,NA,NA,NA,NA,NA,NA,NA
3,NA,Second,AM,2,NA,NA,NA,NA,NA,3,NA,NA,NA,NA,NA,NA,NA
3,NA,Second,AM,2,NA,NA,NA,NA,NA,3,NA,NA,NA,NA,NA,NA,NA
3,NA,Second,AM,3,NA,NA,NA,NA,NA,2,NA,NA,NA,NA,NA,NA,NA
3,NA,Second,AM,3,NA,NA,NA,NA,NA,2,NA,NA,NA,NA,NA,NA,NA
3,NA,Second,AM,3,NA,NA,NA,NA,NA,2,NA,NA,NA,NA,NA,NA,NA
3,NA,Second,AM,3,NA,NA,NA,NA,NA,2,NA,NA,NA,NA,NA,NA,NA
3,NA,Second,AM,3,NA,NA,NA,NA,NA,2,NA,NA,NA,NA,NA,NA,NA
3,NA,Second,AM,3,NA,NA,NA,NA,NA,2,NA,NA,NA,NA,NA,NA,NA
3,NA,Second,AM,3,NA,NA,NA,NA,NA,2,NA,NA,NA,NA,NA,NA,NA
3,NA,Second,AM,3,NA,NA,NA,NA,NA,2,NA,NA,NA,NA,NA,NA,NA
3,NA,Second,AM,3,NA,NA,NA,NA,NA,2,NA,NA,NA,NA,NA,NA,NA
3,NA,Second,AM,3,NA,NA,NA,NA,NA,2,NA,NA,NA,NA,NA,NA,NA
3,NA,Second,AM,3,NA,NA,NA,NA,NA,2,NA,NA,NA,NA,NA,NA,NA
3,NA,Second,AM,3,NA,NA,NA,NA,NA,2,NA,NA,NA,NA,NA,NA,NA
3,NA,Second,AM,3,NA,NA,NA,NA,NA,2,NA,NA,NA,NA,NA,NA,NA
3,NA,Second,AM,3,NA,NA,NA,NA,NA,2,NA,NA,NA,NA,NA,NA,NA
3,NA,Second,AM,3,NA,NA,NA,NA,NA,2,NA,NA,NA,NA,NA,NA,NA
3,NA,Second,AM,3,NA,NA,NA,NA,NA,3,NA,NA,NA,NA,NA,NA,NA
3,NA,Second,AM,3,NA,NA,NA,NA,NA,3,NA,NA,NA,NA,NA,NA,NA
3,NA,Second,AM,3,NA,NA,NA,NA,NA,3,NA,NA,NA,NA,NA,NA,NA
3,NA,Second,AM,3,NA,NA,NA,NA,NA,3,NA,NA,NA,NA,NA,NA,NA
3,NA,Second,AM,3,NA,NA,NA,NA,NA,3,NA,NA,NA,NA,NA,NA,NA
3,NA,Second,AM,3,NA,NA,NA,NA,NA,3,NA,NA,NA,NA,NA,NA,NA
3,NA,Second,AM,3,NA,NA,NA,NA,NA,3,NA,NA,NA,NA,NA,NA,NA
3,NA,Second,AM,3,NA,NA,NA,NA,NA,3,NA,NA,NA,NA,NA,NA,NA
3,NA,Second,AM,3,NA,NA,NA,NA,NA,3,NA,NA,NA,NA,NA,NA,NA
3,NA,Second,AM,3,NA,NA,NA,NA,NA,3,NA,NA,NA,NA,NA,NA,NA
3,NA,Second,AM,3,NA,NA,NA,NA,NA,3,NA,NA,NA,NA,NA,NA,NA
3,NA,Second,AM,3,NA,NA,NA,NA,NA,3,NA,NA,NA,NA,NA,NA,NA
3,NA,Second,AM,3,NA,NA,NA,NA,NA,3,NA,NA,NA,NA,NA,NA,NA
3,NA,Second,AM,3,NA,NA,NA,NA,NA,3,NA,NA,NA,NA,NA,NA,NA
3,NA,Second,AM,3,NA,NA,NA,NA,NA,3,NA,NA,NA,NA,NA,NA,NA
4,2016-08-10,Manley,AM,1,L,8.2,2087,9:20:00,y,1,146,NA,10,26,31,NA,0
4,2016-08-10,Manley,AM,1,L,11.6,1690,9:20:00,y,1,154,NA,10,41,42,NA,0
4,2016-08-10,Manley,AM,2,L,8.2,1692,9:20:00,y,1,275,NA,15,52,45,NA,0
4,2016-08-10,Manley,AM,2,L,9.5,1881,9:20:00,y,1,153,NA,10,37,42,NA,0
4,2016-08-10,Manley,AM,2,L,10.5,2419,9:20:00,y,1,259,NA,10,26,42,NA,0
4,2016-08-10,Manley,AM,3,L,1.9,1988,9:20:00,y,1,161,NA,10,36,30,NA,0
4,2016-08-10,Manley,AM,3,L,7.1,1902,9:20:00,y,1,184,NA,10,42,40,NA,0
4,2016-08-10,Manley,AM,3,L,12.2,2123,9:20:00,y,1,314,NA,10,31,44,NA,0
4,2016-08-10,Manley,OP,1,R,9.2,2135,9:20:00,y,1,232,NA,8,24,30,NA,0
4,2016-08-10,Manley,OP,1,R,17,2076,9:20:00,y,1,133,NA,10,31,50,NA,0
4,2016-08-10,Manley,OP,1,R,20,1835,9:20:00,y,1,173,NA,17,49,50,NA,0
4,2016-08-10,Manley,OP,1,NA,NA,NA,9:20:00,NA,1,113,NA,NA,NA,45,NA,0
4,2016-08-10,Manley,OP,1,NA,NA,NA,9:20:00,NA,1,116,NA,NA,NA,60,NA,0
4,2016-08-10,Manley,OP,1,NA,NA,NA,9:20:00,NA,1,145,NA,NA,NA,36,NA,0
4,2016-08-10,Manley,OP,1,NA,NA,NA,9:20:00,NA,1,160,NA,NA,NA,30,NA,0
4,2016-08-10,Manley,OP,1,NA,NA,NA,9:20:00,NA,1,167,NA,NA,NA,40,NA,0
4,2016-08-10,Manley,OP,1,NA,NA,NA,9:20:00,NA,1,180,NA,NA,NA,40,NA,0
4,2016-08-10,Manley,OP,1,NA,NA,NA,9:20:00,NA,1,181,NA,NA,NA,63,NA,0
4,2016-08-10,Manley,OP,1,NA,NA,NA,9:20:00,NA,1,188,NA,NA,NA,20,NA,0
4,2016-08-10,Manley,OP,1,NA,NA,NA,9:20:00,NA,1,209,NA,NA,NA,20,NA,0
4,2016-08-10,Manley,OP,1,NA,NA,NA,9:20:00,NA,1,212,NA,NA,NA,25,NA,0
4,2016-08-10,Manley,OP,1,NA,NA,NA,9:20:00,NA,1,216,NA,NA,NA,65,NA,0
4,2016-08-10,Manley,OP,1,NA,NA,NA,9:20:00,NA,1,282,NA,NA,NA,40,NA,0
4,2016-08-10,Manley,OP,1,NA,NA,NA,9:20:00,NA,1,306,NA,NA,NA,20,NA,0
4,2016-08-10,Manley,OP,1,NA,NA,NA,9:20:00,NA,1,319,NA,NA,NA,55,NA,0
4,2016-08-10,Manley,OP,1,NA,NA,NA,9:20:00,NA,1,319,NA,NA,NA,55,NA,0
4,2016-08-10,Manley,OP,2,R,5.5,2150,9:20:00,y,1,281,NA,10,29,45,NA,0
4,2016-08-10,Manley,OP,2,R,13,2406,9:20:00,y,1,313,NA,17,51,60,NA,0
4,2016-08-10,Manley,OP,2,R,16.5,2019,9:20:00,y,1,283,NA,25,54,50,NA,0
4,2016-08-10,Manley,OP,2,NA,NA,NA,9:20:00,NA,1,104,NA,NA,NA,16,NA,0
4,2016-08-10,Manley,OP,2,NA,NA,NA,9:20:00,NA,1,119,NA,NA,NA,25,NA,0
4,2016-08-10,Manley,OP,2,NA,NA,NA,9:20:00,NA,1,126,NA,NA,NA,60,NA,0
4,2016-08-10,Manley,OP,2,NA,NA,NA,9:20:00,NA,1,145,NA,NA,NA,55,NA,0
4,2016-08-10,Manley,OP,2,NA,NA,NA,9:20:00,NA,1,148,NA,NA,NA,20,NA,0
4,2016-08-10,Manley,OP,2,NA,NA,NA,9:20:00,NA,1,160,NA,NA,NA,20,NA,0
4,2016-08-10,Manley,OP,2,NA,NA,NA,9:20:00,NA,1,245,NA,NA,NA,40,NA,0
4,2016-08-10,Manley,OP,2,NA,NA,NA,9:20:00,NA,1,258,NA,NA,NA,60,NA,0
4,2016-08-10,Manley,OP,2,NA,NA,NA,9:20:00,NA,1,280,NA,NA,NA,0,NA,NA
4,2016-08-10,Manley,OP,2,NA,NA,NA,9:20:00,NA,1,280,NA,NA,NA,15,NA,0
4,2016-08-10,Manley,OP,2,NA,NA,NA,9:20:00,NA,1,280,NA,NA,NA,20,NA,0
4,2016-08-10,Manley,OP,2,NA,NA,NA,9:20:00,NA,1,280,NA,NA,NA,15,NA,0
4,2016-08-10,Manley,OP,2,NA,NA,NA,9:20:00,NA,1,281,NA,NA,NA,15,NA,0
4,2016-08-10,Manley,OP,2,NA,NA,NA,9:20:00,NA,1,284,NA,NA,NA,23,NA,0
4,2016-08-10,Manley,OP,2,NA,NA,NA,9:20:00,NA,1,314,NA,NA,NA,20,NA,0
4,2016-08-10,Manley,OP,3,R,8.3,2131,9:20:00,y,1,222,NA,17,48,50,NA,0
4,2016-08-10,Manley,OP,3,R,12.8,2185,9:20:00,y,1,250,NA,7,20,15,NA,0
4,2016-08-10,Manley,OP,3,NA,NA,NA,9:20:00,NA,1,100,NA,NA,NA,18,NA,0
4,2016-08-10,Manley,OP,3,NA,NA,NA,9:20:00,NA,1,113,NA,NA,NA,25,NA,0
4,2016-08-10,Manley,OP,3,NA,NA,NA,9:20:00,NA,1,161,NA,NA,NA,60,NA,0
4,2016-08-10,Manley,OP,3,NA,NA,NA,9:20:00,NA,1,178,NA,NA,NA,30,NA,0
4,2016-08-10,Manley,OP,3,NA,NA,NA,9:20:00,NA,1,192,NA,NA,NA,15,NA,0
4,2016-08-10,Manley,OP,3,NA,NA,NA,9:20:00,NA,1,251,NA,NA,NA,45,NA,0
4,2016-08-10,Manley,OP,3,NA,NA,NA,9:20:00,NA,1,269,NA,NA,NA,55,NA,0
4,2016-08-10,Manley,OP,3,NA,NA,NA,9:20:00,NA,1,277,NA,NA,NA,65,NA,0
4,2016-08-10,Manley,OP,3,NA,NA,NA,9:20:00,NA,1,278,NA,NA,NA,20,NA,0
4,2016-08-10,Manley,OP,3,NA,NA,NA,9:20:00,NA,1,282,NA,NA,NA,40,NA,0
4,2016-08-10,Manley,OP,3,NA,NA,NA,9:20:00,NA,1,300,NA,NA,NA,50,NA,0
4,2016-08-10,Manley,OP,3,NA,NA,NA,9:20:00,NA,1,300,NA,NA,NA,35,NA,0
4,2016-08-10,Manley,OP,3,NA,NA,NA,9:20:00,NA,1,315,NA,NA,NA,40,NA,0
4,2016-08-10,Manley,OP,3,NA,NA,NA,9:20:00,NA,1,318,NA,NA,NA,48,NA,0
4,2016-08-10,Manley,OP,3,NA,NA,NA,9:20:00,NA,1,345,NA,NA,NA,50,NA,0
4,2016-08-10,North,AM,1,L,4.2,1840,14:00:00,y,1,378,NA,10,42,42,NA,0
4,2016-08-10,North,AM,1,L,9.5,1762,14:00:00,y,1,420,NA,15,52,61,NA,0
4,2016-08-10,North,AM,1,L,10.9,2082,14:00:00,y,1,413,NA,20,69,73,NA,0
4,2016-08-10,North,AM,2,L,3.1,1798,14:00:00,y,1,427,NA,20,57,75,NA,0
4,2016-08-10,North,AM,2,L,19.8,1984,14:00:00,y,1,171,NA,20,62,80,NA,0
4,2016-08-10,North,AM,3,L,4.2,1954,14:00:00,y,1,352,NA,20,64,60,NA,0
4,2016-08-10,North,AM,3,L,5,1804,14:00:00,y,1,302,NA,15,52,50,NA,0
4,2016-08-10,North,AM,3,L,7.5,1970,14:00:00,y,1,169,NA,25,80,83,NA,0
4,2016-08-10,North,OP,1,R,5,338,14:00:00,y,1,374,NA,17,55,50,NA,0
4,2016-08-10,North,OP,1,R,9,320,14:00:00,y,1,427,NA,16,58,70,NA,0
4,2016-08-10,North,OP,2,R,1,325,14:00:00,y,1,472,NA,16,43,50,NA,0
4,2016-08-10,North,OP,2,R,6,1874,14:00:00,y,1,365,NA,13,40,45,NA,0
4,2016-08-10,North,OP,2,R,17,1980,14:00:00,y,1,371,NA,24,83,100,NA,0
4,2016-08-10,North,OP,3,R,3,511,14:00:00,y,1,371,NA,13,33,35,NA,0
4,2016-08-10,North,OP,3,R,13.75,2045,14:00:00,y,1,351,NA,16,54,60,NA,0
4,2016-08-10,North,OP,3,R,18,2009,14:00:00,y,1,356,NA,15,52,50,NA,0
4,2016-08-10,Second,AM,1,R,10,305,12:05:00,y,1,526,NA,15,43,43,NA,0
4,2016-08-10,Second,AM,1,R,12,515,12:05:00,y,1,332,NA,10,23,31,NA,0
4,2016-08-10,Second,AM,1,R,17,1944,12:05:00,y,1,581,NA,15,46,57,NA,H
4,2016-08-10,Second,AM,2,R,9.9,2138,12:05:00,y,1,220,NA,10,32,30,NA,0
4,2016-08-10,Second,AM,2,R,17,2133,12:05:00,y,1,223,NA,15,51,50,NA,0
4,2016-08-10,Second,AM,3,R,6.5,506,12:05:00,y,1,423,NA,15,51,48,NA,0
4,2016-08-10,Second,AM,3,R,9.1,508,12:05:00,y,1,227,NA,10,34,31,NA,0
4,2016-08-10,Second,AM,3,R,18.6,322,12:05:00,y,1,238,NA,15,51,46,NA,0
4,2016-08-10,Second,OP,1,L,7,1950,12:05:00,y,1,387,NA,6,19,20,NA,0
4,2016-08-10,Second,OP,1,L,12,1780,12:05:00,y,1,399,NA,6,16,18,NA,0
4,2016-08-10,Second,OP,2,L,7,509,12:05:00,y,1,281,NA,NA,NA,0,NA,NA
4,2016-08-10,Second,OP,2,L,8,2181,12:05:00,y,1,450,NA,12,37,50,NA,0
4,2016-08-10,Second,OP,2,L,13.5,2175,12:05:00,y,1,396,NA,NA,NA,0,NA,NA
4,2016-08-10,Second,OP,2,L,14,2081,12:05:00,y,1,339,NA,26,84,100,NA,L
4,2016-08-10,Second,OP,3,L,4,503,12:05:00,y,1,333,NA,3,11,15,NA,0
4,2016-08-10,Second,OP,3,L,12.5,329,12:05:00,y,1,270,NA,5,14,20,NA,0
4,2016-08-10,Second,OP,3,L,17,510,12:05:00,y,1,255,NA,3,8,10,NA,0
4,2016-08-13,Manley,AM,1,L,8.2,2087,11:45:00,y,2,NA,24,14,23,NA,NA,NA
4,2016-08-13,Manley,AM,1,L,11.6,1690,11:45:00,y,2,NA,36,13,32,NA,NA,NA
4,2016-08-13,Manley,AM,2,L,8.2,1692,11:45:00,y,2,NA,37,20,48,NA,NA,NA
4,2016-08-13,Manley,AM,2,L,9.5,1881,11:45:00,y,2,NA,34,15.5,31,NA,NA,NA
4,2016-08-13,Manley,AM,2,L,10.5,2419,11:45:00,y,2,NA,43,17.5,19,NA,NA,NA
4,2016-08-13,Manley,AM,3,L,1.9,1988,11:45:00,y,2,NA,28,14,31,NA,NA,NA
4,2016-08-13,Manley,AM,3,L,7.1,1902,11:45:00,y,2,NA,51,NA,NA,NA,NA,NA
4,2016-08-13,Manley,AM,3,L,12.2,2123,11:45:00,y,2,NA,46,12,26,NA,NA,NA
4,2016-08-13,Manley,OP,1,R,9.2,2135,11:45:00,y,2,NA,35,9,24,NA,NA,NA
4,2016-08-13,Manley,OP,1,R,17,2076,11:45:00,y,2,NA,29,15,35,NA,NA,NA
4,2016-08-13,Manley,OP,1,R,20,1835,11:45:00,y,2,NA,45,23,40,NA,NA,NA
4,2016-08-13,Manley,OP,2,R,5.5,2150,11:45:00,y,2,NA,46,11,18,NA,NA,NA
4,2016-08-13,Manley,OP,2,R,13,2406,11:45:00,y,2,NA,55,22,48,NA,NA,NA
4,2016-08-13,Manley,OP,2,R,16.5,2019,11:45:00,y,2,NA,54,29,39,NA,NA,NA
4,2016-08-13,Manley,OP,3,R,8.3,2131,11:45:00,y,2,NA,37,20,41,NA,NA,NA
4,2016-08-13,Manley,OP,3,R,12.8,2185,11:45:00,y,2,NA,NA,8,14,NA,NA,NA
4,2016-08-14,North,AM,1,L,4.2,1840,9:45:00,y,2,NA,30,NA,NA,NA,NA,NA
4,2016-08-14,North,AM,1,L,9.5,1762,9:45:00,y,2,NA,26,24,51,NA,NA,NA
4,2016-08-14,North,AM,1,L,10.9,2082,9:45:00,y,2,NA,25,32,61,NA,NA,NA
4,2016-08-14,North,AM,1,NA,NA,NA,14:00:00,NA,1,218,NA,NA,NA,85,NA,0
4,2016-08-14,North,AM,1,NA,NA,NA,14:00:00,NA,1,270,NA,NA,NA,13,NA,0
4,2016-08-14,North,AM,1,NA,NA,NA,14:00:00,NA,1,297,NA,NA,NA,123,NA,0
4,2016-08-14,North,AM,1,NA,NA,NA,14:00:00,NA,1,299,NA,NA,NA,44,NA,0
4,2016-08-14,North,AM,1,NA,NA,NA,14:00:00,NA,1,312,NA,NA,NA,45,NA,0
4,2016-08-14,North,AM,1,NA,NA,NA,14:00:00,NA,1,357,NA,NA,NA,90,NA,0
4,2016-08-14,North,AM,1,NA,NA,NA,14:00:00,NA,1,364,NA,NA,NA,37,NA,0
4,2016-08-14,North,AM,1,NA,NA,NA,14:00:00,NA,1,408,NA,NA,NA,30,NA,0
4,2016-08-14,North,AM,1,NA,NA,NA,14:00:00,NA,1,422,NA,NA,NA,88,NA,0
4,2016-08-14,North,AM,1,NA,NA,NA,14:00:00,NA,1,423,NA,NA,NA,37,NA,0
4,2016-08-14,North,AM,1,NA,NA,NA,14:00:00,NA,1,458,NA,NA,NA,92,NA,L
4,2016-08-14,North,AM,1,NA,NA,NA,14:00:00,NA,1,463,NA,NA,NA,19,NA,0
4,2016-08-14,North,AM,1,NA,NA,NA,14:00:00,NA,1,505,NA,NA,NA,64,NA,0
4,2016-08-14,North,AM,1,NA,NA,NA,14:00:00,NA,1,516,NA,NA,NA,73,NA,L
4,2016-08-14,North,AM,1,NA,NA,NA,14:00:00,NA,1,518,NA,NA,NA,75,NA,0
4,2016-08-14,North,AM,2,L,3.1,1798,9:45:00,y,2,NA,39,25,57,NA,NA,NA
4,2016-08-14,North,AM,2,L,19.8,1984,9:45:00,y,2,NA,20,35,74,NA,NA,NA
4,2016-08-14,North,AM,2,NA,NA,NA,14:00:00,NA,1,133,NA,NA,NA,70,NA,0
4,2016-08-14,North,AM,2,NA,NA,NA,14:00:00,NA,1,283,NA,NA,NA,26,NA,0
4,2016-08-14,North,AM,2,NA,NA,NA,14:00:00,NA,1,294,NA,NA,NA,47,NA,0
4,2016-08-14,North,AM,2,NA,NA,NA,14:00:00,NA,1,300,NA,NA,NA,28,NA,0
4,2016-08-14,North,AM,2,NA,NA,NA,14:00:00,NA,1,359,NA,NA,NA,39,NA,0
4,2016-08-14,North,AM,2,NA,NA,NA,14:00:00,NA,1,362,NA,NA,NA,10,NA,0
4,2016-08-14,North,AM,2,NA,NA,NA,14:00:00,NA,1,382,NA,NA,NA,62,NA,0
4,2016-08-14,North,AM,2,NA,NA,NA,14:00:00,NA,1,387,NA,NA,NA,60,NA,0
4,2016-08-14,North,AM,2,NA,NA,NA,14:00:00,NA,1,387,NA,NA,NA,35,NA,0
4,2016-08-14,North,AM,2,NA,NA,NA,14:00:00,NA,1,407,NA,NA,NA,68,NA,0
4,2016-08-14,North,AM,2,NA,NA,NA,14:00:00,NA,1,409,NA,NA,NA,45,NA,0
4,2016-08-14,North,AM,2,NA,NA,NA,14:00:00,NA,1,417,NA,NA,NA,68,NA,0
4,2016-08-14,North,AM,2,NA,NA,NA,14:00:00,NA,1,450,NA,NA,NA,37,NA,0
4,2016-08-14,North,AM,2,NA,NA,NA,14:00:00,NA,1,477,NA,NA,NA,72,NA,0
4,2016-08-14,North,AM,2,NA,NA,NA,14:00:00,NA,1,504,NA,NA,NA,84,NA,0
4,2016-08-14,North,AM,3,L,4.2,1954,9:45:00,y,2,NA,18,29.5,55,NA,NA,NA
4,2016-08-14,North,AM,3,L,5,1804,9:45:00,y,2,NA,10,NA,NA,NA,NA,NA
4,2016-08-14,North,AM,3,L,7.5,1970,9:45:00,y,2,NA,22,51,98,NA,NA,NA
4,2016-08-14,North,AM,3,NA,NA,NA,14:00:00,NA,1,185,NA,NA,NA,70,NA,0
4,2016-08-14,North,AM,3,NA,NA,NA,14:00:00,NA,1,187,NA,NA,NA,88,NA,0
4,2016-08-14,North,AM,3,NA,NA,NA,14:00:00,NA,1,217,NA,NA,NA,86,NA,0
4,2016-08-14,North,AM,3,NA,NA,NA,14:00:00,NA,1,270,NA,NA,NA,72,NA,0
4,2016-08-14,North,AM,3,NA,NA,NA,14:00:00,NA,1,284,NA,NA,NA,34,NA,0
4,2016-08-14,North,AM,3,NA,NA,NA,14:00:00,NA,1,317,NA,NA,NA,47,NA,0
4,2016-08-14,North,AM,3,NA,NA,NA,14:00:00,NA,1,330,NA,NA,NA,25,NA,0
4,2016-08-14,North,AM,3,NA,NA,NA,14:00:00,NA,1,342,NA,NA,NA,54,NA,0
4,2016-08-14,North,AM,3,NA,NA,NA,14:00:00,NA,1,357,NA,NA,NA,68,NA,0
4,2016-08-14,North,AM,3,NA,NA,NA,14:00:00,NA,1,380,NA,NA,NA,52,NA,0
4,2016-08-14,North,AM,3,NA,NA,NA,14:00:00,NA,1,407,NA,NA,NA,97,NA,0
4,2016-08-14,North,AM,3,NA,NA,NA,14:00:00,NA,1,426,NA,NA,NA,12,NA,0
4,2016-08-14,North,AM,3,NA,NA,NA,14:00:00,NA,1,452,NA,NA,NA,79,NA,0
4,2016-08-14,North,AM,3,NA,NA,NA,14:00:00,NA,1,458,NA,NA,NA,58,NA,0
4,2016-08-14,North,AM,3,NA,NA,NA,14:00:00,NA,1,487,NA,NA,NA,69,NA,0
4,2016-08-14,North,OP,1,R,5,338,9:45:00,y,2,NA,34,27,56,NA,NA,NA
4,2016-08-14,North,OP,1,R,9,320,9:45:00,y,2,NA,43,30,70,NA,NA,NA
4,2016-08-14,North,OP,2,R,1,325,9:45:00,y,2,NA,26,33,54,NA,NA,NA
4,2016-08-14,North,OP,2,R,6,1874,9:45:00,y,2,NA,41,24,45,NA,NA,NA
4,2016-08-14,North,OP,2,R,17,1980,9:45:00,y,2,NA,32,44,102,NA,NA,NA
4,2016-08-14,North,OP,3,R,3,511,9:45:00,y,2,NA,31,22,39,NA,NA,NA
4,2016-08-14,North,OP,3,R,13.75,2045,9:45:00,y,2,NA,31,28,62,NA,NA,NA
4,2016-08-14,North,OP,3,R,18,2009,9:45:00,y,2,NA,43,28,56,NA,NA,NA
4,2016-08-14,Second,AM,1,R,10,305,13:30:00,y,2,NA,37,28,48,NA,NA,NA
4,2016-08-14,Second,AM,1,R,12,515,13:30:00,n,2,NA,NA,NA,NA,NA,NA,NA
4,2016-08-14,Second,AM,1,R,17,1944,13:30:00,y,2,NA,34,NA,NA,NA,NA,NA
4,2016-08-14,Second,AM,2,R,9.9,2138,13:30:00,y,2,NA,30,17,29,NA,NA,NA
4,2016-08-14,Second,AM,2,R,17,2133,13:30:00,y,2,NA,11,27,52,NA,NA,NA
4,2016-08-14,Second,AM,3,R,6.5,506,13:30:00,y,2,NA,49,25,53,NA,NA,NA
4,2016-08-14,Second,AM,3,R,9.1,508,13:30:00,y,2,NA,24,19.5,37,NA,NA,NA
4,2016-08-14,Second,AM,3,R,18.6,322,13:30:00,y,2,NA,25,30,56,NA,NA,NA
4,2016-08-14,Second,OP,1,L,7,1950,13:30:00,y,2,NA,37,10,19,NA,NA,NA
4,2016-08-14,Second,OP,1,L,12,1780,13:30:00,y,2,NA,26,10,17,NA,NA,NA
4,2016-08-14,Second,OP,1,NA,NA,NA,12:05:00,NA,1,180,NA,NA,NA,25,NA,0
4,2016-08-14,Second,OP,1,NA,NA,NA,12:05:00,NA,1,221,NA,NA,NA,50,NA,0
4,2016-08-14,Second,OP,1,NA,NA,NA,12:05:00,NA,1,263,NA,NA,NA,50,NA,0
4,2016-08-14,Second,OP,1,NA,NA,NA,12:05:00,NA,1,280,NA,NA,NA,25,NA,0
4,2016-08-14,Second,OP,1,NA,NA,NA,12:05:00,NA,1,288,NA,NA,NA,0,NA,NA
4,2016-08-14,Second,OP,1,NA,NA,NA,12:05:00,NA,1,374,NA,NA,NA,0,NA,NA
4,2016-08-14,Second,OP,1,NA,NA,NA,12:05:00,NA,1,404,NA,NA,NA,0,NA,NA
4,2016-08-14,Second,OP,1,NA,NA,NA,12:05:00,NA,1,406,NA,NA,NA,0,NA,NA
4,2016-08-14,Second,OP,1,NA,NA,NA,12:05:00,NA,1,412,NA,NA,NA,0,NA,NA
4,2016-08-14,Second,OP,1,NA,NA,NA,12:05:00,NA,1,418,NA,NA,NA,20,NA,0
4,2016-08-14,Second,OP,1,NA,NA,NA,12:05:00,NA,1,446,NA,NA,NA,10,NA,0
4,2016-08-14,Second,OP,1,NA,NA,NA,12:05:00,NA,1,447,NA,NA,NA,20,NA,0
4,2016-08-14,Second,OP,1,NA,NA,NA,12:05:00,NA,1,536,NA,NA,NA,10,NA,0
4,2016-08-14,Second,OP,1,NA,NA,NA,12:05:00,NA,1,569,NA,NA,NA,50,NA,0
4,2016-08-14,Second,OP,1,NA,NA,NA,12:05:00,NA,1,677,NA,NA,NA,120,NA,L
4,2016-08-14,Second,OP,2,L,7,509,13:30:00,y,2,NA,0,NA,NA,NA,NA,NA
4,2016-08-14,Second,OP,2,L,8,2181,13:30:00,y,2,NA,59,24,45,NA,NA,NA
4,2016-08-14,Second,OP,2,L,13.5,2175,13:30:00,y,2,NA,0,NA,NA,NA,NA,NA
4,2016-08-14,Second,OP,2,L,14,2081,13:30:00,y,2,NA,75,48,93,NA,NA,NA
4,2016-08-14,Second,OP,2,NA,NA,NA,12:05:00,NA,1,128,NA,NA,NA,60,NA,0
4,2016-08-14,Second,OP,2,NA,NA,NA,12:05:00,NA,1,160,NA,NA,NA,40,NA,0
4,2016-08-14,Second,OP,2,NA,NA,NA,12:05:00,NA,1,253,NA,NA,NA,50,NA,0
4,2016-08-14,Second,OP,2,NA,NA,NA,12:05:00,NA,1,271,NA,NA,NA,0,NA,NA
4,2016-08-14,Second,OP,2,NA,NA,NA,12:05:00,NA,1,287,NA,NA,NA,0,NA,NA
4,2016-08-14,Second,OP,2,NA,NA,NA,12:05:00,NA,1,290,NA,NA,NA,50,NA,0
4,2016-08-14,Second,OP,2,NA,NA,NA,12:05:00,NA,1,294,NA,NA,NA,30,NA,0
4,2016-08-14,Second,OP,2,NA,NA,NA,12:05:00,NA,1,300,NA,NA,NA,0,NA,NA
4,2016-08-14,Second,OP,2,NA,NA,NA,12:05:00,NA,1,318,NA,NA,NA,0,NA,NA
4,2016-08-14,Second,OP,2,NA,NA,NA,12:05:00,NA,1,327,NA,NA,NA,12,NA,0
4,2016-08-14,Second,OP,2,NA,NA,NA,12:05:00,NA,1,350,NA,NA,NA,35,NA,0
4,2016-08-14,Second,OP,2,NA,NA,NA,12:05:00,NA,1,370,NA,NA,NA,50,NA,0
4,2016-08-14,Second,OP,2,NA,NA,NA,12:05:00,NA,1,395,NA,NA,NA,45,NA,0
4,2016-08-14,Second,OP,2,NA,NA,NA,12:05:00,NA,1,395,NA,NA,NA,0,NA,NA
4,2016-08-14,Second,OP,2,NA,NA,NA,12:05:00,NA,1,500,NA,NA,NA,20,NA,0
4,2016-08-14,Second,OP,3,L,4,503,13:30:00,y,2,NA,25,7,14,NA,NA,NA
4,2016-08-14,Second,OP,3,L,12.5,329,13:30:00,y,2,NA,23,10,17,NA,NA,NA
4,2016-08-14,Second,OP,3,L,17,510,13:30:00,y,2,NA,21,6,10,NA,NA,NA
4,2016-08-14,Second,OP,3,NA,NA,NA,12:05:00,NA,1,111,NA,NA,NA,50,NA,0
4,2016-08-14,Second,OP,3,NA,NA,NA,12:05:00,NA,1,120,NA,NA,NA,30,NA,0
4,2016-08-14,Second,OP,3,NA,NA,NA,12:05:00,NA,1,160,NA,NA,NA,13,NA,0
4,2016-08-14,Second,OP,3,NA,NA,NA,12:05:00,NA,1,266,NA,NA,NA,50,NA,0
4,2016-08-14,Second,OP,3,NA,NA,NA,12:05:00,NA,1,270,NA,NA,NA,10,NA,0
4,2016-08-14,Second,OP,3,NA,NA,NA,12:05:00,NA,1,276,NA,NA,NA,10,NA,0
4,2016-08-14,Second,OP,3,NA,NA,NA,12:05:00,NA,1,300,NA,NA,NA,30,NA,0
4,2016-08-14,Second,OP,3,NA,NA,NA,12:05:00,NA,1,314,NA,NA,NA,30,NA,0
4,2016-08-14,Second,OP,3,NA,NA,NA,12:05:00,NA,1,335,NA,NA,NA,0,NA,NA
4,2016-08-14,Second,OP,3,NA,NA,NA,12:05:00,NA,1,352,NA,NA,NA,0,NA,NA
4,2016-08-14,Second,OP,3,NA,NA,NA,12:05:00,NA,1,373,NA,NA,NA,10,NA,0
4,2016-08-14,Second,OP,3,NA,NA,NA,12:05:00,NA,1,395,NA,NA,NA,45,NA,0
4,2016-08-14,Second,OP,3,NA,NA,NA,12:05:00,NA,1,412,NA,NA,NA,40,NA,0
4,2016-08-14,Second,OP,3,NA,NA,NA,12:05:00,NA,1,417,NA,NA,NA,80,NA,L
4,2016-08-14,Second,OP,3,NA,NA,NA,12:05:00,NA,1,473,NA,NA,NA,40,NA,0
4,2016-09-05,Manley,AM,1,L,8.2,2087,9:30:00,n,3,NA,NA,NA,NA,NA,NA,NA
4,2016-09-05,Manley,AM,1,L,11.6,1690,9:30:00,n,3,NA,NA,NA,NA,NA,NA,NA
4,2016-09-05,Manley,AM,2,L,8.2,1692,9:30:00,n,3,NA,NA,NA,NA,NA,NA,NA
4,2016-09-05,Manley,AM,2,L,9.5,1881,9:30:00,y,3,166,33,NA,NA,NA,NA,NA
4,2016-09-05,Manley,AM,2,L,10.5,2419,9:30:00,n,3,NA,NA,NA,NA,NA,NA,NA
4,2016-09-05,Manley,AM,3,L,1.9,1988,9:30:00,n,3,NA,NA,NA,NA,NA,NA,NA
4,2016-09-05,Manley,AM,3,L,7.1,1902,9:30:00,n,3,NA,NA,NA,NA,NA,NA,NA
4,2016-09-05,Manley,AM,3,L,12.2,2123,9:30:00,n,3,NA,NA,NA,NA,NA,NA,NA
4,2016-09-05,Manley,OP,1,R,9.2,2135,9:30:00,y,3,240,0,NA,NA,NA,NA,NA
4,2016-09-05,Manley,OP,1,R,17,2076,9:30:00,y,3,270,31,NA,NA,NA,NA,NA
4,2016-09-05,Manley,OP,1,R,20,1835,9:30:00,y,3,182,40,NA,NA,NA,NA,NA
4,2016-09-05,Manley,OP,2,R,5.5,2150,9:30:00,n,3,NA,NA,NA,NA,NA,NA,NA
4,2016-09-05,Manley,OP,2,R,13,2406,9:30:00,y,3,315,45,NA,NA,NA,NA,NA
4,2016-09-05,Manley,OP,2,R,16.5,2019,9:30:00,n,3,NA,NA,NA,NA,NA,NA,NA
4,2016-09-05,Manley,OP,3,R,8.3,2131,9:30:00,y,3,226,36,NA,NA,NA,NA,NA
4,2016-09-05,Manley,OP,3,R,12.8,2185,9:30:00,n,3,NA,NA,NA,NA,NA,NA,NA
4,2016-09-05,North,AM,1,L,4.2,1840,15:30:00,n,3,NA,NA,NA,NA,NA,NA,NA
4,2016-09-05,North,AM,1,L,9.5,1762,15:30:00,y,3,534,32,NA,NA,NA,NA,NA
4,2016-09-05,North,AM,1,L,10.9,2082,15:30:00,y,3,559,27,NA,NA,NA,NA,NA
4,2016-09-05,North,AM,2,L,3.1,1798,15:30:00,y,3,464,38,NA,NA,NA,NA,NA
4,2016-09-05,North,AM,2,L,19.8,1984,15:30:00,y,3,376,35,NA,NA,NA,NA,NA
4,2016-09-05,North,AM,3,L,4.2,1954,15:30:00,y,3,538,25,NA,NA,NA,NA,NA
4,2016-09-05,North,AM,3,L,5,1804,15:30:00,y,3,458,10,NA,NA,NA,NA,NA
4,2016-09-05,North,AM,3,L,7.5,1970,15:30:00,y,3,465,22,NA,NA,NA,NA,NA
4,2016-09-05,North,OP,1,R,5,338,15:30:00,n,3,NA,NA,NA,NA,NA,NA,NA
4,2016-09-05,North,OP,1,R,9,320,15:30:00,y,3,459,44,NA,NA,NA,NA,NA
4,2016-09-05,North,OP,2,R,1,325,15:30:00,y,3,478,22,NA,NA,NA,NA,NA
4,2016-09-05,North,OP,2,R,6,1874,15:30:00,y,3,438,44,NA,NA,NA,NA,NA
4,2016-09-05,North,OP,2,R,17,1980,15:30:00,y,3,638,59,NA,NA,NA,NA,NA
4,2016-09-05,North,OP,3,R,3,511,15:30:00,y,3,372,36,NA,NA,NA,NA,NA
4,2016-09-05,North,OP,3,R,13.75,2045,15:30:00,y,3,533,36,NA,NA,NA,NA,NA
4,2016-09-05,North,OP,3,R,18,2009,15:30:00,y,3,492,41,NA,NA,NA,NA,NA
4,2016-09-05,Second,AM,1,R,10,305,14:00:00,n,3,NA,NA,NA,NA,NA,NA,NA
4,2016-09-05,Second,AM,1,R,12,515,14:00:00,n,3,NA,NA,NA,NA,NA,NA,NA
4,2016-09-05,Second,AM,1,R,17,1944,14:00:00,y,3,585,28,NA,NA,NA,NA,NA
4,2016-09-05,Second,AM,2,R,9.9,2138,14:00:00,n,3,NA,NA,NA,NA,NA,NA,NA
4,2016-09-05,Second,AM,2,R,17,2133,14:00:00,y,3,385,15,NA,NA,NA,NA,NA
4,2016-09-05,Second,AM,3,R,6.5,506,14:00:00,n,3,NA,NA,NA,NA,NA,NA,NA
4,2016-09-05,Second,AM,3,R,9.1,508,14:00:00,y,3,306,23,NA,NA,NA,NA,NA
4,2016-09-05,Second,AM,3,R,18.6,322,14:00:00,n,3,NA,NA,NA,NA,NA,NA,NA
4,2016-09-05,Second,OP,1,L,7,1950,14:00:00,y,3,388,28,NA,NA,NA,NA,NA
4,2016-09-05,Second,OP,1,L,12,1780,14:00:00,y,3,400,0,NA,NA,NA,NA,NA
4,2016-09-05,Second,OP,2,L,7,509,14:00:00,n,3,NA,NA,NA,NA,NA,NA,NA
4,2016-09-05,Second,OP,2,L,8,2181,14:00:00,y,3,464,62,NA,NA,NA,NA,NA
4,2016-09-05,Second,OP,2,L,13.5,2175,14:00:00,n,3,NA,NA,NA,NA,NA,NA,NA
4,2016-09-05,Second,OP,2,L,14,2081,14:00:00,y,3,641,70,NA,NA,NA,NA,NA
4,2016-09-05,Second,OP,3,L,4,503,14:00:00,n,3,NA,NA,NA,NA,NA,NA,NA
4,2016-09-05,Second,OP,3,L,12.5,329,14:00:00,n,3,NA,NA,NA,NA,NA,NA,NA
4,2016-09-05,Second,OP,3,L,17,510,14:00:00,y,3,NA,10,NA,NA,NA,NA,NA
4,NA,Manley,OP,1,NA,NA,NA,NA,NA,2,NA,NA,NA,NA,NA,NA,NA
4,NA,Manley,OP,1,NA,NA,NA,NA,NA,2,NA,NA,NA,NA,NA,NA,NA
4,NA,Manley,OP,1,NA,NA,NA,NA,NA,2,NA,NA,NA,NA,NA,NA,NA
4,NA,Manley,OP,1,NA,NA,NA,NA,NA,2,NA,NA,NA,NA,NA,NA,NA
4,NA,Manley,OP,1,NA,NA,NA,NA,NA,2,NA,NA,NA,NA,NA,NA,NA
4,NA,Manley,OP,1,NA,NA,NA,NA,NA,2,NA,NA,NA,NA,NA,NA,NA
4,NA,Manley,OP,1,NA,NA,NA,NA,NA,2,NA,NA,NA,NA,NA,NA,NA
4,NA,Manley,OP,1,NA,NA,NA,NA,NA,2,NA,NA,NA,NA,NA,NA,NA
4,NA,Manley,OP,1,NA,NA,NA,NA,NA,2,NA,NA,NA,NA,NA,NA,NA
4,NA,Manley,OP,1,NA,NA,NA,NA,NA,2,NA,NA,NA,NA,NA,NA,NA
4,NA,Manley,OP,1,NA,NA,NA,NA,NA,2,NA,NA,NA,NA,NA,NA,NA
4,NA,Manley,OP,1,NA,NA,NA,NA,NA,2,NA,NA,NA,NA,NA,NA,NA
4,NA,Manley,OP,1,NA,NA,NA,NA,NA,2,NA,NA,NA,NA,NA,NA,NA
4,NA,Manley,OP,1,NA,NA,NA,NA,NA,2,NA,NA,NA,NA,NA,NA,NA
4,NA,Manley,OP,1,NA,NA,NA,NA,NA,2,NA,NA,NA,NA,NA,NA,NA
4,NA,Manley,OP,1,NA,NA,NA,NA,NA,3,NA,NA,NA,NA,NA,NA,NA
4,NA,Manley,OP,1,NA,NA,NA,NA,NA,3,NA,NA,NA,NA,NA,NA,NA
4,NA,Manley,OP,1,NA,NA,NA,NA,NA,3,NA,NA,NA,NA,NA,NA,NA
4,NA,Manley,OP,1,NA,NA,NA,NA,NA,3,NA,NA,NA,NA,NA,NA,NA
4,NA,Manley,OP,1,NA,NA,NA,NA,NA,3,NA,NA,NA,NA,NA,NA,NA
4,NA,Manley,OP,1,NA,NA,NA,NA,NA,3,NA,NA,NA,NA,NA,NA,NA
4,NA,Manley,OP,1,NA,NA,NA,NA,NA,3,NA,NA,NA,NA,NA,NA,NA
4,NA,Manley,OP,1,NA,NA,NA,NA,NA,3,NA,NA,NA,NA,NA,NA,NA
4,NA,Manley,OP,1,NA,NA,NA,NA,NA,3,NA,NA,NA,NA,NA,NA,NA
4,NA,Manley,OP,1,NA,NA,NA,NA,NA,3,NA,NA,NA,NA,NA,NA,NA
4,NA,Manley,OP,1,NA,NA,NA,NA,NA,3,NA,NA,NA,NA,NA,NA,NA
4,NA,Manley,OP,1,NA,NA,NA,NA,NA,3,NA,NA,NA,NA,NA,NA,NA
4,NA,Manley,OP,1,NA,NA,NA,NA,NA,3,NA,NA,NA,NA,NA,NA,NA
4,NA,Manley,OP,1,NA,NA,NA,NA,NA,3,NA,NA,NA,NA,NA,NA,NA
4,NA,Manley,OP,1,NA,NA,NA,NA,NA,3,NA,NA,NA,NA,NA,NA,NA
4,NA,Manley,OP,2,NA,NA,NA,NA,NA,2,NA,NA,NA,NA,NA,NA,NA
4,NA,Manley,OP,2,NA,NA,NA,NA,NA,2,NA,NA,NA,NA,NA,NA,NA
4,NA,Manley,OP,2,NA,NA,NA,NA,NA,2,NA,NA,NA,NA,NA,NA,NA
4,NA,Manley,OP,2,NA,NA,NA,NA,NA,2,NA,NA,NA,NA,NA,NA,NA
4,NA,Manley,OP,2,NA,NA,NA,NA,NA,2,NA,NA,NA,NA,NA,NA,NA
4,NA,Manley,OP,2,NA,NA,NA,NA,NA,2,NA,NA,NA,NA,NA,NA,NA
4,NA,Manley,OP,2,NA,NA,NA,NA,NA,2,NA,NA,NA,NA,NA,NA,NA
4,NA,Manley,OP,2,NA,NA,NA,NA,NA,2,NA,NA,NA,NA,NA,NA,NA
4,NA,Manley,OP,2,NA,NA,NA,NA,NA,2,NA,NA,NA,NA,NA,NA,NA
4,NA,Manley,OP,2,NA,NA,NA,NA,NA,2,NA,NA,NA,NA,NA,NA,NA
4,NA,Manley,OP,2,NA,NA,NA,NA,NA,2,NA,NA,NA,NA,NA,NA,NA
4,NA,Manley,OP,2,NA,NA,NA,NA,NA,2,NA,NA,NA,NA,NA,NA,NA
4,NA,Manley,OP,2,NA,NA,NA,NA,NA,2,NA,NA,NA,NA,NA,NA,NA
4,NA,Manley,OP,2,NA,NA,NA,NA,NA,2,NA,NA,NA,NA,NA,NA,NA
4,NA,Manley,OP,2,NA,NA,NA,NA,NA,2,NA,NA,NA,NA,NA,NA,NA
4,NA,Manley,OP,2,NA,NA,NA,NA,NA,3,NA,NA,NA,NA,NA,NA,NA
4,NA,Manley,OP,2,NA,NA,NA,NA,NA,3,NA,NA,NA,NA,NA,NA,NA
4,NA,Manley,OP,2,NA,NA,NA,NA,NA,3,NA,NA,NA,NA,NA,NA,NA
4,NA,Manley,OP,2,NA,NA,NA,NA,NA,3,NA,NA,NA,NA,NA,NA,NA
4,NA,Manley,OP,2,NA,NA,NA,NA,NA,3,NA,NA,NA,NA,NA,NA,NA
4,NA,Manley,OP,2,NA,NA,NA,NA,NA,3,NA,NA,NA,NA,NA,NA,NA
4,NA,Manley,OP,2,NA,NA,NA,NA,NA,3,NA,NA,NA,NA,NA,NA,NA
4,NA,Manley,OP,2,NA,NA,NA,NA,NA,3,NA,NA,NA,NA,NA,NA,NA
4,NA,Manley,OP,2,NA,NA,NA,NA,NA,3,NA,NA,NA,NA,NA,NA,NA
4,NA,Manley,OP,2,NA,NA,NA,NA,NA,3,NA,NA,NA,NA,NA,NA,NA
4,NA,Manley,OP,2,NA,NA,NA,NA,NA,3,NA,NA,NA,NA,NA,NA,NA
4,NA,Manley,OP,2,NA,NA,NA,NA,NA,3,NA,NA,NA,NA,NA,NA,NA
4,NA,Manley,OP,2,NA,NA,NA,NA,NA,3,NA,NA,NA,NA,NA,NA,NA
4,NA,Manley,OP,2,NA,NA,NA,NA,NA,3,NA,NA,NA,NA,NA,NA,NA
4,NA,Manley,OP,2,NA,NA,NA,NA,NA,3,NA,NA,NA,NA,NA,NA,NA
4,NA,Manley,OP,3,NA,NA,NA,NA,NA,2,NA,NA,NA,NA,NA,NA,NA
4,NA,Manley,OP,3,NA,NA,NA,NA,NA,2,NA,NA,NA,NA,NA,NA,NA
4,NA,Manley,OP,3,NA,NA,NA,NA,NA,2,NA,NA,NA,NA,NA,NA,NA
4,NA,Manley,OP,3,NA,NA,NA,NA,NA,2,NA,NA,NA,NA,NA,NA,NA
4,NA,Manley,OP,3,NA,NA,NA,NA,NA,2,NA,NA,NA,NA,NA,NA,NA
4,NA,Manley,OP,3,NA,NA,NA,NA,NA,2,NA,NA,NA,NA,NA,NA,NA
4,NA,Manley,OP,3,NA,NA,NA,NA,NA,2,NA,NA,NA,NA,NA,NA,NA
4,NA,Manley,OP,3,NA,NA,NA,NA,NA,2,NA,NA,NA,NA,NA,NA,NA
4,NA,Manley,OP,3,NA,NA,NA,NA,NA,2,NA,NA,NA,NA,NA,NA,NA
4,NA,Manley,OP,3,NA,NA,NA,NA,NA,2,NA,NA,NA,NA,NA,NA,NA
4,NA,Manley,OP,3,NA,NA,NA,NA,NA,2,NA,NA,NA,NA,NA,NA,NA
4,NA,Manley,OP,3,NA,NA,NA,NA,NA,2,NA,NA,NA,NA,NA,NA,NA
4,NA,Manley,OP,3,NA,NA,NA,NA,NA,2,NA,NA,NA,NA,NA,NA,NA
4,NA,Manley,OP,3,NA,NA,NA,NA,NA,2,NA,NA,NA,NA,NA,NA,NA
4,NA,Manley,OP,3,NA,NA,NA,NA,NA,2,NA,NA,NA,NA,NA,NA,NA
4,NA,Manley,OP,3,NA,NA,NA,NA,NA,3,NA,NA,NA,NA,NA,NA,NA
4,NA,Manley,OP,3,NA,NA,NA,NA,NA,3,NA,NA,NA,NA,NA,NA,NA
4,NA,Manley,OP,3,NA,NA,NA,NA,NA,3,NA,NA,NA,NA,NA,NA,NA
4,NA,Manley,OP,3,NA,NA,NA,NA,NA,3,NA,NA,NA,NA,NA,NA,NA
4,NA,Manley,OP,3,NA,NA,NA,NA,NA,3,NA,NA,NA,NA,NA,NA,NA
4,NA,Manley,OP,3,NA,NA,NA,NA,NA,3,NA,NA,NA,NA,NA,NA,NA
4,NA,Manley,OP,3,NA,NA,NA,NA,NA,3,NA,NA,NA,NA,NA,NA,NA
4,NA,Manley,OP,3,NA,NA,NA,NA,NA,3,NA,NA,NA,NA,NA,NA,NA
4,NA,Manley,OP,3,NA,NA,NA,NA,NA,3,NA,NA,NA,NA,NA,NA,NA
4,NA,Manley,OP,3,NA,NA,NA,NA,NA,3,NA,NA,NA,NA,NA,NA,NA
4,NA,Manley,OP,3,NA,NA,NA,NA,NA,3,NA,NA,NA,NA,NA,NA,NA
4,NA,Manley,OP,3,NA,NA,NA,NA,NA,3,NA,NA,NA,NA,NA,NA,NA
4,NA,Manley,OP,3,NA,NA,NA,NA,NA,3,NA,NA,NA,NA,NA,NA,NA
4,NA,Manley,OP,3,NA,NA,NA,NA,NA,3,NA,NA,NA,NA,NA,NA,NA
4,NA,Manley,OP,3,NA,NA,NA,NA,NA,3,NA,NA,NA,NA,NA,NA,NA
4,NA,North,AM,1,NA,NA,NA,NA,NA,2,NA,NA,NA,NA,NA,NA,NA
4,NA,North,AM,1,NA,NA,NA,NA,NA,2,NA,NA,NA,NA,NA,NA,NA
4,NA,North,AM,1,NA,NA,NA,NA,NA,2,NA,NA,NA,NA,NA,NA,NA
4,NA,North,AM,1,NA,NA,NA,NA,NA,2,NA,NA,NA,NA,NA,NA,NA
4,NA,North,AM,1,NA,NA,NA,NA,NA,2,NA,NA,NA,NA,NA,NA,NA
4,NA,North,AM,1,NA,NA,NA,NA,NA,2,NA,NA,NA,NA,NA,NA,NA
4,NA,North,AM,1,NA,NA,NA,NA,NA,2,NA,NA,NA,NA,NA,NA,NA
4,NA,North,AM,1,NA,NA,NA,NA,NA,2,NA,NA,NA,NA,NA,NA,NA
4,NA,North,AM,1,NA,NA,NA,NA,NA,2,NA,NA,NA,NA,NA,NA,NA
4,NA,North,AM,1,NA,NA,NA,NA,NA,2,NA,NA,NA,NA,NA,NA,NA
4,NA,North,AM,1,NA,NA,NA,NA,NA,2,NA,NA,NA,NA,NA,NA,NA
4,NA,North,AM,1,NA,NA,NA,NA,NA,2,NA,NA,NA,NA,NA,NA,NA
4,NA,North,AM,1,NA,NA,NA,NA,NA,2,NA,NA,NA,NA,NA,NA,NA
4,NA,North,AM,1,NA,NA,NA,NA,NA,2,NA,NA,NA,NA,NA,NA,NA
4,NA,North,AM,1,NA,NA,NA,NA,NA,2,NA,NA,NA,NA,NA,NA,NA
4,NA,North,AM,1,NA,NA,NA,NA,NA,3,NA,NA,NA,NA,NA,NA,NA
4,NA,North,AM,1,NA,NA,NA,NA,NA,3,NA,NA,NA,NA,NA,NA,NA
4,NA,North,AM,1,NA,NA,NA,NA,NA,3,NA,NA,NA,NA,NA,NA,NA
4,NA,North,AM,1,NA,NA,NA,NA,NA,3,NA,NA,NA,NA,NA,NA,NA
4,NA,North,AM,1,NA,NA,NA,NA,NA,3,NA,NA,NA,NA,NA,NA,NA
4,NA,North,AM,1,NA,NA,NA,NA,NA,3,NA,NA,NA,NA,NA,NA,NA
4,NA,North,AM,1,NA,NA,NA,NA,NA,3,NA,NA,NA,NA,NA,NA,NA
4,NA,North,AM,1,NA,NA,NA,NA,NA,3,NA,NA,NA,NA,NA,NA,NA
4,NA,North,AM,1,NA,NA,NA,NA,NA,3,NA,NA,NA,NA,NA,NA,NA
4,NA,North,AM,1,NA,NA,NA,NA,NA,3,NA,NA,NA,NA,NA,NA,NA
4,NA,North,AM,1,NA,NA,NA,NA,NA,3,NA,NA,NA,NA,NA,NA,NA
4,NA,North,AM,1,NA,NA,NA,NA,NA,3,NA,NA,NA,NA,NA,NA,NA
4,NA,North,AM,1,NA,NA,NA,NA,NA,3,NA,NA,NA,NA,NA,NA,NA
4,NA,North,AM,1,NA,NA,NA,NA,NA,3,NA,NA,NA,NA,NA,NA,NA
4,NA,North,AM,1,NA,NA,NA,NA,NA,3,NA,NA,NA,NA,NA,NA,NA
4,NA,North,AM,2,NA,NA,NA,NA,NA,2,NA,NA,NA,NA,NA,NA,NA
4,NA,North,AM,2,NA,NA,NA,NA,NA,2,NA,NA,NA,NA,NA,NA,NA
4,NA,North,AM,2,NA,NA,NA,NA,NA,2,NA,NA,NA,NA,NA,NA,NA
4,NA,North,AM,2,NA,NA,NA,NA,NA,2,NA,NA,NA,NA,NA,NA,NA
4,NA,North,AM,2,NA,NA,NA,NA,NA,2,NA,NA,NA,NA,NA,NA,NA
4,NA,North,AM,2,NA,NA,NA,NA,NA,2,NA,NA,NA,NA,NA,NA,NA
4,NA,North,AM,2,NA,NA,NA,NA,NA,2,NA,NA,NA,NA,NA,NA,NA
4,NA,North,AM,2,NA,NA,NA,NA,NA,2,NA,NA,NA,NA,NA,NA,NA
4,NA,North,AM,2,NA,NA,NA,NA,NA,2,NA,NA,NA,NA,NA,NA,NA
4,NA,North,AM,2,NA,NA,NA,NA,NA,2,NA,NA,NA,NA,NA,NA,NA
4,NA,North,AM,2,NA,NA,NA,NA,NA,2,NA,NA,NA,NA,NA,NA,NA
4,NA,North,AM,2,NA,NA,NA,NA,NA,2,NA,NA,NA,NA,NA,NA,NA
4,NA,North,AM,2,NA,NA,NA,NA,NA,2,NA,NA,NA,NA,NA,NA,NA
4,NA,North,AM,2,NA,NA,NA,NA,NA,2,NA,NA,NA,NA,NA,NA,NA
4,NA,North,AM,2,NA,NA,NA,NA,NA,2,NA,NA,NA,NA,NA,NA,NA
4,NA,North,AM,2,NA,NA,NA,NA,NA,3,NA,NA,NA,NA,NA,NA,NA
4,NA,North,AM,2,NA,NA,NA,NA,NA,3,NA,NA,NA,NA,NA,NA,NA
4,NA,North,AM,2,NA,NA,NA,NA,NA,3,NA,NA,NA,NA,NA,NA,NA
4,NA,North,AM,2,NA,NA,NA,NA,NA,3,NA,NA,NA,NA,NA,NA,NA
4,NA,North,AM,2,NA,NA,NA,NA,NA,3,NA,NA,NA,NA,NA,NA,NA
4,NA,North,AM,2,NA,NA,NA,NA,NA,3,NA,NA,NA,NA,NA,NA,NA
4,NA,North,AM,2,NA,NA,NA,NA,NA,3,NA,NA,NA,NA,NA,NA,NA
4,NA,North,AM,2,NA,NA,NA,NA,NA,3,NA,NA,NA,NA,NA,NA,NA
4,NA,North,AM,2,NA,NA,NA,NA,NA,3,NA,NA,NA,NA,NA,NA,NA
4,NA,North,AM,2,NA,NA,NA,NA,NA,3,NA,NA,NA,NA,NA,NA,NA
4,NA,North,AM,2,NA,NA,NA,NA,NA,3,NA,NA,NA,NA,NA,NA,NA
4,NA,North,AM,2,NA,NA,NA,NA,NA,3,NA,NA,NA,NA,NA,NA,NA
4,NA,North,AM,2,NA,NA,NA,NA,NA,3,NA,NA,NA,NA,NA,NA,NA
4,NA,North,AM,2,NA,NA,NA,NA,NA,3,NA,NA,NA,NA,NA,NA,NA
4,NA,North,AM,2,NA,NA,NA,NA,NA,3,NA,NA,NA,NA,NA,NA,NA
4,NA,North,AM,3,NA,NA,NA,NA,NA,2,NA,NA,NA,NA,NA,NA,NA
4,NA,North,AM,3,NA,NA,NA,NA,NA,2,NA,NA,NA,NA,NA,NA,NA
4,NA,North,AM,3,NA,NA,NA,NA,NA,2,NA,NA,NA,NA,NA,NA,NA
4,NA,North,AM,3,NA,NA,NA,NA,NA,2,NA,NA,NA,NA,NA,NA,NA
4,NA,North,AM,3,NA,NA,NA,NA,NA,2,NA,NA,NA,NA,NA,NA,NA
4,NA,North,AM,3,NA,NA,NA,NA,NA,2,NA,NA,NA,NA,NA,NA,NA
4,NA,North,AM,3,NA,NA,NA,NA,NA,2,NA,NA,NA,NA,NA,NA,NA
4,NA,North,AM,3,NA,NA,NA,NA,NA,2,NA,NA,NA,NA,NA,NA,NA
4,NA,North,AM,3,NA,NA,NA,NA,NA,2,NA,NA,NA,NA,NA,NA,NA
4,NA,North,AM,3,NA,NA,NA,NA,NA,2,NA,NA,NA,NA,NA,NA,NA
4,NA,North,AM,3,NA,NA,NA,NA,NA,2,NA,NA,NA,NA,NA,NA,NA
4,NA,North,AM,3,NA,NA,NA,NA,NA,2,NA,NA,NA,NA,NA,NA,NA
4,NA,North,AM,3,NA,NA,NA,NA,NA,2,NA,NA,NA,NA,NA,NA,NA
4,NA,North,AM,3,NA,NA,NA,NA,NA,2,NA,NA,NA,NA,NA,NA,NA
4,NA,North,AM,3,NA,NA,NA,NA,NA,2,NA,NA,NA,NA,NA,NA,NA
4,NA,North,AM,3,NA,NA,NA,NA,NA,3,NA,NA,NA,NA,NA,NA,NA
4,NA,North,AM,3,NA,NA,NA,NA,NA,3,NA,NA,NA,NA,NA,NA,NA
4,NA,North,AM,3,NA,NA,NA,NA,NA,3,NA,NA,NA,NA,NA,NA,NA
4,NA,North,AM,3,NA,NA,NA,NA,NA,3,NA,NA,NA,NA,NA,NA,NA
4,NA,North,AM,3,NA,NA,NA,NA,NA,3,NA,NA,NA,NA,NA,NA,NA
4,NA,North,AM,3,NA,NA,NA,NA,NA,3,NA,NA,NA,NA,NA,NA,NA
4,NA,North,AM,3,NA,NA,NA,NA,NA,3,NA,NA,NA,NA,NA,NA,NA
4,NA,North,AM,3,NA,NA,NA,NA,NA,3,NA,NA,NA,NA,NA,NA,NA
4,NA,North,AM,3,NA,NA,NA,NA,NA,3,NA,NA,NA,NA,NA,NA,NA
4,NA,North,AM,3,NA,NA,NA,NA,NA,3,NA,NA,NA,NA,NA,NA,NA
4,NA,North,AM,3,NA,NA,NA,NA,NA,3,NA,NA,NA,NA,NA,NA,NA
4,NA,North,AM,3,NA,NA,NA,NA,NA,3,NA,NA,NA,NA,NA,NA,NA
4,NA,North,AM,3,NA,NA,NA,NA,NA,3,NA,NA,NA,NA,NA,NA,NA
4,NA,North,AM,3,NA,NA,NA,NA,NA,3,NA,NA,NA,NA,NA,NA,NA
4,NA,North,AM,3,NA,NA,NA,NA,NA,3,NA,NA,NA,NA,NA,NA,NA
4,NA,Second,OP,1,NA,NA,NA,NA,NA,2,NA,NA,NA,NA,NA,NA,NA
4,NA,Second,OP,1,NA,NA,NA,NA,NA,2,NA,NA,NA,NA,NA,NA,NA
4,NA,Second,OP,1,NA,NA,NA,NA,NA,2,NA,NA,NA,NA,NA,NA,NA
4,NA,Second,OP,1,NA,NA,NA,NA,NA,2,NA,NA,NA,NA,NA,NA,NA
4,NA,Second,OP,1,NA,NA,NA,NA,NA,2,NA,NA,NA,NA,NA,NA,NA
4,NA,Second,OP,1,NA,NA,NA,NA,NA,2,NA,NA,NA,NA,NA,NA,NA
4,NA,Second,OP,1,NA,NA,NA,NA,NA,2,NA,NA,NA,NA,NA,NA,NA
4,NA,Second,OP,1,NA,NA,NA,NA,NA,2,NA,NA,NA,NA,NA,NA,NA
4,NA,Second,OP,1,NA,NA,NA,NA,NA,2,NA,NA,NA,NA,NA,NA,NA
4,NA,Second,OP,1,NA,NA,NA,NA,NA,2,NA,NA,NA,NA,NA,NA,NA
4,NA,Second,OP,1,NA,NA,NA,NA,NA,2,NA,NA,NA,NA,NA,NA,NA
4,NA,Second,OP,1,NA,NA,NA,NA,NA,2,NA,NA,NA,NA,NA,NA,NA
4,NA,Second,OP,1,NA,NA,NA,NA,NA,2,NA,NA,NA,NA,NA,NA,NA
4,NA,Second,OP,1,NA,NA,NA,NA,NA,2,NA,NA,NA,NA,NA,NA,NA
4,NA,Second,OP,1,NA,NA,NA,NA,NA,2,NA,NA,NA,NA,NA,NA,NA
4,NA,Second,OP,1,NA,NA,NA,NA,NA,3,NA,NA,NA,NA,NA,NA,NA
4,NA,Second,OP,1,NA,NA,NA,NA,NA,3,NA,NA,NA,NA,NA,NA,NA
4,NA,Second,OP,1,NA,NA,NA,NA,NA,3,NA,NA,NA,NA,NA,NA,NA
4,NA,Second,OP,1,NA,NA,NA,NA,NA,3,NA,NA,NA,NA,NA,NA,NA
4,NA,Second,OP,1,NA,NA,NA,NA,NA,3,NA,NA,NA,NA,NA,NA,NA
4,NA,Second,OP,1,NA,NA,NA,NA,NA,3,NA,NA,NA,NA,NA,NA,NA
4,NA,Second,OP,1,NA,NA,NA,NA,NA,3,NA,NA,NA,NA,NA,NA,NA
4,NA,Second,OP,1,NA,NA,NA,NA,NA,3,NA,NA,NA,NA,NA,NA,NA
4,NA,Second,OP,1,NA,NA,NA,NA,NA,3,NA,NA,NA,NA,NA,NA,NA
4,NA,Second,OP,1,NA,NA,NA,NA,NA,3,NA,NA,NA,NA,NA,NA,NA
4,NA,Second,OP,1,NA,NA,NA,NA,NA,3,NA,NA,NA,NA,NA,NA,NA
4,NA,Second,OP,1,NA,NA,NA,NA,NA,3,NA,NA,NA,NA,NA,NA,NA
4,NA,Second,OP,1,NA,NA,NA,NA,NA,3,NA,NA,NA,NA,NA,NA,NA
4,NA,Second,OP,1,NA,NA,NA,NA,NA,3,NA,NA,NA,NA,NA,NA,NA
4,NA,Second,OP,1,NA,NA,NA,NA,NA,3,NA,NA,NA,NA,NA,NA,NA
4,NA,Second,OP,2,NA,NA,NA,NA,NA,2,NA,NA,NA,NA,NA,NA,NA
4,NA,Second,OP,2,NA,NA,NA,NA,NA,2,NA,NA,NA,NA,NA,NA,NA
4,NA,Second,OP,2,NA,NA,NA,NA,NA,2,NA,NA,NA,NA,NA,NA,NA
4,NA,Second,OP,2,NA,NA,NA,NA,NA,2,NA,NA,NA,NA,NA,NA,NA
4,NA,Second,OP,2,NA,NA,NA,NA,NA,2,NA,NA,NA,NA,NA,NA,NA
4,NA,Second,OP,2,NA,NA,NA,NA,NA,2,NA,NA,NA,NA,NA,NA,NA
4,NA,Second,OP,2,NA,NA,NA,NA,NA,2,NA,NA,NA,NA,NA,NA,NA
4,NA,Second,OP,2,NA,NA,NA,NA,NA,2,NA,NA,NA,NA,NA,NA,NA
4,NA,Second,OP,2,NA,NA,NA,NA,NA,2,NA,NA,NA,NA,NA,NA,NA
4,NA,Second,OP,2,NA,NA,NA,NA,NA,2,NA,NA,NA,NA,NA,NA,NA
4,NA,Second,OP,2,NA,NA,NA,NA,NA,2,NA,NA,NA,NA,NA,NA,NA
4,NA,Second,OP,2,NA,NA,NA,NA,NA,2,NA,NA,NA,NA,NA,NA,NA
4,NA,Second,OP,2,NA,NA,NA,NA,NA,2,NA,NA,NA,NA,NA,NA,NA
4,NA,Second,OP,2,NA,NA,NA,NA,NA,2,NA,NA,NA,NA,NA,NA,NA
4,NA,Second,OP,2,NA,NA,NA,NA,NA,2,NA,NA,NA,NA,NA,NA,NA
4,NA,Second,OP,2,NA,NA,NA,NA,NA,3,NA,NA,NA,NA,NA,NA,NA
4,NA,Second,OP,2,NA,NA,NA,NA,NA,3,NA,NA,NA,NA,NA,NA,NA
4,NA,Second,OP,2,NA,NA,NA,NA,NA,3,NA,NA,NA,NA,NA,NA,NA
4,NA,Second,OP,2,NA,NA,NA,NA,NA,3,NA,NA,NA,NA,NA,NA,NA
4,NA,Second,OP,2,NA,NA,NA,NA,NA,3,NA,NA,NA,NA,NA,NA,NA
4,NA,Second,OP,2,NA,NA,NA,NA,NA,3,NA,NA,NA,NA,NA,NA,NA
4,NA,Second,OP,2,NA,NA,NA,NA,NA,3,NA,NA,NA,NA,NA,NA,NA
4,NA,Second,OP,2,NA,NA,NA,NA,NA,3,NA,NA,NA,NA,NA,NA,NA
4,NA,Second,OP,2,NA,NA,NA,NA,NA,3,NA,NA,NA,NA,NA,NA,NA
4,NA,Second,OP,2,NA,NA,NA,NA,NA,3,NA,NA,NA,NA,NA,NA,NA
4,NA,Second,OP,2,NA,NA,NA,NA,NA,3,NA,NA,NA,NA,NA,NA,NA
4,NA,Second,OP,2,NA,NA,NA,NA,NA,3,NA,NA,NA,NA,NA,NA,NA
4,NA,Second,OP,2,NA,NA,NA,NA,NA,3,NA,NA,NA,NA,NA,NA,NA
4,NA,Second,OP,2,NA,NA,NA,NA,NA,3,NA,NA,NA,NA,NA,NA,NA
4,NA,Second,OP,2,NA,NA,NA,NA,NA,3,NA,NA,NA,NA,NA,NA,NA
4,NA,Second,OP,3,NA,NA,NA,NA,NA,2,NA,NA,NA,NA,NA,NA,NA
4,NA,Second,OP,3,NA,NA,NA,NA,NA,2,NA,NA,NA,NA,NA,NA,NA
4,NA,Second,OP,3,NA,NA,NA,NA,NA,2,NA,NA,NA,NA,NA,NA,NA
4,NA,Second,OP,3,NA,NA,NA,NA,NA,2,NA,NA,NA,NA,NA,NA,NA
4,NA,Second,OP,3,NA,NA,NA,NA,NA,2,NA,NA,NA,NA,NA,NA,NA
4,NA,Second,OP,3,NA,NA,NA,NA,NA,2,NA,NA,NA,NA,NA,NA,NA
4,NA,Second,OP,3,NA,NA,NA,NA,NA,2,NA,NA,NA,NA,NA,NA,NA
4,NA,Second,OP,3,NA,NA,NA,NA,NA,2,NA,NA,NA,NA,NA,NA,NA
4,NA,Second,OP,3,NA,NA,NA,NA,NA,2,NA,NA,NA,NA,NA,NA,NA
4,NA,Second,OP,3,NA,NA,NA,NA,NA,2,NA,NA,NA,NA,NA,NA,NA
4,NA,Second,OP,3,NA,NA,NA,NA,NA,2,NA,NA,NA,NA,NA,NA,NA
4,NA,Second,OP,3,NA,NA,NA,NA,NA,2,NA,NA,NA,NA,NA,NA,NA
4,NA,Second,OP,3,NA,NA,NA,NA,NA,2,NA,NA,NA,NA,NA,NA,NA
4,NA,Second,OP,3,NA,NA,NA,NA,NA,2,NA,NA,NA,NA,NA,NA,NA
4,NA,Second,OP,3,NA,NA,NA,NA,NA,2,NA,NA,NA,NA,NA,NA,NA
4,NA,Second,OP,3,NA,NA,NA,NA,NA,3,NA,NA,NA,NA,NA,NA,NA
4,NA,Second,OP,3,NA,NA,NA,NA,NA,3,NA,NA,NA,NA,NA,NA,NA
4,NA,Second,OP,3,NA,NA,NA,NA,NA,3,NA,NA,NA,NA,NA,NA,NA
4,NA,Second,OP,3,NA,NA,NA,NA,NA,3,NA,NA,NA,NA,NA,NA,NA
4,NA,Second,OP,3,NA,NA,NA,NA,NA,3,NA,NA,NA,NA,NA,NA,NA
4,NA,Second,OP,3,NA,NA,NA,NA,NA,3,NA,NA,NA,NA,NA,NA,NA
4,NA,Second,OP,3,NA,NA,NA,NA,NA,3,NA,NA,NA,NA,NA,NA,NA
4,NA,Second,OP,3,NA,NA,NA,NA,NA,3,NA,NA,NA,NA,NA,NA,NA
4,NA,Second,OP,3,NA,NA,NA,NA,NA,3,NA,NA,NA,NA,NA,NA,NA
4,NA,Second,OP,3,NA,NA,NA,NA,NA,3,NA,NA,NA,NA,NA,NA,NA
4,NA,Second,OP,3,NA,NA,NA,NA,NA,3,NA,NA,NA,NA,NA,NA,NA
4,NA,Second,OP,3,NA,NA,NA,NA,NA,3,NA,NA,NA,NA,NA,NA,NA
4,NA,Second,OP,3,NA,NA,NA,NA,NA,3,NA,NA,NA,NA,NA,NA,NA
4,NA,Second,OP,3,NA,NA,NA,NA,NA,3,NA,NA,NA,NA,NA,NA,NA
4,NA,Second,OP,3,NA,NA,NA,NA,NA,3,NA,NA,NA,NA,NA,NA,NA
5,2016-09-05,Manley,AM,1,L,11,2015,9:30:00,y,1,136,NA,15,47,49,NA,0
5,2016-09-05,Manley,AM,1,L,11.6,2493,9:30:00,y,1,182,NA,20,61,61,NA,0
5,2016-09-05,Manley,AM,2,L,10.5,1821,9:30:00,y,1,171,NA,10,38,35,NA,0
5,2016-09-05,Manley,AM,2,L,14.7,1855,9:30:00,y,1,375,NA,10,30,23,NA,0
5,2016-09-05,Manley,AM,2,L,17.5,1960,9:30:00,y,1,151,NA,20,62,69,NA,0
5,2016-09-05,Manley,AM,3,L,12.5,2428,9:30:00,y,1,250,NA,10,34,39,NA,0
5,2016-09-05,Manley,AM,3,L,15.2,2482,9:30:00,y,1,159,NA,10,32,37,NA,0
5,2016-09-05,Manley,AM,3,L,18.9,1868,9:30:00,y,1,200,NA,25,74,67,NA,0
5,2016-09-05,Manley,OP,1,R,17,2088,9:30:00,y,1,292,NA,10,27,25,NA,0
5,2016-09-05,Manley,OP,1,R,17.2,2016,9:30:00,y,1,281,NA,15,52,50,NA,0
5,2016-09-05,Manley,OP,2,R,5,1865,9:30:00,y,1,261,NA,13,39,40,NA,0
5,2016-09-05,Manley,OP,2,R,12,1993,9:30:00,y,1,215,NA,20.5,69,60,NA,0
5,2016-09-05,Manley,OP,2,R,20,1752,9:30:00,y,1,242,NA,22,71,80,NA,0
5,2016-09-05,Manley,OP,3,R,8.5,2026,9:30:00,y,1,226,NA,13,36,30,NA,0
5,2016-09-05,Manley,OP,3,R,20,1890,9:30:00,y,1,316,NA,13,39,40,NA,0
5,2016-09-05,North,AM,1,L,7.2,2128,15:30:00,y,1,448,NA,25,80,63,NA,0
5,2016-09-05,North,AM,1,L,12,1778,15:30:00,y,1,444,NA,40,131,127,NA,0
5,2016-09-05,North,AM,2,L,6.2,1727,15:30:00,y,1,448,NA,25,85,109,NA,L
5,2016-09-05,North,AM,2,L,10.8,2023,15:30:00,y,1,513,NA,25,78,103,NA,L
5,2016-09-05,North,AM,2,L,13.5,1807,15:30:00,y,1,597,NA,40,121,117,NA,0
5,2016-09-05,North,AM,3,L,7.4,1761,15:30:00,y,1,525,NA,40,121,120,NA,0
5,2016-09-05,North,AM,3,L,13.9,1685,15:30:00,y,1,359,NA,30,100,108,NA,0
5,2016-09-05,North,AM,3,L,16.6,1755,15:30:00,y,1,519,NA,30,110,98,NA,0
5,2016-09-05,North,OP,1,R,8,1721,15:30:00,y,1,476,NA,33,96,100,NA,0
5,2016-09-05,North,OP,2,R,2,2497,15:30:00,y,1,456,NA,24,72,95,NA,L
5,2016-09-05,North,OP,2,R,2,2519,15:30:00,y,1,526,NA,75,200,180,NA,L
5,2016-09-05,North,OP,3,R,1,2050,15:30:00,y,1,604,NA,32,98,100,NA,0
5,2016-09-05,North,OP,3,R,8,2501,15:30:00,y,1,442,NA,22,68,80,NA,0
5,2016-09-05,North,OP,3,R,14.5,1710,15:30:00,y,1,554,NA,30,110,115,NA,0
5,2016-09-05,North,OP,3,R,14.5,1973,15:30:00,y,1,335,NA,20,68,75,NA,0
5,2016-09-05,Second,AM,1,R,5,1958,14:00:00,y,1,300,NA,15,57,57,NA,0
5,2016-09-05,Second,AM,1,R,6.1,1976,14:00:00,y,1,527,NA,10,38,32,NA,0
5,2016-09-05,Second,AM,1,R,10,1875,14:00:00,y,1,519,NA,20,63,75,NA,L
5,2016-09-05,Second,AM,1,R,12.3,2097,14:00:00,y,1,603,NA,40,113,143,NA,L
5,2016-09-05,Second,AM,2,R,13,1699,14:00:00,y,1,500,NA,15,49,40,NA,0
5,2016-09-05,Second,AM,3,L,4.5,2504,14:00:00,y,1,504,NA,25,78,110,NA,L
5,2016-09-05,Second,AM,3,L,10.4,1998,14:00:00,y,1,413,NA,30,90,112,NA,0
5,2016-09-05,Second,AM,3,R,17,1829,14:00:00,y,1,293,NA,10,36,35,NA,0
5,2016-09-05,Second,OP,1,L,13,1985,14:00:00,y,1,335,NA,10,25,75,NA,0
5,2016-09-05,Second,OP,2,L,8,1853,14:00:00,y,1,527,NA,10,33,50,NA,0
5,2016-09-05,Second,OP,2,L,9,2111,14:00:00,y,1,256,NA,22,70,100,NA,0
5,2016-09-05,Second,OP,2,L,14,1827,14:00:00,y,1,470,NA,25,76,100,NA,H
5,2016-09-05,Second,OP,3,L,5,1956,14:00:00,y,1,430,NA,17,54,50,NA,0
5,2016-09-05,Second,OP,3,L,11,2075,14:00:00,y,1,431,NA,51,162,140,NA,0
5,2016-09-05,Second,OP,3,L,16.5,1724,14:00:00,y,1,348,NA,41,122,120,NA,0
5,2016-09-09,North,AM,1,L,7.2,2128,15:30:00,y,2,NA,14,33,83,NA,NA,NA
5,2016-09-09,North,AM,1,L,12,1778,15:30:00,y,2,NA,27,85,140,NA,NA,NA
5,2016-09-09,North,AM,2,L,6.2,1727,15:30:00,y,2,NA,35,34,93,NA,NA,NA
5,2016-09-09,North,AM,2,L,10.8,2023,15:30:00,y,2,NA,22,32,84,NA,NA,NA
5,2016-09-09,North,AM,2,L,13.5,1807,15:30:00,y,2,NA,31,63,129,NA,NA,NA
5,2016-09-09,North,AM,3,L,7.4,1761,15:30:00,y,2,NA,22,58,133,NA,NA,NA
5,2016-09-09,North,AM,3,L,13.9,1685,15:30:00,y,2,NA,23,34,91.5,NA,NA,NA
5,2016-09-09,North,AM,3,L,16.6,1755,15:30:00,y,2,NA,28,47.5,121,NA,NA,NA
5,2016-09-09,North,KH,1,NA,NA,NA,NA,NA,1,354,NA,NA,NA,120,NA,0
5,2016-09-09,North,KH,1,NA,NA,NA,NA,NA,1,355,NA,NA,NA,80,NA,L
5,2016-09-09,North,KH,1,NA,NA,NA,NA,NA,1,400,NA,NA,NA,90,NA,L
5,2016-09-09,North,KH,1,NA,NA,NA,NA,NA,1,447,NA,NA,NA,77,NA,L
5,2016-09-09,North,KH,1,NA,NA,NA,NA,NA,1,450,NA,NA,NA,120,NA,L
5,2016-09-09,North,KH,1,NA,NA,NA,NA,NA,1,500,NA,NA,NA,140,NA,0
5,2016-09-09,North,KH,1,NA,NA,NA,NA,NA,1,528,NA,NA,NA,79,NA,0
5,2016-09-09,North,KH,1,NA,NA,NA,NA,NA,1,530,NA,NA,NA,130,NA,L
5,2016-09-09,North,KH,1,NA,NA,NA,NA,NA,1,533,NA,NA,NA,95,NA,0
5,2016-09-09,North,KH,1,NA,NA,NA,NA,NA,1,627,NA,NA,NA,115,NA,0
5,2016-09-09,North,KH,2,NA,NA,NA,NA,NA,1,388,NA,NA,NA,50,NA,0
5,2016-09-09,North,KH,2,NA,NA,NA,NA,NA,1,405,NA,NA,NA,90,NA,0
5,2016-09-09,North,KH,2,NA,NA,NA,NA,NA,1,431,NA,NA,NA,110,NA,L
5,2016-09-09,North,KH,2,NA,NA,NA,NA,NA,1,455,NA,NA,NA,74,NA,L
5,2016-09-09,North,KH,2,NA,NA,NA,NA,NA,1,481,NA,NA,NA,100,NA,0
5,2016-09-09,North,KH,2,NA,NA,NA,NA,NA,1,490,NA,NA,NA,90,NA,0
5,2016-09-09,North,KH,2,NA,NA,NA,NA,NA,1,495,NA,NA,NA,84,NA,0
5,2016-09-09,North,KH,2,NA,NA,NA,NA,NA,1,497,NA,NA,NA,53,NA,0
5,2016-09-09,North,KH,2,NA,NA,NA,NA,NA,1,516,NA,NA,NA,90,NA,L
5,2016-09-09,North,KH,2,NA,NA,NA,NA,NA,1,530,NA,NA,NA,135,NA,0
5,2016-09-09,North,KH,2,NA,NA,NA,NA,NA,1,543,NA,NA,NA,120,NA,L
5,2016-09-09,North,KH,2,NA,NA,NA,NA,NA,1,561,NA,NA,NA,75,NA,L
5,2016-09-09,North,KH,2,NA,NA,NA,NA,NA,1,617,NA,NA,NA,107,NA,L
5,2016-09-09,North,KH,2,NA,NA,NA,NA,NA,1,686,NA,NA,NA,114,NA,0
5,2016-09-09,North,KH,2,NA,NA,NA,NA,NA,1,837,NA,NA,NA,64,NA,0
5,2016-09-09,North,KH,3,NA,NA,NA,NA,NA,1,330,NA,NA,NA,95,NA,0
5,2016-09-09,North,KH,3,NA,NA,NA,NA,NA,1,375,NA,NA,NA,28,NA,0
5,2016-09-09,North,KH,3,NA,NA,NA,NA,NA,1,456,NA,NA,NA,120,NA,0
5,2016-09-09,North,KH,3,NA,NA,NA,NA,NA,1,457,NA,NA,NA,73,NA,0
5,2016-09-09,North,KH,3,NA,NA,NA,NA,NA,1,462,NA,NA,NA,40,NA,0
5,2016-09-09,North,KH,3,NA,NA,NA,NA,NA,1,472,NA,NA,NA,32,NA,0
5,2016-09-09,North,KH,3,NA,NA,NA,NA,NA,1,514,NA,NA,NA,87,NA,0
5,2016-09-09,North,KH,3,NA,NA,NA,NA,NA,1,515,NA,NA,NA,98,NA,0
5,2016-09-09,North,KH,3,NA,NA,NA,NA,NA,1,558,NA,NA,NA,100,NA,0
5,2016-09-09,North,KH,3,NA,NA,NA,NA,NA,1,569,NA,NA,NA,58,NA,0
5,2016-09-09,North,KH,3,NA,NA,NA,NA,NA,1,575,NA,NA,NA,90,NA,0
5,2016-09-09,North,KH,3,NA,NA,NA,NA,NA,1,580,NA,NA,NA,55,NA,L
5,2016-09-09,North,KH,3,NA,NA,NA,NA,NA,1,600,NA,NA,NA,45,NA,0
5,2016-09-09,North,KH,3,NA,NA,NA,NA,NA,1,617,NA,NA,NA,130,NA,0
5,2016-09-09,North,KH,3,NA,NA,NA,NA,NA,1,620,NA,NA,NA,92,NA,0
5,2016-09-09,North,OP,1,R,8,1721,15:30:00,y,2,NA,28,48.5,106.5,NA,NA,NA
5,2016-09-09,North,OP,2,R,2,2497,15:30:00,y,2,NA,27,32.5,76.4,NA,NA,NA
5,2016-09-09,North,OP,2,R,2,2519,15:30:00,y,2,NA,39,102.5,204,NA,NA,NA
5,2016-09-09,North,OP,3,R,1,2050,15:30:00,y,2,NA,20,50.5,114.5,NA,NA,NA
5,2016-09-09,North,OP,3,R,8,2501,15:30:00,y,2,NA,28,33,71,NA,NA,NA
5,2016-09-09,North,OP,3,R,14.5,1710,15:30:00,y,2,NA,35,45,109.5,NA,NA,NA
5,2016-09-09,North,OP,3,R,14.5,1973,15:30:00,y,2,NA,29,27.5,74,NA,NA,NA
5,2016-09-10,Manley,AM,1,L,11,2015,9:30:00,y,2,NA,28,18.5,43,NA,NA,NA
5,2016-09-10,Manley,AM,1,L,11.6,2493,9:30:00,y,2,NA,41,29,66,NA,NA,NA
5,2016-09-10,Manley,AM,2,L,10.5,1821,9:30:00,n,2,NA,NA,NA,NA,NA,NA,NA
5,2016-09-10,Manley,AM,2,L,14.7,1855,9:30:00,y,2,NA,25,NA,NA,NA,NA,NA
5,2016-09-10,Manley,AM,2,L,17.5,1960,9:30:00,y,2,NA,31,31,64,NA,NA,NA
5,2016-09-10,Manley,AM,3,L,12.5,2428,9:30:00,y,2,NA,21,17,41.5,NA,NA,NA
5,2016-09-10,Manley,AM,3,L,15.2,2482,9:30:00,y,2,NA,9,15.5,38.5,NA,NA,NA
5,2016-09-10,Manley,AM,3,L,18.9,1868,9:30:00,y,2,NA,70,34,77,NA,NA,NA
5,2016-09-10,Manley,KH,1,NA,NA,NA,NA,NA,1,143,NA,NA,NA,37,NA,0
5,2016-09-10,Manley,KH,1,NA,NA,NA,NA,NA,1,153,NA,NA,NA,32,NA,0
5,2016-09-10,Manley,KH,1,NA,NA,NA,NA,NA,1,190,NA,NA,NA,48,NA,0
5,2016-09-10,Manley,KH,1,NA,NA,NA,NA,NA,1,192,NA,NA,NA,30,NA,0
5,2016-09-10,Manley,KH,1,NA,NA,NA,NA,NA,1,195,NA,NA,NA,71,NA,0
5,2016-09-10,Manley,KH,1,NA,NA,NA,NA,NA,1,225,NA,NA,NA,27,NA,0
5,2016-09-10,Manley,KH,1,NA,NA,NA,NA,NA,1,230,NA,NA,NA,80,NA,0
5,2016-09-10,Manley,KH,1,NA,NA,NA,NA,NA,1,262,NA,NA,NA,61,NA,0
5,2016-09-10,Manley,KH,1,NA,NA,NA,NA,NA,1,276,NA,NA,NA,48,NA,0
5,2016-09-10,Manley,KH,1,NA,NA,NA,NA,NA,1,287,NA,NA,NA,22,NA,0
5,2016-09-10,Manley,KH,1,NA,NA,NA,NA,NA,1,317,NA,NA,NA,8,NA,0
5,2016-09-10,Manley,KH,1,NA,NA,NA,NA,NA,1,319,NA,NA,NA,64,NA,0
5,2016-09-10,Manley,KH,2,NA,NA,NA,NA,NA,1,108,NA,NA,NA,14,NA,0
5,2016-09-10,Manley,KH,2,NA,NA,NA,NA,NA,1,114,NA,NA,NA,14,NA,0
5,2016-09-10,Manley,KH,2,NA,NA,NA,NA,NA,1,170,NA,NA,NA,42,NA,0
5,2016-09-10,Manley,KH,2,NA,NA,NA,NA,NA,1,177,NA,NA,NA,44,NA,0
5,2016-09-10,Manley,KH,2,NA,NA,NA,NA,NA,1,200,NA,NA,NA,42,NA,0
5,2016-09-10,Manley,KH,2,NA,NA,NA,NA,NA,1,263,NA,NA,NA,84,NA,0
5,2016-09-10,Manley,KH,2,NA,NA,NA,NA,NA,1,264,NA,NA,NA,65,NA,0
5,2016-09-10,Manley,KH,2,NA,NA,NA,NA,NA,1,265,NA,NA,NA,40,NA,0
5,2016-09-10,Manley,KH,2,NA,NA,NA,NA,NA,1,277,NA,NA,NA,60,NA,0
5,2016-09-10,Manley,KH,2,NA,NA,NA,NA,NA,1,281,NA,NA,NA,75,NA,0
5,2016-09-10,Manley,KH,2,NA,NA,NA,NA,NA,1,315,NA,NA,NA,40,NA,0
5,2016-09-10,Manley,KH,2,NA,NA,NA,NA,NA,1,323,NA,NA,NA,76,NA,L
5,2016-09-10,Manley,KH,2,NA,NA,NA,NA,NA,1,371,NA,NA,NA,23,NA,0
5,2016-09-10,Manley,KH,3,NA,NA,NA,NA,NA,1,131,NA,NA,NA,62,NA,0
5,2016-09-10,Manley,KH,3,NA,NA,NA,NA,NA,1,170,NA,NA,NA,0,NA,NA
5,2016-09-10,Manley,KH,3,NA,NA,NA,NA,NA,1,184,NA,NA,NA,44,NA,0
5,2016-09-10,Manley,KH,3,NA,NA,NA,NA,NA,1,217,NA,NA,NA,62,NA,L
5,2016-09-10,Manley,KH,3,NA,NA,NA,NA,NA,1,229,NA,NA,NA,39,NA,0
5,2016-09-10,Manley,KH,3,NA,NA,NA,NA,NA,1,230,NA,NA,NA,26,NA,0
5,2016-09-10,Manley,KH,3,NA,NA,NA,NA,NA,1,244,NA,NA,NA,55,NA,0
5,2016-09-10,Manley,KH,3,NA,NA,NA,NA,NA,1,245,NA,NA,NA,70,NA,H
5,2016-09-10,Manley,KH,3,NA,NA,NA,NA,NA,1,306,NA,NA,NA,68,NA,0
5,2016-09-10,Manley,KH,3,NA,NA,NA,NA,NA,1,317,NA,NA,NA,6,NA,0
5,2016-09-10,Manley,KH,3,NA,NA,NA,NA,NA,1,331,NA,NA,NA,56,NA,0
5,2016-09-10,Manley,OP,1,R,17,2088,9:30:00,y,2,NA,24,16.5,27,NA,NA,NA
5,2016-09-10,Manley,OP,1,R,17.2,2016,9:30:00,y,2,NA,47,23,50,NA,NA,NA
5,2016-09-10,Manley,OP,2,R,5,1865,9:30:00,y,2,NA,34,NA,NA,NA,NA,NA
5,2016-09-10,Manley,OP,2,R,12,1993,9:30:00,y,2,NA,26,35,73,NA,NA,NA
5,2016-09-10,Manley,OP,2,R,20,1752,9:30:00,y,2,NA,59,36,83,NA,NA,NA
5,2016-09-10,Manley,OP,3,R,8.5,2026,9:30:00,y,2,NA,24,17.5,39,NA,NA,NA
5,2016-09-10,Manley,OP,3,R,20,1890,9:30:00,y,2,NA,56,21,43,NA,NA,NA
5,2016-09-10,Second,AM,1,R,5,1958,13:30:00,y,2,NA,32,24,63,NA,NA,NA
5,2016-09-10,Second,AM,1,R,6.1,1976,13:30:00,y,2,NA,16,15.5,44,NA,NA,NA
5,2016-09-10,Second,AM,1,R,10,1875,13:30:00,y,2,NA,32,24,71,NA,NA,NA
5,2016-09-10,Second,AM,1,R,12.3,2097,13:30:00,y,2,NA,46,50,119,NA,NA,NA
5,2016-09-10,Second,AM,2,R,13,1699,13:30:00,y,2,NA,29,23,54,NA,NA,NA
5,2016-09-10,Second,AM,3,L,4.5,2504,13:30:00,y,2,NA,36,41.5,90,NA,NA,NA
5,2016-09-10,Second,AM,3,L,10.4,1998,13:30:00,y,2,NA,28,45.5,66.5,NA,NA,NA
5,2016-09-10,Second,AM,3,R,17,1829,13:30:00,y,2,NA,15,NA,NA,NA,NA,NA
5,2016-09-10,Second,KH,1,NA,NA,NA,NA,NA,1,192,NA,NA,NA,41,NA,0
5,2016-09-10,Second,KH,1,NA,NA,NA,NA,NA,1,290,NA,NA,NA,51,NA,0
5,2016-09-10,Second,KH,1,NA,NA,NA,NA,NA,1,291,NA,NA,NA,49,NA,0
5,2016-09-10,Second,KH,1,NA,NA,NA,NA,NA,1,297,NA,NA,NA,104,NA,0
5,2016-09-10,Second,KH,1,NA,NA,NA,NA,NA,1,307,NA,NA,NA,28,NA,0
5,2016-09-10,Second,KH,1,NA,NA,NA,NA,NA,1,370,NA,NA,NA,91,NA,0
5,2016-09-10,Second,KH,1,NA,NA,NA,NA,NA,1,394,NA,NA,NA,85,NA,0
5,2016-09-10,Second,KH,1,NA,NA,NA,NA,NA,1,413,NA,NA,NA,77,NA,0
5,2016-09-10,Second,KH,1,NA,NA,NA,NA,NA,1,460,NA,NA,NA,80,NA,0
5,2016-09-10,Second,KH,1,NA,NA,NA,NA,NA,1,461,NA,NA,NA,84,NA,0
5,2016-09-10,Second,KH,1,NA,NA,NA,NA,NA,1,505,NA,NA,NA,36,NA,0
5,2016-09-10,Second,KH,1,NA,NA,NA,NA,NA,1,541,NA,NA,NA,50,NA,0
5,2016-09-10,Second,KH,1,NA,NA,NA,NA,NA,1,599,NA,NA,NA,68,NA,0
5,2016-09-10,Second,KH,2,NA,NA,NA,NA,NA,1,365,NA,NA,NA,64,NA,0
5,2016-09-10,Second,KH,2,NA,NA,NA,NA,NA,1,414,NA,NA,NA,65,NA,0
5,2016-09-10,Second,KH,2,NA,NA,NA,NA,NA,1,477,NA,NA,NA,444,NA,0
5,2016-09-10,Second,KH,2,NA,NA,NA,NA,NA,1,518,NA,NA,NA,52,NA,L
5,2016-09-10,Second,KH,2,NA,NA,NA,NA,NA,1,570,NA,NA,NA,91,NA,H
5,2016-09-10,Second,KH,2,NA,NA,NA,NA,NA,1,577,NA,NA,NA,88,NA,0
5,2016-09-10,Second,KH,2,NA,NA,NA,NA,NA,1,691,NA,NA,NA,100,NA,H
5,2016-09-10,Second,KH,3,NA,NA,NA,NA,NA,1,291,NA,NA,NA,51,NA,0
5,2016-09-10,Second,KH,3,NA,NA,NA,NA,NA,1,324,NA,NA,NA,71,NA,0
5,2016-09-10,Second,KH,3,NA,NA,NA,NA,NA,1,372,NA,NA,NA,38,NA,0
5,2016-09-10,Second,KH,3,NA,NA,NA,NA,NA,1,375,NA,NA,NA,0,NA,NA
5,2016-09-10,Second,KH,3,NA,NA,NA,NA,NA,1,399,NA,NA,NA,100,NA,0
5,2016-09-10,Second,KH,3,NA,NA,NA,NA,NA,1,421,NA,NA,NA,125,NA,L
5,2016-09-10,Second,KH,3,NA,NA,NA,NA,NA,1,442,NA,NA,NA,72,NA,0
5,2016-09-10,Second,KH,3,NA,NA,NA,NA,NA,1,452,NA,NA,NA,80,NA,0
5,2016-09-10,Second,KH,3,NA,NA,NA,NA,NA,1,453,NA,NA,NA,94,NA,0
5,2016-09-10,Second,KH,3,NA,NA,NA,NA,NA,1,468,NA,NA,NA,12,NA,L
5,2016-09-10,Second,KH,3,NA,NA,NA,NA,NA,1,472,NA,NA,NA,81,NA,0
5,2016-09-10,Second,KH,3,NA,NA,NA,NA,NA,1,472,NA,NA,NA,116,NA,0
5,2016-09-10,Second,KH,3,NA,NA,NA,NA,NA,1,515,NA,NA,NA,112,NA,L
5,2016-09-10,Second,OP,1,L,13,1985,13:30:00,y,2,NA,19,18,36.5,NA,NA,NA
5,2016-09-10,Second,OP,2,L,8,1853,13:30:00,y,2,NA,24,19.5,42,NA,NA,NA
5,2016-09-10,Second,OP,2,L,9,2111,13:30:00,y,2,NA,24,34,42,NA,NA,NA
5,2016-09-10,Second,OP,2,L,14,1827,13:30:00,y,2,NA,36,43,86,NA,NA,NA
5,2016-09-10,Second,OP,3,L,5,1956,13:30:00,y,2,NA,30,29.5,65,NA,NA,NA
5,2016-09-10,Second,OP,3,L,11,2075,13:30:00,n,2,NA,NA,NA,NA,NA,NA,NA
5,2016-09-10,Second,OP,3,L,16.5,1724,13:30:00,y,2,NA,34,NA,NA,NA,NA,NA
5,2016-11-12,North,AM,1,L,7.2,2128,12:00:00,n,3,NA,NA,NA,NA,NA,NA,NA
5,2016-11-12,North,AM,1,L,12,1778,12:00:00,y,3,644,17,NA,NA,NA,NA,NA
5,2016-11-12,North,AM,2,L,6.2,1727,12:00:00,y,3,476,17,NA,NA,NA,NA,NA
5,2016-11-12,North,AM,2,L,10.8,2023,12:00:00,n,3,NA,NA,NA,NA,NA,NA,NA
5,2016-11-12,North,AM,2,L,13.5,1807,12:00:00,y,3,702,29,NA,NA,NA,NA,NA
5,2016-11-12,North,AM,3,L,7.4,1761,12:00:00,n,3,NA,NA,NA,NA,NA,NA,NA
5,2016-11-12,North,AM,3,L,13.9,1685,12:00:00,y,3,643,12,NA,NA,NA,NA,NA
5,2016-11-12,North,AM,3,L,16.6,1755,12:00:00,y,3,600,23,NA,NA,NA,NA,NA
5,2016-11-12,North,OP,1,R,8,1721,12:00:00,n,3,NA,NA,NA,NA,NA,NA,NA
5,2016-11-12,North,OP,2,R,2,2497,12:00:00,n,3,NA,NA,NA,NA,NA,NA,NA
5,2016-11-12,North,OP,2,R,2,2519,12:00:00,n,3,NA,NA,NA,NA,NA,NA,NA
5,2016-11-12,North,OP,3,R,1,2050,12:00:00,n,3,NA,NA,NA,NA,NA,NA,NA
5,2016-11-12,North,OP,3,R,8,2501,12:00:00,y,3,523,17,NA,NA,NA,NA,NA
5,2016-11-12,North,OP,3,R,14.5,1710,12:00:00,y,3,NA,NA,NA,NA,NA,NA,NA
5,2016-11-12,North,OP,3,R,14.5,1973,12:00:00,n,3,NA,NA,NA,NA,NA,NA,NA
5,2016-11-17,Second,AM,1,R,5,1958,11:30:00,n,3,NA,NA,NA,NA,NA,NA,NA
5,2016-11-17,Second,AM,1,R,6.1,1976,11:30:00,n,3,NA,NA,NA,NA,NA,NA,NA
5,2016-11-17,Second,AM,1,R,10,1875,11:30:00,y,3,539,18,NA,NA,NA,NA,NA
5,2016-11-17,Second,AM,1,R,12.3,2097,11:30:00,y,3,617,18,NA,NA,NA,NA,NA
5,2016-11-17,Second,AM,2,R,13,1699,11:30:00,n,3,NA,NA,NA,NA,NA,NA,NA
5,2016-11-17,Second,AM,3,L,4.5,2504,11:30:00,y,3,525,16,NA,NA,NA,NA,NA
5,2016-11-17,Second,AM,3,L,10.4,1998,11:30:00,n,3,NA,NA,NA,NA,NA,NA,NA
5,2016-11-17,Second,AM,3,R,17,1829,11:30:00,n,3,NA,NA,NA,NA,NA,NA,NA
5,2016-11-17,Second,OP,1,L,13,1985,11:30:00,n,3,NA,NA,NA,NA,NA,NA,NA
5,2016-11-17,Second,OP,2,L,8,1853,11:30:00,y,3,529,15,NA,NA,NA,NA,NA
5,2016-11-17,Second,OP,2,L,9,2111,11:30:00,n,3,NA,NA,NA,NA,NA,NA,NA
5,2016-11-17,Second,OP,2,L,14,1827,11:30:00,n,3,NA,NA,NA,NA,NA,NA,NA
5,2016-11-17,Second,OP,3,L,5,1956,11:30:00,y,3,540,21,NA,NA,NA,NA,NA
5,2016-11-17,Second,OP,3,L,11,2075,11:30:00,n,3,NA,NA,NA,NA,NA,NA,NA
5,2016-11-17,Second,OP,3,L,16.5,1724,11:30:00,n,3,NA,NA,NA,NA,NA,NA,NA
5,2016-11-18,Manley,AM,1,L,11,2015,11:00:00,n,3,NA,NA,NA,NA,NA,NA,NA
5,2016-11-18,Manley,AM,1,L,11.6,2493,11:00:00,n,3,NA,NA,NA,NA,NA,NA,NA
5,2016-11-18,Manley,AM,2,L,10.5,1821,11:00:00,n,3,NA,NA,NA,NA,NA,NA,NA
5,2016-11-18,Manley,AM,2,L,14.7,1855,11:00:00,n,3,NA,NA,NA,NA,NA,NA,NA
5,2016-11-18,Manley,AM,2,L,17.5,1960,11:00:00,n,3,NA,NA,NA,NA,NA,NA,NA
5,2016-11-18,Manley,AM,3,L,12.5,2428,11:00:00,n,3,NA,NA,NA,NA,NA,NA,NA
5,2016-11-18,Manley,AM,3,L,15.2,2482,11:00:00,n,3,NA,NA,NA,NA,NA,NA,NA
5,2016-11-18,Manley,AM,3,L,18.9,1868,11:00:00,n,3,NA,NA,NA,NA,NA,NA,NA
5,2016-11-18,Manley,OP,1,R,17,2088,11:00:00,n,3,NA,NA,NA,NA,NA,NA,NA
5,2016-11-18,Manley,OP,1,R,17.2,2016,11:00:00,n,3,NA,NA,NA,NA,NA,NA,NA
5,2016-11-18,Manley,OP,2,R,5,1865,11:00:00,n,3,NA,NA,NA,NA,NA,NA,NA
5,2016-11-18,Manley,OP,2,R,12,1993,11:00:00,n,3,NA,NA,NA,NA,NA,NA,NA
5,2016-11-18,Manley,OP,2,R,20,1752,11:00:00,n,3,NA,NA,NA,NA,NA,NA,NA
5,2016-11-18,Manley,OP,3,R,8.5,2026,11:00:00,n,3,NA,NA,NA,NA,NA,NA,NA
5,2016-11-18,Manley,OP,3,R,20,1890,11:00:00,n,3,NA,NA,NA,NA,NA,NA,NA
5,NA,Manley,KH,1,NA,NA,NA,NA,NA,2,NA,NA,NA,NA,NA,NA,NA
5,NA,Manley,KH,1,NA,NA,NA,NA,NA,2,NA,NA,NA,NA,NA,NA,NA
5,NA,Manley,KH,1,NA,NA,NA,NA,NA,2,NA,NA,NA,NA,NA,NA,NA
5,NA,Manley,KH,1,NA,NA,NA,NA,NA,2,NA,NA,NA,NA,NA,NA,NA
5,NA,Manley,KH,1,NA,NA,NA,NA,NA,2,NA,NA,NA,NA,NA,NA,NA
5,NA,Manley,KH,1,NA,NA,NA,NA,NA,2,NA,NA,NA,NA,NA,NA,NA
5,NA,Manley,KH,1,NA,NA,NA,NA,NA,2,NA,NA,NA,NA,NA,NA,NA
5,NA,Manley,KH,1,NA,NA,NA,NA,NA,2,NA,NA,NA,NA,NA,NA,NA
5,NA,Manley,KH,1,NA,NA,NA,NA,NA,2,NA,NA,NA,NA,NA,NA,NA
5,NA,Manley,KH,1,NA,NA,NA,NA,NA,2,NA,NA,NA,NA,NA,NA,NA
5,NA,Manley,KH,1,NA,NA,NA,NA,NA,2,NA,NA,NA,NA,NA,NA,NA
5,NA,Manley,KH,1,NA,NA,NA,NA,NA,2,NA,NA,NA,NA,NA,NA,NA
5,NA,Manley,KH,1,NA,NA,NA,NA,NA,3,NA,NA,NA,NA,NA,NA,NA
5,NA,Manley,KH,1,NA,NA,NA,NA,NA,3,NA,NA,NA,NA,NA,NA,NA
5,NA,Manley,KH,1,NA,NA,NA,NA,NA,3,NA,NA,NA,NA,NA,NA,NA
5,NA,Manley,KH,1,NA,NA,NA,NA,NA,3,NA,NA,NA,NA,NA,NA,NA
5,NA,Manley,KH,1,NA,NA,NA,NA,NA,3,NA,NA,NA,NA,NA,NA,NA
5,NA,Manley,KH,1,NA,NA,NA,NA,NA,3,NA,NA,NA,NA,NA,NA,NA
5,NA,Manley,KH,1,NA,NA,NA,NA,NA,3,NA,NA,NA,NA,NA,NA,NA
5,NA,Manley,KH,1,NA,NA,NA,NA,NA,3,NA,NA,NA,NA,NA,NA,NA
5,NA,Manley,KH,1,NA,NA,NA,NA,NA,3,NA,NA,NA,NA,NA,NA,NA
5,NA,Manley,KH,1,NA,NA,NA,NA,NA,3,NA,NA,NA,NA,NA,NA,NA
5,NA,Manley,KH,1,NA,NA,NA,NA,NA,3,NA,NA,NA,NA,NA,NA,NA
5,NA,Manley,KH,1,NA,NA,NA,NA,NA,3,NA,NA,NA,NA,NA,NA,NA
5,NA,Manley,KH,2,NA,NA,NA,NA,NA,2,NA,NA,NA,NA,NA,NA,NA
5,NA,Manley,KH,2,NA,NA,NA,NA,NA,2,NA,NA,NA,NA,NA,NA,NA
5,NA,Manley,KH,2,NA,NA,NA,NA,NA,2,NA,NA,NA,NA,NA,NA,NA
5,NA,Manley,KH,2,NA,NA,NA,NA,NA,2,NA,NA,NA,NA,NA,NA,NA
5,NA,Manley,KH,2,NA,NA,NA,NA,NA,2,NA,NA,NA,NA,NA,NA,NA
5,NA,Manley,KH,2,NA,NA,NA,NA,NA,2,NA,NA,NA,NA,NA,NA,NA
5,NA,Manley,KH,2,NA,NA,NA,NA,NA,2,NA,NA,NA,NA,NA,NA,NA
5,NA,Manley,KH,2,NA,NA,NA,NA,NA,2,NA,NA,NA,NA,NA,NA,NA
5,NA,Manley,KH,2,NA,NA,NA,NA,NA,2,NA,NA,NA,NA,NA,NA,NA
5,NA,Manley,KH,2,NA,NA,NA,NA,NA,2,NA,NA,NA,NA,NA,NA,NA
5,NA,Manley,KH,2,NA,NA,NA,NA,NA,2,NA,NA,NA,NA,NA,NA,NA
5,NA,Manley,KH,2,NA,NA,NA,NA,NA,2,NA,NA,NA,NA,NA,NA,NA
5,NA,Manley,KH,2,NA,NA,NA,NA,NA,2,NA,NA,NA,NA,NA,NA,NA
5,NA,Manley,KH,2,NA,NA,NA,NA,NA,3,NA,NA,NA,NA,NA,NA,NA
5,NA,Manley,KH,2,NA,NA,NA,NA,NA,3,NA,NA,NA,NA,NA,NA,NA
5,NA,Manley,KH,2,NA,NA,NA,NA,NA,3,NA,NA,NA,NA,NA,NA,NA
5,NA,Manley,KH,2,NA,NA,NA,NA,NA,3,NA,NA,NA,NA,NA,NA,NA
5,NA,Manley,KH,2,NA,NA,NA,NA,NA,3,NA,NA,NA,NA,NA,NA,NA
5,NA,Manley,KH,2,NA,NA,NA,NA,NA,3,NA,NA,NA,NA,NA,NA,NA
5,NA,Manley,KH,2,NA,NA,NA,NA,NA,3,NA,NA,NA,NA,NA,NA,NA
5,NA,Manley,KH,2,NA,NA,NA,NA,NA,3,NA,NA,NA,NA,NA,NA,NA
5,NA,Manley,KH,2,NA,NA,NA,NA,NA,3,NA,NA,NA,NA,NA,NA,NA
5,NA,Manley,KH,2,NA,NA,NA,NA,NA,3,NA,NA,NA,NA,NA,NA,NA
5,NA,Manley,KH,2,NA,NA,NA,NA,NA,3,NA,NA,NA,NA,NA,NA,NA
5,NA,Manley,KH,2,NA,NA,NA,NA,NA,3,NA,NA,NA,NA,NA,NA,NA
5,NA,Manley,KH,2,NA,NA,NA,NA,NA,3,NA,NA,NA,NA,NA,NA,NA
5,NA,Manley,KH,3,NA,NA,NA,NA,NA,2,NA,NA,NA,NA,NA,NA,NA
5,NA,Manley,KH,3,NA,NA,NA,NA,NA,2,NA,NA,NA,NA,NA,NA,NA
5,NA,Manley,KH,3,NA,NA,NA,NA,NA,2,NA,NA,NA,NA,NA,NA,NA
5,NA,Manley,KH,3,NA,NA,NA,NA,NA,2,NA,NA,NA,NA,NA,NA,NA
5,NA,Manley,KH,3,NA,NA,NA,NA,NA,2,NA,NA,NA,NA,NA,NA,NA
5,NA,Manley,KH,3,NA,NA,NA,NA,NA,2,NA,NA,NA,NA,NA,NA,NA
5,NA,Manley,KH,3,NA,NA,NA,NA,NA,2,NA,NA,NA,NA,NA,NA,NA
5,NA,Manley,KH,3,NA,NA,NA,NA,NA,2,NA,NA,NA,NA,NA,NA,NA
5,NA,Manley,KH,3,NA,NA,NA,NA,NA,2,NA,NA,NA,NA,NA,NA,NA
5,NA,Manley,KH,3,NA,NA,NA,NA,NA,2,NA,NA,NA,NA,NA,NA,NA
5,NA,Manley,KH,3,NA,NA,NA,NA,NA,2,NA,NA,NA,NA,NA,NA,NA
5,NA,Manley,KH,3,NA,NA,NA,NA,NA,3,NA,NA,NA,NA,NA,NA,NA
5,NA,Manley,KH,3,NA,NA,NA,NA,NA,3,NA,NA,NA,NA,NA,NA,NA
5,NA,Manley,KH,3,NA,NA,NA,NA,NA,3,NA,NA,NA,NA,NA,NA,NA
5,NA,Manley,KH,3,NA,NA,NA,NA,NA,3,NA,NA,NA,NA,NA,NA,NA
5,NA,Manley,KH,3,NA,NA,NA,NA,NA,3,NA,NA,NA,NA,NA,NA,NA
5,NA,Manley,KH,3,NA,NA,NA,NA,NA,3,NA,NA,NA,NA,NA,NA,NA
5,NA,Manley,KH,3,NA,NA,NA,NA,NA,3,NA,NA,NA,NA,NA,NA,NA
5,NA,Manley,KH,3,NA,NA,NA,NA,NA,3,NA,NA,NA,NA,NA,NA,NA
5,NA,Manley,KH,3,NA,NA,NA,NA,NA,3,NA,NA,NA,NA,NA,NA,NA
5,NA,Manley,KH,3,NA,NA,NA,NA,NA,3,NA,NA,NA,NA,NA,NA,NA
5,NA,Manley,KH,3,NA,NA,NA,NA,NA,3,NA,NA,NA,NA,NA,NA,NA
5,NA,North,KH,1,NA,NA,NA,NA,NA,2,NA,NA,NA,NA,NA,NA,NA
5,NA,North,KH,1,NA,NA,NA,NA,NA,2,NA,NA,NA,NA,NA,NA,NA
5,NA,North,KH,1,NA,NA,NA,NA,NA,2,NA,NA,NA,NA,NA,NA,NA
5,NA,North,KH,1,NA,NA,NA,NA,NA,2,NA,NA,NA,NA,NA,NA,NA
5,NA,North,KH,1,NA,NA,NA,NA,NA,2,NA,NA,NA,NA,NA,NA,NA
5,NA,North,KH,1,NA,NA,NA,NA,NA,2,NA,NA,NA,NA,NA,NA,NA
5,NA,North,KH,1,NA,NA,NA,NA,NA,2,NA,NA,NA,NA,NA,NA,NA
5,NA,North,KH,1,NA,NA,NA,NA,NA,2,NA,NA,NA,NA,NA,NA,NA
5,NA,North,KH,1,NA,NA,NA,NA,NA,2,NA,NA,NA,NA,NA,NA,NA
5,NA,North,KH,1,NA,NA,NA,NA,NA,2,NA,NA,NA,NA,NA,NA,NA
5,NA,North,KH,1,NA,NA,NA,NA,NA,3,NA,NA,NA,NA,NA,NA,NA
5,NA,North,KH,1,NA,NA,NA,NA,NA,3,NA,NA,NA,NA,NA,NA,NA
5,NA,North,KH,1,NA,NA,NA,NA,NA,3,NA,NA,NA,NA,NA,NA,NA
5,NA,North,KH,1,NA,NA,NA,NA,NA,3,NA,NA,NA,NA,NA,NA,NA
5,NA,North,KH,1,NA,NA,NA,NA,NA,3,NA,NA,NA,NA,NA,NA,NA
5,NA,North,KH,1,NA,NA,NA,NA,NA,3,NA,NA,NA,NA,NA,NA,NA
5,NA,North,KH,1,NA,NA,NA,NA,NA,3,NA,NA,NA,NA,NA,NA,NA
5,NA,North,KH,1,NA,NA,NA,NA,NA,3,NA,NA,NA,NA,NA,NA,NA
5,NA,North,KH,1,NA,NA,NA,NA,NA,3,NA,NA,NA,NA,NA,NA,NA
5,NA,North,KH,1,NA,NA,NA,NA,NA,3,NA,NA,NA,NA,NA,NA,NA
5,NA,North,KH,2,NA,NA,NA,NA,NA,2,NA,NA,NA,NA,NA,NA,NA
5,NA,North,KH,2,NA,NA,NA,NA,NA,2,NA,NA,NA,NA,NA,NA,NA
5,NA,North,KH,2,NA,NA,NA,NA,NA,2,NA,NA,NA,NA,NA,NA,NA
5,NA,North,KH,2,NA,NA,NA,NA,NA,2,NA,NA,NA,NA,NA,NA,NA
5,NA,North,KH,2,NA,NA,NA,NA,NA,2,NA,NA,NA,NA,NA,NA,NA
5,NA,North,KH,2,NA,NA,NA,NA,NA,2,NA,NA,NA,NA,NA,NA,NA
5,NA,North,KH,2,NA,NA,NA,NA,NA,2,NA,NA,NA,NA,NA,NA,NA
5,NA,North,KH,2,NA,NA,NA,NA,NA,2,NA,NA,NA,NA,NA,NA,NA
5,NA,North,KH,2,NA,NA,NA,NA,NA,2,NA,NA,NA,NA,NA,NA,NA
5,NA,North,KH,2,NA,NA,NA,NA,NA,2,NA,NA,NA,NA,NA,NA,NA
5,NA,North,KH,2,NA,NA,NA,NA,NA,2,NA,NA,NA,NA,NA,NA,NA
5,NA,North,KH,2,NA,NA,NA,NA,NA,2,NA,NA,NA,NA,NA,NA,NA
5,NA,North,KH,2,NA,NA,NA,NA,NA,2,NA,NA,NA,NA,NA,NA,NA
5,NA,North,KH,2,NA,NA,NA,NA,NA,2,NA,NA,NA,NA,NA,NA,NA
5,NA,North,KH,2,NA,NA,NA,NA,NA,2,NA,NA,NA,NA,NA,NA,NA
5,NA,North,KH,2,NA,NA,NA,NA,NA,3,NA,NA,NA,NA,NA,NA,NA
5,NA,North,KH,2,NA,NA,NA,NA,NA,3,NA,NA,NA,NA,NA,NA,NA
5,NA,North,KH,2,NA,NA,NA,NA,NA,3,NA,NA,NA,NA,NA,NA,NA
5,NA,North,KH,2,NA,NA,NA,NA,NA,3,NA,NA,NA,NA,NA,NA,NA
5,NA,North,KH,2,NA,NA,NA,NA,NA,3,NA,NA,NA,NA,NA,NA,NA
5,NA,North,KH,2,NA,NA,NA,NA,NA,3,NA,NA,NA,NA,NA,NA,NA
5,NA,North,KH,2,NA,NA,NA,NA,NA,3,NA,NA,NA,NA,NA,NA,NA
5,NA,North,KH,2,NA,NA,NA,NA,NA,3,NA,NA,NA,NA,NA,NA,NA
5,NA,North,KH,2,NA,NA,NA,NA,NA,3,NA,NA,NA,NA,NA,NA,NA
5,NA,North,KH,2,NA,NA,NA,NA,NA,3,NA,NA,NA,NA,NA,NA,NA
5,NA,North,KH,2,NA,NA,NA,NA,NA,3,NA,NA,NA,NA,NA,NA,NA
5,NA,North,KH,2,NA,NA,NA,NA,NA,3,NA,NA,NA,NA,NA,NA,NA
5,NA,North,KH,2,NA,NA,NA,NA,NA,3,NA,NA,NA,NA,NA,NA,NA
5,NA,North,KH,2,NA,NA,NA,NA,NA,3,NA,NA,NA,NA,NA,NA,NA
5,NA,North,KH,2,NA,NA,NA,NA,NA,3,NA,NA,NA,NA,NA,NA,NA
5,NA,North,KH,3,NA,NA,NA,NA,NA,2,NA,NA,NA,NA,NA,NA,NA
5,NA,North,KH,3,NA,NA,NA,NA,NA,2,NA,NA,NA,NA,NA,NA,NA
5,NA,North,KH,3,NA,NA,NA,NA,NA,2,NA,NA,NA,NA,NA,NA,NA
5,NA,North,KH,3,NA,NA,NA,NA,NA,2,NA,NA,NA,NA,NA,NA,NA
5,NA,North,KH,3,NA,NA,NA,NA,NA,2,NA,NA,NA,NA,NA,NA,NA
5,NA,North,KH,3,NA,NA,NA,NA,NA,2,NA,NA,NA,NA,NA,NA,NA
5,NA,North,KH,3,NA,NA,NA,NA,NA,2,NA,NA,NA,NA,NA,NA,NA
5,NA,North,KH,3,NA,NA,NA,NA,NA,2,NA,NA,NA,NA,NA,NA,NA
5,NA,North,KH,3,NA,NA,NA,NA,NA,2,NA,NA,NA,NA,NA,NA,NA
5,NA,North,KH,3,NA,NA,NA,NA,NA,2,NA,NA,NA,NA,NA,NA,NA
5,NA,North,KH,3,NA,NA,NA,NA,NA,2,NA,NA,NA,NA,NA,NA,NA
5,NA,North,KH,3,NA,NA,NA,NA,NA,2,NA,NA,NA,NA,NA,NA,NA
5,NA,North,KH,3,NA,NA,NA,NA,NA,2,NA,NA,NA,NA,NA,NA,NA
5,NA,North,KH,3,NA,NA,NA,NA,NA,2,NA,NA,NA,NA,NA,NA,NA
5,NA,North,KH,3,NA,NA,NA,NA,NA,2,NA,NA,NA,NA,NA,NA,NA
5,NA,North,KH,3,NA,NA,NA,NA,NA,3,NA,NA,NA,NA,NA,NA,NA
5,NA,North,KH,3,NA,NA,NA,NA,NA,3,NA,NA,NA,NA,NA,NA,NA
5,NA,North,KH,3,NA,NA,NA,NA,NA,3,NA,NA,NA,NA,NA,NA,NA
5,NA,North,KH,3,NA,NA,NA,NA,NA,3,NA,NA,NA,NA,NA,NA,NA
5,NA,North,KH,3,NA,NA,NA,NA,NA,3,NA,NA,NA,NA,NA,NA,NA
5,NA,North,KH,3,NA,NA,NA,NA,NA,3,NA,NA,NA,NA,NA,NA,NA
5,NA,North,KH,3,NA,NA,NA,NA,NA,3,NA,NA,NA,NA,NA,NA,NA
5,NA,North,KH,3,NA,NA,NA,NA,NA,3,NA,NA,NA,NA,NA,NA,NA
5,NA,North,KH,3,NA,NA,NA,NA,NA,3,NA,NA,NA,NA,NA,NA,NA
5,NA,North,KH,3,NA,NA,NA,NA,NA,3,NA,NA,NA,NA,NA,NA,NA
5,NA,North,KH,3,NA,NA,NA,NA,NA,3,NA,NA,NA,NA,NA,NA,NA
5,NA,North,KH,3,NA,NA,NA,NA,NA,3,NA,NA,NA,NA,NA,NA,NA
5,NA,North,KH,3,NA,NA,NA,NA,NA,3,NA,NA,NA,NA,NA,NA,NA
5,NA,North,KH,3,NA,NA,NA,NA,NA,3,NA,NA,NA,NA,NA,NA,NA
5,NA,North,KH,3,NA,NA,NA,NA,NA,3,NA,NA,NA,NA,NA,NA,NA
5,NA,Second,KH,1,NA,NA,NA,NA,NA,2,NA,NA,NA,NA,NA,NA,NA
5,NA,Second,KH,1,NA,NA,NA,NA,NA,2,NA,NA,NA,NA,NA,NA,NA
5,NA,Second,KH,1,NA,NA,NA,NA,NA,2,NA,NA,NA,NA,NA,NA,NA
5,NA,Second,KH,1,NA,NA,NA,NA,NA,2,NA,NA,NA,NA,NA,NA,NA
5,NA,Second,KH,1,NA,NA,NA,NA,NA,2,NA,NA,NA,NA,NA,NA,NA
5,NA,Second,KH,1,NA,NA,NA,NA,NA,2,NA,NA,NA,NA,NA,NA,NA
5,NA,Second,KH,1,NA,NA,NA,NA,NA,2,NA,NA,NA,NA,NA,NA,NA
5,NA,Second,KH,1,NA,NA,NA,NA,NA,2,NA,NA,NA,NA,NA,NA,NA
5,NA,Second,KH,1,NA,NA,NA,NA,NA,2,NA,NA,NA,NA,NA,NA,NA
5,NA,Second,KH,1,NA,NA,NA,NA,NA,2,NA,NA,NA,NA,NA,NA,NA
5,NA,Second,KH,1,NA,NA,NA,NA,NA,2,NA,NA,NA,NA,NA,NA,NA
5,NA,Second,KH,1,NA,NA,NA,NA,NA,2,NA,NA,NA,NA,NA,NA,NA
5,NA,Second,KH,1,NA,NA,NA,NA,NA,2,NA,NA,NA,NA,NA,NA,NA
5,NA,Second,KH,1,NA,NA,NA,NA,NA,3,NA,NA,NA,NA,NA,NA,NA
5,NA,Second,KH,1,NA,NA,NA,NA,NA,3,NA,NA,NA,NA,NA,NA,NA
5,NA,Second,KH,1,NA,NA,NA,NA,NA,3,NA,NA,NA,NA,NA,NA,NA
5,NA,Second,KH,1,NA,NA,NA,NA,NA,3,NA,NA,NA,NA,NA,NA,NA
5,NA,Second,KH,1,NA,NA,NA,NA,NA,3,NA,NA,NA,NA,NA,NA,NA
5,NA,Second,KH,1,NA,NA,NA,NA,NA,3,NA,NA,NA,NA,NA,NA,NA
5,NA,Second,KH,1,NA,NA,NA,NA,NA,3,NA,NA,NA,NA,NA,NA,NA
5,NA,Second,KH,1,NA,NA,NA,NA,NA,3,NA,NA,NA,NA,NA,NA,NA
5,NA,Second,KH,1,NA,NA,NA,NA,NA,3,NA,NA,NA,NA,NA,NA,NA
5,NA,Second,KH,1,NA,NA,NA,NA,NA,3,NA,NA,NA,NA,NA,NA,NA
5,NA,Second,KH,1,NA,NA,NA,NA,NA,3,NA,NA,NA,NA,NA,NA,NA
5,NA,Second,KH,1,NA,NA,NA,NA,NA,3,NA,NA,NA,NA,NA,NA,NA
5,NA,Second,KH,1,NA,NA,NA,NA,NA,3,NA,NA,NA,NA,NA,NA,NA
5,NA,Second,KH,2,NA,NA,NA,NA,NA,2,NA,NA,NA,NA,NA,NA,NA
5,NA,Second,KH,2,NA,NA,NA,NA,NA,2,NA,NA,NA,NA,NA,NA,NA
5,NA,Second,KH,2,NA,NA,NA,NA,NA,2,NA,NA,NA,NA,NA,NA,NA
5,NA,Second,KH,2,NA,NA,NA,NA,NA,2,NA,NA,NA,NA,NA,NA,NA
5,NA,Second,KH,2,NA,NA,NA,NA,NA,2,NA,NA,NA,NA,NA,NA,NA
5,NA,Second,KH,2,NA,NA,NA,NA,NA,2,NA,NA,NA,NA,NA,NA,NA
5,NA,Second,KH,2,NA,NA,NA,NA,NA,2,NA,NA,NA,NA,NA,NA,NA
5,NA,Second,KH,2,NA,NA,NA,NA,NA,3,NA,NA,NA,NA,NA,NA,NA
5,NA,Second,KH,2,NA,NA,NA,NA,NA,3,NA,NA,NA,NA,NA,NA,NA
5,NA,Second,KH,2,NA,NA,NA,NA,NA,3,NA,NA,NA,NA,NA,NA,NA
5,NA,Second,KH,2,NA,NA,NA,NA,NA,3,NA,NA,NA,NA,NA,NA,NA
5,NA,Second,KH,2,NA,NA,NA,NA,NA,3,NA,NA,NA,NA,NA,NA,NA
5,NA,Second,KH,2,NA,NA,NA,NA,NA,3,NA,NA,NA,NA,NA,NA,NA
5,NA,Second,KH,2,NA,NA,NA,NA,NA,3,NA,NA,NA,NA,NA,NA,NA
5,NA,Second,KH,3,NA,NA,NA,NA,NA,2,NA,NA,NA,NA,NA,NA,NA
5,NA,Second,KH,3,NA,NA,NA,NA,NA,2,NA,NA,NA,NA,NA,NA,NA
5,NA,Second,KH,3,NA,NA,NA,NA,NA,2,NA,NA,NA,NA,NA,NA,NA
5,NA,Second,KH,3,NA,NA,NA,NA,NA,2,NA,NA,NA,NA,NA,NA,NA
5,NA,Second,KH,3,NA,NA,NA,NA,NA,2,NA,NA,NA,NA,NA,NA,NA
5,NA,Second,KH,3,NA,NA,NA,NA,NA,2,NA,NA,NA,NA,NA,NA,NA
5,NA,Second,KH,3,NA,NA,NA,NA,NA,2,NA,NA,NA,NA,NA,NA,NA
5,NA,Second,KH,3,NA,NA,NA,NA,NA,2,NA,NA,NA,NA,NA,NA,NA
5,NA,Second,KH,3,NA,NA,NA,NA,NA,2,NA,NA,NA,NA,NA,NA,NA
5,NA,Second,KH,3,NA,NA,NA,NA,NA,2,NA,NA,NA,NA,NA,NA,NA
5,NA,Second,KH,3,NA,NA,NA,NA,NA,2,NA,NA,NA,NA,NA,NA,NA
5,NA,Second,KH,3,NA,NA,NA,NA,NA,2,NA,NA,NA,NA,NA,NA,NA
5,NA,Second,KH,3,NA,NA,NA,NA,NA,2,NA,NA,NA,NA,NA,NA,NA
5,NA,Second,KH,3,NA,NA,NA,NA,NA,3,NA,NA,NA,NA,NA,NA,NA
5,NA,Second,KH,3,NA,NA,NA,NA,NA,3,NA,NA,NA,NA,NA,NA,NA
5,NA,Second,KH,3,NA,NA,NA,NA,NA,3,NA,NA,NA,NA,NA,NA,NA
5,NA,Second,KH,3,NA,NA,NA,NA,NA,3,NA,NA,NA,NA,NA,NA,NA
5,NA,Second,KH,3,NA,NA,NA,NA,NA,3,NA,NA,NA,NA,NA,NA,NA
5,NA,Second,KH,3,NA,NA,NA,NA,NA,3,NA,NA,NA,NA,NA,NA,NA
5,NA,Second,KH,3,NA,NA,NA,NA,NA,3,NA,NA,NA,NA,NA,NA,NA
5,NA,Second,KH,3,NA,NA,NA,NA,NA,3,NA,NA,NA,NA,NA,NA,NA
5,NA,Second,KH,3,NA,NA,NA,NA,NA,3,NA,NA,NA,NA,NA,NA,NA
5,NA,Second,KH,3,NA,NA,NA,NA,NA,3,NA,NA,NA,NA,NA,NA,NA
5,NA,Second,KH,3,NA,NA,NA,NA,NA,3,NA,NA,NA,NA,NA,NA,NA
5,NA,Second,KH,3,NA,NA,NA,NA,NA,3,NA,NA,NA,NA,NA,NA,NA
5,NA,Second,KH,3,NA,NA,NA,NA,NA,3,NA,NA,NA,NA,NA,NA,NA
6,2016-11-12,North,AM,1,L,3,1945,12:00:00,y,1,567,NA,30,87,82,NA,L
6,2016-11-12,North,AM,1,L,12,1778.1,12:00:00,y,1,644,NA,30,95,145,NA,L
6,2016-11-12,North,AM,2,L,6.2,1727.1,12:00:00,y,1,476,NA,30,110,120,NA,L
6,2016-11-12,North,AM,2,L,10.5,1943,12:00:00,y,1,595,NA,60,171,170,NA,L
6,2016-11-12,North,AM,2,L,13.5,1807.1,12:00:00,y,1,702,NA,30,106,120,NA,L
6,2016-11-12,North,AM,3,L,7,1989,12:00:00,y,1,644,NA,30,103,114,NA,L
6,2016-11-12,North,AM,3,L,7.6,2488,12:00:00,y,1,559,NA,60,171,160,NA,L
6,2016-11-12,North,AM,3,L,13.9,1685.1,12:00:00,y,1,643,NA,25,72,75,NA,0
6,2016-11-12,North,OP,1,R,7.5,1933,12:00:00,y,1,424,NA,28,115,125,NA,H
6,2016-11-12,North,OP,1,R,8,2104,12:00:00,y,1,489,NA,31,93,170,NA,H
6,2016-11-12,North,OP,2,R,5.5,1948,12:00:00,y,1,376,NA,14,56,110,NA,H
6,2016-11-12,North,OP,2,R,11.5,2002,12:00:00,y,1,486,NA,22,64,55,NA,H
6,2016-11-12,North,OP,2,R,20,1756,12:00:00,y,1,767,NA,33,111,170,NA,H
6,2016-11-12,North,OP,3,R,2,2484,12:00:00,y,1,479,NA,6,35,56,NA,H
6,2016-11-12,North,OP,3,R,4.5,1745,12:00:00,y,1,576,NA,42,126,160,NA,H
6,2016-11-12,North,OP,3,R,10,1681,12:00:00,y,1,595,NA,43,131,160,NA,H
6,2016-11-17,North,OP,1,NA,NA,NA,11:00:00,NA,1,427,NA,NA,NA,100,NA,L
6,2016-11-17,North,OP,1,NA,NA,NA,11:00:00,NA,1,498,NA,NA,NA,55,NA,H
6,2016-11-17,North,OP,1,NA,NA,NA,11:00:00,NA,1,521,NA,NA,NA,150,NA,L
6,2016-11-17,North,OP,1,NA,NA,NA,11:00:00,NA,1,555,NA,NA,NA,90,NA,L
6,2016-11-17,North,OP,1,NA,NA,NA,11:00:00,NA,1,596,NA,NA,NA,150,NA,L
6,2016-11-17,North,OP,1,NA,NA,NA,11:00:00,NA,1,648,NA,NA,NA,90,NA,L
6,2016-11-17,North,OP,1,NA,NA,NA,11:00:00,NA,1,649,NA,NA,NA,100,NA,L
6,2016-11-17,North,OP,2,NA,NA,NA,11:00:00,NA,1,470,NA,NA,NA,0,NA,NA
6,2016-11-17,North,OP,2,NA,NA,NA,11:00:00,NA,1,519,NA,NA,NA,150,NA,H
6,2016-11-17,North,OP,2,NA,NA,NA,11:00:00,NA,1,570,NA,NA,NA,80,NA,H
6,2016-11-17,North,OP,2,NA,NA,NA,11:00:00,NA,1,595,NA,NA,NA,200,NA,L
6,2016-11-17,North,OP,2,NA,NA,NA,11:00:00,NA,1,664,NA,NA,NA,150,NA,L
6,2016-11-17,North,OP,2,NA,NA,NA,11:00:00,NA,1,700,NA,NA,NA,90,NA,L
6,2016-11-17,North,OP,2,NA,NA,NA,11:00:00,NA,1,700,NA,NA,NA,60,NA,H
6,2016-11-17,North,OP,2,NA,NA,NA,11:00:00,NA,1,718,NA,NA,NA,140,NA,L
6,2016-11-17,North,OP,3,NA,NA,NA,11:00:00,NA,1,442,NA,NA,NA,170,NA,L
6,2016-11-17,North,OP,3,NA,NA,NA,11:00:00,NA,1,485,NA,NA,NA,150,NA,L
6,2016-11-17,North,OP,3,NA,NA,NA,11:00:00,NA,1,512,NA,NA,NA,100,NA,L
6,2016-11-17,North,OP,3,NA,NA,NA,11:00:00,NA,1,522,NA,NA,NA,130,NA,L
6,2016-11-17,North,OP,3,NA,NA,NA,11:00:00,NA,1,530,NA,NA,NA,120,NA,L
6,2016-11-17,North,OP,3,NA,NA,NA,11:00:00,NA,1,561,NA,NA,NA,170,NA,L
6,2016-11-17,North,OP,3,NA,NA,NA,11:00:00,NA,1,578,NA,NA,NA,160,NA,L
6,2016-11-17,North,OP,3,NA,NA,NA,11:00:00,NA,1,608,NA,NA,NA,100,NA,H
6,2016-11-17,North,OP,3,NA,NA,NA,11:00:00,NA,1,612,NA,NA,NA,170,NA,H
6,2016-11-17,North,OP,3,NA,NA,NA,11:00:00,NA,1,623,NA,NA,NA,120,NA,L
6,2016-11-17,North,OP,3,NA,NA,NA,11:00:00,NA,1,648,NA,NA,NA,113,NA,L
6,2016-11-17,North,OP,3,NA,NA,NA,11:00:00,NA,1,652,NA,NA,NA,150,NA,H
6,2016-11-17,North,OP,3,NA,NA,NA,11:00:00,NA,1,670,NA,NA,NA,90,NA,0
6,2016-11-17,North,OP,3,NA,NA,NA,11:00:00,NA,1,682,NA,NA,NA,65,NA,L
6,2016-11-17,Second,AM,1,L,6.7,2494,11:30:00,y,1,498,NA,50,155,145,NA,L
6,2016-11-17,Second,AM,1,L,7,1683,11:30:00,y,1,591,NA,20,83,45,NA,L
6,2016-11-17,Second,AM,2,L,14,4801,11:30:00,y,1,663,NA,60,186,150,NA,L
6,2016-11-17,Second,AM,2,L,16,1814,11:30:00,y,1,739,NA,50,158,200,NA,L
6,2016-11-17,Second,AM,3,L,2.5,2120,11:30:00,y,1,368,NA,15,50,54,NA,L
6,2016-11-17,Second,AM,3,L,3.5,1704,11:30:00,y,1,362,NA,25,73,120,NA,L
6,2016-11-17,Second,AM,3,L,16.8,1997,11:30:00,y,1,556,NA,40,119,120,NA,L
6,2016-11-17,Second,OP,1,R,7,2110,11:30:00,y,1,662,NA,32,94,170,NA,L
6,2016-11-17,Second,OP,1,R,10,1729,11:30:00,y,1,568,NA,43,122,105,NA,0
6,2016-11-17,Second,OP,1,R,12,1816,11:30:00,y,1,692,NA,24,80,70,NA,L
6,2016-11-17,Second,OP,1,R,17,1718,11:30:00,y,1,594,NA,55,210,170,NA,L
6,2016-11-17,Second,OP,3,R,3.5,1876,11:30:00,y,1,514,NA,39,131,140,NA,L
6,2016-11-17,Second,OP,3,R,9,1811,11:30:00,y,1,440,NA,42,131,150,NA,L
6,2016-11-17,Second,OP,3,R,13,1712,11:30:00,y,1,636,NA,81,216,210,NA,L
6,2016-11-17,Second,OP,3,R,13.1,1759,11:30:00,y,1,470,NA,47,153,160,NA,L
6,2016-11-18,Manley,OP,3,NA,NA,NA,11:00:00,NA,1,400,NA,NA,NA,110,NA,0
6,2016-11-18,Manley,OP,3,NA,NA,NA,11:00:00,NA,1,493,NA,NA,NA,130,NA,L
6,2016-11-18,North,AM,1,L,3,1945,14:30:00,y,2,NA,21,38,78,NA,NA,NA
6,2016-11-18,North,AM,1,L,12,1778.1,14:30:00,y,2,NA,16,NA,NA,NA,NA,NA
6,2016-11-18,North,AM,2,L,6.2,1727.1,14:30:00,y,2,NA,17,NA,NA,NA,NA,NA
6,2016-11-18,North,AM,2,L,10.5,1943,14:30:00,y,2,NA,21,79.5,135,NA,NA,NA
6,2016-11-18,North,AM,2,L,13.5,1807.1,14:30:00,y,2,NA,29,40,126,NA,NA,NA
6,2016-11-18,North,AM,3,L,7,1989,14:30:00,y,2,NA,30,35.5,116,NA,NA,NA
6,2016-11-18,North,AM,3,L,7.6,2488,14:30:00,y,2,NA,21,76,205,NA,NA,NA
6,2016-11-18,North,AM,3,L,13.9,1685.1,14:30:00,y,2,NA,12,28,78.5,NA,NA,NA
6,2016-11-18,North,OP,1,R,7.5,1933,14:30:00,y,2,NA,35,41,124,NA,NA,NA
6,2016-11-18,North,OP,1,R,8,2104,14:30:00,y,2,NA,22,NA,NA,NA,NA,NA
6,2016-11-18,North,OP,2,R,5.5,1948,14:30:00,y,2,NA,13,NA,NA,NA,NA,NA
6,2016-11-18,North,OP,2,R,11.5,2002,14:30:00,y,2,NA,33,26.5,62.5,NA,NA,NA
6,2016-11-18,North,OP,2,R,20,1756,14:30:00,y,2,NA,30,52.5,132.5,NA,NA,NA
6,2016-11-18,North,OP,3,R,2,2484,14:30:00,y,2,NA,10,7.5,31,NA,NA,NA
6,2016-11-18,North,OP,3,R,4.5,1745,14:30:00,y,2,NA,27,56.5,134,NA,NA,NA
6,2016-11-18,North,OP,3,R,10,1681,14:30:00,y,2,NA,31,54,142.5,NA,NA,NA
6,2016-11-20,Second,AM,1,L,6.7,2494,14:00:00,y,2,NA,34,52,145.5,NA,NA,NA
6,2016-11-20,Second,AM,1,L,7,1683,14:00:00,y,2,NA,16,20,81.5,NA,NA,NA
6,2016-11-20,Second,AM,2,L,14,4801,14:00:00,y,2,NA,39,80.5,187,NA,NA,NA
6,2016-11-20,Second,AM,2,L,16,1814,14:00:00,y,2,NA,38,56,177,NA,NA,NA
6,2016-11-20,Second,AM,3,L,2.5,2120,14:00:00,y,2,NA,13,18,55,NA,NA,NA
6,2016-11-20,Second,AM,3,L,3.5,1704,14:00:00,y,2,NA,21,27,72,NA,NA,NA
6,2016-11-20,Second,AM,3,L,16.8,1997,14:00:00,y,2,NA,34,51,122,NA,NA,NA
6,2016-11-20,Second,OP,1,R,7,2110,14:00:00,y,2,NA,28,38,102,NA,NA,NA
6,2016-11-20,Second,OP,1,R,10,1729,14:00:00,y,2,NA,21,43,119,NA,NA,NA
6,2016-11-20,Second,OP,1,R,12,1816,14:00:00,y,2,NA,30,24,82.5,NA,NA,NA
6,2016-11-20,Second,OP,1,R,17,1718,14:00:00,y,2,NA,12,71,216,NA,NA,NA
6,2016-11-20,Second,OP,1,NA,NA,NA,14:00:00,NA,1,542,NA,NA,NA,40,NA,L
6,2016-11-20,Second,OP,1,NA,NA,NA,14:00:00,NA,1,617,NA,NA,NA,50,NA,L
6,2016-11-20,Second,OP,2,NA,NA,NA,14:00:00,NA,1,544,NA,NA,NA,120,NA,L
6,2016-11-20,Second,OP,3,R,3.5,1876,14:00:00,y,2,NA,35,45,137,NA,NA,NA
6,2016-11-20,Second,OP,3,R,9,1811,14:00:00,y,2,NA,42,NA,NA,NA,NA,NA
6,2016-11-20,Second,OP,3,R,13,1712,14:00:00,y,2,NA,33,95.5,199,NA,NA,NA
6,2016-11-20,Second,OP,3,R,13.1,1759,14:00:00,y,2,NA,29,55,165,NA,NA,NA
6,2016-11-20,Second,OP,3,NA,NA,NA,14:00:00,NA,1,365,NA,NA,NA,45,NA,L
6,2016-11-20,Second,OP,3,NA,NA,NA,14:00:00,NA,1,424,NA,NA,NA,80,NA,L
6,2016-11-20,Second,OP,3,NA,NA,NA,14:00:00,NA,1,424,NA,NA,NA,75,NA,L
6,2016-11-20,Second,OP,3,NA,NA,NA,14:00:00,NA,1,453,NA,NA,NA,20,NA,L
6,2016-11-20,Second,OP,3,NA,NA,NA,14:00:00,NA,1,472,NA,NA,NA,150,NA,L
6,2016-11-20,Second,OP,3,NA,NA,NA,14:00:00,NA,1,474,NA,NA,NA,115,NA,L
6,2016-11-20,Second,OP,3,NA,NA,NA,14:00:00,NA,1,519,NA,NA,NA,175,NA,L
6,2016-11-20,Second,OP,3,NA,NA,NA,14:00:00,NA,1,526,NA,NA,NA,100,NA,L
6,2016-11-20,Second,OP,3,NA,NA,NA,14:00:00,NA,1,541,NA,NA,NA,80,NA,L
6,2016-11-20,Second,OP,3,NA,NA,NA,14:00:00,NA,1,579,NA,NA,NA,125,NA,L
6,2017-04-08,Second,AM,1,L,6.7,2494,14:00:00,n,3,NA,NA,NA,NA,NA,NA,NA
6,2017-04-08,Second,AM,1,L,7,1683,14:00:00,n,3,NA,NA,NA,NA,NA,NA,NA
6,2017-04-08,Second,AM,2,L,14,4801,14:00:00,n,3,NA,NA,NA,NA,NA,NA,NA
6,2017-04-08,Second,AM,2,L,16,1814,14:00:00,n,3,NA,NA,NA,NA,NA,NA,NA
6,2017-04-08,Second,AM,3,L,2.5,2120,14:00:00,n,3,NA,NA,NA,NA,NA,NA,NA
6,2017-04-08,Second,AM,3,L,3.5,1704,14:00:00,n,3,NA,NA,NA,NA,NA,NA,NA
6,2017-04-08,Second,AM,3,L,16.8,1997,14:00:00,n,3,NA,NA,NA,NA,NA,NA,NA
6,2017-04-08,Second,OP,1,R,7,2110,14:00:00,n,3,NA,NA,NA,NA,NA,NA,NA
6,2017-04-08,Second,OP,1,R,10,1729,14:00:00,n,3,NA,NA,NA,NA,NA,NA,NA
6,2017-04-08,Second,OP,1,R,12,1816,14:00:00,n,3,NA,NA,NA,NA,NA,NA,NA
6,2017-04-08,Second,OP,1,R,17,1718,14:00:00,n,3,NA,NA,NA,NA,NA,NA,NA
6,2017-04-08,Second,OP,3,R,3.5,1876,14:00:00,n,3,NA,NA,NA,NA,NA,NA,NA
6,2017-04-08,Second,OP,3,R,9,1811,14:00:00,n,3,NA,NA,NA,NA,NA,NA,NA
6,2017-04-08,Second,OP,3,R,13,1712,14:00:00,n,3,NA,NA,NA,NA,NA,NA,NA
6,2017-04-08,Second,OP,3,R,13.1,1759,14:00:00,n,3,NA,NA,NA,NA,NA,NA,NA
6,2017-04-11,North,AM,1,L,3,1945,10:00:00,n,3,NA,NA,NA,NA,NA,NA,NA
6,2017-04-11,North,AM,1,L,12,1778.1,10:00:00,n,3,NA,NA,NA,NA,NA,NA,NA
6,2017-04-11,North,AM,2,L,6.2,1727.1,10:00:00,n,3,NA,NA,NA,NA,NA,NA,NA
6,2017-04-11,North,AM,2,L,10.5,1943,10:00:00,n,3,NA,NA,NA,NA,NA,NA,NA
6,2017-04-11,North,AM,2,L,13.5,1807.1,10:00:00,n,3,NA,NA,NA,NA,NA,NA,NA
6,2017-04-11,North,AM,3,L,7,1989,10:00:00,n,3,NA,NA,NA,NA,NA,NA,NA
6,2017-04-11,North,AM,3,L,7.6,2488,10:00:00,n,3,NA,NA,NA,NA,NA,NA,NA
6,2017-04-11,North,AM,3,L,13.9,1685.1,10:00:00,n,3,NA,NA,NA,NA,NA,NA,NA
6,2017-04-11,North,OP,1,R,7.5,1933,10:00:00,n,3,NA,NA,NA,NA,NA,NA,NA
6,2017-04-11,North,OP,1,R,8,2104,10:00:00,n,3,NA,NA,NA,NA,NA,NA,NA
6,2017-04-11,North,OP,2,R,5.5,1948,10:00:00,n,3,NA,NA,NA,NA,NA,NA,NA
6,2017-04-11,North,OP,2,R,11.5,2002,10:00:00,n,3,NA,NA,NA,NA,NA,NA,NA
6,2017-04-11,North,OP,2,R,20,1756,10:00:00,y,3,NA,6,NA,NA,NA,NA,NA
6,2017-04-11,North,OP,3,R,2,2484,10:00:00,n,3,NA,NA,NA,NA,NA,NA,NA
6,2017-04-11,North,OP,3,R,4.5,1745,10:00:00,n,3,NA,NA,NA,NA,NA,NA,NA
6,2017-04-11,North,OP,3,R,10,1681,10:00:00,y,3,NA,29,NA,NA,NA,NA,NA
6,NA,Manley,OP,3,NA,NA,NA,NA,NA,2,NA,NA,NA,NA,NA,NA,NA
6,NA,Manley,OP,3,NA,NA,NA,NA,NA,2,NA,NA,NA,NA,NA,NA,NA
6,NA,Manley,OP,3,NA,NA,NA,NA,NA,3,NA,NA,NA,NA,NA,NA,NA
6,NA,Manley,OP,3,NA,NA,NA,NA,NA,3,NA,NA,NA,NA,NA,NA,NA
6,NA,North,OP,1,NA,NA,NA,NA,NA,2,NA,NA,NA,NA,NA,NA,NA
6,NA,North,OP,1,NA,NA,NA,NA,NA,2,NA,NA,NA,NA,NA,NA,NA
6,NA,North,OP,1,NA,NA,NA,NA,NA,2,NA,NA,NA,NA,NA,NA,NA
6,NA,North,OP,1,NA,NA,NA,NA,NA,2,NA,NA,NA,NA,NA,NA,NA
6,NA,North,OP,1,NA,NA,NA,NA,NA,2,NA,NA,NA,NA,NA,NA,NA
6,NA,North,OP,1,NA,NA,NA,NA,NA,2,NA,NA,NA,NA,NA,NA,NA
6,NA,North,OP,1,NA,NA,NA,NA,NA,2,NA,NA,NA,NA,NA,NA,NA
6,NA,North,OP,1,NA,NA,NA,NA,NA,3,NA,NA,NA,NA,NA,NA,NA
6,NA,North,OP,1,NA,NA,NA,NA,NA,3,NA,NA,NA,NA,NA,NA,NA
6,NA,North,OP,1,NA,NA,NA,NA,NA,3,NA,NA,NA,NA,NA,NA,NA
6,NA,North,OP,1,NA,NA,NA,NA,NA,3,NA,NA,NA,NA,NA,NA,NA
6,NA,North,OP,1,NA,NA,NA,NA,NA,3,NA,NA,NA,NA,NA,NA,NA
6,NA,North,OP,1,NA,NA,NA,NA,NA,3,NA,NA,NA,NA,NA,NA,NA
6,NA,North,OP,1,NA,NA,NA,NA,NA,3,NA,NA,NA,NA,NA,NA,NA
6,NA,North,OP,2,NA,NA,NA,NA,NA,2,NA,NA,NA,NA,NA,NA,NA
6,NA,North,OP,2,NA,NA,NA,NA,NA,2,NA,NA,NA,NA,NA,NA,NA
6,NA,North,OP,2,NA,NA,NA,NA,NA,2,NA,NA,NA,NA,NA,NA,NA
6,NA,North,OP,2,NA,NA,NA,NA,NA,2,NA,NA,NA,NA,NA,NA,NA
6,NA,North,OP,2,NA,NA,NA,NA,NA,2,NA,NA,NA,NA,NA,NA,NA
6,NA,North,OP,2,NA,NA,NA,NA,NA,2,NA,NA,NA,NA,NA,NA,NA
6,NA,North,OP,2,NA,NA,NA,NA,NA,2,NA,NA,NA,NA,NA,NA,NA
6,NA,North,OP,2,NA,NA,NA,NA,NA,2,NA,NA,NA,NA,NA,NA,NA
6,NA,North,OP,2,NA,NA,NA,NA,NA,3,NA,NA,NA,NA,NA,NA,NA
6,NA,North,OP,2,NA,NA,NA,NA,NA,3,NA,NA,NA,NA,NA,NA,NA
6,NA,North,OP,2,NA,NA,NA,NA,NA,3,NA,NA,NA,NA,NA,NA,NA
6,NA,North,OP,2,NA,NA,NA,NA,NA,3,NA,NA,NA,NA,NA,NA,NA
6,NA,North,OP,2,NA,NA,NA,NA,NA,3,NA,NA,NA,NA,NA,NA,NA
6,NA,North,OP,2,NA,NA,NA,NA,NA,3,NA,NA,NA,NA,NA,NA,NA
6,NA,North,OP,2,NA,NA,NA,NA,NA,3,NA,NA,NA,NA,NA,NA,NA
6,NA,North,OP,2,NA,NA,NA,NA,NA,3,NA,NA,NA,NA,NA,NA,NA
6,NA,North,OP,3,NA,NA,NA,NA,NA,2,NA,NA,NA,NA,NA,NA,NA
6,NA,North,OP,3,NA,NA,NA,NA,NA,2,NA,NA,NA,NA,NA,NA,NA
6,NA,North,OP,3,NA,NA,NA,NA,NA,2,NA,NA,NA,NA,NA,NA,NA
6,NA,North,OP,3,NA,NA,NA,NA,NA,2,NA,NA,NA,NA,NA,NA,NA
6,NA,North,OP,3,NA,NA,NA,NA,NA,2,NA,NA,NA,NA,NA,NA,NA
6,NA,North,OP,3,NA,NA,NA,NA,NA,2,NA,NA,NA,NA,NA,NA,NA
6,NA,North,OP,3,NA,NA,NA,NA,NA,2,NA,NA,NA,NA,NA,NA,NA
6,NA,North,OP,3,NA,NA,NA,NA,NA,2,NA,NA,NA,NA,NA,NA,NA
6,NA,North,OP,3,NA,NA,NA,NA,NA,2,NA,NA,NA,NA,NA,NA,NA
6,NA,North,OP,3,NA,NA,NA,NA,NA,2,NA,NA,NA,NA,NA,NA,NA
6,NA,North,OP,3,NA,NA,NA,NA,NA,2,NA,NA,NA,NA,NA,NA,NA
6,NA,North,OP,3,NA,NA,NA,NA,NA,2,NA,NA,NA,NA,NA,NA,NA
6,NA,North,OP,3,NA,NA,NA,NA,NA,2,NA,NA,NA,NA,NA,NA,NA
6,NA,North,OP,3,NA,NA,NA,NA,NA,2,NA,NA,NA,NA,NA,NA,NA
6,NA,North,OP,3,NA,NA,NA,NA,NA,3,NA,NA,NA,NA,NA,NA,NA
6,NA,North,OP,3,NA,NA,NA,NA,NA,3,NA,NA,NA,NA,NA,NA,NA
6,NA,North,OP,3,NA,NA,NA,NA,NA,3,NA,NA,NA,NA,NA,NA,NA
6,NA,North,OP,3,NA,NA,NA,NA,NA,3,NA,NA,NA,NA,NA,NA,NA
6,NA,North,OP,3,NA,NA,NA,NA,NA,3,NA,NA,NA,NA,NA,NA,NA
6,NA,North,OP,3,NA,NA,NA,NA,NA,3,NA,NA,NA,NA,NA,NA,NA
6,NA,North,OP,3,NA,NA,NA,NA,NA,3,NA,NA,NA,NA,NA,NA,NA
6,NA,North,OP,3,NA,NA,NA,NA,NA,3,NA,NA,NA,NA,NA,NA,NA
6,NA,North,OP,3,NA,NA,NA,NA,NA,3,NA,NA,NA,NA,NA,NA,NA
6,NA,North,OP,3,NA,NA,NA,NA,NA,3,NA,NA,NA,NA,NA,NA,NA
6,NA,North,OP,3,NA,NA,NA,NA,NA,3,NA,NA,NA,NA,NA,NA,NA
6,NA,North,OP,3,NA,NA,NA,NA,NA,3,NA,NA,NA,NA,NA,NA,NA
6,NA,North,OP,3,NA,NA,NA,NA,NA,3,NA,NA,NA,NA,NA,NA,NA
6,NA,North,OP,3,NA,NA,NA,NA,NA,3,NA,NA,NA,NA,NA,NA,NA
6,NA,Second,OP,1,NA,NA,NA,NA,NA,2,NA,NA,NA,NA,NA,NA,NA
6,NA,Second,OP,1,NA,NA,NA,NA,NA,2,NA,NA,NA,NA,NA,NA,NA
6,NA,Second,OP,1,NA,NA,NA,NA,NA,3,NA,NA,NA,NA,NA,NA,NA
6,NA,Second,OP,1,NA,NA,NA,NA,NA,3,NA,NA,NA,NA,NA,NA,NA
6,NA,Second,OP,2,NA,NA,NA,NA,NA,2,NA,NA,NA,NA,NA,NA,NA
6,NA,Second,OP,2,NA,NA,NA,NA,NA,3,NA,NA,NA,NA,NA,NA,NA
6,NA,Second,OP,3,NA,NA,NA,NA,NA,2,NA,NA,NA,NA,NA,NA,NA
6,NA,Second,OP,3,NA,NA,NA,NA,NA,2,NA,NA,NA,NA,NA,NA,NA
6,NA,Second,OP,3,NA,NA,NA,NA,NA,2,NA,NA,NA,NA,NA,NA,NA
6,NA,Second,OP,3,NA,NA,NA,NA,NA,2,NA,NA,NA,NA,NA,NA,NA
6,NA,Second,OP,3,NA,NA,NA,NA,NA,2,NA,NA,NA,NA,NA,NA,NA
6,NA,Second,OP,3,NA,NA,NA,NA,NA,2,NA,NA,NA,NA,NA,NA,NA
6,NA,Second,OP,3,NA,NA,NA,NA,NA,2,NA,NA,NA,NA,NA,NA,NA
6,NA,Second,OP,3,NA,NA,NA,NA,NA,2,NA,NA,NA,NA,NA,NA,NA
6,NA,Second,OP,3,NA,NA,NA,NA,NA,2,NA,NA,NA,NA,NA,NA,NA
6,NA,Second,OP,3,NA,NA,NA,NA,NA,2,NA,NA,NA,NA,NA,NA,NA
6,NA,Second,OP,3,NA,NA,NA,NA,NA,3,NA,NA,NA,NA,NA,NA,NA
6,NA,Second,OP,3,NA,NA,NA,NA,NA,3,NA,NA,NA,NA,NA,NA,NA
6,NA,Second,OP,3,NA,NA,NA,NA,NA,3,NA,NA,NA,NA,NA,NA,NA
6,NA,Second,OP,3,NA,NA,NA,NA,NA,3,NA,NA,NA,NA,NA,NA,NA
6,NA,Second,OP,3,NA,NA,NA,NA,NA,3,NA,NA,NA,NA,NA,NA,NA
6,NA,Second,OP,3,NA,NA,NA,NA,NA,3,NA,NA,NA,NA,NA,NA,NA
6,NA,Second,OP,3,NA,NA,NA,NA,NA,3,NA,NA,NA,NA,NA,NA,NA
6,NA,Second,OP,3,NA,NA,NA,NA,NA,3,NA,NA,NA,NA,NA,NA,NA
6,NA,Second,OP,3,NA,NA,NA,NA,NA,3,NA,NA,NA,NA,NA,NA,NA
6,NA,Second,OP,3,NA,NA,NA,NA,NA,3,NA,NA,NA,NA,NA,NA,NA
7,2017-04-08,Second,OP,1,NA,NA,NA,14:00:00,NA,1,NA,NA,NA,NA,NA,NA,NA
7,2017-04-08,Second,OP,2,NA,NA,NA,14:00:00,NA,1,NA,NA,NA,NA,NA,NA,NA
7,2017-04-08,Second,OP,3,NA,NA,NA,14:00:00,NA,1,NA,NA,NA,NA,NA,NA,NA
7,2017-04-09,Manley,OP,1,NA,NA,NA,14:00:00,NA,1,112,NA,NA,NA,100,NA,0
7,2017-04-09,Manley,OP,1,NA,NA,NA,14:00:00,NA,1,124,NA,NA,NA,65,NA,0
7,2017-04-09,Manley,OP,1,NA,NA,NA,14:00:00,NA,1,130,NA,NA,NA,60,NA,0
7,2017-04-09,Manley,OP,2,NA,NA,NA,14:00:00,NA,1,296,NA,NA,NA,150,NA,0
7,2017-04-09,Manley,OP,3,NA,NA,NA,14:00:00,NA,1,89,NA,NA,NA,72,NA,0
7,2017-04-11,North,OP,1,NA,NA,NA,10:00:00,NA,1,568,NA,NA,NA,125,NA,H
7,2017-04-11,North,OP,1,NA,NA,NA,10:00:00,NA,1,585,NA,NA,NA,300,NA,H
7,2017-04-11,North,OP,1,NA,NA,NA,10:00:00,NA,1,645,NA,NA,NA,0,NA,NA
7,2017-04-11,North,OP,2,NA,NA,NA,10:00:00,NA,1,95,NA,NA,NA,50,NA,H
7,2017-04-11,North,OP,2,NA,NA,NA,10:00:00,NA,1,480,NA,NA,NA,200,NA,H
7,2017-04-11,North,OP,2,NA,NA,NA,10:00:00,NA,1,650,NA,NA,NA,200,NA,H
7,2017-04-11,North,OP,3,NA,NA,NA,10:00:00,NA,1,96,NA,NA,NA,80,NA,0
7,2017-04-11,North,OP,3,NA,NA,NA,10:00:00,NA,1,104,NA,NA,NA,55,NA,0
7,2017-04-11,North,OP,3,NA,NA,NA,10:00:00,NA,1,199,NA,NA,NA,105,NA,0
7,2017-04-11,North,OP,3,NA,NA,NA,10:00:00,NA,1,314,NA,NA,NA,150,NA,0
7,2017-04-11,North,OP,3,NA,NA,NA,10:00:00,NA,1,355,NA,NA,NA,225,NA,0
7,NA,Manley,OP,1,NA,NA,NA,NA,NA,2,NA,NA,NA,NA,NA,NA,NA
7,NA,Manley,OP,1,NA,NA,NA,NA,NA,2,NA,NA,NA,NA,NA,NA,NA
7,NA,Manley,OP,1,NA,NA,NA,NA,NA,2,NA,NA,NA,NA,NA,NA,NA
7,NA,Manley,OP,1,NA,NA,NA,NA,NA,3,NA,NA,NA,NA,NA,NA,NA
7,NA,Manley,OP,1,NA,NA,NA,NA,NA,3,NA,NA,NA,NA,NA,NA,NA
7,NA,Manley,OP,1,NA,NA,NA,NA,NA,3,NA,NA,NA,NA,NA,NA,NA
7,NA,Manley,OP,2,NA,NA,NA,NA,NA,2,NA,NA,NA,NA,NA,NA,NA
7,NA,Manley,OP,2,NA,NA,NA,NA,NA,3,NA,NA,NA,NA,NA,NA,NA
7,NA,Manley,OP,3,NA,NA,NA,NA,NA,2,NA,NA,NA,NA,NA,NA,NA
7,NA,Manley,OP,3,NA,NA,NA,NA,NA,3,NA,NA,NA,NA,NA,NA,NA
7,NA,North,OP,1,NA,NA,NA,NA,NA,2,NA,NA,NA,NA,NA,NA,NA
7,NA,North,OP,1,NA,NA,NA,NA,NA,2,NA,NA,NA,NA,NA,NA,NA
7,NA,North,OP,1,NA,NA,NA,NA,NA,2,NA,NA,NA,NA,NA,NA,NA
7,NA,North,OP,1,NA,NA,NA,NA,NA,3,NA,NA,NA,NA,NA,NA,NA
7,NA,North,OP,1,NA,NA,NA,NA,NA,3,NA,NA,NA,NA,NA,NA,NA
7,NA,North,OP,1,NA,NA,NA,NA,NA,3,NA,NA,NA,NA,NA,NA,NA
7,NA,North,OP,2,NA,NA,NA,NA,NA,2,NA,NA,NA,NA,NA,NA,NA
7,NA,North,OP,2,NA,NA,NA,NA,NA,2,NA,NA,NA,NA,NA,NA,NA
7,NA,North,OP,2,NA,NA,NA,NA,NA,2,NA,NA,NA,NA,NA,NA,NA
7,NA,North,OP,2,NA,NA,NA,NA,NA,3,NA,NA,NA,NA,NA,NA,NA
7,NA,North,OP,2,NA,NA,NA,NA,NA,3,NA,NA,NA,NA,NA,NA,NA
7,NA,North,OP,2,NA,NA,NA,NA,NA,3,NA,NA,NA,NA,NA,NA,NA
7,NA,North,OP,3,NA,NA,NA,NA,NA,2,NA,NA,NA,NA,NA,NA,NA
7,NA,North,OP,3,NA,NA,NA,NA,NA,2,NA,NA,NA,NA,NA,NA,NA
7,NA,North,OP,3,NA,NA,NA,NA,NA,2,NA,NA,NA,NA,NA,NA,NA
7,NA,North,OP,3,NA,NA,NA,NA,NA,2,NA,NA,NA,NA,NA,NA,NA
7,NA,North,OP,3,NA,NA,NA,NA,NA,2,NA,NA,NA,NA,NA,NA,NA
7,NA,North,OP,3,NA,NA,NA,NA,NA,3,NA,NA,NA,NA,NA,NA,NA
7,NA,North,OP,3,NA,NA,NA,NA,NA,3,NA,NA,NA,NA,NA,NA,NA
7,NA,North,OP,3,NA,NA,NA,NA,NA,3,NA,NA,NA,NA,NA,NA,NA
7,NA,North,OP,3,NA,NA,NA,NA,NA,3,NA,NA,NA,NA,NA,NA,NA
7,NA,North,OP,3,NA,NA,NA,NA,NA,3,NA,NA,NA,NA,NA,NA,NA
7,NA,Second,OP,1,NA,NA,NA,NA,NA,2,NA,NA,NA,NA,NA,NA,NA
7,NA,Second,OP,1,NA,NA,NA,NA,NA,3,NA,NA,NA,NA,NA,NA,NA
7,NA,Second,OP,2,NA,NA,NA,NA,NA,2,NA,NA,NA,NA,NA,NA,NA
7,NA,Second,OP,2,NA,NA,NA,NA,NA,3,NA,NA,NA,NA,NA,NA,NA
7,NA,Second,OP,3,NA,NA,NA,NA,NA,2,NA,NA,NA,NA,NA,NA,NA
7,NA,Second,OP,3,NA,NA,NA,NA,NA,3,NA,NA,NA,NA,NA,NA,NA
8,2017-05-14,Manley,KH,2,L,3,1851,10:00:00,y,1,165,NA,23,84,106,NA,0
8,2017-05-14,Manley,KH,2,L,16.8,2083,10:00:00,y,1,511,NA,69,190,338,NA,0
8,2017-05-14,Manley,KH,3,L,13.8,1937,10:00:00,y,1,274,NA,27,93,113,NA,0
8,2017-05-14,Manley,KH,3,L,18.6,1750,10:00:00,y,1,300,NA,26,78,134,NA,0
8,2017-05-14,Manley,KH,3,L,19.5,1869,10:00:00,y,1,235,NA,21,68,130,NA,0
8,2017-05-14,Manley,KH,3,L,19.5,1931,10:00:00,y,1,226,NA,36,122,80,NA,0
8,2017-05-14,Manley,KH,3,R,5.6,2509,10:00:00,y,1,83.5,NA,20,64,64,NA,0
8,2017-05-14,Manley,KH,3,R,8,1861,10:00:00,y,1,385,NA,22.5,80,107,NA,0
8,2017-05-14,Manley,OP,1,L,17,2475,10:00:00,y,1,280,NA,52,170,200,NA,0
8,2017-05-14,Manley,OP,1,R,10,1795,10:00:00,y,1,163,NA,29,94,140,NA,0
8,2017-05-14,Manley,OP,2,R,2.5,1722,10:00:00,y,1,100,NA,26,81,90,NA,0
8,2017-05-14,Manley,OP,2,R,4,2080,10:00:00,y,1,104,NA,31,96,105,NA,0
8,2017-05-14,Manley,OP,2,R,8.2,1803,10:00:00,y,1,262,NA,34,105,160,NA,0
8,2017-05-14,Manley,OP,2,R,13.5,1913,10:00:00,y,1,145,NA,32,100,100,NA,0
8,2017-05-14,Manley,OP,3,L,14,1784,10:00:00,y,1,119,NA,21,71,100,NA,0
8,2017-05-14,Manley,OP,3,L,18,1907,10:00:00,y,1,228,NA,26,108,150,NA,0
8,2017-05-14,North,KH,1,R,1.5,1799,14:45:00,y,1,154,NA,20,84,97,NA,0
8,2017-05-14,North,KH,1,R,9.5,1895,14:45:00,y,1,162,NA,30,100,84,NA,0
8,2017-05-14,North,KH,1,R,11.5,1820,14:45:00,y,1,243,NA,27,85,100,NA,0
8,2017-05-14,North,KH,2,R,6.7,2064.1,14:45:00,y,1,289,NA,19,62,126,NA,0
8,2017-05-14,North,KH,2,R,17.2,1946,14:45:00,y,1,122,NA,19,64,103,NA,0
8,2017-05-14,North,KH,3,R,4.9,1775,14:45:00,y,1,201,NA,29,96,91,NA,0
8,2017-05-14,North,KH,3,R,17,2073,14:45:00,y,1,170,NA,18,59,74,NA,0
8,2017-05-14,North,KH,3,R,17.9,1791,14:45:00,y,1,152,NA,26,80,48,NA,0
8,2017-05-14,North,OP,1,L,1,1714,14:45:00,y,1,250,NA,60,171,250,NA,0
8,2017-05-14,North,OP,1,L,1.75,2047,14:45:00,y,1,270,NA,70,202,270,NA,0
8,2017-05-14,North,OP,2,L,9.5,1938,14:45:00,y,1,141,NA,30,100,100,NA,0
8,2017-05-14,North,OP,2,L,17.5,2068,14:45:00,y,1,119,NA,18,71,60,NA,0
8,2017-05-14,North,OP,3,L,2.6,1969,14:45:00,y,1,186,NA,34,113,100,NA,0
8,2017-05-14,North,OP,3,L,14.5,1914,14:45:00,y,1,280,NA,42,133,150,NA,0
8,2017-05-14,North,OP,3,L,17.25,2413,14:45:00,y,1,275,NA,30,103,150,NA,0
8,2017-05-14,Second,KH,1,L,0.5,1921,13:00:00,y,1,198,NA,30,90,116,NA,0
8,2017-05-14,Second,KH,1,L,3.2,2490,13:00:00,y,1,314,NA,27,79,97,NA,0
8,2017-05-14,Second,KH,1,L,8.5,1794,13:00:00,y,1,175,NA,28,82,64,NA,0
8,2017-05-14,Second,KH,1,L,11,2054,13:00:00,y,1,138,NA,27,83,81,NA,0
8,2017-05-14,Second,KH,1,L,12.5,1684,13:00:00,y,1,165,NA,25,76,99,NA,0
8,2017-05-14,Second,KH,1,L,13,1846,13:00:00,y,1,100,NA,31,109,77,NA,0
8,2017-05-14,Second,KH,2,L,0,2066,13:00:00,y,1,100,NA,25,77,89,NA,0
8,2017-05-14,Second,KH,2,L,0.8,1858,13:00:00,y,1,118,NA,30,102,97,NA,0
8,2017-05-14,Second,OP,1,R,5,1842,13:00:00,y,1,89,NA,23,76,85,NA,0
8,2017-05-14,Second,OP,1,R,8.5,1825,13:00:00,y,1,132,NA,22,66,100,NA,0
8,2017-05-14,Second,OP,1,R,9,2134,13:00:00,y,1,136,NA,16,54,110,NA,0
8,2017-05-14,Second,OP,1,R,12.5,1932,13:00:00,y,1,115,NA,26,86,90,NA,0
8,2017-05-14,Second,OP,1,R,12.5,2001,13:00:00,y,1,112,NA,25,75,70,NA,0
8,2017-05-14,Second,OP,1,R,16,2118,13:00:00,y,1,190,NA,40,125,145,NA,0
8,2017-05-18,Manley,KH,2,L,3,1851,10:15:00,y,2,NA,24,30,86,NA,NA,NA
8,2017-05-18,Manley,KH,2,L,16.8,2083,10:15:00,y,2,NA,100,69.5,215,NA,NA,NA
8,2017-05-18,Manley,KH,3,L,13.8,1937,10:15:00,y,2,NA,36,34.5,92,NA,NA,NA
8,2017-05-18,Manley,KH,3,L,18.6,1750,10:15:00,y,2,NA,42,43,93,NA,NA,NA
8,2017-05-18,Manley,KH,3,L,19.5,1869,10:15:00,y,2,NA,49,32.5,83,NA,NA,NA
8,2017-05-18,Manley,KH,3,L,19.5,1931,10:15:00,y,2,NA,28,48.9,137.5,NA,NA,NA
8,2017-05-18,Manley,KH,3,R,5.6,2509,10:15:00,y,2,NA,18,24,74,NA,NA,NA
8,2017-05-18,Manley,KH,3,R,8,1861,10:15:00,y,2,NA,34,29,91,NA,NA,NA
8,2017-05-18,Manley,OP,1,L,17,2475,10:15:00,y,2,NA,18,64.5,180,NA,NA,NA
8,2017-05-18,Manley,OP,1,R,10,1795,10:15:00,y,2,NA,22,44,111,NA,NA,NA
8,2017-05-18,Manley,OP,2,R,2.5,1722,10:15:00,y,2,NA,28,42,99,NA,NA,NA
8,2017-05-18,Manley,OP,2,R,4,2080,10:15:00,y,2,NA,24,41,105,NA,NA,NA
8,2017-05-18,Manley,OP,2,R,8.2,1803,10:15:00,y,2,NA,48,49,121,NA,NA,NA
8,2017-05-18,Manley,OP,2,R,13.5,1913,10:15:00,y,2,NA,31,39,109,NA,NA,NA
8,2017-05-18,Manley,OP,3,L,14,1784,10:15:00,y,2,NA,41,31,90,NA,NA,NA
8,2017-05-18,Manley,OP,3,L,18,1907,10:15:00,y,2,NA,45,43,128,NA,NA,NA
8,2017-05-18,North,KH,1,R,1.5,1799,15:30:00,y,2,NA,22,32.5,103.5,NA,NA,NA
8,2017-05-18,North,KH,1,R,9.5,1895,15:30:00,y,2,NA,29,54,131,NA,NA,NA
8,2017-05-18,North,KH,1,R,11.5,1820,15:30:00,y,2,NA,38,55.5,124,NA,NA,NA
8,2017-05-18,North,KH,2,R,6.7,2064.1,15:30:00,y,2,NA,31,39.5,93,NA,NA,NA
8,2017-05-18,North,KH,2,R,17.2,1946,15:30:00,y,2,NA,22,34,85,NA,NA,NA
8,2017-05-18,North,KH,3,R,4.9,1775,15:30:00,y,2,NA,15,37.5,116.5,NA,NA,NA
8,2017-05-18,North,KH,3,R,17,2073,15:30:00,y,2,NA,19,30.5,33.5,NA,NA,NA
8,2017-05-18,North,KH,3,R,17.9,1791,15:30:00,y,2,NA,12,38.5,90,NA,NA,NA
8,2017-05-18,North,OP,1,L,1,1714,15:30:00,y,2,NA,72,87,190,NA,NA,NA
8,2017-05-18,North,OP,1,L,1.75,2047,15:30:00,y,2,NA,48,100,124,NA,NA,NA
8,2017-05-18,North,OP,2,L,9.5,1938,15:30:00,y,2,NA,22,52,122,NA,NA,NA
8,2017-05-18,North,OP,2,L,17.5,2068,15:30:00,y,2,NA,16,28,81,NA,NA,NA
8,2017-05-18,North,OP,3,L,2.6,1969,15:30:00,y,2,NA,20,52.5,88,NA,NA,NA
8,2017-05-18,North,OP,3,L,14.5,1914,15:30:00,y,2,NA,32,71,163,NA,NA,NA
8,2017-05-18,North,OP,3,L,17.25,2413,15:30:00,y,2,NA,40,51,122,NA,NA,NA
8,2017-05-18,Second,KH,1,L,0.5,1921,12:15:00,y,2,NA,41,32,111,NA,NA,NA
8,2017-05-18,Second,KH,1,L,3.2,2490,12:15:00,y,2,NA,67,41,82.5,NA,NA,NA
8,2017-05-18,Second,KH,1,L,8.5,1794,12:15:00,y,2,NA,37,45,77.5,NA,NA,NA
8,2017-05-18,Second,KH,1,L,11,2054,12:15:00,y,2,NA,16,43,71,NA,NA,NA
8,2017-05-18,Second,KH,1,L,12.5,1684,12:15:00,y,2,NA,30,43.5,95,NA,NA,NA
8,2017-05-18,Second,KH,1,L,13,1846,12:15:00,y,2,NA,20,52,132,NA,NA,NA
8,2017-05-18,Second,KH,2,L,0,2066,12:15:00,y,2,NA,30,41,94.5,NA,NA,NA
8,2017-05-18,Second,KH,2,L,0.8,1858,12:15:00,y,2,NA,21,49.5,123,NA,NA,NA
8,2017-05-18,Second,OP,1,R,5,1842,12:15:00,y,2,NA,16,39,85,NA,NA,NA
8,2017-05-18,Second,OP,1,R,8.5,1825,12:15:00,y,2,NA,17,40,84,NA,NA,NA
8,2017-05-18,Second,OP,1,R,9,2134,12:15:00,y,2,NA,26,30,72,NA,NA,NA
8,2017-05-18,Second,OP,1,R,12.5,1932,12:15:00,y,2,NA,31,45,98,NA,NA,NA
8,2017-05-18,Second,OP,1,R,12.5,2001,12:15:00,y,2,NA,15,38,87,NA,NA,NA
8,2017-05-18,Second,OP,1,R,16,2118,12:15:00,y,2,NA,31,NA,NA,NA,NA,NA
8,2017-05-21,North,KH,1,L,1.5,NA,14:25:00,NA,1,183,NA,NA,NA,85,NA,0
8,2017-05-21,North,KH,1,L,1.9,NA,14:25:00,NA,1,203,NA,NA,NA,247,NA,L
8,2017-05-21,North,KH,1,L,2,NA,14:25:00,NA,1,283,NA,NA,NA,249,NA,0
8,2017-05-21,North,KH,1,L,2.5,NA,14:25:00,NA,1,247,NA,NA,NA,91,NA,0
8,2017-05-21,North,KH,1,L,5.5,NA,14:25:00,NA,1,264,NA,NA,NA,148,NA,0
8,2017-05-21,North,KH,1,L,6.2,NA,14:25:00,NA,1,161,NA,NA,NA,71,NA,0
8,2017-05-21,North,KH,1,L,8,NA,14:25:00,NA,1,220,NA,NA,NA,108,NA,0
8,2017-05-21,North,KH,1,L,11,NA,14:25:00,NA,1,209,NA,NA,NA,144,NA,0
8,2017-05-21,North,KH,1,L,12,NA,14:25:00,NA,1,121,NA,NA,NA,82,NA,0
8,2017-05-21,North,KH,1,L,15.4,NA,14:25:00,NA,1,289,NA,NA,NA,133,NA,0
8,2017-05-21,North,KH,1,L,17.5,NA,14:25:00,NA,1,619,NA,NA,NA,350,NA,L
8,2017-05-21,North,KH,1,R,0.5,NA,14:25:00,NA,1,328,NA,NA,NA,268,NA,0
8,2017-05-21,North,KH,1,R,1.5,NA,14:25:00,NA,1,500,NA,NA,NA,324,NA,L
8,2017-05-21,North,KH,1,R,5,NA,14:25:00,NA,1,224,NA,NA,NA,105,NA,0
8,2017-05-21,North,KH,1,R,6,NA,14:25:00,NA,1,298,NA,NA,NA,118,NA,0
8,2017-05-21,North,KH,2,L,19.9,NA,14:25:00,NA,1,110,NA,NA,NA,46,NA,0
8,2017-05-21,North,KH,2,L,20,NA,14:25:00,NA,1,111,NA,NA,NA,56,NA,0
8,2017-05-21,North,OP,2,L,1,NA,14:25:00,NA,1,279,NA,NA,NA,200,NA,0
8,2017-05-21,North,OP,2,L,7,NA,14:25:00,NA,1,100,NA,NA,NA,85,NA,0
8,2017-05-21,North,OP,2,L,19,NA,14:25:00,NA,1,161,NA,NA,NA,75,NA,0
8,2017-05-21,North,OP,2,R,2,NA,14:25:00,NA,1,242,NA,NA,NA,240,NA,0
8,2017-05-21,North,OP,2,R,3,NA,14:25:00,NA,1,244,NA,NA,NA,200,NA,0
8,2017-05-21,North,OP,2,R,14,NA,14:25:00,NA,1,177,NA,NA,NA,120,NA,0
8,2017-05-21,North,OP,2,R,17,NA,14:25:00,NA,1,406,NA,NA,NA,240,NA,0
8,2017-05-21,North,OP,2,R,18,NA,14:25:00,NA,1,170,NA,NA,NA,160,NA,0
8,2017-05-21,North,OP,3,L,1,NA,14:25:00,NA,1,228,NA,NA,NA,175,NA,0
8,2017-05-21,North,OP,3,L,12,NA,14:25:00,NA,1,366,NA,NA,NA,160,NA,0
8,2017-05-21,North,OP,3,L,17.5,NA,14:25:00,NA,1,254,NA,NA,NA,115,NA,0
8,2017-05-21,North,OP,3,L,17.5,NA,14:25:00,NA,1,370,NA,NA,NA,200,NA,0
8,2017-05-21,North,OP,3,L,18.5,NA,14:25:00,NA,1,115,NA,NA,NA,70,NA,0
8,2017-05-21,North,OP,3,L,18.5,NA,14:25:00,NA,1,189,NA,NA,NA,75,NA,0
8,2017-05-21,North,OP,3,R,1,NA,14:25:00,NA,1,191,NA,NA,NA,105,NA,0
8,2017-05-21,North,OP,3,R,7,NA,14:25:00,NA,1,101,NA,NA,NA,75,NA,0
8,2017-05-21,North,OP,3,R,9,NA,14:25:00,NA,1,153,NA,NA,NA,90,NA,0
8,2017-05-21,North,OP,3,R,16,NA,14:25:00,NA,1,102,NA,NA,NA,70,NA,0
8,2017-05-21,North,OP,3,R,17.5,NA,14:25:00,NA,1,333,NA,NA,NA,150,NA,0
8,2017-05-21,North,OP,3,R,17.5,NA,14:25:00,NA,1,338,NA,NA,NA,170,NA,0
8,2017-05-21,North,OP,3,R,18.5,NA,14:25:00,NA,1,240,NA,NA,NA,90,NA,0
8,2017-05-21,North,OP,3,R,18.5,NA,14:25:00,NA,1,377,NA,NA,NA,180,NA,0
8,2017-05-21,North,OP,3,R,19,NA,14:25:00,NA,1,136,NA,NA,NA,75,NA,0
8,2017-06-04,Manley,KH,2,L,3,1851,15:30:00,y,3,222,47,NA,NA,NA,NA,NA
8,2017-06-04,Manley,KH,2,L,16.8,2083,15:30:00,y,3,511,72,NA,NA,NA,NA,NA
8,2017-06-04,Manley,KH,3,L,13.8,1937,15:30:00,y,3,283,55,NA,NA,NA,NA,NA
8,2017-06-04,Manley,KH,3,L,18.6,1750,15:30:00,y,3,367,63,NA,NA,NA,NA,NA
8,2017-06-04,Manley,KH,3,L,19.5,1869,15:30:00,y,3,285,52,NA,NA,NA,NA,NA
8,2017-06-04,Manley,KH,3,L,19.5,1931,15:30:00,y,3,329,40,NA,NA,NA,NA,NA
8,2017-06-04,Manley,KH,3,R,5.6,2509,15:30:00,y,3,255,23,NA,NA,NA,NA,NA
8,2017-06-04,Manley,KH,3,R,8,1861,15:30:00,y,3,389,38,NA,NA,NA,NA,NA
8,2017-06-04,Manley,OP,1,L,17,2475,15:30:00,y,3,325,34,NA,NA,NA,NA,NA
8,2017-06-04,Manley,OP,1,R,10,1795,15:30:00,y,3,254,45,NA,NA,NA,NA,NA
8,2017-06-04,Manley,OP,2,R,2.5,1722,15:30:00,y,3,160,39,NA,NA,NA,NA,NA
8,2017-06-04,Manley,OP,2,R,4,2080,15:30:00,y,3,264,56,NA,NA,NA,NA,NA
8,2017-06-04,Manley,OP,2,R,8.2,1803,15:30:00,y,3,314,48,NA,NA,NA,NA,NA
8,2017-06-04,Manley,OP,2,R,13.5,1913,15:30:00,y,3,209,53,NA,NA,NA,NA,NA
8,2017-06-04,Manley,OP,3,L,14,1784,15:30:00,y,3,171,23,NA,NA,NA,NA,NA
8,2017-06-04,Manley,OP,3,L,18,1907,15:30:00,y,3,298,43,NA,NA,NA,NA,NA
8,2017-06-06,North,KH,1,R,1.5,1799,15:30:00,y,3,356,38,NA,NA,NA,NA,NA
8,2017-06-06,North,KH,1,R,9.5,1895,15:30:00,y,3,335,65,NA,NA,NA,NA,NA
8,2017-06-06,North,KH,1,R,11.5,1820,15:30:00,y,3,382,60,NA,NA,NA,NA,NA
8,2017-06-06,North,KH,2,R,6.7,2064.1,15:30:00,y,3,381,44,NA,NA,NA,NA,NA
8,2017-06-06,North,KH,2,R,17.2,1946,15:30:00,y,3,298,38,NA,NA,NA,NA,NA
8,2017-06-06,North,KH,3,R,4.9,1775,15:30:00,y,3,391,24,NA,NA,NA,NA,NA
8,2017-06-06,North,KH,3,R,17,2073,15:30:00,y,3,445,41,NA,NA,NA,NA,NA
8,2017-06-06,North,KH,3,R,17.9,1791,15:30:00,y,3,324,31,NA,NA,NA,NA,NA
8,2017-06-06,North,OP,1,L,1,1714,15:30:00,y,3,485,93,NA,NA,NA,NA,NA
8,2017-06-06,North,OP,1,L,1.75,2047,15:30:00,y,3,558,24,NA,NA,NA,NA,NA
8,2017-06-06,North,OP,2,L,9.5,1938,15:30:00,y,3,319,39,NA,NA,NA,NA,NA
8,2017-06-06,North,OP,2,L,17.5,2068,15:30:00,y,3,356,40,NA,NA,NA,NA,NA
8,2017-06-06,North,OP,3,L,2.6,1969,15:30:00,y,3,405,40,NA,NA,NA,NA,NA
8,2017-06-06,North,OP,3,L,14.5,1914,15:30:00,y,3,479,43,NA,NA,NA,NA,NA
8,2017-06-06,North,OP,3,L,17.25,2413,15:30:00,y,3,469,55,NA,NA,NA,NA,NA
8,2017-06-09,Second,KH,1,L,0.5,1921,14:30:00,y,3,349,79,NA,NA,NA,NA,NA
8,2017-06-09,Second,KH,1,L,3.2,2490,14:30:00,y,3,500,98,NA,NA,NA,NA,NA
8,2017-06-09,Second,KH,1,L,8.5,1794,14:30:00,y,3,339,70,NA,NA,NA,NA,NA
8,2017-06-09,Second,KH,1,L,11,2054,14:30:00,y,3,362,39,NA,NA,NA,NA,NA
8,2017-06-09,Second,KH,1,L,12.5,1684,14:30:00,y,3,410,74,NA,NA,NA,NA,NA
8,2017-06-09,Second,KH,1,L,13,1846,14:30:00,y,3,310,16,NA,NA,NA,NA,NA
8,2017-06-09,Second,KH,2,L,0,2066,14:30:00,y,3,248,54,NA,NA,NA,NA,NA
8,2017-06-09,Second,KH,2,L,0.8,1858,14:30:00,y,3,307,52,NA,NA,NA,NA,NA
8,2017-06-09,Second,OP,1,R,5,1842,14:30:00,y,3,233,33,NA,NA,NA,NA,NA
8,2017-06-09,Second,OP,1,R,8.5,1825,14:30:00,y,3,315,42,NA,NA,NA,NA,NA
8,2017-06-09,Second,OP,1,R,9,2134,14:30:00,y,3,350,50,NA,NA,NA,NA,NA
8,2017-06-09,Second,OP,1,R,12.5,1932,14:30:00,y,3,334,47,NA,NA,NA,NA,NA
8,2017-06-09,Second,OP,1,R,12.5,2001,14:30:00,y,3,340,27,NA,NA,NA,NA,NA
8,2017-06-09,Second,OP,1,R,16,2118,14:30:00,y,3,320,49,NA,NA,NA,NA,NA
8,NA,North,KH,1,L,1.5,NA,NA,NA,2,NA,NA,NA,NA,NA,NA,NA
8,NA,North,KH,1,L,1.5,NA,NA,NA,3,NA,NA,NA,NA,NA,NA,NA
8,NA,North,KH,1,L,1.9,NA,NA,NA,2,NA,NA,NA,NA,NA,NA,NA
8,NA,North,KH,1,L,1.9,NA,NA,NA,3,NA,NA,NA,NA,NA,NA,NA
8,NA,North,KH,1,L,2,NA,NA,NA,2,NA,NA,NA,NA,NA,NA,NA
8,NA,North,KH,1,L,2,NA,NA,NA,3,NA,NA,NA,NA,NA,NA,NA
8,NA,North,KH,1,L,2.5,NA,NA,NA,2,NA,NA,NA,NA,NA,NA,NA
8,NA,North,KH,1,L,2.5,NA,NA,NA,3,NA,NA,NA,NA,NA,NA,NA
8,NA,North,KH,1,L,5.5,NA,NA,NA,2,NA,NA,NA,NA,NA,NA,NA
8,NA,North,KH,1,L,5.5,NA,NA,NA,3,NA,NA,NA,NA,NA,NA,NA
8,NA,North,KH,1,L,6.2,NA,NA,NA,2,NA,NA,NA,NA,NA,NA,NA
8,NA,North,KH,1,L,6.2,NA,NA,NA,3,NA,NA,NA,NA,NA,NA,NA
8,NA,North,KH,1,L,8,NA,NA,NA,2,NA,NA,NA,NA,NA,NA,NA
8,NA,North,KH,1,L,8,NA,NA,NA,3,NA,NA,NA,NA,NA,NA,NA
8,NA,North,KH,1,L,11,NA,NA,NA,2,NA,NA,NA,NA,NA,NA,NA
8,NA,North,KH,1,L,11,NA,NA,NA,3,NA,NA,NA,NA,NA,NA,NA
8,NA,North,KH,1,L,12,NA,NA,NA,2,NA,NA,NA,NA,NA,NA,NA
8,NA,North,KH,1,L,12,NA,NA,NA,3,NA,NA,NA,NA,NA,NA,NA
8,NA,North,KH,1,L,15.4,NA,NA,NA,2,NA,NA,NA,NA,NA,NA,NA
8,NA,North,KH,1,L,15.4,NA,NA,NA,3,NA,NA,NA,NA,NA,NA,NA
8,NA,North,KH,1,L,17.5,NA,NA,NA,2,NA,NA,NA,NA,NA,NA,NA
8,NA,North,KH,1,L,17.5,NA,NA,NA,3,NA,NA,NA,NA,NA,NA,NA
8,NA,North,KH,1,R,0.5,NA,NA,NA,2,NA,NA,NA,NA,NA,NA,NA
8,NA,North,KH,1,R,0.5,NA,NA,NA,3,NA,NA,NA,NA,NA,NA,NA
8,NA,North,KH,1,R,1.5,NA,NA,NA,2,NA,NA,NA,NA,NA,NA,NA
8,NA,North,KH,1,R,1.5,NA,NA,NA,3,NA,NA,NA,NA,NA,NA,NA
8,NA,North,KH,1,R,5,NA,NA,NA,2,NA,NA,NA,NA,NA,NA,NA
8,NA,North,KH,1,R,5,NA,NA,NA,3,NA,NA,NA,NA,NA,NA,NA
8,NA,North,KH,1,R,6,NA,NA,NA,2,NA,NA,NA,NA,NA,NA,NA
8,NA,North,KH,1,R,6,NA,NA,NA,3,NA,NA,NA,NA,NA,NA,NA
8,NA,North,KH,2,L,19.9,NA,NA,NA,2,NA,NA,NA,NA,NA,NA,NA
8,NA,North,KH,2,L,19.9,NA,NA,NA,3,NA,NA,NA,NA,NA,NA,NA
8,NA,North,KH,2,L,20,NA,NA,NA,2,NA,NA,NA,NA,NA,NA,NA
8,NA,North,KH,2,L,20,NA,NA,NA,3,NA,NA,NA,NA,NA,NA,NA
8,NA,North,OP,2,L,1,NA,NA,NA,2,NA,NA,NA,NA,NA,NA,NA
8,NA,North,OP,2,L,1,NA,NA,NA,3,NA,NA,NA,NA,NA,NA,NA
8,NA,North,OP,2,L,7,NA,NA,NA,2,NA,NA,NA,NA,NA,NA,NA
8,NA,North,OP,2,L,7,NA,NA,NA,3,NA,NA,NA,NA,NA,NA,NA
8,NA,North,OP,2,L,19,NA,NA,NA,2,NA,NA,NA,NA,NA,NA,NA
8,NA,North,OP,2,L,19,NA,NA,NA,3,NA,NA,NA,NA,NA,NA,NA
8,NA,North,OP,2,R,2,NA,NA,NA,2,NA,NA,NA,NA,NA,NA,NA
8,NA,North,OP,2,R,2,NA,NA,NA,3,NA,NA,NA,NA,NA,NA,NA
8,NA,North,OP,2,R,3,NA,NA,NA,2,NA,NA,NA,NA,NA,NA,NA
8,NA,North,OP,2,R,3,NA,NA,NA,3,NA,NA,NA,NA,NA,NA,NA
8,NA,North,OP,2,R,14,NA,NA,NA,2,NA,NA,NA,NA,NA,NA,NA
8,NA,North,OP,2,R,14,NA,NA,NA,3,NA,NA,NA,NA,NA,NA,NA
8,NA,North,OP,2,R,17,NA,NA,NA,2,NA,NA,NA,NA,NA,NA,NA
8,NA,North,OP,2,R,17,NA,NA,NA,3,NA,NA,NA,NA,NA,NA,NA
8,NA,North,OP,2,R,18,NA,NA,NA,2,NA,NA,NA,NA,NA,NA,NA
8,NA,North,OP,2,R,18,NA,NA,NA,3,NA,NA,NA,NA,NA,NA,NA
8,NA,North,OP,3,L,1,NA,NA,NA,2,NA,NA,NA,NA,NA,NA,NA
8,NA,North,OP,3,L,1,NA,NA,NA,3,NA,NA,NA,NA,NA,NA,NA
8,NA,North,OP,3,L,12,NA,NA,NA,2,NA,NA,NA,NA,NA,NA,NA
8,NA,North,OP,3,L,12,NA,NA,NA,3,NA,NA,NA,NA,NA,NA,NA
8,NA,North,OP,3,L,17.5,NA,NA,NA,2,NA,NA,NA,NA,NA,NA,NA
8,NA,North,OP,3,L,17.5,NA,NA,NA,2,NA,NA,NA,NA,NA,NA,NA
8,NA,North,OP,3,L,17.5,NA,NA,NA,3,NA,NA,NA,NA,NA,NA,NA
8,NA,North,OP,3,L,17.5,NA,NA,NA,3,NA,NA,NA,NA,NA,NA,NA
8,NA,North,OP,3,L,18.5,NA,NA,NA,2,NA,NA,NA,NA,NA,NA,NA
8,NA,North,OP,3,L,18.5,NA,NA,NA,2,NA,NA,NA,NA,NA,NA,NA
8,NA,North,OP,3,L,18.5,NA,NA,NA,3,NA,NA,NA,NA,NA,NA,NA
8,NA,North,OP,3,L,18.5,NA,NA,NA,3,NA,NA,NA,NA,NA,NA,NA
8,NA,North,OP,3,R,1,NA,NA,NA,2,NA,NA,NA,NA,NA,NA,NA
8,NA,North,OP,3,R,1,NA,NA,NA,3,NA,NA,NA,NA,NA,NA,NA
8,NA,North,OP,3,R,7,NA,NA,NA,2,NA,NA,NA,NA,NA,NA,NA
8,NA,North,OP,3,R,7,NA,NA,NA,3,NA,NA,NA,NA,NA,NA,NA
8,NA,North,OP,3,R,9,NA,NA,NA,2,NA,NA,NA,NA,NA,NA,NA
8,NA,North,OP,3,R,9,NA,NA,NA,3,NA,NA,NA,NA,NA,NA,NA
8,NA,North,OP,3,R,16,NA,NA,NA,2,NA,NA,NA,NA,NA,NA,NA
8,NA,North,OP,3,R,16,NA,NA,NA,3,NA,NA,NA,NA,NA,NA,NA
8,NA,North,OP,3,R,17.5,NA,NA,NA,2,NA,NA,NA,NA,NA,NA,NA
8,NA,North,OP,3,R,17.5,NA,NA,NA,2,NA,NA,NA,NA,NA,NA,NA
8,NA,North,OP,3,R,17.5,NA,NA,NA,3,NA,NA,NA,NA,NA,NA,NA
8,NA,North,OP,3,R,17.5,NA,NA,NA,3,NA,NA,NA,NA,NA,NA,NA
8,NA,North,OP,3,R,18.5,NA,NA,NA,2,NA,NA,NA,NA,NA,NA,NA
8,NA,North,OP,3,R,18.5,NA,NA,NA,2,NA,NA,NA,NA,NA,NA,NA
8,NA,North,OP,3,R,18.5,NA,NA,NA,3,NA,NA,NA,NA,NA,NA,NA
8,NA,North,OP,3,R,18.5,NA,NA,NA,3,NA,NA,NA,NA,NA,NA,NA
8,NA,North,OP,3,R,19,NA,NA,NA,2,NA,NA,NA,NA,NA,NA,NA
8,NA,North,OP,3,R,19,NA,NA,NA,3,NA,NA,NA,NA,NA,NA,NA
9,2017-06-03,Manley,NAP,1,R,0,1910,10:00:00,y,1,161,NA,27,120,134,NA,0
9,2017-06-03,Manley,NAP,1,R,1.5,2057,10:00:00,y,1,203,NA,35,125,85,NA,0
9,2017-06-03,Manley,NAP,1,R,20,2127,10:00:00,y,1,166,NA,36,119,137,NA,0
9,2017-06-03,Manley,NAP,2,R,7,1688,10:00:00,y,1,189,NA,33,99,94,NA,0
9,2017-06-03,Manley,NAP,2,R,12,2071,10:00:00,y,1,345,NA,20,60,120,NA,0
9,2017-06-03,Manley,NAP,2,R,15,2037,10:00:00,y,1,189,NA,39,117,150,NA,0
9,2017-06-03,Manley,NAP,3,R,8,1081,10:00:00,y,1,156,NA,16,58,74,NA,0
9,2017-06-03,Manley,NAP,3,R,9,2515,10:00:00,y,1,111,NA,20,71,90,NA,0
9,2017-06-03,Manley,OP,1,L,14,1891,10:00:00,y,1,115,NA,25,80,90,NA,0
9,2017-06-03,Manley,OP,1,L,17,1919,10:00:00,y,1,320,NA,64,196,170,NA,0
9,2017-06-03,Manley,OP,2,L,10,1797,10:00:00,y,1,116,NA,10,29,70,NA,0
9,2017-06-03,Manley,OP,2,L,14.5,1697,10:00:00,y,1,146,NA,17,44,75,NA,0
9,2017-06-03,Manley,OP,2,L,14.5,2070,10:00:00,y,1,143,NA,31,94,100,NA,0
9,2017-06-03,Manley,OP,3,L,5,1689,10:00:00,y,1,182,NA,24,74,80,NA,0
9,2017-06-03,Manley,OP,3,L,13.7,1961,10:00:00,y,1,95,NA,32,92,90,NA,0
9,2017-06-03,Manley,OP,3,L,18.5,2499,10:00:00,y,1,295,NA,44,126,175,NA,0
9,2017-06-03,North,NAP,1,L,7.5,2409,16:30:00,y,1,320,NA,55,170,200,NA,0
9,2017-06-03,North,NAP,2,L,8,1952,16:30:00,y,1,319,NA,39,116,184,NA,0
9,2017-06-03,North,NAP,2,L,17,1760,16:30:00,y,1,172,NA,27,84,105,NA,0
9,2017-06-03,North,NAP,2,L,20,1695,16:30:00,y,1,177,NA,7,42,107,NA,0
9,2017-06-03,North,NAP,3,L,8,1854,16:30:00,y,1,229,NA,20,80,125,NA,0
9,2017-06-03,North,NAP,3,L,8,1966,16:30:00,y,1,109,NA,10,37,70,NA,0
9,2017-06-03,North,NAP,3,L,19,2063,16:30:00,y,1,347,NA,30,87,105,NA,0
9,2017-06-03,North,OP,1,R,0.5,2022,16:30:00,y,1,411,NA,50,145,220,NA,0
9,2017-06-03,North,OP,1,R,5,2117,16:30:00,y,1,336,NA,48,140,175,NA,0
9,2017-06-03,North,OP,2,R,5,2425,16:30:00,y,1,150,NA,30,95,85,NA,0
9,2017-06-03,North,OP,2,R,9.5,1768,16:30:00,y,1,154,NA,21,71,90,NA,0
9,2017-06-03,North,OP,2,R,18,1947,16:30:00,y,1,286,NA,26,84,200,NA,0
9,2017-06-03,North,OP,3,R,16,1765,16:30:00,y,1,519,NA,70,221,240,NA,0
9,2017-06-03,North,OP,3,R,16,2084,16:30:00,y,1,513,NA,68,197,250,NA,0
9,2017-06-03,North,OP,3,R,17,1707,16:30:00,y,1,393,NA,10,35,120,NA,0
9,2017-06-03,Second,NAP,1,R,11,2510,14:00:00,y,1,240,NA,50,50,135,NA,0
9,2017-06-03,Second,NAP,1,R,15,1911,14:00:00,y,1,143,NA,37,123,100,NA,0
9,2017-06-03,Second,NAP,1,R,18,1720,14:00:00,y,1,288,NA,33,97,152,NA,0
9,2017-06-03,Second,NAP,2,R,8,1805,14:00:00,y,1,117,NA,33,100,105,NA,0
9,2017-06-03,Second,NAP,2,R,19,2072,14:00:00,y,1,428,NA,40,80,206,NA,0
9,2017-06-03,Second,NAP,3,R,7,1897,14:00:00,y,1,137,NA,25,71,79,NA,0
9,2017-06-03,Second,NAP,3,R,16,1817,14:00:00,y,1,109,NA,34,110,112,NA,0
9,2017-06-03,Second,NAP,3,R,16,2046,14:00:00,y,1,60,NA,33,84,230,NA,0
9,2017-06-03,Second,OP,1,L,7,1930,14:00:00,y,1,116,NA,25,77,70,NA,0
9,2017-06-03,Second,OP,1,L,9,1833,14:00:00,y,1,130,NA,32,108,90,NA,0
9,2017-06-03,Second,OP,1,L,11.1,2044,14:00:00,y,1,124,NA,25.5,74,70,NA,0
9,2017-06-03,Second,OP,2,L,3,1832,14:00:00,y,1,194,NA,26,83,120,NA,0
9,2017-06-03,Second,OP,2,L,10,1708,14:00:00,y,1,173,NA,16,58,70,NA,0
9,2017-06-03,Second,OP,3,L,3.8,1733,14:00:00,y,1,117,NA,10,31,50,NA,0
9,2017-06-03,Second,OP,3,L,11.5,2437,14:00:00,y,1,93,NA,18,56,50,NA,0
9,2017-06-03,Second,OP,3,L,13.5,2012,14:00:00,y,1,156,NA,26,81,80,NA,0
9,2017-06-08,Manley,DVM,2,L,10,NA,14:30:00,NA,1,128,NA,NA,NA,86,NA,0
9,2017-06-08,Manley,DVM,2,R,1.5,NA,14:30:00,NA,1,183,NA,NA,NA,200,NA,0
9,2017-06-08,Manley,DVM,2,R,3.5,NA,14:30:00,NA,1,172,NA,NA,NA,150,NA,0
9,2017-06-08,Manley,DVM,2,R,7.1,NA,14:30:00,NA,1,119,NA,NA,NA,90,NA,0
9,2017-06-08,Manley,DVM,2,R,13.5,NA,14:30:00,NA,1,206,NA,NA,NA,145,NA,0
9,2017-06-08,Manley,DVM,3,L,10.5,NA,14:30:00,NA,1,94,NA,NA,NA,76,NA,0
9,2017-06-08,Manley,DVM,3,L,13.75,NA,14:30:00,NA,1,288,NA,NA,NA,95,NA,0
9,2017-06-08,Manley,DVM,3,L,14.2,NA,14:30:00,NA,1,172,NA,NA,NA,107,NA,0
9,2017-06-08,Manley,DVM,3,L,18,NA,14:30:00,NA,1,191,NA,NA,NA,140,NA,0
9,2017-06-08,Manley,DVM,3,L,18.1,NA,14:30:00,NA,1,357,NA,NA,NA,150,NA,0
9,2017-06-08,Manley,DVM,3,L,18.5,NA,14:30:00,NA,1,427,NA,NA,NA,250,NA,0
9,2017-06-08,Manley,DVM,3,L,19,NA,14:30:00,NA,1,282,NA,NA,NA,150,NA,0
9,2017-06-08,Manley,DVM,3,R,0.5,NA,14:30:00,NA,1,126,NA,NA,NA,119,NA,L
9,2017-06-08,Manley,DVM,3,R,5.5,NA,14:30:00,NA,1,242,NA,NA,NA,83,NA,0
9,2017-06-08,Manley,DVM,3,R,7,NA,14:30:00,NA,1,157,NA,NA,NA,70,NA,0
9,2017-06-08,Manley,DVM,3,R,11.1,NA,14:30:00,NA,1,364,NA,NA,NA,92,NA,L
9,2017-06-08,Manley,DVM,3,R,11.5,NA,14:30:00,NA,1,160,NA,NA,NA,93,NA,0
9,2017-06-08,Manley,DVM,3,R,18.9,NA,14:30:00,NA,1,115,NA,NA,NA,100,NA,0
9,2017-06-08,Manley,DVM,3,R,19,NA,14:30:00,NA,1,126,NA,NA,NA,115,NA,0
9,2017-06-08,Manley,DVM,3,R,19,NA,14:30:00,NA,1,135,NA,NA,NA,105,NA,0
9,2017-06-08,Manley,KH,1,L,4,NA,14:30:00,NA,1,101,NA,NA,NA,98,NA,0
9,2017-06-08,Manley,KH,1,R,11,NA,14:30:00,NA,1,100,NA,NA,NA,60,NA,0
9,2017-06-08,Manley,KH,1,R,11,NA,14:30:00,NA,1,294,NA,NA,NA,136,NA,0
9,2017-06-08,Manley,KH,2,L,3,NA,14:30:00,NA,1,230,NA,NA,NA,114,NA,0
9,2017-06-08,Manley,KH,2,L,16.5,NA,14:30:00,NA,1,521,NA,NA,NA,185,NA,L
9,2017-06-08,Manley,NAP,1,R,0,1910,14:30:00,y,2,NA,40,41,112,NA,NA,NA
9,2017-06-08,Manley,NAP,1,R,1.5,2057,14:30:00,y,2,NA,NA,NA,NA,NA,NA,NA
9,2017-06-08,Manley,NAP,1,R,20,2127,14:30:00,y,2,NA,29,51,100,NA,NA,NA
9,2017-06-08,Manley,NAP,2,R,7,1688,14:30:00,y,2,NA,32,48,107,NA,NA,NA
9,2017-06-08,Manley,NAP,2,R,12,2071,14:30:00,y,2,NA,76,57,78,NA,NA,NA
9,2017-06-08,Manley,NAP,2,R,15,2037,14:30:00,y,2,NA,38,53,83,NA,NA,NA
9,2017-06-08,Manley,NAP,3,R,8,1081,14:30:00,y,2,NA,21,29,68,NA,NA,NA
9,2017-06-08,Manley,NAP,3,R,9,2515,14:30:00,y,2,NA,46,27,77,NA,NA,NA
9,2017-06-08,Manley,OP,1,L,14,1891,14:30:00,y,2,NA,24,38,50,NA,NA,NA
9,2017-06-08,Manley,OP,1,L,17,1919,14:30:00,y,2,NA,23,85,181,NA,NA,NA
9,2017-06-08,Manley,OP,2,L,10,1797,14:30:00,y,2,NA,20,19,40,NA,NA,NA
9,2017-06-08,Manley,OP,2,L,14.5,1697,14:30:00,y,2,NA,19,28.5,56,NA,NA,NA
9,2017-06-08,Manley,OP,2,L,14.5,2070,14:30:00,y,2,NA,24,41,107,NA,NA,NA
9,2017-06-08,Manley,OP,3,L,5,1689,14:30:00,y,2,NA,18,35.5,66,NA,NA,NA
9,2017-06-08,Manley,OP,3,L,13.7,1961,14:30:00,n,2,NA,NA,NA,NA,NA,NA,NA
9,2017-06-08,Manley,OP,3,L,18.5,2499,14:30:00,y,2,NA,76,NA,150,NA,NA,NA
9,2017-06-08,North,DVM,1,L,5.5,NA,16:00:00,NA,1,358,NA,NA,NA,119,NA,0
9,2017-06-08,North,DVM,1,L,5.5,NA,16:00:00,NA,1,389,NA,NA,NA,300,NA,0
9,2017-06-08,North,DVM,1,L,6.2,NA,16:00:00,NA,1,365,NA,NA,NA,194,NA,0
9,2017-06-08,North,DVM,1,L,10.5,NA,16:00:00,NA,1,305,NA,NA,NA,300,NA,0
9,2017-06-08,North,DVM,1,L,12,NA,16:00:00,NA,1,272,NA,NA,NA,215,NA,0
9,2017-06-08,North,DVM,1,L,16,NA,16:00:00,NA,1,643,NA,NA,NA,385,NA,L
9,2017-06-08,North,DVM,1,L,20,NA,16:00:00,NA,1,91,NA,NA,NA,64,NA,0
9,2017-06-08,North,DVM,1,L,20,NA,16:00:00,NA,1,166,NA,NA,NA,70,NA,0
9,2017-06-08,North,DVM,1,L,20,NA,16:00:00,NA,1,471,NA,NA,NA,186,NA,0
9,2017-06-08,North,DVM,1,R,0.9,NA,16:00:00,NA,1,345,NA,NA,NA,280,NA,0
9,2017-06-08,North,DVM,1,R,4.5,NA,16:00:00,NA,1,485,NA,NA,NA,145,NA,0
9,2017-06-08,North,DVM,1,R,6.5,NA,16:00:00,NA,1,346,NA,NA,NA,250,NA,0
9,2017-06-08,North,DVM,1,R,8.5,NA,16:00:00,NA,1,408,NA,NA,NA,220,NA,0
9,2017-06-08,North,DVM,1,R,14.5,NA,16:00:00,NA,1,163,NA,NA,NA,68,NA,0
9,2017-06-08,North,DVM,1,R,19,NA,16:00:00,NA,1,153,NA,NA,NA,83,NA,0
9,2017-06-08,North,DVM,3,L,4.8,NA,16:00:00,NA,1,218,NA,NA,NA,110,NA,0
9,2017-06-08,North,DVM,3,L,11,NA,16:00:00,NA,1,228,NA,NA,NA,100,NA,0
9,2017-06-08,North,DVM,3,L,11.5,NA,16:00:00,NA,1,351,NA,NA,NA,207,NA,0
9,2017-06-08,North,DVM,3,L,12,NA,16:00:00,NA,1,205,NA,NA,NA,150,NA,0
9,2017-06-08,North,DVM,3,L,12.2,NA,16:00:00,NA,1,542,NA,NA,NA,153,NA,L
9,2017-06-08,North,DVM,3,L,16,NA,16:00:00,NA,1,102,NA,NA,NA,83,NA,0
9,2017-06-08,North,DVM,3,R,0.9,NA,16:00:00,NA,1,362,NA,NA,NA,176,NA,0
9,2017-06-08,North,DVM,3,R,5,NA,16:00:00,NA,1,274,NA,NA,NA,189,NA,0
9,2017-06-08,North,DVM,3,R,10.7,NA,16:00:00,NA,1,267,NA,NA,NA,153,NA,0
9,2017-06-08,North,DVM,3,R,14,NA,16:00:00,NA,1,225,NA,NA,NA,143,NA,0
9,2017-06-08,North,DVM,3,R,15.5,NA,16:00:00,NA,1,226,NA,NA,NA,93,NA,0
9,2017-06-08,North,DVM,3,R,16.5,NA,16:00:00,NA,1,182,NA,NA,NA,84,NA,0
9,2017-06-08,North,DVM,3,R,17,NA,16:00:00,NA,1,467,NA,NA,NA,205,NA,L
9,2017-06-08,North,DVM,3,R,18.5,NA,16:00:00,NA,1,187,NA,NA,NA,105,NA,0
9,2017-06-08,North,DVM,3,R,19.7,NA,16:00:00,NA,1,316,NA,NA,NA,186,NA,0
9,2017-06-08,North,KH,2,L,0.9,NA,16:00:00,NA,1,446,NA,NA,NA,223,NA,0
9,2017-06-08,North,KH,2,L,7.5,NA,16:00:00,NA,1,266,NA,NA,NA,262,NA,0
9,2017-06-08,North,KH,2,L,9.8,NA,16:00:00,NA,1,355,NA,NA,NA,145,NA,0
9,2017-06-08,North,KH,2,L,17.4,NA,16:00:00,NA,1,369,NA,NA,NA,200,NA,0
9,2017-06-08,North,KH,2,L,18.5,NA,16:00:00,NA,1,377,NA,NA,NA,126,NA,0
9,2017-06-08,North,KH,2,L,20,NA,16:00:00,NA,1,105,NA,NA,NA,61,NA,0
9,2017-06-08,North,KH,2,R,2.1,NA,16:00:00,NA,1,338,NA,NA,NA,280,NA,0
9,2017-06-08,North,KH,2,R,4.9,NA,16:00:00,NA,1,204,NA,NA,NA,73,NA,0
9,2017-06-08,North,KH,2,R,5,NA,16:00:00,NA,1,152,NA,NA,NA,62,NA,0
9,2017-06-08,North,KH,2,R,6.8,NA,16:00:00,NA,1,400,NA,NA,NA,235,NA,0
9,2017-06-08,North,KH,2,R,9,NA,16:00:00,NA,1,149,NA,NA,NA,83,NA,0
9,2017-06-08,North,KH,2,R,13,NA,16:00:00,NA,1,404,NA,NA,NA,249,NA,0
9,2017-06-08,North,KH,2,R,15,NA,16:00:00,NA,1,347,NA,NA,NA,255,NA,0
9,2017-06-08,North,KH,2,R,16.8,NA,16:00:00,NA,1,311,NA,NA,NA,298,NA,0
9,2017-06-08,North,KH,2,R,17.5,NA,16:00:00,NA,1,218,NA,NA,NA,118,NA,0
9,2017-06-08,North,NAP,1,L,7.5,2409,16:00:00,y,2,NA,69,88.5,180,NA,NA,NA
9,2017-06-08,North,NAP,2,L,8,1952,16:00:00,y,2,NA,41,66,66,NA,NA,NA
9,2017-06-08,North,NAP,2,L,17,1760,16:00:00,y,2,NA,14,57.5,115,NA,NA,NA
9,2017-06-08,North,NAP,2,L,20,1695,16:00:00,y,2,NA,NA,NA,NA,NA,NA,NA
9,2017-06-08,North,NAP,3,L,8,1854,16:00:00,y,2,NA,22,50.5,114,NA,NA,NA
9,2017-06-08,North,NAP,3,L,8,1966,16:00:00,y,2,NA,16,27,64,NA,NA,NA
9,2017-06-08,North,NAP,3,L,19,2063,16:00:00,y,2,NA,24,46,108,NA,NA,NA
9,2017-06-08,North,OP,1,R,0.5,2022,16:00:00,y,2,NA,70,85,174,NA,NA,NA
9,2017-06-08,North,OP,1,R,5,2117,16:00:00,y,2,NA,45,73,167,NA,NA,NA
9,2017-06-08,North,OP,2,R,5,2425,16:00:00,y,2,NA,25,56,110,NA,NA,NA
9,2017-06-08,North,OP,2,R,9.5,1768,16:00:00,y,2,NA,25,51,105,NA,NA,NA
9,2017-06-08,North,OP,2,R,18,1947,16:00:00,y,2,NA,37,55,120,NA,NA,NA
9,2017-06-08,North,OP,3,R,16,1765,16:00:00,y,2,NA,61,98,214,NA,NA,NA
9,2017-06-08,North,OP,3,R,16,2084,16:00:00,y,2,NA,47,NA,NA,NA,NA,NA
9,2017-06-08,North,OP,3,R,17,1707,16:00:00,y,2,NA,31,29,57,NA,NA,NA
9,2017-06-09,Second,NAP,1,R,11,2510,14:30:00,y,2,NA,28,66,192,NA,NA,NA
9,2017-06-09,Second,NAP,1,R,15,1911,14:30:00,y,2,NA,22,45,129,NA,NA,NA
9,2017-06-09,Second,NAP,1,R,18,1720,14:30:00,n,2,NA,NA,NA,NA,NA,NA,NA
9,2017-06-09,Second,NAP,2,R,8,1805,14:30:00,y,2,NA,19,39,117,NA,NA,NA
9,2017-06-09,Second,NAP,2,R,19,2072,14:30:00,y,2,NA,57,86,135,NA,NA,NA
9,2017-06-09,Second,NAP,3,R,7,1897,14:30:00,y,2,NA,29,47,123,NA,NA,NA
9,2017-06-09,Second,NAP,3,R,16,1817,14:30:00,y,2,NA,19,58.5,134,NA,NA,NA
9,2017-06-09,Second,NAP,3,R,16,2046,14:30:00,y,2,NA,47,74,119,NA,NA,NA
9,2017-06-09,Second,OP,1,L,7,1930,14:30:00,y,2,NA,19,43.5,96,NA,NA,NA
9,2017-06-09,Second,OP,1,L,9,1833,14:30:00,y,2,NA,18,57.5,112,NA,NA,NA
9,2017-06-09,Second,OP,1,L,11.1,2044,14:30:00,y,2,NA,18,40,91,NA,NA,NA
9,2017-06-09,Second,OP,2,L,3,1832,14:30:00,y,2,NA,52,49,112,NA,NA,NA
9,2017-06-09,Second,OP,2,L,10,1708,14:30:00,y,2,NA,19,34.5,77,NA,NA,NA
9,2017-06-09,Second,OP,3,L,3.8,1733,14:30:00,y,2,NA,13,18,39,NA,NA,NA
9,2017-06-09,Second,OP,3,L,11.5,2437,14:30:00,y,2,NA,19,32,72,NA,NA,NA
9,2017-06-09,Second,OP,3,L,13.5,2012,14:30:00,n,2,NA,NA,NA,NA,NA,NA,NA
9,2017-07-13,Manley,NAP,1,R,0,1910,10:30:00,n,3,NA,NA,NA,NA,NA,NA,NA
9,2017-07-13,Manley,NAP,1,R,1.5,2057,10:30:00,n,3,NA,NA,NA,NA,NA,NA,NA
9,2017-07-13,Manley,NAP,1,R,20,2127,10:30:00,n,3,NA,NA,NA,NA,NA,NA,NA
9,2017-07-13,Manley,NAP,2,R,7,1688,10:30:00,n,3,NA,NA,NA,NA,NA,NA,NA
9,2017-07-13,Manley,NAP,2,R,12,2071,10:30:00,n,3,NA,NA,NA,NA,NA,NA,NA
9,2017-07-13,Manley,NAP,2,R,15,2037,10:30:00,y,3,202,48,NA,NA,NA,NA,NA
9,2017-07-13,Manley,NAP,3,R,8,1081,10:30:00,y,3,169,34,NA,NA,NA,NA,NA
9,2017-07-13,Manley,NAP,3,R,9,2515,10:30:00,y,3,142,51,NA,NA,NA,NA,NA
9,2017-07-13,Manley,OP,1,L,14,1891,10:30:00,y,3,156,34,NA,NA,NA,NA,NA
9,2017-07-13,Manley,OP,1,L,17,1919,10:30:00,y,3,331,31,NA,NA,NA,NA,NA
9,2017-07-13,Manley,OP,2,L,10,1797,10:30:00,y,3,171,27,NA,NA,NA,NA,NA
9,2017-07-13,Manley,OP,2,L,14.5,1697,10:30:00,y,3,216,36,NA,NA,NA,NA,NA
9,2017-07-13,Manley,OP,2,L,14.5,2070,10:30:00,y,3,222,34,NA,NA,NA,NA,NA
9,2017-07-13,Manley,OP,3,L,5,1689,10:30:00,n,3,NA,NA,NA,NA,NA,NA,NA
9,2017-07-13,Manley,OP,3,L,13.7,1961,10:30:00,n,3,NA,NA,NA,NA,NA,NA,NA
9,2017-07-13,Manley,OP,3,L,18.5,2499,10:30:00,n,3,NA,NA,NA,NA,NA,NA,NA
9,2017-07-13,North,NAP,1,L,7.5,2409,15:30:00,y,3,419,87,NA,NA,NA,NA,NA
9,2017-07-13,North,NAP,2,L,8,1952,15:30:00,y,3,333,41,NA,NA,NA,NA,NA
9,2017-07-13,North,NAP,2,L,17,1760,15:30:00,y,3,450,62,NA,NA,NA,NA,NA
9,2017-07-13,North,NAP,2,L,20,1695,15:30:00,n,3,NA,NA,NA,NA,NA,NA,NA
9,2017-07-13,North,NAP,3,L,8,1854,15:30:00,n,3,NA,NA,NA,NA,NA,NA,NA
9,2017-07-13,North,NAP,3,L,8,1966,15:30:00,n,3,NA,NA,NA,NA,NA,NA,NA
9,2017-07-13,North,NAP,3,L,19,2063,15:30:00,y,3,464,47,NA,NA,NA,NA,NA
9,2017-07-13,North,OP,1,R,0.5,2022,15:30:00,y,3,496,54,NA,NA,NA,NA,NA
9,2017-07-13,North,OP,1,R,5,2117,15:30:00,y,3,439,56,NA,NA,NA,NA,NA
9,2017-07-13,North,OP,2,R,5,2425,15:30:00,n,3,NA,NA,NA,NA,NA,NA,NA
9,2017-07-13,North,OP,2,R,9.5,1768,15:30:00,y,3,346,40,NA,NA,NA,NA,NA
9,2017-07-13,North,OP,2,R,18,1947,15:30:00,n,3,NA,NA,NA,NA,NA,NA,NA
9,2017-07-13,North,OP,3,R,16,1765,15:30:00,y,3,600,50,NA,NA,NA,NA,NA
9,2017-07-13,North,OP,3,R,16,2084,15:30:00,y,3,625,45,NA,NA,NA,NA,NA
9,2017-07-13,North,OP,3,R,17,1707,15:30:00,y,3,533,45,NA,NA,NA,NA,NA
9,2017-07-13,Second,NAP,1,R,11,2510,13:45:00,n,3,NA,NA,NA,NA,NA,NA,NA
9,2017-07-13,Second,NAP,1,R,15,1911,13:45:00,y,3,380,72,NA,NA,NA,NA,NA
9,2017-07-13,Second,NAP,1,R,18,1720,13:45:00,y,3,426,45,NA,NA,NA,NA,NA
9,2017-07-13,Second,NAP,2,R,8,1805,13:45:00,n,3,NA,NA,NA,NA,NA,NA,NA
9,2017-07-13,Second,NAP,2,R,19,2072,13:45:00,n,3,NA,NA,NA,NA,NA,NA,NA
9,2017-07-13,Second,NAP,3,R,7,1897,13:45:00,y,3,305,53,NA,NA,NA,NA,NA
9,2017-07-13,Second,NAP,3,R,16,1817,13:45:00,y,3,300,42,NA,NA,NA,NA,NA
9,2017-07-13,Second,NAP,3,R,16,2046,13:45:00,y,3,327,68,NA,NA,NA,NA,NA
9,2017-07-13,Second,OP,1,L,7,1930,13:45:00,y,3,264,37,NA,NA,NA,NA,NA
9,2017-07-13,Second,OP,1,L,9,1833,13:45:00,y,3,363,33,NA,NA,NA,NA,NA
9,2017-07-13,Second,OP,1,L,11.1,2044,13:45:00,y,3,258,40,NA,NA,NA,NA,NA
9,2017-07-13,Second,OP,2,L,3,1832,13:45:00,n,3,NA,NA,NA,NA,NA,NA,NA
9,2017-07-13,Second,OP,2,L,10,1708,13:45:00,n,3,NA,NA,NA,NA,NA,NA,NA
9,2017-07-13,Second,OP,3,L,3.8,1733,13:45:00,n,3,NA,NA,NA,NA,NA,NA,NA
9,2017-07-13,Second,OP,3,L,11.5,2437,13:45:00,n,3,NA,NA,NA,NA,NA,NA,NA
9,2017-07-13,Second,OP,3,L,13.5,2012,13:45:00,n,3,NA,NA,NA,NA,NA,NA,NA
9,NA,Manley,DVM,2,L,10,NA,NA,NA,2,NA,NA,NA,NA,NA,NA,NA
9,NA,Manley,DVM,2,L,10,NA,NA,NA,3,NA,NA,NA,NA,NA,NA,NA
9,NA,Manley,DVM,2,R,1.5,NA,NA,NA,2,NA,NA,NA,NA,NA,NA,NA
9,NA,Manley,DVM,2,R,1.5,NA,NA,NA,3,NA,NA,NA,NA,NA,NA,NA
9,NA,Manley,DVM,2,R,3.5,NA,NA,NA,2,NA,NA,NA,NA,NA,NA,NA
9,NA,Manley,DVM,2,R,3.5,NA,NA,NA,3,NA,NA,NA,NA,NA,NA,NA
9,NA,Manley,DVM,2,R,7.1,NA,NA,NA,2,NA,NA,NA,NA,NA,NA,NA
9,NA,Manley,DVM,2,R,7.1,NA,NA,NA,3,NA,NA,NA,NA,NA,NA,NA
9,NA,Manley,DVM,2,R,13.5,NA,NA,NA,2,NA,NA,NA,NA,NA,NA,NA
9,NA,Manley,DVM,2,R,13.5,NA,NA,NA,3,NA,NA,NA,NA,NA,NA,NA
9,NA,Manley,DVM,3,L,10.5,NA,NA,NA,2,NA,NA,NA,NA,NA,NA,NA
9,NA,Manley,DVM,3,L,10.5,NA,NA,NA,3,NA,NA,NA,NA,NA,NA,NA
9,NA,Manley,DVM,3,L,13.75,NA,NA,NA,2,NA,NA,NA,NA,NA,NA,NA
9,NA,Manley,DVM,3,L,13.75,NA,NA,NA,3,NA,NA,NA,NA,NA,NA,NA
9,NA,Manley,DVM,3,L,14.2,NA,NA,NA,2,NA,NA,NA,NA,NA,NA,NA
9,NA,Manley,DVM,3,L,14.2,NA,NA,NA,3,NA,NA,NA,NA,NA,NA,NA
9,NA,Manley,DVM,3,L,18,NA,NA,NA,2,NA,NA,NA,NA,NA,NA,NA
9,NA,Manley,DVM,3,L,18,NA,NA,NA,3,NA,NA,NA,NA,NA,NA,NA
9,NA,Manley,DVM,3,L,18.1,NA,NA,NA,2,NA,NA,NA,NA,NA,NA,NA
9,NA,Manley,DVM,3,L,18.1,NA,NA,NA,3,NA,NA,NA,NA,NA,NA,NA
9,NA,Manley,DVM,3,L,18.5,NA,NA,NA,2,NA,NA,NA,NA,NA,NA,NA
9,NA,Manley,DVM,3,L,18.5,NA,NA,NA,3,NA,NA,NA,NA,NA,NA,NA
9,NA,Manley,DVM,3,L,19,NA,NA,NA,2,NA,NA,NA,NA,NA,NA,NA
9,NA,Manley,DVM,3,L,19,NA,NA,NA,3,NA,NA,NA,NA,NA,NA,NA
9,NA,Manley,DVM,3,R,0.5,NA,NA,NA,2,NA,NA,NA,NA,NA,NA,NA
9,NA,Manley,DVM,3,R,0.5,NA,NA,NA,3,NA,NA,NA,NA,NA,NA,NA
9,NA,Manley,DVM,3,R,5.5,NA,NA,NA,2,NA,NA,NA,NA,NA,NA,NA
9,NA,Manley,DVM,3,R,5.5,NA,NA,NA,3,NA,NA,NA,NA,NA,NA,NA
9,NA,Manley,DVM,3,R,7,NA,NA,NA,2,NA,NA,NA,NA,NA,NA,NA
9,NA,Manley,DVM,3,R,7,NA,NA,NA,3,NA,NA,NA,NA,NA,NA,NA
9,NA,Manley,DVM,3,R,11.1,NA,NA,NA,2,NA,NA,NA,NA,NA,NA,NA
9,NA,Manley,DVM,3,R,11.1,NA,NA,NA,3,NA,NA,NA,NA,NA,NA,NA
9,NA,Manley,DVM,3,R,11.5,NA,NA,NA,2,NA,NA,NA,NA,NA,NA,NA
9,NA,Manley,DVM,3,R,11.5,NA,NA,NA,3,NA,NA,NA,NA,NA,NA,NA
9,NA,Manley,DVM,3,R,18.9,NA,NA,NA,2,NA,NA,NA,NA,NA,NA,NA
9,NA,Manley,DVM,3,R,18.9,NA,NA,NA,3,NA,NA,NA,NA,NA,NA,NA
9,NA,Manley,DVM,3,R,19,NA,NA,NA,2,NA,NA,NA,NA,NA,NA,NA
9,NA,Manley,DVM,3,R,19,NA,NA,NA,2,NA,NA,NA,NA,NA,NA,NA
9,NA,Manley,DVM,3,R,19,NA,NA,NA,3,NA,NA,NA,NA,NA,NA,NA
9,NA,Manley,DVM,3,R,19,NA,NA,NA,3,NA,NA,NA,NA,NA,NA,NA
9,NA,Manley,KH,1,L,4,NA,NA,NA,2,NA,NA,NA,NA,NA,NA,NA
9,NA,Manley,KH,1,L,4,NA,NA,NA,3,NA,NA,NA,NA,NA,NA,NA
9,NA,Manley,KH,1,R,11,NA,NA,NA,2,NA,NA,NA,NA,NA,NA,NA
9,NA,Manley,KH,1,R,11,NA,NA,NA,2,NA,NA,NA,NA,NA,NA,NA
9,NA,Manley,KH,1,R,11,NA,NA,NA,3,NA,NA,NA,NA,NA,NA,NA
9,NA,Manley,KH,1,R,11,NA,NA,NA,3,NA,NA,NA,NA,NA,NA,NA
9,NA,Manley,KH,2,L,3,NA,NA,NA,2,NA,NA,NA,NA,NA,NA,NA
9,NA,Manley,KH,2,L,3,NA,NA,NA,3,NA,NA,NA,NA,NA,NA,NA
9,NA,Manley,KH,2,L,16.5,NA,NA,NA,2,NA,NA,NA,NA,NA,NA,NA
9,NA,Manley,KH,2,L,16.5,NA,NA,NA,3,NA,NA,NA,NA,NA,NA,NA
9,NA,North,DVM,1,L,5.5,NA,NA,NA,2,NA,NA,NA,NA,NA,NA,NA
9,NA,North,DVM,1,L,5.5,NA,NA,NA,2,NA,NA,NA,NA,NA,NA,NA
9,NA,North,DVM,1,L,5.5,NA,NA,NA,3,NA,NA,NA,NA,NA,NA,NA
9,NA,North,DVM,1,L,5.5,NA,NA,NA,3,NA,NA,NA,NA,NA,NA,NA
9,NA,North,DVM,1,L,6.2,NA,NA,NA,2,NA,NA,NA,NA,NA,NA,NA
9,NA,North,DVM,1,L,6.2,NA,NA,NA,3,NA,NA,NA,NA,NA,NA,NA
9,NA,North,DVM,1,L,10.5,NA,NA,NA,2,NA,NA,NA,NA,NA,NA,NA
9,NA,North,DVM,1,L,10.5,NA,NA,NA,3,NA,NA,NA,NA,NA,NA,NA
9,NA,North,DVM,1,L,12,NA,NA,NA,2,NA,NA,NA,NA,NA,NA,NA
9,NA,North,DVM,1,L,12,NA,NA,NA,3,NA,NA,NA,NA,NA,NA,NA
9,NA,North,DVM,1,L,16,NA,NA,NA,2,NA,NA,NA,NA,NA,NA,NA
9,NA,North,DVM,1,L,16,NA,NA,NA,3,NA,NA,NA,NA,NA,NA,NA
9,NA,North,DVM,1,L,20,NA,NA,NA,2,NA,NA,NA,NA,NA,NA,NA
9,NA,North,DVM,1,L,20,NA,NA,NA,2,NA,NA,NA,NA,NA,NA,NA
9,NA,North,DVM,1,L,20,NA,NA,NA,2,NA,NA,NA,NA,NA,NA,NA
9,NA,North,DVM,1,L,20,NA,NA,NA,3,NA,NA,NA,NA,NA,NA,NA
9,NA,North,DVM,1,L,20,NA,NA,NA,3,NA,NA,NA,NA,NA,NA,NA
9,NA,North,DVM,1,L,20,NA,NA,NA,3,NA,NA,NA,NA,NA,NA,NA
9,NA,North,DVM,1,R,0.9,NA,NA,NA,2,NA,NA,NA,NA,NA,NA,NA
9,NA,North,DVM,1,R,0.9,NA,NA,NA,3,NA,NA,NA,NA,NA,NA,NA
9,NA,North,DVM,1,R,4.5,NA,NA,NA,2,NA,NA,NA,NA,NA,NA,NA
9,NA,North,DVM,1,R,4.5,NA,NA,NA,3,NA,NA,NA,NA,NA,NA,NA
9,NA,North,DVM,1,R,6.5,NA,NA,NA,2,NA,NA,NA,NA,NA,NA,NA
9,NA,North,DVM,1,R,6.5,NA,NA,NA,3,NA,NA,NA,NA,NA,NA,NA
9,NA,North,DVM,1,R,8.5,NA,NA,NA,2,NA,NA,NA,NA,NA,NA,NA
9,NA,North,DVM,1,R,8.5,NA,NA,NA,3,NA,NA,NA,NA,NA,NA,NA
9,NA,North,DVM,1,R,14.5,NA,NA,NA,2,NA,NA,NA,NA,NA,NA,NA
9,NA,North,DVM,1,R,14.5,NA,NA,NA,3,NA,NA,NA,NA,NA,NA,NA
9,NA,North,DVM,1,R,19,NA,NA,NA,2,NA,NA,NA,NA,NA,NA,NA
9,NA,North,DVM,1,R,19,NA,NA,NA,3,NA,NA,NA,NA,NA,NA,NA
9,NA,North,DVM,3,L,4.8,NA,NA,NA,2,NA,NA,NA,NA,NA,NA,NA
9,NA,North,DVM,3,L,4.8,NA,NA,NA,3,NA,NA,NA,NA,NA,NA,NA
9,NA,North,DVM,3,L,11,NA,NA,NA,2,NA,NA,NA,NA,NA,NA,NA
9,NA,North,DVM,3,L,11,NA,NA,NA,3,NA,NA,NA,NA,NA,NA,NA
9,NA,North,DVM,3,L,11.5,NA,NA,NA,2,NA,NA,NA,NA,NA,NA,NA
9,NA,North,DVM,3,L,11.5,NA,NA,NA,3,NA,NA,NA,NA,NA,NA,NA
9,NA,North,DVM,3,L,12,NA,NA,NA,2,NA,NA,NA,NA,NA,NA,NA
9,NA,North,DVM,3,L,12,NA,NA,NA,3,NA,NA,NA,NA,NA,NA,NA
9,NA,North,DVM,3,L,12.2,NA,NA,NA,2,NA,NA,NA,NA,NA,NA,NA
9,NA,North,DVM,3,L,12.2,NA,NA,NA,3,NA,NA,NA,NA,NA,NA,NA
9,NA,North,DVM,3,L,16,NA,NA,NA,2,NA,NA,NA,NA,NA,NA,NA
9,NA,North,DVM,3,L,16,NA,NA,NA,3,NA,NA,NA,NA,NA,NA,NA
9,NA,North,DVM,3,R,0.9,NA,NA,NA,2,NA,NA,NA,NA,NA,NA,NA
9,NA,North,DVM,3,R,0.9,NA,NA,NA,3,NA,NA,NA,NA,NA,NA,NA
9,NA,North,DVM,3,R,5,NA,NA,NA,2,NA,NA,NA,NA,NA,NA,NA
9,NA,North,DVM,3,R,5,NA,NA,NA,3,NA,NA,NA,NA,NA,NA,NA
9,NA,North,DVM,3,R,10.7,NA,NA,NA,2,NA,NA,NA,NA,NA,NA,NA
9,NA,North,DVM,3,R,10.7,NA,NA,NA,3,NA,NA,NA,NA,NA,NA,NA
9,NA,North,DVM,3,R,14,NA,NA,NA,2,NA,NA,NA,NA,NA,NA,NA
9,NA,North,DVM,3,R,14,NA,NA,NA,3,NA,NA,NA,NA,NA,NA,NA
9,NA,North,DVM,3,R,15.5,NA,NA,NA,2,NA,NA,NA,NA,NA,NA,NA
9,NA,North,DVM,3,R,15.5,NA,NA,NA,3,NA,NA,NA,NA,NA,NA,NA
9,NA,North,DVM,3,R,16.5,NA,NA,NA,2,NA,NA,NA,NA,NA,NA,NA
9,NA,North,DVM,3,R,16.5,NA,NA,NA,3,NA,NA,NA,NA,NA,NA,NA
9,NA,North,DVM,3,R,17,NA,NA,NA,2,NA,NA,NA,NA,NA,NA,NA
9,NA,North,DVM,3,R,17,NA,NA,NA,3,NA,NA,NA,NA,NA,NA,NA
9,NA,North,DVM,3,R,18.5,NA,NA,NA,2,NA,NA,NA,NA,NA,NA,NA
9,NA,North,DVM,3,R,18.5,NA,NA,NA,3,NA,NA,NA,NA,NA,NA,NA
9,NA,North,DVM,3,R,19.7,NA,NA,NA,2,NA,NA,NA,NA,NA,NA,NA
9,NA,North,DVM,3,R,19.7,NA,NA,NA,3,NA,NA,NA,NA,NA,NA,NA
9,NA,North,KH,2,L,0.9,NA,NA,NA,2,NA,NA,NA,NA,NA,NA,NA
9,NA,North,KH,2,L,0.9,NA,NA,NA,3,NA,NA,NA,NA,NA,NA,NA
9,NA,North,KH,2,L,7.5,NA,NA,NA,2,NA,NA,NA,NA,NA,NA,NA
9,NA,North,KH,2,L,7.5,NA,NA,NA,3,NA,NA,NA,NA,NA,NA,NA
9,NA,North,KH,2,L,9.8,NA,NA,NA,2,NA,NA,NA,NA,NA,NA,NA
9,NA,North,KH,2,L,9.8,NA,NA,NA,3,NA,NA,NA,NA,NA,NA,NA
9,NA,North,KH,2,L,17.4,NA,NA,NA,2,NA,NA,NA,NA,NA,NA,NA
9,NA,North,KH,2,L,17.4,NA,NA,NA,3,NA,NA,NA,NA,NA,NA,NA
9,NA,North,KH,2,L,18.5,NA,NA,NA,2,NA,NA,NA,NA,NA,NA,NA
9,NA,North,KH,2,L,18.5,NA,NA,NA,3,NA,NA,NA,NA,NA,NA,NA
9,NA,North,KH,2,L,20,NA,NA,NA,2,NA,NA,NA,NA,NA,NA,NA
9,NA,North,KH,2,L,20,NA,NA,NA,3,NA,NA,NA,NA,NA,NA,NA
9,NA,North,KH,2,R,2.1,NA,NA,NA,2,NA,NA,NA,NA,NA,NA,NA
9,NA,North,KH,2,R,2.1,NA,NA,NA,3,NA,NA,NA,NA,NA,NA,NA
9,NA,North,KH,2,R,4.9,NA,NA,NA,2,NA,NA,NA,NA,NA,NA,NA
9,NA,North,KH,2,R,4.9,NA,NA,NA,3,NA,NA,NA,NA,NA,NA,NA
9,NA,North,KH,2,R,5,NA,NA,NA,2,NA,NA,NA,NA,NA,NA,NA
9,NA,North,KH,2,R,5,NA,NA,NA,3,NA,NA,NA,NA,NA,NA,NA
9,NA,North,KH,2,R,6.8,NA,NA,NA,2,NA,NA,NA,NA,NA,NA,NA
9,NA,North,KH,2,R,6.8,NA,NA,NA,3,NA,NA,NA,NA,NA,NA,NA
9,NA,North,KH,2,R,9,NA,NA,NA,2,NA,NA,NA,NA,NA,NA,NA
9,NA,North,KH,2,R,9,NA,NA,NA,3,NA,NA,NA,NA,NA,NA,NA
9,NA,North,KH,2,R,13,NA,NA,NA,2,NA,NA,NA,NA,NA,NA,NA
9,NA,North,KH,2,R,13,NA,NA,NA,3,NA,NA,NA,NA,NA,NA,NA
9,NA,North,KH,2,R,15,NA,NA,NA,2,NA,NA,NA,NA,NA,NA,NA
9,NA,North,KH,2,R,15,NA,NA,NA,3,NA,NA,NA,NA,NA,NA,NA
9,NA,North,KH,2,R,16.8,NA,NA,NA,2,NA,NA,NA,NA,NA,NA,NA
9,NA,North,KH,2,R,16.8,NA,NA,NA,3,NA,NA,NA,NA,NA,NA,NA
9,NA,North,KH,2,R,17.5,NA,NA,NA,2,NA,NA,NA,NA,NA,NA,NA
9,NA,North,KH,2,R,17.5,NA,NA,NA,3,NA,NA,NA,NA,NA,NA,NA
10,2017-07-13,Manley,BMM,1,L,4,1749,10:00:00,y,1,137,NA,15,59,42,NA,0
10,2017-07-13,Manley,BMM,1,L,13,291,10:00:00,y,1,94,NA,11,45,36,NA,0
10,2017-07-13,Manley,BMM,2,L,11,274,10:00:00,y,1,118,NA,18,59,54,NA,0
10,2017-07-13,Manley,BMM,2,L,14,1687,10:00:00,y,1,110,NA,18,54,54,NA,0
10,2017-07-13,Manley,BMM,2,L,18,282,10:00:00,y,1,525,NA,29,107,62,NA,L
10,2017-07-13,Manley,BMM,3,L,2,1977,10:00:00,y,1,101,NA,14,49,43,NA,0
10,2017-07-13,Manley,BMM,3,L,10,289,10:00:00,y,1,153,NA,25,67,56,NA,0
10,2017-07-13,Manley,BMM,3,L,19,295,10:00:00,y,1,417,NA,42,107,88,NA,0
10,2017-07-13,Manley,NAP,1,R,3,293,10:00:00,y,1,143,NA,25,77,76,NA,0
10,2017-07-13,Manley,NAP,1,R,5.9,296,10:00:00,y,1,86,NA,12,37,52,NA,0
10,2017-07-13,Manley,NAP,1,R,8,273,10:00:00,y,1,129,NA,17,53,60,NA,0
10,2017-07-13,Manley,NAP,2,R,2.1,1849,10:00:00,y,1,197,NA,25,77,86,NA,0
10,2017-07-13,Manley,NAP,2,R,12,281,10:00:00,y,1,211,NA,33,95,110,NA,0
10,2017-07-13,Manley,NAP,2,R,13,3288,10:00:00,y,1,247,NA,20,60,62,NA,0
10,2017-07-13,Manley,NAP,3,R,9,1899,10:00:00,y,1,140,NA,11,33,42,NA,0
10,2017-07-13,Manley,NAP,3,R,13,309,10:00:00,y,1,210,NA,12,36,47,NA,0
10,2017-07-13,North,BMM,1,L,1,1888,15:00:00,y,1,422,NA,32,91,127,NA,0
10,2017-07-13,North,BMM,1,L,4,277,15:00:00,y,1,342,NA,20,42,68,NA,0
10,2017-07-13,North,BMM,1,L,16,2422,15:00:00,y,1,304,NA,30,127,115,NA,0
10,2017-07-13,North,BMM,1,R,1.5,2024,15:00:00,y,1,707,NA,76,239,300,NA,L
10,2017-07-13,North,BMM,1,R,7,1740,15:00:00,y,1,317,NA,40,122,135,NA,0
10,2017-07-13,North,BMM,2,L,0,1696,15:00:00,y,1,505,NA,30,83,146,NA,0
10,2017-07-13,North,BMM,2,L,6,1974,15:00:00,y,1,293,NA,35,107,131,NA,0
10,2017-07-13,North,BMM,2,L,17,1938.1,15:00:00,y,1,340,NA,35,131,91,NA,0
10,2017-07-13,North,BMM,2,R,5,1774,15:00:00,y,1,288,NA,30,90,122,NA,0
10,2017-07-13,North,BMM,2,R,15,1818,15:00:00,y,1,500,NA,24,72,175,NA,0
10,2017-07-13,North,BMM,2,R,19.5,2445,15:00:00,y,1,193,NA,33,98,96,NA,0
10,2017-07-13,North,BMM,3,L,7,1885,15:00:00,y,1,183,NA,27,90,77,NA,0
10,2017-07-13,North,BMM,3,L,12,1848,15:00:00,y,1,333,NA,23,66,68,NA,0
10,2017-07-13,North,BMM,3,R,6.5,1831,15:00:00,y,1,393,NA,18,56,150,NA,L
10,2017-07-13,North,BMM,3,R,14,2430,15:00:00,y,1,467,NA,15,50,108,NA,0
10,2017-07-13,North,BMM,3,R,19,2011,15:00:00,y,1,532,NA,26,81,113,NA,0
10,2017-07-13,Second,BMM,1,L,1.5,1786,13:10:00,y,1,204,NA,21,63,60,NA,0
10,2017-07-13,Second,BMM,1,L,8,1680,13:10:00,y,1,251,NA,18,75,69,NA,0
10,2017-07-13,Second,BMM,1,L,12,271,13:10:00,y,1,304,NA,18,52,66,NA,0
10,2017-07-13,Second,BMM,2,L,3,2039,13:10:00,y,1,132,NA,22,60,90,NA,0
10,2017-07-13,Second,BMM,2,L,9,2094,13:10:00,y,1,138,NA,15,53,56,NA,0
10,2017-07-13,Second,BMM,3,L,0,2505,13:10:00,y,1,117,NA,10,30,28,NA,0
10,2017-07-13,Second,BMM,3,L,2,2487,13:10:00,y,1,233,NA,26,83,78,NA,0
10,2017-07-13,Second,BMM,3,L,8,276,13:10:00,y,1,189,NA,19,57,60,NA,0
10,2017-07-13,Second,NAP,1,R,5,2113,13:10:00,y,1,325,NA,27,86,80,NA,0
10,2017-07-13,Second,NAP,1,R,11.5,286,13:10:00,y,1,241,NA,14,44,84,NA,0
10,2017-07-13,Second,NAP,1,R,16.1,2058,13:10:00,y,1,340,NA,17,53,61,NA,0
10,2017-07-13,Second,NAP,2,R,7.5,2031,13:10:00,y,1,221,NA,23,69,71,NA,0
10,2017-07-13,Second,NAP,2,R,11,279,13:10:00,y,1,239,NA,40,127,107,NA,0
10,2017-07-13,Second,NAP,3,R,6,2028,13:10:00,y,1,310,NA,15,46,113,NA,0
10,2017-07-13,Second,NAP,3,R,9,297,13:10:00,y,1,182,NA,27,73,94,NA,0
10,2017-07-13,Second,NAP,3,R,16,287,13:10:00,y,1,182,NA,13,40,81,NA,0
10,2017-07-16,Second,OP,1,L,12,NA,NA,NA,1,291,NA,NA,NA,40,NA,0
10,2017-07-16,Second,OP,1,L,13,NA,NA,NA,1,353,NA,NA,NA,55,NA,0
10,2017-07-16,Second,OP,1,L,13,NA,NA,NA,1,556,NA,NA,NA,100,NA,0
10,2017-07-16,Second,OP,1,L,14,NA,NA,NA,1,210,NA,NA,NA,65,NA,0
10,2017-07-16,Second,OP,1,L,14,NA,NA,NA,1,254,NA,NA,NA,60,NA,0
10,2017-07-16,Second,OP,1,L,20,NA,NA,NA,1,112,NA,NA,NA,40,NA,0
10,2017-07-16,Second,OP,1,L,20,NA,NA,NA,1,322,NA,NA,NA,65,NA,0
10,2017-07-16,Second,OP,1,R,2,NA,NA,NA,1,153,NA,NA,NA,90,NA,0
10,2017-07-16,Second,OP,1,R,3,NA,NA,NA,1,119,NA,NA,NA,50,NA,0
10,2017-07-16,Second,OP,1,R,4,NA,NA,NA,1,368,NA,NA,NA,70,NA,0
10,2017-07-16,Second,OP,1,R,5,NA,NA,NA,1,283,NA,NA,NA,90,NA,0
10,2017-07-16,Second,OP,1,R,8,NA,NA,NA,1,460,NA,NA,NA,110,NA,0
10,2017-07-16,Second,OP,1,R,9,NA,NA,NA,1,205,NA,NA,NA,65,NA,0
10,2017-07-16,Second,OP,1,R,9,NA,NA,NA,1,212,NA,NA,NA,70,NA,0
10,2017-07-16,Second,OP,1,R,9,NA,NA,NA,1,484,NA,NA,NA,70,NA,0
10,2017-07-16,Second,OP,2,L,20,NA,NA,NA,1,206,NA,NA,NA,60,NA,0
10,2017-07-16,Second,OP,2,R,4,NA,NA,NA,1,195,NA,NA,NA,55,NA,0
10,2017-07-16,Second,OP,2,R,6,NA,NA,NA,1,277,NA,NA,NA,75,NA,0
10,2017-07-16,Second,OP,2,R,11,NA,NA,NA,1,187,NA,NA,NA,100,NA,0
10,2017-07-16,Second,OP,2,R,14,NA,NA,NA,1,249,NA,NA,NA,80,NA,0
10,2017-07-16,Second,OP,2,R,17,NA,NA,NA,1,194,NA,NA,NA,80,NA,0
10,2017-07-16,Second,OP,2,R,19,NA,NA,NA,1,136,NA,NA,NA,75,NA,0
10,2017-07-16,Second,OP,2,R,20,NA,NA,NA,1,174,NA,NA,NA,45,NA,0
10,2017-07-16,Second,OP,3,L,5,NA,NA,NA,1,185,NA,NA,NA,70,NA,0
10,2017-07-16,Second,OP,3,L,8,NA,NA,NA,1,192,NA,NA,NA,40,NA,0
10,2017-07-16,Second,OP,3,L,8,NA,NA,NA,1,238,NA,NA,NA,55,NA,0
10,2017-07-16,Second,OP,3,L,8,NA,NA,NA,1,250,NA,NA,NA,40,NA,0
10,2017-07-16,Second,OP,3,L,13,NA,NA,NA,1,134,NA,NA,NA,30,NA,0
10,2017-07-16,Second,OP,3,R,0,NA,NA,NA,1,149,NA,NA,NA,100,NA,0
10,2017-07-16,Second,OP,3,R,6,NA,NA,NA,1,101,NA,NA,NA,60,NA,0
10,2017-07-16,Second,OP,3,R,6,NA,NA,NA,1,123,NA,NA,NA,60,NA,0
10,2017-07-16,Second,OP,3,R,6,NA,NA,NA,1,244,NA,NA,NA,85,NA,0
10,2017-07-16,Second,OP,3,R,6,NA,NA,NA,1,276,NA,NA,NA,80,NA,0
10,2017-07-16,Second,OP,3,R,8,NA,NA,NA,1,157,NA,NA,NA,80,NA,0
10,2017-07-16,Second,OP,3,R,12,NA,NA,NA,1,120,NA,NA,NA,35,NA,0
10,2017-07-16,Second,OP,3,R,17,NA,NA,NA,1,250,NA,NA,NA,90,NA,0
10,2017-07-17,Manley,BMM,1,L,4,1749,11:40:00,y,2,NA,43,16,40,NA,NA,NA
10,2017-07-17,Manley,BMM,1,L,13,291,11:40:00,y,2,NA,28,15,42,NA,NA,NA
10,2017-07-17,Manley,BMM,2,L,11,274,11:40:00,y,2,NA,19,23,38,NA,NA,NA
10,2017-07-17,Manley,BMM,2,L,14,1687,11:40:00,y,2,NA,33,22,45,NA,NA,NA
10,2017-07-17,Manley,BMM,2,L,18,282,11:40:00,y,2,NA,69,32,86,NA,NA,NA
10,2017-07-17,Manley,BMM,3,L,2,1977,11:40:00,y,2,NA,38,21,52,NA,NA,NA
10,2017-07-17,Manley,BMM,3,L,10,289,11:40:00,y,2,NA,34,28,62,NA,NA,NA
10,2017-07-17,Manley,BMM,3,L,19,295,11:40:00,y,2,NA,80,51,113,NA,NA,NA
10,2017-07-17,Manley,NAP,1,R,3,293,11:40:00,y,2,NA,31,36,73,NA,NA,NA
10,2017-07-17,Manley,NAP,1,R,5.9,296,11:40:00,y,2,NA,28,17,38,NA,NA,NA
10,2017-07-17,Manley,NAP,1,R,8,273,11:40:00,y,2,NA,40,21,45,NA,NA,NA
10,2017-07-17,Manley,NAP,2,R,2.1,1849,11:40:00,y,2,NA,38,29,57,NA,NA,NA
10,2017-07-17,Manley,NAP,2,R,12,281,11:40:00,y,2,NA,45,37,74,NA,NA,NA
10,2017-07-17,Manley,NAP,2,R,13,3288,11:40:00,y,2,NA,64,26,54,NA,NA,NA
10,2017-07-17,Manley,NAP,3,R,9,1899,11:40:00,y,2,NA,52,19,35,NA,NA,NA
10,2017-07-17,Manley,NAP,3,R,13,309,11:40:00,y,2,NA,53,20,39,NA,NA,NA
10,2017-07-17,Manley,OP,1,L,11,NA,NA,NA,1,100,NA,NA,NA,20,NA,0
10,2017-07-17,Manley,OP,1,L,12,NA,NA,NA,1,155,NA,NA,NA,60,NA,0
10,2017-07-17,Manley,OP,1,L,17,NA,NA,NA,1,335,NA,NA,NA,60,NA,0
10,2017-07-17,Manley,OP,1,R,3,NA,NA,NA,1,101,NA,NA,NA,60,NA,0
10,2017-07-17,Manley,OP,1,R,11,NA,NA,NA,1,167,NA,NA,NA,35,NA,0
10,2017-07-17,Manley,OP,1,R,11,NA,NA,NA,1,306,NA,NA,NA,40,NA,0
10,2017-07-17,Manley,OP,2,L,3,NA,NA,NA,1,270,NA,NA,NA,70,NA,0
10,2017-07-17,Manley,OP,2,L,10,NA,NA,NA,1,175,NA,NA,NA,35,NA,0
10,2017-07-17,Manley,OP,2,L,14.5,NA,NA,NA,1,221,NA,NA,NA,25,NA,0
10,2017-07-17,Manley,OP,2,L,14.5,NA,NA,NA,1,226,NA,NA,NA,40,NA,0
10,2017-07-17,Manley,OP,2,R,5.5,NA,NA,NA,1,204,NA,NA,NA,75,NA,0
10,2017-07-17,Manley,OP,2,R,8,NA,NA,NA,1,137,NA,NA,NA,20,NA,0
10,2017-07-17,Manley,OP,2,R,11,NA,NA,NA,1,209,NA,NA,NA,65,NA,0
10,2017-07-17,Manley,OP,2,R,16,NA,NA,NA,1,201,NA,NA,NA,90,NA,0
10,2017-07-17,Manley,OP,3,L,13,NA,NA,NA,1,288,NA,NA,NA,20,NA,0
10,2017-07-17,Manley,OP,3,L,18,NA,NA,NA,1,235,NA,NA,NA,15,NA,0
10,2017-07-17,Manley,OP,3,R,3,NA,NA,NA,1,100,NA,NA,NA,45,NA,0
10,2017-07-17,Manley,OP,3,R,10,NA,NA,NA,1,101,NA,NA,NA,50,NA,0
10,2017-07-17,Manley,OP,3,R,10,NA,NA,NA,1,176,NA,NA,NA,35,NA,0
10,2017-07-17,Manley,OP,3,R,13,NA,NA,NA,1,113,NA,NA,NA,55,NA,0
10,2017-07-17,North,OP,1,L,0,NA,NA,NA,1,137,NA,NA,NA,90,NA,0
10,2017-07-17,North,OP,1,L,0,NA,NA,NA,1,517,NA,NA,NA,150,NA,0
10,2017-07-17,North,OP,1,L,1,NA,NA,NA,1,498,NA,NA,NA,100,NA,0
10,2017-07-17,North,OP,1,L,1,NA,NA,NA,1,586,NA,NA,NA,160,NA,0
10,2017-07-17,North,OP,1,L,1,NA,NA,NA,1,609,NA,NA,NA,150,NA,0
10,2017-07-17,North,OP,1,L,3,NA,NA,NA,1,384,NA,NA,NA,70,NA,0
10,2017-07-17,North,OP,1,L,4,NA,NA,NA,1,456,NA,NA,NA,110,NA,0
10,2017-07-17,North,OP,1,R,1,NA,NA,NA,1,500,NA,NA,NA,170,NA,0
10,2017-07-17,North,OP,1,R,2,NA,NA,NA,1,256,NA,NA,NA,45,NA,0
10,2017-07-17,North,OP,1,R,2,NA,NA,NA,1,327,NA,NA,NA,55,NA,0
10,2017-07-17,North,OP,1,R,3,NA,NA,NA,1,160,NA,NA,NA,100,NA,0
10,2017-07-17,North,OP,1,R,4,NA,NA,NA,1,340,NA,NA,NA,65,NA,0
10,2017-07-17,North,OP,1,R,10,NA,NA,NA,1,360,NA,NA,NA,65,NA,0
10,2017-07-17,North,OP,1,R,10,NA,NA,NA,1,478,NA,NA,NA,115,NA,0
10,2017-07-17,North,OP,1,R,17,NA,NA,NA,1,374,NA,NA,NA,75,NA,0
10,2017-07-17,North,OP,2,L,10,NA,NA,NA,1,314,NA,NA,NA,90,NA,0
10,2017-07-17,North,OP,2,L,10,NA,NA,NA,1,446,NA,NA,NA,70,NA,0
10,2017-07-17,North,OP,2,L,18,NA,NA,NA,1,435,NA,NA,NA,80,NA,0
10,2017-07-17,North,OP,2,L,18,NA,NA,NA,1,487,NA,NA,NA,70,NA,0
10,2017-07-17,North,OP,2,L,20,NA,NA,NA,1,391,NA,NA,NA,90,NA,0
10,2017-07-17,North,OP,2,L,20,NA,NA,NA,1,455,NA,NA,NA,90,NA,0
10,2017-07-17,North,OP,2,L,20,NA,NA,NA,1,500,NA,NA,NA,65,NA,0
10,2017-07-17,North,OP,2,R,0,NA,NA,NA,1,330,NA,NA,NA,90,NA,0
10,2017-07-17,North,OP,2,R,2,NA,NA,NA,1,409,NA,NA,NA,115,NA,0
10,2017-07-17,North,OP,2,R,3,NA,NA,NA,1,434,NA,NA,NA,105,NA,0
10,2017-07-17,North,OP,2,R,4,NA,NA,NA,1,400,NA,NA,NA,80,NA,0
10,2017-07-17,North,OP,2,R,5,NA,NA,NA,1,324,NA,NA,NA,70,NA,0
10,2017-07-17,North,OP,2,R,5,NA,NA,NA,1,324,NA,NA,NA,40,NA,0
10,2017-07-17,North,OP,2,R,7,NA,NA,NA,1,434,NA,NA,NA,140,NA,0
10,2017-07-17,North,OP,2,R,9,NA,NA,NA,1,351,NA,NA,NA,100,NA,0
10,2017-07-17,North,OP,3,L,15,NA,NA,NA,1,439,NA,NA,NA,115,NA,0
10,2017-07-17,North,OP,3,L,15,NA,NA,NA,1,588,NA,NA,NA,105,NA,0
10,2017-07-17,North,OP,3,L,15,NA,NA,NA,1,606,NA,NA,NA,125,NA,0
10,2017-07-17,North,OP,3,L,17,NA,NA,NA,1,458,NA,NA,NA,45,NA,0
10,2017-07-17,North,OP,3,L,19,NA,NA,NA,1,230,NA,NA,NA,70,NA,0
10,2017-07-17,North,OP,3,L,20,NA,NA,NA,1,169,NA,NA,NA,60,NA,0
10,2017-07-17,North,OP,3,L,20,NA,NA,NA,1,181,NA,NA,NA,60,NA,0
10,2017-07-17,North,OP,3,L,20,NA,NA,NA,1,500,NA,NA,NA,85,NA,0
10,2017-07-17,North,OP,3,R,0,NA,NA,NA,1,482,NA,NA,NA,125,NA,0
10,2017-07-17,North,OP,3,R,0,NA,NA,NA,1,548,NA,NA,NA,110,NA,0
10,2017-07-17,North,OP,3,R,1,NA,NA,NA,1,341,NA,NA,NA,105,NA,0
10,2017-07-17,North,OP,3,R,7,NA,NA,NA,1,300,NA,NA,NA,100,NA,0
10,2017-07-17,North,OP,3,R,7,NA,NA,NA,1,450,NA,NA,NA,90,NA,0
10,2017-07-17,North,OP,3,R,10,NA,NA,NA,1,300,NA,NA,NA,120,NA,0
10,2017-07-17,North,OP,3,R,12,NA,NA,NA,1,168,NA,NA,NA,40,NA,0
10,2017-07-17,Second,BMM,1,L,1.5,1786,13:50:00,y,2,NA,43,29,60,NA,NA,NA
10,2017-07-17,Second,BMM,1,L,8,1680,13:50:00,y,2,NA,37,29,79,NA,NA,NA
10,2017-07-17,Second,BMM,1,L,12,271,13:50:00,y,2,NA,60,26,59,NA,NA,NA
10,2017-07-17,Second,BMM,2,L,3,2039,13:50:00,n,2,NA,NA,NA,NA,NA,NA,NA
10,2017-07-17,Second,BMM,2,L,9,2094,13:50:00,y,2,NA,22,24,57,NA,NA,NA
10,2017-07-17,Second,BMM,3,L,0,2505,13:50:00,y,2,NA,21,17,27,NA,NA,NA
10,2017-07-17,Second,BMM,3,L,2,2487,13:50:00,y,2,NA,43,36,83,NA,NA,NA
10,2017-07-17,Second,BMM,3,L,8,276,13:50:00,y,2,NA,29,25,55,NA,NA,NA
10,2017-07-17,Second,NAP,1,R,5,2113,13:50:00,y,2,NA,57,32,89,NA,NA,NA
10,2017-07-17,Second,NAP,1,R,11.5,286,13:50:00,y,2,NA,29,22,52,NA,NA,NA
10,2017-07-17,Second,NAP,1,R,16.1,2058,13:50:00,y,2,NA,52,25,56,NA,NA,NA
10,2017-07-17,Second,NAP,2,R,7.5,2031,13:50:00,y,2,NA,37,32,63,NA,NA,NA
10,2017-07-17,Second,NAP,2,R,11,279,13:50:00,y,2,NA,32,48,99,NA,NA,NA
10,2017-07-17,Second,NAP,3,R,6,2028,13:50:00,y,2,NA,57,16,42,NA,NA,NA
10,2017-07-17,Second,NAP,3,R,9,297,13:50:00,y,2,NA,38,34,73,NA,NA,NA
10,2017-07-17,Second,NAP,3,R,16,287,13:50:00,y,2,NA,36,22,44,NA,NA,NA
10,2017-07-18,North,BMM,1,L,1,1888,15:00:00,y,2,NA,54,41,98,NA,NA,NA
10,2017-07-18,North,BMM,1,L,4,277,15:00:00,y,2,NA,34,26,45,NA,NA,NA
10,2017-07-18,North,BMM,1,L,16,2422,15:00:00,y,2,NA,48,43,43,NA,NA,NA
10,2017-07-18,North,BMM,1,R,1.5,2024,15:00:00,y,2,NA,100,91,153,NA,NA,NA
10,2017-07-18,North,BMM,1,R,7,1740,15:00:00,y,2,NA,33,NA,NA,NA,NA,NA
10,2017-07-18,North,BMM,2,L,0,1696,15:00:00,y,2,NA,39,38,90,NA,NA,NA
10,2017-07-18,North,BMM,2,L,6,1974,15:00:00,y,2,NA,37,45,97,NA,NA,NA
10,2017-07-18,North,BMM,2,L,17,1938.1,15:00:00,y,2,NA,61,43,101,NA,NA,NA
10,2017-07-18,North,BMM,2,R,5,1774,15:00:00,y,2,NA,31,36,56,NA,NA,NA
10,2017-07-18,North,BMM,2,R,15,1818,15:00:00,y,2,NA,53,33,82,NA,NA,NA
10,2017-07-18,North,BMM,2,R,19.5,2445,15:00:00,y,2,NA,25,45,100,NA,NA,NA
10,2017-07-18,North,BMM,3,L,7,1885,15:00:00,y,2,NA,20,37,37,NA,NA,NA
10,2017-07-18,North,BMM,3,L,12,1848,15:00:00,y,2,NA,33,30,68,NA,NA,NA
10,2017-07-18,North,BMM,3,R,6.5,1831,15:00:00,y,2,NA,30,NA,NA,NA,NA,NA
10,2017-07-18,North,BMM,3,R,14,2430,15:00:00,y,2,NA,40,18,50,NA,NA,NA
10,2017-07-18,North,BMM,3,R,19,2011,15:00:00,y,2,NA,63,33,83,NA,NA,NA
10,2017-08-24,Manley,BMM,1,L,4,1749,9:40:00,n,3,NA,NA,NA,NA,NA,NA,NA
10,2017-08-24,Manley,BMM,1,L,13,291,9:40:00,n,3,NA,NA,NA,NA,NA,NA,NA
10,2017-08-24,Manley,BMM,2,L,11,274,9:40:00,n,3,NA,NA,NA,NA,NA,NA,NA
10,2017-08-24,Manley,BMM,2,L,14,1687,9:40:00,n,3,NA,NA,NA,NA,NA,NA,NA
10,2017-08-24,Manley,BMM,2,L,18,282,9:40:00,n,3,NA,NA,NA,NA,NA,NA,NA
10,2017-08-24,Manley,BMM,3,L,2,1977,9:40:00,n,3,NA,NA,NA,NA,NA,NA,NA
10,2017-08-24,Manley,BMM,3,L,10,289,9:40:00,n,3,NA,NA,NA,NA,NA,NA,NA
10,2017-08-24,Manley,BMM,3,L,19,295,9:40:00,n,3,NA,NA,NA,NA,NA,NA,NA
10,2017-08-24,Manley,NAP,1,R,3,293,9:40:00,n,3,NA,NA,NA,NA,NA,NA,NA
10,2017-08-24,Manley,NAP,1,R,5.9,296,9:40:00,n,3,NA,NA,NA,NA,NA,NA,NA
10,2017-08-24,Manley,NAP,1,R,8,273,9:40:00,n,3,NA,NA,NA,NA,NA,NA,NA
10,2017-08-24,Manley,NAP,2,R,2.1,1849,9:40:00,n,3,NA,NA,NA,NA,NA,NA,NA
10,2017-08-24,Manley,NAP,2,R,12,281,9:40:00,y,3,215,24,NA,NA,NA,NA,NA
10,2017-08-24,Manley,NAP,2,R,13,3288,9:40:00,n,3,NA,NA,NA,NA,NA,NA,NA
10,2017-08-24,Manley,NAP,3,R,9,1899,9:40:00,n,3,NA,NA,NA,NA,NA,NA,NA
10,2017-08-24,Manley,NAP,3,R,13,309,9:40:00,n,3,NA,NA,NA,NA,NA,NA,NA
10,2017-08-24,North,BMM,1,L,1,1888,14:45:00,n,3,NA,NA,NA,NA,NA,NA,NA
10,2017-08-24,North,BMM,1,L,4,277,14:45:00,n,3,NA,NA,NA,NA,NA,NA,NA
10,2017-08-24,North,BMM,1,L,16,2422,14:45:00,y,3,471,36,NA,NA,NA,NA,NA
10,2017-08-24,North,BMM,1,R,1.5,2024,14:45:00,y,3,712,55,NA,NA,NA,NA,NA
10,2017-08-24,North,BMM,1,R,7,1740,14:45:00,y,3,377,33,NA,NA,NA,NA,NA
10,2017-08-24,North,BMM,2,L,0,1696,14:45:00,y,3,505,14,NA,NA,NA,NA,NA
10,2017-08-24,North,BMM,2,L,6,1974,14:45:00,y,3,303,35,NA,NA,NA,NA,NA
10,2017-08-24,North,BMM,2,L,17,1938.1,14:45:00,y,3,525,47,NA,NA,NA,NA,NA
10,2017-08-24,North,BMM,2,R,5,1774,14:45:00,y,3,288,0,NA,NA,NA,NA,NA
10,2017-08-24,North,BMM,2,R,15,1818,14:45:00,n,3,NA,NA,NA,NA,NA,NA,NA
10,2017-08-24,North,BMM,2,R,19.5,2445,14:45:00,n,3,NA,NA,NA,NA,NA,NA,NA
10,2017-08-24,North,BMM,3,L,7,1885,14:45:00,y,3,365,22,NA,NA,NA,NA,NA
10,2017-08-24,North,BMM,3,L,12,1848,14:45:00,y,3,355,17,NA,NA,NA,NA,NA
10,2017-08-24,North,BMM,3,R,6.5,1831,14:45:00,n,3,NA,NA,NA,NA,NA,NA,NA
10,2017-08-24,North,BMM,3,R,14,2430,14:45:00,y,3,NA,34,NA,NA,NA,NA,NA
10,2017-08-24,North,BMM,3,R,19,2011,14:45:00,n,3,NA,NA,NA,NA,NA,NA,NA
10,2017-08-24,Second,BMM,1,L,1.5,1786,11:45:00,n,3,NA,NA,NA,NA,NA,NA,NA
10,2017-08-24,Second,BMM,1,L,8,1680,11:45:00,y,3,NA,13,NA,NA,NA,NA,NA
10,2017-08-24,Second,BMM,1,L,12,271,11:45:00,n,3,NA,NA,NA,NA,NA,NA,NA
10,2017-08-24,Second,BMM,2,L,3,2039,11:45:00,n,3,NA,NA,NA,NA,NA,NA,NA
10,2017-08-24,Second,BMM,2,L,9,2094,11:45:00,n,3,NA,NA,NA,NA,NA,NA,NA
10,2017-08-24,Second,BMM,3,L,0,2505,11:45:00,n,3,NA,NA,NA,NA,NA,NA,NA
10,2017-08-24,Second,BMM,3,L,2,2487,11:45:00,y,3,267,46,NA,NA,NA,NA,NA
10,2017-08-24,Second,BMM,3,L,8,276,11:45:00,y,3,205,32,NA,NA,NA,NA,NA
10,2017-08-24,Second,NAP,1,R,5,2113,11:45:00,n,3,NA,NA,NA,NA,NA,NA,NA
10,2017-08-24,Second,NAP,1,R,11.5,286,11:45:00,y,3,243,0,NA,NA,NA,NA,NA
10,2017-08-24,Second,NAP,1,R,16.1,2058,11:45:00,n,3,NA,NA,NA,NA,NA,NA,NA
10,2017-08-24,Second,NAP,2,R,7.5,2031,11:45:00,n,3,NA,NA,NA,NA,NA,NA,NA
10,2017-08-24,Second,NAP,2,R,11,279,11:45:00,n,3,NA,NA,NA,NA,NA,NA,NA
10,2017-08-24,Second,NAP,3,R,6,2028,11:45:00,y,3,310,10,NA,NA,NA,NA,NA
10,2017-08-24,Second,NAP,3,R,9,297,11:45:00,y,3,187,30,NA,NA,NA,NA,NA
10,2017-08-24,Second,NAP,3,R,16,287,11:45:00,y,3,196,5,NA,NA,NA,NA,NA
10,NA,Manley,OP,1,L,11,NA,NA,NA,2,NA,NA,NA,NA,NA,NA,NA
10,NA,Manley,OP,1,L,11,NA,NA,NA,3,NA,NA,NA,NA,NA,NA,NA
10,NA,Manley,OP,1,L,12,NA,NA,NA,2,NA,NA,NA,NA,NA,NA,NA
10,NA,Manley,OP,1,L,12,NA,NA,NA,3,NA,NA,NA,NA,NA,NA,NA
10,NA,Manley,OP,1,L,17,NA,NA,NA,2,NA,NA,NA,NA,NA,NA,NA
10,NA,Manley,OP,1,L,17,NA,NA,NA,3,NA,NA,NA,NA,NA,NA,NA
10,NA,Manley,OP,1,R,3,NA,NA,NA,2,NA,NA,NA,NA,NA,NA,NA
10,NA,Manley,OP,1,R,3,NA,NA,NA,3,NA,NA,NA,NA,NA,NA,NA
10,NA,Manley,OP,1,R,11,NA,NA,NA,2,NA,NA,NA,NA,NA,NA,NA
10,NA,Manley,OP,1,R,11,NA,NA,NA,2,NA,NA,NA,NA,NA,NA,NA
10,NA,Manley,OP,1,R,11,NA,NA,NA,3,NA,NA,NA,NA,NA,NA,NA
10,NA,Manley,OP,1,R,11,NA,NA,NA,3,NA,NA,NA,NA,NA,NA,NA
10,NA,Manley,OP,2,L,3,NA,NA,NA,2,NA,NA,NA,NA,NA,NA,NA
10,NA,Manley,OP,2,L,3,NA,NA,NA,3,NA,NA,NA,NA,NA,NA,NA
10,NA,Manley,OP,2,L,10,NA,NA,NA,2,NA,NA,NA,NA,NA,NA,NA
10,NA,Manley,OP,2,L,10,NA,NA,NA,3,NA,NA,NA,NA,NA,NA,NA
10,NA,Manley,OP,2,L,14.5,NA,NA,NA,2,NA,NA,NA,NA,NA,NA,NA
10,NA,Manley,OP,2,L,14.5,NA,NA,NA,2,NA,NA,NA,NA,NA,NA,NA
10,NA,Manley,OP,2,L,14.5,NA,NA,NA,3,NA,NA,NA,NA,NA,NA,NA
10,NA,Manley,OP,2,L,14.5,NA,NA,NA,3,NA,NA,NA,NA,NA,NA,NA
10,NA,Manley,OP,2,R,5.5,NA,NA,NA,2,NA,NA,NA,NA,NA,NA,NA
10,NA,Manley,OP,2,R,5.5,NA,NA,NA,3,NA,NA,NA,NA,NA,NA,NA
10,NA,Manley,OP,2,R,8,NA,NA,NA,2,NA,NA,NA,NA,NA,NA,NA
10,NA,Manley,OP,2,R,8,NA,NA,NA,3,NA,NA,NA,NA,NA,NA,NA
10,NA,Manley,OP,2,R,11,NA,NA,NA,2,NA,NA,NA,NA,NA,NA,NA
10,NA,Manley,OP,2,R,11,NA,NA,NA,3,NA,NA,NA,NA,NA,NA,NA
10,NA,Manley,OP,2,R,16,NA,NA,NA,2,NA,NA,NA,NA,NA,NA,NA
10,NA,Manley,OP,2,R,16,NA,NA,NA,3,NA,NA,NA,NA,NA,NA,NA
10,NA,Manley,OP,3,L,13,NA,NA,NA,2,NA,NA,NA,NA,NA,NA,NA
10,NA,Manley,OP,3,L,13,NA,NA,NA,3,NA,NA,NA,NA,NA,NA,NA
10,NA,Manley,OP,3,L,18,NA,NA,NA,2,NA,NA,NA,NA,NA,NA,NA
10,NA,Manley,OP,3,L,18,NA,NA,NA,3,NA,NA,NA,NA,NA,NA,NA
10,NA,Manley,OP,3,R,3,NA,NA,NA,2,NA,NA,NA,NA,NA,NA,NA
10,NA,Manley,OP,3,R,3,NA,NA,NA,3,NA,NA,NA,NA,NA,NA,NA
10,NA,Manley,OP,3,R,10,NA,NA,NA,2,NA,NA,NA,NA,NA,NA,NA
10,NA,Manley,OP,3,R,10,NA,NA,NA,2,NA,NA,NA,NA,NA,NA,NA
10,NA,Manley,OP,3,R,10,NA,NA,NA,3,NA,NA,NA,NA,NA,NA,NA
10,NA,Manley,OP,3,R,10,NA,NA,NA,3,NA,NA,NA,NA,NA,NA,NA
10,NA,Manley,OP,3,R,13,NA,NA,NA,2,NA,NA,NA,NA,NA,NA,NA
10,NA,Manley,OP,3,R,13,NA,NA,NA,3,NA,NA,NA,NA,NA,NA,NA
10,NA,North,OP,1,L,0,NA,NA,NA,2,NA,NA,NA,NA,NA,NA,NA
10,NA,North,OP,1,L,0,NA,NA,NA,2,NA,NA,NA,NA,NA,NA,NA
10,NA,North,OP,1,L,0,NA,NA,NA,3,NA,NA,NA,NA,NA,NA,NA
10,NA,North,OP,1,L,0,NA,NA,NA,3,NA,NA,NA,NA,NA,NA,NA
10,NA,North,OP,1,L,1,NA,NA,NA,2,NA,NA,NA,NA,NA,NA,NA
10,NA,North,OP,1,L,1,NA,NA,NA,2,NA,NA,NA,NA,NA,NA,NA
10,NA,North,OP,1,L,1,NA,NA,NA,2,NA,NA,NA,NA,NA,NA,NA
10,NA,North,OP,1,L,1,NA,NA,NA,3,NA,NA,NA,NA,NA,NA,NA
10,NA,North,OP,1,L,1,NA,NA,NA,3,NA,NA,NA,NA,NA,NA,NA
10,NA,North,OP,1,L,1,NA,NA,NA,3,NA,NA,NA,NA,NA,NA,NA
10,NA,North,OP,1,L,3,NA,NA,NA,2,NA,NA,NA,NA,NA,NA,NA
10,NA,North,OP,1,L,3,NA,NA,NA,3,NA,NA,NA,NA,NA,NA,NA
10,NA,North,OP,1,L,4,NA,NA,NA,2,NA,NA,NA,NA,NA,NA,NA
10,NA,North,OP,1,L,4,NA,NA,NA,3,NA,NA,NA,NA,NA,NA,NA
10,NA,North,OP,1,R,1,NA,NA,NA,2,NA,NA,NA,NA,NA,NA,NA
10,NA,North,OP,1,R,1,NA,NA,NA,3,NA,NA,NA,NA,NA,NA,NA
10,NA,North,OP,1,R,2,NA,NA,NA,2,NA,NA,NA,NA,NA,NA,NA
10,NA,North,OP,1,R,2,NA,NA,NA,2,NA,NA,NA,NA,NA,NA,NA
10,NA,North,OP,1,R,2,NA,NA,NA,3,NA,NA,NA,NA,NA,NA,NA
10,NA,North,OP,1,R,2,NA,NA,NA,3,NA,NA,NA,NA,NA,NA,NA
10,NA,North,OP,1,R,3,NA,NA,NA,2,NA,NA,NA,NA,NA,NA,NA
10,NA,North,OP,1,R,3,NA,NA,NA,3,NA,NA,NA,NA,NA,NA,NA
10,NA,North,OP,1,R,4,NA,NA,NA,2,NA,NA,NA,NA,NA,NA,NA
10,NA,North,OP,1,R,4,NA,NA,NA,3,NA,NA,NA,NA,NA,NA,NA
10,NA,North,OP,1,R,10,NA,NA,NA,2,NA,NA,NA,NA,NA,NA,NA
10,NA,North,OP,1,R,10,NA,NA,NA,2,NA,NA,NA,NA,NA,NA,NA
10,NA,North,OP,1,R,10,NA,NA,NA,3,NA,NA,NA,NA,NA,NA,NA
10,NA,North,OP,1,R,10,NA,NA,NA,3,NA,NA,NA,NA,NA,NA,NA
10,NA,North,OP,1,R,17,NA,NA,NA,2,NA,NA,NA,NA,NA,NA,NA
10,NA,North,OP,1,R,17,NA,NA,NA,3,NA,NA,NA,NA,NA,NA,NA
10,NA,North,OP,2,L,10,NA,NA,NA,2,NA,NA,NA,NA,NA,NA,NA
10,NA,North,OP,2,L,10,NA,NA,NA,2,NA,NA,NA,NA,NA,NA,NA
10,NA,North,OP,2,L,10,NA,NA,NA,3,NA,NA,NA,NA,NA,NA,NA
10,NA,North,OP,2,L,10,NA,NA,NA,3,NA,NA,NA,NA,NA,NA,NA
10,NA,North,OP,2,L,18,NA,NA,NA,2,NA,NA,NA,NA,NA,NA,NA
10,NA,North,OP,2,L,18,NA,NA,NA,2,NA,NA,NA,NA,NA,NA,NA
10,NA,North,OP,2,L,18,NA,NA,NA,3,NA,NA,NA,NA,NA,NA,NA
10,NA,North,OP,2,L,18,NA,NA,NA,3,NA,NA,NA,NA,NA,NA,NA
10,NA,North,OP,2,L,20,NA,NA,NA,2,NA,NA,NA,NA,NA,NA,NA
10,NA,North,OP,2,L,20,NA,NA,NA,2,NA,NA,NA,NA,NA,NA,NA
10,NA,North,OP,2,L,20,NA,NA,NA,2,NA,NA,NA,NA,NA,NA,NA
10,NA,North,OP,2,L,20,NA,NA,NA,3,NA,NA,NA,NA,NA,NA,NA
10,NA,North,OP,2,L,20,NA,NA,NA,3,NA,NA,NA,NA,NA,NA,NA
10,NA,North,OP,2,L,20,NA,NA,NA,3,NA,NA,NA,NA,NA,NA,NA
10,NA,North,OP,2,R,0,NA,NA,NA,2,NA,NA,NA,NA,NA,NA,NA
10,NA,North,OP,2,R,0,NA,NA,NA,3,NA,NA,NA,NA,NA,NA,NA
10,NA,North,OP,2,R,2,NA,NA,NA,2,NA,NA,NA,NA,NA,NA,NA
10,NA,North,OP,2,R,2,NA,NA,NA,3,NA,NA,NA,NA,NA,NA,NA
10,NA,North,OP,2,R,3,NA,NA,NA,2,NA,NA,NA,NA,NA,NA,NA
10,NA,North,OP,2,R,3,NA,NA,NA,3,NA,NA,NA,NA,NA,NA,NA
10,NA,North,OP,2,R,4,NA,NA,NA,2,NA,NA,NA,NA,NA,NA,NA
10,NA,North,OP,2,R,4,NA,NA,NA,3,NA,NA,NA,NA,NA,NA,NA
10,NA,North,OP,2,R,5,NA,NA,NA,2,NA,NA,NA,NA,NA,NA,NA
10,NA,North,OP,2,R,5,NA,NA,NA,2,NA,NA,NA,NA,NA,NA,NA
10,NA,North,OP,2,R,5,NA,NA,NA,3,NA,NA,NA,NA,NA,NA,NA
10,NA,North,OP,2,R,5,NA,NA,NA,3,NA,NA,NA,NA,NA,NA,NA
10,NA,North,OP,2,R,7,NA,NA,NA,2,NA,NA,NA,NA,NA,NA,NA
10,NA,North,OP,2,R,7,NA,NA,NA,3,NA,NA,NA,NA,NA,NA,NA
10,NA,North,OP,2,R,9,NA,NA,NA,2,NA,NA,NA,NA,NA,NA,NA
10,NA,North,OP,2,R,9,NA,NA,NA,3,NA,NA,NA,NA,NA,NA,NA
10,NA,North,OP,3,L,15,NA,NA,NA,2,NA,NA,NA,NA,NA,NA,NA
10,NA,North,OP,3,L,15,NA,NA,NA,2,NA,NA,NA,NA,NA,NA,NA
10,NA,North,OP,3,L,15,NA,NA,NA,2,NA,NA,NA,NA,NA,NA,NA
10,NA,North,OP,3,L,15,NA,NA,NA,3,NA,NA,NA,NA,NA,NA,NA
10,NA,North,OP,3,L,15,NA,NA,NA,3,NA,NA,NA,NA,NA,NA,NA
10,NA,North,OP,3,L,15,NA,NA,NA,3,NA,NA,NA,NA,NA,NA,NA
10,NA,North,OP,3,L,17,NA,NA,NA,2,NA,NA,NA,NA,NA,NA,NA
10,NA,North,OP,3,L,17,NA,NA,NA,3,NA,NA,NA,NA,NA,NA,NA
10,NA,North,OP,3,L,19,NA,NA,NA,2,NA,NA,NA,NA,NA,NA,NA
10,NA,North,OP,3,L,19,NA,NA,NA,3,NA,NA,NA,NA,NA,NA,NA
10,NA,North,OP,3,L,20,NA,NA,NA,2,NA,NA,NA,NA,NA,NA,NA
10,NA,North,OP,3,L,20,NA,NA,NA,2,NA,NA,NA,NA,NA,NA,NA
10,NA,North,OP,3,L,20,NA,NA,NA,2,NA,NA,NA,NA,NA,NA,NA
10,NA,North,OP,3,L,20,NA,NA,NA,3,NA,NA,NA,NA,NA,NA,NA
10,NA,North,OP,3,L,20,NA,NA,NA,3,NA,NA,NA,NA,NA,NA,NA
10,NA,North,OP,3,L,20,NA,NA,NA,3,NA,NA,NA,NA,NA,NA,NA
10,NA,North,OP,3,R,0,NA,NA,NA,2,NA,NA,NA,NA,NA,NA,NA
10,NA,North,OP,3,R,0,NA,NA,NA,2,NA,NA,NA,NA,NA,NA,NA
10,NA,North,OP,3,R,0,NA,NA,NA,3,NA,NA,NA,NA,NA,NA,NA
10,NA,North,OP,3,R,0,NA,NA,NA,3,NA,NA,NA,NA,NA,NA,NA
10,NA,North,OP,3,R,1,NA,NA,NA,2,NA,NA,NA,NA,NA,NA,NA
10,NA,North,OP,3,R,1,NA,NA,NA,3,NA,NA,NA,NA,NA,NA,NA
10,NA,North,OP,3,R,7,NA,NA,NA,2,NA,NA,NA,NA,NA,NA,NA
10,NA,North,OP,3,R,7,NA,NA,NA,2,NA,NA,NA,NA,NA,NA,NA
10,NA,North,OP,3,R,7,NA,NA,NA,3,NA,NA,NA,NA,NA,NA,NA
10,NA,North,OP,3,R,7,NA,NA,NA,3,NA,NA,NA,NA,NA,NA,NA
10,NA,North,OP,3,R,10,NA,NA,NA,2,NA,NA,NA,NA,NA,NA,NA
10,NA,North,OP,3,R,10,NA,NA,NA,3,NA,NA,NA,NA,NA,NA,NA
10,NA,North,OP,3,R,12,NA,NA,NA,2,NA,NA,NA,NA,NA,NA,NA
10,NA,North,OP,3,R,12,NA,NA,NA,3,NA,NA,NA,NA,NA,NA,NA
10,NA,Second,OP,1,L,12,NA,NA,NA,2,NA,NA,NA,NA,NA,NA,NA
10,NA,Second,OP,1,L,12,NA,NA,NA,3,NA,NA,NA,NA,NA,NA,NA
10,NA,Second,OP,1,L,13,NA,NA,NA,2,NA,NA,NA,NA,NA,NA,NA
10,NA,Second,OP,1,L,13,NA,NA,NA,2,NA,NA,NA,NA,NA,NA,NA
10,NA,Second,OP,1,L,13,NA,NA,NA,3,NA,NA,NA,NA,NA,NA,NA
10,NA,Second,OP,1,L,13,NA,NA,NA,3,NA,NA,NA,NA,NA,NA,NA
10,NA,Second,OP,1,L,14,NA,NA,NA,2,NA,NA,NA,NA,NA,NA,NA
10,NA,Second,OP,1,L,14,NA,NA,NA,2,NA,NA,NA,NA,NA,NA,NA
10,NA,Second,OP,1,L,14,NA,NA,NA,3,NA,NA,NA,NA,NA,NA,NA
10,NA,Second,OP,1,L,14,NA,NA,NA,3,NA,NA,NA,NA,NA,NA,NA
10,NA,Second,OP,1,L,20,NA,NA,NA,2,NA,NA,NA,NA,NA,NA,NA
10,NA,Second,OP,1,L,20,NA,NA,NA,2,NA,NA,NA,NA,NA,NA,NA
10,NA,Second,OP,1,L,20,NA,NA,NA,3,NA,NA,NA,NA,NA,NA,NA
10,NA,Second,OP,1,L,20,NA,NA,NA,3,NA,NA,NA,NA,NA,NA,NA
10,NA,Second,OP,1,R,2,NA,NA,NA,2,NA,NA,NA,NA,NA,NA,NA
10,NA,Second,OP,1,R,2,NA,NA,NA,3,NA,NA,NA,NA,NA,NA,NA
10,NA,Second,OP,1,R,3,NA,NA,NA,2,NA,NA,NA,NA,NA,NA,NA
10,NA,Second,OP,1,R,3,NA,NA,NA,3,NA,NA,NA,NA,NA,NA,NA
10,NA,Second,OP,1,R,4,NA,NA,NA,2,NA,NA,NA,NA,NA,NA,NA
10,NA,Second,OP,1,R,4,NA,NA,NA,3,NA,NA,NA,NA,NA,NA,NA
10,NA,Second,OP,1,R,5,NA,NA,NA,2,NA,NA,NA,NA,NA,NA,NA
10,NA,Second,OP,1,R,5,NA,NA,NA,3,NA,NA,NA,NA,NA,NA,NA
10,NA,Second,OP,1,R,8,NA,NA,NA,2,NA,NA,NA,NA,NA,NA,NA
10,NA,Second,OP,1,R,8,NA,NA,NA,3,NA,NA,NA,NA,NA,NA,NA
10,NA,Second,OP,1,R,9,NA,NA,NA,2,NA,NA,NA,NA,NA,NA,NA
10,NA,Second,OP,1,R,9,NA,NA,NA,2,NA,NA,NA,NA,NA,NA,NA
10,NA,Second,OP,1,R,9,NA,NA,NA,2,NA,NA,NA,NA,NA,NA,NA
10,NA,Second,OP,1,R,9,NA,NA,NA,3,NA,NA,NA,NA,NA,NA,NA
10,NA,Second,OP,1,R,9,NA,NA,NA,3,NA,NA,NA,NA,NA,NA,NA
10,NA,Second,OP,1,R,9,NA,NA,NA,3,NA,NA,NA,NA,NA,NA,NA
10,NA,Second,OP,2,L,20,NA,NA,NA,2,NA,NA,NA,NA,NA,NA,NA
10,NA,Second,OP,2,L,20,NA,NA,NA,3,NA,NA,NA,NA,NA,NA,NA
10,NA,Second,OP,2,R,4,NA,NA,NA,2,NA,NA,NA,NA,NA,NA,NA
10,NA,Second,OP,2,R,4,NA,NA,NA,3,NA,NA,NA,NA,NA,NA,NA
10,NA,Second,OP,2,R,6,NA,NA,NA,2,NA,NA,NA,NA,NA,NA,NA
10,NA,Second,OP,2,R,6,NA,NA,NA,3,NA,NA,NA,NA,NA,NA,NA
10,NA,Second,OP,2,R,11,NA,NA,NA,2,NA,NA,NA,NA,NA,NA,NA
10,NA,Second,OP,2,R,11,NA,NA,NA,3,NA,NA,NA,NA,NA,NA,NA
10,NA,Second,OP,2,R,14,NA,NA,NA,2,NA,NA,NA,NA,NA,NA,NA
10,NA,Second,OP,2,R,14,NA,NA,NA,3,NA,NA,NA,NA,NA,NA,NA
10,NA,Second,OP,2,R,17,NA,NA,NA,2,NA,NA,NA,NA,NA,NA,NA
10,NA,Second,OP,2,R,17,NA,NA,NA,3,NA,NA,NA,NA,NA,NA,NA
10,NA,Second,OP,2,R,19,NA,NA,NA,2,NA,NA,NA,NA,NA,NA,NA
10,NA,Second,OP,2,R,19,NA,NA,NA,3,NA,NA,NA,NA,NA,NA,NA
10,NA,Second,OP,2,R,20,NA,NA,NA,2,NA,NA,NA,NA,NA,NA,NA
10,NA,Second,OP,2,R,20,NA,NA,NA,3,NA,NA,NA,NA,NA,NA,NA
10,NA,Second,OP,3,L,5,NA,NA,NA,2,NA,NA,NA,NA,NA,NA,NA
10,NA,Second,OP,3,L,5,NA,NA,NA,3,NA,NA,NA,NA,NA,NA,NA
10,NA,Second,OP,3,L,8,NA,NA,NA,2,NA,NA,NA,NA,NA,NA,NA
10,NA,Second,OP,3,L,8,NA,NA,NA,2,NA,NA,NA,NA,NA,NA,NA
10,NA,Second,OP,3,L,8,NA,NA,NA,2,NA,NA,NA,NA,NA,NA,NA
10,NA,Second,OP,3,L,8,NA,NA,NA,3,NA,NA,NA,NA,NA,NA,NA
10,NA,Second,OP,3,L,8,NA,NA,NA,3,NA,NA,NA,NA,NA,NA,NA
10,NA,Second,OP,3,L,8,NA,NA,NA,3,NA,NA,NA,NA,NA,NA,NA
10,NA,Second,OP,3,L,13,NA,NA,NA,2,NA,NA,NA,NA,NA,NA,NA
10,NA,Second,OP,3,L,13,NA,NA,NA,3,NA,NA,NA,NA,NA,NA,NA
10,NA,Second,OP,3,R,0,NA,NA,NA,2,NA,NA,NA,NA,NA,NA,NA
10,NA,Second,OP,3,R,0,NA,NA,NA,3,NA,NA,NA,NA,NA,NA,NA
10,NA,Second,OP,3,R,6,NA,NA,NA,2,NA,NA,NA,NA,NA,NA,NA
10,NA,Second,OP,3,R,6,NA,NA,NA,2,NA,NA,NA,NA,NA,NA,NA
10,NA,Second,OP,3,R,6,NA,NA,NA,2,NA,NA,NA,NA,NA,NA,NA
10,NA,Second,OP,3,R,6,NA,NA,NA,2,NA,NA,NA,NA,NA,NA,NA
10,NA,Second,OP,3,R,6,NA,NA,NA,3,NA,NA,NA,NA,NA,NA,NA
10,NA,Second,OP,3,R,6,NA,NA,NA,3,NA,NA,NA,NA,NA,NA,NA
10,NA,Second,OP,3,R,6,NA,NA,NA,3,NA,NA,NA,NA,NA,NA,NA
10,NA,Second,OP,3,R,6,NA,NA,NA,3,NA,NA,NA,NA,NA,NA,NA
10,NA,Second,OP,3,R,8,NA,NA,NA,2,NA,NA,NA,NA,NA,NA,NA
10,NA,Second,OP,3,R,8,NA,NA,NA,3,NA,NA,NA,NA,NA,NA,NA
10,NA,Second,OP,3,R,12,NA,NA,NA,2,NA,NA,NA,NA,NA,NA,NA
10,NA,Second,OP,3,R,12,NA,NA,NA,3,NA,NA,NA,NA,NA,NA,NA
10,NA,Second,OP,3,R,17,NA,NA,NA,2,NA,NA,NA,NA,NA,NA,NA
10,NA,Second,OP,3,R,17,NA,NA,NA,3,NA,NA,NA,NA,NA,NA,NA
11,2017-08-24,North,KH,1,L,1,298,15:00:00,y,1,463,NA,13,40,37,NA,L
11,2017-08-24,North,KH,1,L,2.5,1957,15:00:00,y,1,447,NA,12,37,49,NA,0
11,2017-08-24,North,KH,1,L,8,2538,15:00:00,y,1,412,NA,13,40,38,NA,0
11,2017-08-24,North,KH,1,R,5,2013,15:00:00,y,1,430,NA,15,49,39,NA,0
11,2017-08-24,North,KH,1,R,15,2536,15:00:00,y,1,359,NA,3,9,15,NA,0
11,2017-08-24,North,KH,2,R,9,2530,15:00:00,y,1,357,NA,15,49,61,NA,0
11,2017-08-24,North,KH,2,R,17,2529,15:00:00,y,1,578,NA,12,31,25,NA,0
11,2017-08-24,North,KH,3,L,18.5,280,15:00:00,y,1,274,NA,9,22,30,NA,0
11,2017-08-24,North,NAP,2,L,6,303,15:00:00,y,1,312,NA,6,18,60,NA,0
11,2017-08-24,North,NAP,2,L,9,2528,15:00:00,y,1,465,NA,17,56,67,NA,0
11,2017-08-24,North,NAP,2,L,17,2525,15:00:00,y,1,542,NA,11,32,57,NA,L
11,2017-08-24,North,NAP,3,L,2,270,15:00:00,y,1,419,NA,9,27,23,NA,0
11,2017-08-24,North,NAP,3,L,9,2479,15:00:00,y,1,450,NA,22,66,81,NA,0
11,2017-08-24,North,NAP,3,R,7,2106,15:00:00,y,1,313,NA,18,54,59,NA,0
11,2017-08-24,North,NAP,3,R,16.5,283,15:00:00,y,1,564,NA,12,36,47,NA,L
11,2017-08-24,Second,KH,1,L,4.5,2411,11:45:00,y,1,558,NA,11,28,25,NA,L
11,2017-08-24,Second,KH,1,L,17,2085.1,11:45:00,y,1,257,NA,12,33,40,NA,0
11,2017-08-24,Second,KH,1,R,3.5,1163,11:45:00,y,1,187,NA,20,69,54,NA,0
11,2017-08-24,Second,KH,1,R,8.5,2136,11:45:00,y,1,455,NA,9,22,29,NA,0
11,2017-08-24,Second,KH,1,R,10,1719,11:45:00,y,1,434,NA,7,21,17,NA,0
11,2017-08-24,Second,KH,1,R,11.8,2062,11:45:00,y,1,230,NA,3,10,31,NA,0
11,2017-08-24,Second,KH,2,R,7.2,292,11:45:00,y,1,179,NA,15,51,46,NA,0
11,2017-08-24,Second,NAP,2,L,16,275,11:45:00,y,1,286,NA,5,15,35,NA,0
11,2017-08-24,Second,NAP,3,L,8,269,11:45:00,y,1,297,NA,20,62,66,NA,0
11,2017-08-24,Second,NAP,3,L,8,1760.1,11:45:00,y,1,208,NA,9,28,29,NA,0
11,2017-08-24,Second,NAP,3,L,17,2105,11:45:00,y,1,177,NA,33,69,60,NA,0
11,2017-08-24,Second,NAP,3,R,4,300,11:45:00,y,1,102,NA,30,60,53,NA,0
11,2017-08-24,Second,NAP,3,R,6,1877,11:45:00,y,1,266,NA,6,18,17,NA,0
11,2017-08-24,Second,NAP,3,R,9,2090,11:45:00,y,1,190,NA,9,29,48,NA,0
11,2017-08-26,North,OP,1,L,NA,NA,NA,NA,1,309,NA,NA,NA,0,NA,NA
11,2017-08-26,North,OP,1,L,NA,NA,NA,NA,1,319,NA,NA,NA,85,NA,0
11,2017-08-26,North,OP,1,L,NA,NA,NA,NA,1,381,NA,NA,NA,115,NA,0
11,2017-08-26,North,OP,1,L,NA,NA,NA,NA,1,394,NA,NA,NA,40,NA,L
11,2017-08-26,North,OP,1,L,NA,NA,NA,NA,1,400,NA,NA,NA,55,NA,L
11,2017-08-26,North,OP,1,L,NA,NA,NA,NA,1,420,NA,NA,NA,45,NA,L
11,2017-08-26,North,OP,1,L,NA,NA,NA,NA,1,426,NA,NA,NA,60,NA,0
11,2017-08-26,North,OP,1,L,NA,NA,NA,NA,1,582,NA,NA,NA,40,NA,L
11,2017-08-26,North,OP,1,L,NA,NA,NA,NA,1,588,NA,NA,NA,40,NA,0
11,2017-08-26,North,OP,1,L,NA,NA,NA,NA,1,589,NA,NA,NA,30,NA,H
11,2017-08-26,North,OP,1,L,NA,NA,NA,NA,1,700,NA,NA,NA,40,NA,H
11,2017-08-26,North,OP,1,R,NA,NA,NA,NA,1,139,NA,NA,NA,0,NA,NA
11,2017-08-26,North,OP,1,R,NA,NA,NA,NA,1,280,NA,NA,NA,40,NA,L
11,2017-08-26,North,OP,1,R,NA,NA,NA,NA,1,508,NA,NA,NA,80,NA,0
11,2017-08-26,North,OP,1,R,NA,NA,NA,NA,1,712,NA,NA,NA,30,NA,H
11,2017-08-26,North,OP,2,L,NA,NA,NA,NA,1,307,NA,NA,NA,90,NA,0
11,2017-08-26,North,OP,2,L,NA,NA,NA,NA,1,369,NA,NA,NA,70,NA,0
11,2017-08-26,North,OP,2,L,NA,NA,NA,NA,1,414,NA,NA,NA,72,NA,0
11,2017-08-26,North,OP,2,L,NA,NA,NA,NA,1,445,NA,NA,NA,50,NA,0
11,2017-08-26,North,OP,2,L,NA,NA,NA,NA,1,506,NA,NA,NA,0,NA,NA
11,2017-08-26,North,OP,2,L,NA,NA,NA,NA,1,554,NA,NA,NA,50,NA,0
11,2017-08-26,North,OP,2,R,NA,NA,NA,NA,1,288,NA,NA,NA,0,NA,NA
11,2017-08-26,North,OP,2,R,NA,NA,NA,NA,1,317,NA,NA,NA,0,NA,NA
11,2017-08-26,North,OP,2,R,NA,NA,NA,NA,1,317,NA,NA,NA,0,NA,NA
11,2017-08-26,North,OP,2,R,NA,NA,NA,NA,1,324,NA,NA,NA,50,NA,0
11,2017-08-26,North,OP,2,R,NA,NA,NA,NA,1,372,NA,NA,NA,0,NA,0
11,2017-08-26,North,OP,2,R,NA,NA,NA,NA,1,374,NA,NA,NA,60,NA,0
11,2017-08-26,North,OP,2,R,NA,NA,NA,NA,1,414,NA,NA,NA,44,NA,H
11,2017-08-26,North,OP,2,R,NA,NA,NA,NA,1,420,NA,NA,NA,45,NA,0
11,2017-08-26,North,OP,2,R,NA,NA,NA,NA,1,424,NA,NA,NA,40,NA,L
11,2017-08-26,North,OP,3,L,NA,NA,NA,NA,1,385,NA,NA,NA,103,NA,0
11,2017-08-26,North,OP,3,L,NA,NA,NA,NA,1,404,NA,NA,NA,0,NA,NA
11,2017-08-26,North,OP,3,L,NA,NA,NA,NA,1,439,NA,NA,NA,76,NA,0
11,2017-08-26,North,OP,3,L,NA,NA,NA,NA,1,444,NA,NA,NA,45,NA,0
11,2017-08-26,North,OP,3,L,NA,NA,NA,NA,1,447,NA,NA,NA,30,NA,0
11,2017-08-26,North,OP,3,L,NA,NA,NA,NA,1,452,NA,NA,NA,0,NA,NA
11,2017-08-26,North,OP,3,R,NA,NA,NA,NA,1,328,NA,NA,NA,0,NA,NA
11,2017-08-26,North,OP,3,R,NA,NA,NA,NA,1,400,NA,NA,NA,0,NA,NA
11,2017-08-26,North,OP,3,R,NA,NA,NA,NA,1,434,NA,NA,NA,30,NA,0
11,2017-08-26,North,OP,3,R,NA,NA,NA,NA,1,452,NA,NA,NA,0,NA,NA
11,2017-08-26,North,OP,3,R,NA,NA,NA,NA,1,459,NA,NA,NA,68,NA,0
11,2017-08-26,North,OP,3,R,NA,NA,NA,NA,1,476,NA,NA,NA,0,NA,NA
11,2017-08-26,North,OP,3,R,NA,NA,NA,NA,1,550,NA,NA,NA,0,NA,NA
11,2017-08-26,North,OP,3,R,NA,NA,NA,NA,1,599,NA,NA,NA,35,NA,H
11,2017-08-26,North,OP,3,R,NA,NA,NA,NA,1,618,NA,NA,NA,30,NA,L
11,2017-08-28,North,KH,1,L,1,298,15:00:00,y,2,NA,34,18,40,NA,NA,NA
11,2017-08-28,North,KH,1,L,2.5,1957,15:00:00,y,2,NA,29,21,44,NA,NA,NA
11,2017-08-28,North,KH,1,L,8,2538,15:00:00,y,2,NA,26,18,37,NA,NA,NA
11,2017-08-28,North,KH,1,R,5,2013,15:00:00,y,2,NA,33,23,51,NA,NA,NA
11,2017-08-28,North,KH,1,R,15,2536,15:00:00,y,2,NA,0,NA,NA,NA,NA,NA
11,2017-08-28,North,KH,2,R,9,2530,15:00:00,y,2,NA,32,21,44,NA,NA,NA
11,2017-08-28,North,KH,2,R,17,2529,15:00:00,y,2,NA,21,15,34,NA,NA,NA
11,2017-08-28,North,KH,3,L,18.5,280,15:00:00,y,2,NA,7,10,11,NA,NA,NA
11,2017-08-28,North,NAP,2,L,6,303,15:00:00,y,2,NA,30,9,26,NA,NA,NA
11,2017-08-28,North,NAP,2,L,9,2528,15:00:00,y,2,NA,4,NA,NA,NA,NA,NA
11,2017-08-28,North,NAP,2,L,17,2525,15:00:00,y,2,NA,42,22,35,NA,NA,NA
11,2017-08-28,North,NAP,3,L,2,270,15:00:00,y,2,NA,28,14,26,NA,NA,NA
11,2017-08-28,North,NAP,3,L,9,2479,15:00:00,y,2,NA,30,38,71,NA,NA,NA
11,2017-08-28,North,NAP,3,R,7,2106,15:00:00,y,2,NA,34,33,63,NA,NA,NA
11,2017-08-28,North,NAP,3,R,16.5,283,15:00:00,y,2,NA,23,22,45,NA,NA,NA
11,2017-08-28,Second,KH,1,L,4.5,2411,11:30:00,y,2,NA,59,16,28,NA,NA,NA
11,2017-08-28,Second,KH,1,L,17,2085.1,11:30:00,y,2,NA,27,NA,NA,NA,NA,NA
11,2017-08-28,Second,KH,1,R,3.5,1163,11:30:00,y,2,NA,24,25,27,NA,NA,NA
11,2017-08-28,Second,KH,1,R,8.5,2136,11:30:00,y,2,NA,51,14,23,NA,NA,NA
11,2017-08-28,Second,KH,1,R,10,1719,11:30:00,y,2,NA,39,8,21,NA,NA,NA
11,2017-08-28,Second,KH,1,R,11.8,2062,11:30:00,y,2,NA,26,4,8,NA,NA,NA
11,2017-08-28,Second,KH,2,R,7.2,292,11:30:00,y,2,NA,16,21,58,NA,NA,NA
11,2017-08-28,Second,NAP,2,L,16,275,11:30:00,y,2,NA,8,7,11,NA,NA,NA
11,2017-08-28,Second,NAP,3,L,8,269,11:30:00,y,2,NA,39,41,72,NA,NA,NA
11,2017-08-28,Second,NAP,3,L,8,1760.1,11:30:00,y,2,NA,23,12,30,NA,NA,NA
11,2017-08-28,Second,NAP,3,L,17,2105,11:30:00,n,2,NA,NA,NA,NA,NA,NA,NA
11,2017-08-28,Second,NAP,3,R,4,300,11:30:00,y,2,NA,12,58,86,NA,NA,NA
11,2017-08-28,Second,NAP,3,R,6,1877,11:30:00,y,2,NA,34,9,17,NA,NA,NA
11,2017-08-28,Second,NAP,3,R,9,2090,11:30:00,y,2,NA,28,10,22,NA,NA,NA
11,2017-08-28,Second,OP,1,L,NA,NA,NA,NA,1,254,NA,NA,NA,30,NA,0
11,2017-08-28,Second,OP,1,L,NA,NA,NA,NA,1,267,NA,NA,NA,0,NA,NA
11,2017-08-28,Second,OP,1,L,NA,NA,NA,NA,1,427,NA,NA,NA,10,NA,0
11,2017-08-28,Second,OP,1,L,NA,NA,NA,NA,1,445,NA,NA,NA,10,NA,0
11,2017-08-28,Second,OP,1,R,NA,NA,NA,NA,1,141,NA,NA,NA,0,NA,NA
11,2017-08-28,Second,OP,1,R,NA,NA,NA,NA,1,193,NA,NA,NA,0,NA,NA
11,2017-08-28,Second,OP,1,R,NA,NA,NA,NA,1,237,NA,NA,NA,45,NA,0
11,2017-08-28,Second,OP,1,R,NA,NA,NA,NA,1,291,NA,NA,NA,45,NA,0
11,2017-08-28,Second,OP,1,R,NA,NA,NA,NA,1,295,NA,NA,NA,0,NA,NA
11,2017-08-28,Second,OP,1,R,NA,NA,NA,NA,1,311,NA,NA,NA,75,NA,0
11,2017-08-28,Second,OP,1,R,NA,NA,NA,NA,1,335,NA,NA,NA,0,NA,NA
11,2017-08-28,Second,OP,1,R,NA,NA,NA,NA,1,438,NA,NA,NA,0,NA,NA
11,2017-08-28,Second,OP,1,R,NA,NA,NA,NA,1,441,NA,NA,NA,10,NA,0
11,2017-08-28,Second,OP,1,R,NA,NA,NA,NA,1,477,NA,NA,NA,40,NA,L
11,2017-08-28,Second,OP,1,R,NA,NA,NA,NA,1,492,NA,NA,NA,40,NA,0
11,2017-08-28,Second,OP,2,R,NA,NA,NA,NA,1,238,NA,NA,NA,50,NA,0
11,2017-08-28,Second,OP,2,R,NA,NA,NA,NA,1,258,NA,NA,NA,0,NA,NA
11,2017-08-28,Second,OP,2,R,NA,NA,NA,NA,1,368,NA,NA,NA,75,NA,0
11,2017-08-28,Second,OP,3,L,NA,NA,NA,NA,1,198,NA,NA,NA,55,NA,0
11,2017-08-28,Second,OP,3,L,NA,NA,NA,NA,1,304,NA,NA,NA,50,NA,0
11,2017-08-28,Second,OP,3,R,NA,NA,NA,NA,1,199,NA,NA,NA,0,NA,NA
11,2017-11-17,Second,KH,1,L,4.5,2411,13:30:00,n,3,NA,NA,NA,NA,NA,NA,NA
11,2017-11-17,Second,KH,1,L,17,2085.1,13:30:00,n,3,NA,NA,NA,NA,NA,NA,NA
11,2017-11-17,Second,KH,1,R,3.5,1163,13:30:00,n,3,NA,NA,NA,NA,NA,NA,NA
11,2017-11-17,Second,KH,1,R,8.5,2136,13:30:00,n,3,NA,NA,NA,NA,NA,NA,NA
11,2017-11-17,Second,KH,1,R,10,1719,13:30:00,n,3,NA,NA,NA,NA,NA,NA,NA
11,2017-11-17,Second,KH,1,R,11.8,2062,13:30:00,n,3,NA,NA,NA,NA,NA,NA,NA
11,2017-11-17,Second,KH,2,R,7.2,292,13:30:00,n,3,NA,NA,NA,NA,NA,NA,NA
11,2017-11-17,Second,NAP,2,L,16,275,13:30:00,n,3,NA,NA,NA,NA,NA,NA,NA
11,2017-11-17,Second,NAP,3,L,8,269,13:30:00,n,3,NA,NA,NA,NA,NA,NA,NA
11,2017-11-17,Second,NAP,3,L,8,1760.1,13:30:00,n,3,NA,NA,NA,NA,NA,NA,NA
11,2017-11-17,Second,NAP,3,L,17,2105,13:30:00,n,3,NA,NA,NA,NA,NA,NA,NA
11,2017-11-17,Second,NAP,3,R,4,300,13:30:00,n,3,NA,NA,NA,NA,NA,NA,NA
11,2017-11-17,Second,NAP,3,R,6,1877,13:30:00,n,3,NA,NA,NA,NA,NA,NA,NA
11,2017-11-17,Second,NAP,3,R,9,2090,13:30:00,n,3,NA,NA,NA,NA,NA,NA,NA
11,2017-11-20,North,KH,1,L,1,298,12:00:00,n,3,NA,NA,NA,NA,NA,NA,NA
11,2017-11-20,North,KH,1,L,2.5,1957,12:00:00,n,3,NA,NA,NA,NA,NA,NA,NA
11,2017-11-20,North,KH,1,L,8,2538,12:00:00,n,3,NA,NA,NA,NA,NA,NA,NA
11,2017-11-20,North,KH,1,R,5,2013,12:00:00,n,3,NA,NA,NA,NA,NA,NA,NA
11,2017-11-20,North,KH,1,R,15,2536,12:00:00,n,3,NA,NA,NA,NA,NA,NA,NA
11,2017-11-20,North,KH,2,R,9,2530,12:00:00,n,3,NA,NA,NA,NA,NA,NA,NA
11,2017-11-20,North,KH,2,R,17,2529,12:00:00,n,3,NA,NA,NA,NA,NA,NA,NA
11,2017-11-20,North,KH,3,L,18.5,280,12:00:00,n,3,NA,NA,NA,NA,NA,NA,NA
11,2017-11-20,North,NAP,2,L,6,303,12:00:00,n,3,NA,NA,NA,NA,NA,NA,NA
11,2017-11-20,North,NAP,2,L,9,2528,12:00:00,n,3,NA,NA,NA,NA,NA,NA,NA
11,2017-11-20,North,NAP,2,L,17,2525,12:00:00,y,3,549,3,NA,NA,NA,NA,NA
11,2017-11-20,North,NAP,3,L,2,270,12:00:00,n,3,NA,NA,NA,NA,NA,NA,NA
11,2017-11-20,North,NAP,3,L,9,2479,12:00:00,n,3,NA,NA,NA,NA,NA,NA,NA
11,2017-11-20,North,NAP,3,R,7,2106,12:00:00,n,3,NA,NA,NA,NA,NA,NA,NA
11,2017-11-20,North,NAP,3,R,16.5,283,12:00:00,y,3,597,3,NA,NA,NA,NA,NA
11,NA,North,OP,1,L,NA,NA,NA,NA,2,NA,NA,NA,NA,NA,NA,NA
11,NA,North,OP,1,L,NA,NA,NA,NA,2,NA,NA,NA,NA,NA,NA,NA
11,NA,North,OP,1,L,NA,NA,NA,NA,2,NA,NA,NA,NA,NA,NA,NA
11,NA,North,OP,1,L,NA,NA,NA,NA,2,NA,NA,NA,NA,NA,NA,NA
11,NA,North,OP,1,L,NA,NA,NA,NA,2,NA,NA,NA,NA,NA,NA,NA
11,NA,North,OP,1,L,NA,NA,NA,NA,2,NA,NA,NA,NA,NA,NA,NA
11,NA,North,OP,1,L,NA,NA,NA,NA,2,NA,NA,NA,NA,NA,NA,NA
11,NA,North,OP,1,L,NA,NA,NA,NA,2,NA,NA,NA,NA,NA,NA,NA
11,NA,North,OP,1,L,NA,NA,NA,NA,2,NA,NA,NA,NA,NA,NA,NA
11,NA,North,OP,1,L,NA,NA,NA,NA,2,NA,NA,NA,NA,NA,NA,NA
11,NA,North,OP,1,L,NA,NA,NA,NA,2,NA,NA,NA,NA,NA,NA,NA
11,NA,North,OP,1,L,NA,NA,NA,NA,3,NA,NA,NA,NA,NA,NA,NA
11,NA,North,OP,1,L,NA,NA,NA,NA,3,NA,NA,NA,NA,NA,NA,NA
11,NA,North,OP,1,L,NA,NA,NA,NA,3,NA,NA,NA,NA,NA,NA,NA
11,NA,North,OP,1,L,NA,NA,NA,NA,3,NA,NA,NA,NA,NA,NA,NA
11,NA,North,OP,1,L,NA,NA,NA,NA,3,NA,NA,NA,NA,NA,NA,NA
11,NA,North,OP,1,L,NA,NA,NA,NA,3,NA,NA,NA,NA,NA,NA,NA
11,NA,North,OP,1,L,NA,NA,NA,NA,3,NA,NA,NA,NA,NA,NA,NA
11,NA,North,OP,1,L,NA,NA,NA,NA,3,NA,NA,NA,NA,NA,NA,NA
11,NA,North,OP,1,L,NA,NA,NA,NA,3,NA,NA,NA,NA,NA,NA,NA
11,NA,North,OP,1,L,NA,NA,NA,NA,3,NA,NA,NA,NA,NA,NA,NA
11,NA,North,OP,1,L,NA,NA,NA,NA,3,NA,NA,NA,NA,NA,NA,NA
11,NA,North,OP,1,R,NA,NA,NA,NA,2,NA,NA,NA,NA,NA,NA,NA
11,NA,North,OP,1,R,NA,NA,NA,NA,2,NA,NA,NA,NA,NA,NA,NA
11,NA,North,OP,1,R,NA,NA,NA,NA,2,NA,NA,NA,NA,NA,NA,NA
11,NA,North,OP,1,R,NA,NA,NA,NA,2,NA,NA,NA,NA,NA,NA,NA
11,NA,North,OP,1,R,NA,NA,NA,NA,3,NA,NA,NA,NA,NA,NA,NA
11,NA,North,OP,1,R,NA,NA,NA,NA,3,NA,NA,NA,NA,NA,NA,NA
11,NA,North,OP,1,R,NA,NA,NA,NA,3,NA,NA,NA,NA,NA,NA,NA
11,NA,North,OP,1,R,NA,NA,NA,NA,3,NA,NA,NA,NA,NA,NA,NA
11,NA,North,OP,2,L,NA,NA,NA,NA,2,NA,NA,NA,NA,NA,NA,NA
11,NA,North,OP,2,L,NA,NA,NA,NA,2,NA,NA,NA,NA,NA,NA,NA
11,NA,North,OP,2,L,NA,NA,NA,NA,2,NA,NA,NA,NA,NA,NA,NA
11,NA,North,OP,2,L,NA,NA,NA,NA,2,NA,NA,NA,NA,NA,NA,NA
11,NA,North,OP,2,L,NA,NA,NA,NA,2,NA,NA,NA,NA,NA,NA,NA
11,NA,North,OP,2,L,NA,NA,NA,NA,2,NA,NA,NA,NA,NA,NA,NA
11,NA,North,OP,2,L,NA,NA,NA,NA,3,NA,NA,NA,NA,NA,NA,NA
11,NA,North,OP,2,L,NA,NA,NA,NA,3,NA,NA,NA,NA,NA,NA,NA
11,NA,North,OP,2,L,NA,NA,NA,NA,3,NA,NA,NA,NA,NA,NA,NA
11,NA,North,OP,2,L,NA,NA,NA,NA,3,NA,NA,NA,NA,NA,NA,NA
11,NA,North,OP,2,L,NA,NA,NA,NA,3,NA,NA,NA,NA,NA,NA,NA
11,NA,North,OP,2,L,NA,NA,NA,NA,3,NA,NA,NA,NA,NA,NA,NA
11,NA,North,OP,2,R,NA,NA,NA,NA,2,NA,NA,NA,NA,NA,NA,NA
11,NA,North,OP,2,R,NA,NA,NA,NA,2,NA,NA,NA,NA,NA,NA,NA
11,NA,North,OP,2,R,NA,NA,NA,NA,2,NA,NA,NA,NA,NA,NA,NA
11,NA,North,OP,2,R,NA,NA,NA,NA,2,NA,NA,NA,NA,NA,NA,NA
11,NA,North,OP,2,R,NA,NA,NA,NA,2,NA,NA,NA,NA,NA,NA,NA
11,NA,North,OP,2,R,NA,NA,NA,NA,2,NA,NA,NA,NA,NA,NA,NA
11,NA,North,OP,2,R,NA,NA,NA,NA,2,NA,NA,NA,NA,NA,NA,NA
11,NA,North,OP,2,R,NA,NA,NA,NA,2,NA,NA,NA,NA,NA,NA,NA
11,NA,North,OP,2,R,NA,NA,NA,NA,2,NA,NA,NA,NA,NA,NA,NA
11,NA,North,OP,2,R,NA,NA,NA,NA,3,NA,NA,NA,NA,NA,NA,NA
11,NA,North,OP,2,R,NA,NA,NA,NA,3,NA,NA,NA,NA,NA,NA,NA
11,NA,North,OP,2,R,NA,NA,NA,NA,3,NA,NA,NA,NA,NA,NA,NA
11,NA,North,OP,2,R,NA,NA,NA,NA,3,NA,NA,NA,NA,NA,NA,NA
11,NA,North,OP,2,R,NA,NA,NA,NA,3,NA,NA,NA,NA,NA,NA,NA
11,NA,North,OP,2,R,NA,NA,NA,NA,3,NA,NA,NA,NA,NA,NA,NA
11,NA,North,OP,2,R,NA,NA,NA,NA,3,NA,NA,NA,NA,NA,NA,NA
11,NA,North,OP,2,R,NA,NA,NA,NA,3,NA,NA,NA,NA,NA,NA,NA
11,NA,North,OP,2,R,NA,NA,NA,NA,3,NA,NA,NA,NA,NA,NA,NA
11,NA,North,OP,3,L,NA,NA,NA,NA,2,NA,NA,NA,NA,NA,NA,NA
11,NA,North,OP,3,L,NA,NA,NA,NA,2,NA,NA,NA,NA,NA,NA,NA
11,NA,North,OP,3,L,NA,NA,NA,NA,2,NA,NA,NA,NA,NA,NA,NA
11,NA,North,OP,3,L,NA,NA,NA,NA,2,NA,NA,NA,NA,NA,NA,NA
11,NA,North,OP,3,L,NA,NA,NA,NA,2,NA,NA,NA,NA,NA,NA,NA
11,NA,North,OP,3,L,NA,NA,NA,NA,2,NA,NA,NA,NA,NA,NA,NA
11,NA,North,OP,3,L,NA,NA,NA,NA,3,NA,NA,NA,NA,NA,NA,NA
11,NA,North,OP,3,L,NA,NA,NA,NA,3,NA,NA,NA,NA,NA,NA,NA
11,NA,North,OP,3,L,NA,NA,NA,NA,3,NA,NA,NA,NA,NA,NA,NA
11,NA,North,OP,3,L,NA,NA,NA,NA,3,NA,NA,NA,NA,NA,NA,NA
11,NA,North,OP,3,L,NA,NA,NA,NA,3,NA,NA,NA,NA,NA,NA,NA
11,NA,North,OP,3,L,NA,NA,NA,NA,3,NA,NA,NA,NA,NA,NA,NA
11,NA,North,OP,3,R,NA,NA,NA,NA,2,NA,NA,NA,NA,NA,NA,NA
11,NA,North,OP,3,R,NA,NA,NA,NA,2,NA,NA,NA,NA,NA,NA,NA
11,NA,North,OP,3,R,NA,NA,NA,NA,2,NA,NA,NA,NA,NA,NA,NA
11,NA,North,OP,3,R,NA,NA,NA,NA,2,NA,NA,NA,NA,NA,NA,NA
11,NA,North,OP,3,R,NA,NA,NA,NA,2,NA,NA,NA,NA,NA,NA,NA
11,NA,North,OP,3,R,NA,NA,NA,NA,2,NA,NA,NA,NA,NA,NA,NA
11,NA,North,OP,3,R,NA,NA,NA,NA,2,NA,NA,NA,NA,NA,NA,NA
11,NA,North,OP,3,R,NA,NA,NA,NA,2,NA,NA,NA,NA,NA,NA,NA
11,NA,North,OP,3,R,NA,NA,NA,NA,2,NA,NA,NA,NA,NA,NA,NA
11,NA,North,OP,3,R,NA,NA,NA,NA,3,NA,NA,NA,NA,NA,NA,NA
11,NA,North,OP,3,R,NA,NA,NA,NA,3,NA,NA,NA,NA,NA,NA,NA
11,NA,North,OP,3,R,NA,NA,NA,NA,3,NA,NA,NA,NA,NA,NA,NA
11,NA,North,OP,3,R,NA,NA,NA,NA,3,NA,NA,NA,NA,NA,NA,NA
11,NA,North,OP,3,R,NA,NA,NA,NA,3,NA,NA,NA,NA,NA,NA,NA
11,NA,North,OP,3,R,NA,NA,NA,NA,3,NA,NA,NA,NA,NA,NA,NA
11,NA,North,OP,3,R,NA,NA,NA,NA,3,NA,NA,NA,NA,NA,NA,NA
11,NA,North,OP,3,R,NA,NA,NA,NA,3,NA,NA,NA,NA,NA,NA,NA
11,NA,North,OP,3,R,NA,NA,NA,NA,3,NA,NA,NA,NA,NA,NA,NA
11,NA,Second,OP,1,L,NA,NA,NA,NA,2,NA,NA,NA,NA,NA,NA,NA
11,NA,Second,OP,1,L,NA,NA,NA,NA,2,NA,NA,NA,NA,NA,NA,NA
11,NA,Second,OP,1,L,NA,NA,NA,NA,2,NA,NA,NA,NA,NA,NA,NA
11,NA,Second,OP,1,L,NA,NA,NA,NA,2,NA,NA,NA,NA,NA,NA,NA
11,NA,Second,OP,1,L,NA,NA,NA,NA,3,NA,NA,NA,NA,NA,NA,NA
11,NA,Second,OP,1,L,NA,NA,NA,NA,3,NA,NA,NA,NA,NA,NA,NA
11,NA,Second,OP,1,L,NA,NA,NA,NA,3,NA,NA,NA,NA,NA,NA,NA
11,NA,Second,OP,1,L,NA,NA,NA,NA,3,NA,NA,NA,NA,NA,NA,NA
11,NA,Second,OP,1,R,NA,NA,NA,NA,2,NA,NA,NA,NA,NA,NA,NA
11,NA,Second,OP,1,R,NA,NA,NA,NA,2,NA,NA,NA,NA,NA,NA,NA
11,NA,Second,OP,1,R,NA,NA,NA,NA,2,NA,NA,NA,NA,NA,NA,NA
11,NA,Second,OP,1,R,NA,NA,NA,NA,2,NA,NA,NA,NA,NA,NA,NA
11,NA,Second,OP,1,R,NA,NA,NA,NA,2,NA,NA,NA,NA,NA,NA,NA
11,NA,Second,OP,1,R,NA,NA,NA,NA,2,NA,NA,NA,NA,NA,NA,NA
11,NA,Second,OP,1,R,NA,NA,NA,NA,2,NA,NA,NA,NA,NA,NA,NA
11,NA,Second,OP,1,R,NA,NA,NA,NA,2,NA,NA,NA,NA,NA,NA,NA
11,NA,Second,OP,1,R,NA,NA,NA,NA,2,NA,NA,NA,NA,NA,NA,NA
11,NA,Second,OP,1,R,NA,NA,NA,NA,2,NA,NA,NA,NA,NA,NA,NA
11,NA,Second,OP,1,R,NA,NA,NA,NA,2,NA,NA,NA,NA,NA,NA,NA
11,NA,Second,OP,1,R,NA,NA,NA,NA,3,NA,NA,NA,NA,NA,NA,NA
11,NA,Second,OP,1,R,NA,NA,NA,NA,3,NA,NA,NA,NA,NA,NA,NA
11,NA,Second,OP,1,R,NA,NA,NA,NA,3,NA,NA,NA,NA,NA,NA,NA
11,NA,Second,OP,1,R,NA,NA,NA,NA,3,NA,NA,NA,NA,NA,NA,NA
11,NA,Second,OP,1,R,NA,NA,NA,NA,3,NA,NA,NA,NA,NA,NA,NA
11,NA,Second,OP,1,R,NA,NA,NA,NA,3,NA,NA,NA,NA,NA,NA,NA
11,NA,Second,OP,1,R,NA,NA,NA,NA,3,NA,NA,NA,NA,NA,NA,NA
11,NA,Second,OP,1,R,NA,NA,NA,NA,3,NA,NA,NA,NA,NA,NA,NA
11,NA,Second,OP,1,R,NA,NA,NA,NA,3,NA,NA,NA,NA,NA,NA,NA
11,NA,Second,OP,1,R,NA,NA,NA,NA,3,NA,NA,NA,NA,NA,NA,NA
11,NA,Second,OP,1,R,NA,NA,NA,NA,3,NA,NA,NA,NA,NA,NA,NA
11,NA,Second,OP,2,R,NA,NA,NA,NA,2,NA,NA,NA,NA,NA,NA,NA
11,NA,Second,OP,2,R,NA,NA,NA,NA,2,NA,NA,NA,NA,NA,NA,NA
11,NA,Second,OP,2,R,NA,NA,NA,NA,2,NA,NA,NA,NA,NA,NA,NA
11,NA,Second,OP,2,R,NA,NA,NA,NA,3,NA,NA,NA,NA,NA,NA,NA
11,NA,Second,OP,2,R,NA,NA,NA,NA,3,NA,NA,NA,NA,NA,NA,NA
11,NA,Second,OP,2,R,NA,NA,NA,NA,3,NA,NA,NA,NA,NA,NA,NA
11,NA,Second,OP,3,L,NA,NA,NA,NA,2,NA,NA,NA,NA,NA,NA,NA
11,NA,Second,OP,3,L,NA,NA,NA,NA,2,NA,NA,NA,NA,NA,NA,NA
11,NA,Second,OP,3,L,NA,NA,NA,NA,3,NA,NA,NA,NA,NA,NA,NA
11,NA,Second,OP,3,L,NA,NA,NA,NA,3,NA,NA,NA,NA,NA,NA,NA
11,NA,Second,OP,3,R,NA,NA,NA,NA,2,NA,NA,NA,NA,NA,NA,NA
11,NA,Second,OP,3,R,NA,NA,NA,NA,3,NA,NA,NA,NA,NA,NA,NA
12,2017-11-17,Second,DVM,1,R,8,NA,NA,NA,1,577,NA,NA,NA,220,NA,L
12,2017-11-17,Second,DVM,2,R,14,NA,NA,NA,1,697,NA,NA,NA,300,NA,L
12,2017-11-17,Second,DVM,3,L,1.5,NA,NA,NA,1,403,NA,NA,NA,212,NA,L
12,2017-11-17,Second,DVM,3,L,5,NA,NA,NA,1,293,NA,NA,NA,173,NA,0
12,2017-11-23,North,DVM,1,L,10,NA,NA,NA,1,585,NA,NA,NA,180,NA,L
12,2017-11-23,North,DVM,1,L,11.5,NA,NA,NA,1,245,NA,NA,NA,0,NA,0
12,2017-11-23,North,DVM,1,R,5.5,NA,NA,NA,1,429,NA,NA,NA,124,NA,L
12,2017-11-23,North,DVM,2,L,16.5,NA,NA,NA,1,549,NA,NA,NA,58,NA,0
12,2017-11-23,North,DVM,2,R,16.5,NA,NA,NA,1,484,NA,NA,NA,0,NA,0
12,2017-11-23,North,DVM,2,R,19.5,NA,NA,NA,1,444,NA,NA,NA,167,NA,0
12,2017-11-23,North,DVM,3,L,15,NA,NA,NA,1,623,NA,NA,NA,96,NA,0
12,2017-11-23,North,DVM,3,R,16,NA,NA,NA,1,597,NA,NA,NA,91,NA,L
12,2017-11-23,North,DVM,3,R,19,NA,NA,NA,1,438,NA,NA,NA,159,NA,L
12,NA,North,DVM,1,L,10,NA,NA,NA,2,NA,24,NA,NA,NA,NA,NA
12,NA,North,DVM,1,L,10,NA,NA,NA,3,NA,NA,NA,NA,NA,NA,NA
12,NA,North,DVM,1,L,11.5,NA,NA,NA,2,NA,0,NA,NA,NA,NA,NA
12,NA,North,DVM,1,L,11.5,NA,NA,NA,3,NA,NA,NA,NA,NA,NA,NA
12,NA,North,DVM,1,R,5.5,NA,NA,NA,2,NA,4,NA,NA,NA,NA,NA
12,NA,North,DVM,1,R,5.5,NA,NA,NA,3,NA,NA,NA,NA,NA,NA,NA
12,NA,North,DVM,2,L,16.5,NA,NA,NA,2,NA,3,NA,NA,NA,NA,NA
12,NA,North,DVM,2,L,16.5,NA,NA,NA,3,NA,NA,NA,NA,NA,NA,NA
12,NA,North,DVM,2,R,16.5,NA,NA,NA,2,NA,0,NA,NA,NA,NA,NA
12,NA,North,DVM,2,R,16.5,NA,NA,NA,3,NA,NA,NA,NA,NA,NA,NA
12,NA,North,DVM,2,R,19.5,NA,NA,NA,2,NA,8,NA,NA,NA,NA,NA
12,NA,North,DVM,2,R,19.5,NA,NA,NA,3,NA,NA,NA,NA,NA,NA,NA
12,NA,North,DVM,3,L,15,NA,NA,NA,2,NA,4,NA,NA,NA,NA,NA
12,NA,North,DVM,3,L,15,NA,NA,NA,3,NA,NA,NA,NA,NA,NA,NA
12,NA,North,DVM,3,R,16,NA,NA,NA,2,NA,3,NA,NA,NA,NA,NA
12,NA,North,DVM,3,R,16,NA,NA,NA,3,NA,NA,NA,NA,NA,NA,NA
12,NA,North,DVM,3,R,19,NA,NA,NA,2,NA,10,NA,NA,NA,NA,NA
12,NA,North,DVM,3,R,19,NA,NA,NA,3,NA,NA,NA,NA,NA,NA,NA
12,NA,Second,DVM,1,R,8,NA,NA,NA,2,NA,NA,NA,NA,NA,NA,NA
12,NA,Second,DVM,1,R,8,NA,NA,NA,3,NA,24,NA,NA,NA,NA,NA
12,NA,Second,DVM,2,R,14,NA,NA,NA,2,NA,NA,NA,NA,NA,NA,NA
12,NA,Second,DVM,2,R,14,NA,NA,NA,3,NA,23,NA,NA,NA,NA,NA
12,NA,Second,DVM,3,L,1.5,NA,NA,NA,2,NA,NA,NA,NA,NA,NA,NA
12,NA,Second,DVM,3,L,1.5,NA,NA,NA,3,NA,36,NA,NA,NA,NA,NA
12,NA,Second,DVM,3,L,5,NA,NA,NA,2,NA,NA,NA,NA,NA,NA,NA
12,NA,Second,DVM,3,L,5,NA,NA,NA,3,NA,3,NA,NA,NA,NA,NA
13,2018-02-15,Second,DVM,1,R,12,NA,NA,NA,1,500,NA,NA,NA,15,NA,0
13,2018-02-17,North,DVM,3,L,19,NA,NA,NA,1,450,NA,NA,NA,0,NA,0
13,NA,North,DVM,3,L,19,NA,NA,NA,2,NA,0,NA,NA,NA,NA,NA
13,NA,North,DVM,3,L,19,NA,NA,NA,3,NA,NA,NA,NA,NA,NA,NA
13,NA,Second,DVM,1,R,12,NA,NA,NA,2,NA,4,NA,NA,NA,NA,NA
13,NA,Second,DVM,1,R,12,NA,NA,NA,3,NA,NA,NA,NA,NA,NA,NA
14,2018-05-22,Manley,HS,1,L,1.8,141,10:30:00,y,1,226,NA,30,91,114,NA,0
14,2018-05-22,Manley,HS,1,L,4.3,182,10:30:00,y,1,245,NA,40,120,155,NA,0
14,2018-05-22,Manley,HS,1,R,10.5,178,10:30:00,y,1,358,NA,60,181,245,NA,0
14,2018-05-22,Manley,HS,1,R,11.2,194,10:30:00,y,1,293,NA,32,110,150,NA,0
14,2018-05-22,Manley,HS,1,R,11.3,143,10:30:00,y,1,335,NA,80,250,265,NA,0
14,2018-05-22,Manley,KH,1,R,1.2,NA,10:30:00,NA,1,181,NA,NA,NA,125,NA,0
14,2018-05-22,Manley,OP,1,R,11,189,10:30:00,y,1,156,NA,32.5,105,115,NA,0
14,2018-05-22,Manley,OP,1,R,11.4,177,10:30:00,y,1,162,NA,22.5,75,120,NA,0
14,2018-05-22,Manley,OP,1,R,11.6,185,10:30:00,y,1,387,NA,39,112,160,NA,0
14,2018-05-22,Manley,OP,1,R,11.6,190,10:30:00,y,1,397,NA,68.5,183,240,NA,L
14,2018-05-22,Manley,OP,2,L,9,183,10:30:00,y,1,334,NA,46,138,150,NA,0
14,2018-05-22,Manley,OP,2,R,11,186,10:30:00,y,1,128,NA,12.5,47,85,NA,0
14,2018-05-22,Manley,OP,2,R,16.5,180,10:30:00,y,1,213,NA,59,174,178,NA,0
14,2018-05-22,Manley,OP,3,R,10.9,179,10:30:00,y,1,309,NA,24,56,106,NA,0
14,2018-05-22,North,HS,1,L,3.5,175,16:00:00,y,1,185,NA,40,123,189,NA,0
14,2018-05-22,North,HS,1,L,3.5,176,16:00:00,y,1,465,NA,70,200,401,NA,L
14,2018-05-22,North,HS,1,L,3.5,193,16:00:00,y,1,117,NA,40,119,123,NA,0
14,2018-05-22,North,HS,2,L,2.3,184,16:00:00,y,1,117,NA,30,87,100,NA,0
14,2018-05-22,North,HS,2,R,2.5,1748,16:00:00,y,1,164,NA,40,137,139,NA,0
14,2018-05-22,North,HS,2,R,13,2116,16:00:00,y,1,152,NA,25,78,99,NA,0
14,2018-05-22,North,OP,2,R,17,2108,16:00:00,y,1,335,NA,86,233,250,NA,0
14,2018-05-22,North,OP,2,R,19.4,2534,16:00:00,y,1,95,NA,21,62,70,NA,0
14,2018-05-22,North,OP,3,L,4,1775.1,16:00:00,y,1,113,NA,21,67,92,NA,0
14,2018-05-22,North,OP,3,L,5.6,285,16:00:00,y,1,94,NA,23,67,55,NA,0
14,2018-05-22,North,OP,3,L,15,NA,16:00:00,NA,1,278,NA,NA,NA,115,NA,0
14,2018-05-22,North,OP,3,R,0,197,16:00:00,y,1,348,NA,78.5,246,320,NA,L
14,2018-05-22,North,OP,3,R,1,142,16:00:00,y,1,230,NA,52,177,153,NA,0
14,2018-05-22,North,OP,3,R,5.5,1974.1,16:00:00,y,1,110,NA,19.5,52,73,NA,0
14,2018-05-22,Second,HS,1,L,11,127,14:17:00,y,1,152,NA,50,150,235,NA,0
14,2018-05-22,Second,HS,1,L,12.1,187,14:17:00,y,1,282,NA,34,97,194,NA,0
14,2018-05-22,Second,HS,1,L,12.2,140,14:17:00,y,1,140,NA,40,120,203,NA,0
14,2018-05-22,Second,HS,1,L,12.2,181,14:17:00,y,1,100,NA,30,150,71,NA,0
14,2018-05-22,Second,HS,1,R,6.5,126,14:17:00,y,1,113,NA,30,94,87,NA,0
14,2018-05-22,Second,OP,1,L,12.3,198,14:17:00,y,1,248,NA,41,131,160,NA,0
14,2018-05-22,Second,OP,1,L,16.1,173,14:17:00,y,1,96,NA,20,71,74,NA,0
14,2018-05-22,Second,OP,1,L,18,137,14:17:00,y,1,181,NA,30.5,95,140,NA,0
14,2018-05-22,Second,OP,1,R,16.1,174,14:17:00,y,1,97,NA,21,62,96,NA,0
14,2018-05-22,Second,OP,2,R,3.2,128,14:17:00,y,1,148,NA,26,81,102,NA,0
14,2018-05-22,Second,OP,2,R,3.3,132,14:17:00,y,1,107,NA,22,63,90,NA,0
14,2018-05-26,Manley,HS,1,L,1.8,141,9:30:00,y,2,NA,33,45,92,NA,NA,NA
14,2018-05-26,Manley,HS,1,L,4.3,182,9:30:00,y,2,NA,64,54,160,NA,NA,NA
14,2018-05-26,Manley,HS,1,R,10.5,178,9:30:00,y,2,NA,51,78,202,NA,NA,NA
14,2018-05-26,Manley,HS,1,R,11.2,194,9:30:00,y,2,NA,45,41,119,NA,NA,NA
14,2018-05-26,Manley,HS,1,R,11.3,143,9:30:00,y,2,NA,102,110,244,NA,NA,NA
14,2018-05-26,Manley,KH,1,R,1.2,NA,9:30:00,NA,2,NA,NA,NA,NA,NA,NA,NA
14,2018-05-26,Manley,OP,1,R,11,189,9:30:00,y,2,NA,36,45.5,117,NA,NA,NA
14,2018-05-26,Manley,OP,1,R,11.4,177,9:30:00,y,2,NA,26,31,84,NA,NA,NA
14,2018-05-26,Manley,OP,1,R,11.6,185,9:30:00,y,2,NA,47,47,122,NA,NA,NA
14,2018-05-26,Manley,OP,1,R,11.6,190,9:30:00,y,2,NA,66,81,190,NA,NA,NA
14,2018-05-26,Manley,OP,2,L,9,183,9:30:00,y,2,NA,64,55.5,134,NA,NA,NA
14,2018-05-26,Manley,OP,2,R,11,186,9:30:00,y,2,NA,18,20,56,NA,NA,NA
14,2018-05-26,Manley,OP,2,R,16.5,180,9:30:00,y,2,NA,48,78,195,NA,NA,NA
14,2018-05-26,Manley,OP,3,R,10.9,179,9:30:00,y,2,NA,39,30,30,NA,NA,NA
14,2018-05-26,North,HS,1,L,3.5,175,12:30:00,y,2,NA,49,70,185,NA,NA,NA
14,2018-05-26,North,HS,1,L,3.5,176,12:30:00,y,2,NA,72,120,310,NA,NA,NA
14,2018-05-26,North,HS,1,L,3.5,193,12:30:00,y,2,NA,43,63,115,NA,NA,NA
14,2018-05-26,North,HS,2,L,2.3,184,12:30:00,y,2,NA,11,44,93,NA,NA,NA
14,2018-05-26,North,HS,2,R,2.5,1748,12:30:00,y,2,NA,39,64,160,NA,NA,NA
14,2018-05-26,North,HS,2,R,13,2116,12:30:00,y,2,NA,27,44,92,NA,NA,NA
14,2018-05-26,North,OP,2,R,17,2108,12:30:00,y,2,NA,51,115,253,NA,NA,NA
14,2018-05-26,North,OP,2,R,19.4,2534,12:30:00,y,2,NA,19,39.5,82,NA,NA,NA
14,2018-05-26,North,OP,3,L,4,1775.1,12:30:00,y,2,NA,18,NA,NA,NA,NA,NA
14,2018-05-26,North,OP,3,L,5.6,285,12:30:00,y,2,NA,15,42,87,NA,NA,NA
14,2018-05-26,North,OP,3,L,15,NA,12:30:00,NA,2,NA,NA,NA,NA,NA,NA,NA
14,2018-05-26,North,OP,3,R,0,197,12:30:00,y,2,NA,66,118,285,NA,NA,NA
14,2018-05-26,North,OP,3,R,1,142,12:30:00,y,2,NA,35,85,192,NA,NA,NA
14,2018-05-26,North,OP,3,R,5.5,1974.1,12:30:00,y,2,NA,22,37,74,NA,NA,NA
14,2018-05-27,Second,HS,1,L,11,127,9:30:00,y,2,NA,36,82,172,NA,NA,NA
14,2018-05-27,Second,HS,1,L,12.1,187,9:30:00,y,2,NA,35,65,89,NA,NA,NA
14,2018-05-27,Second,HS,1,L,12.2,140,9:30:00,y,2,NA,40,83,221,NA,NA,NA
14,2018-05-27,Second,HS,1,L,12.2,181,9:30:00,y,2,NA,52,41,65,NA,NA,NA
14,2018-05-27,Second,HS,1,R,6.5,126,9:30:00,y,2,NA,22,51,84,NA,NA,NA
14,2018-05-27,Second,OP,1,L,12.3,198,9:30:00,y,2,NA,34,72,164,NA,NA,NA
14,2018-05-27,Second,OP,1,L,16.1,173,9:30:00,y,2,NA,22,41.5,94,NA,NA,NA
14,2018-05-27,Second,OP,1,L,18,137,9:30:00,y,2,NA,26,58.5,124,NA,NA,NA
14,2018-05-27,Second,OP,1,R,16.1,174,9:30:00,y,2,NA,25,44,87,NA,NA,NA
14,2018-05-27,Second,OP,2,R,3.2,128,9:30:00,y,2,NA,26,53.5,111,NA,NA,NA
14,2018-05-27,Second,OP,2,R,3.3,132,9:30:00,y,2,NA,38,45,92,NA,NA,NA
14,2018-07-13,Manley,HS,1,L,1.8,141,8:00:00,y,3,377,41,NA,NA,NA,NA,NA
14,2018-07-13,Manley,HS,1,L,4.3,182,8:00:00,y,3,332,50,NA,NA,NA,NA,NA
14,2018-07-13,Manley,HS,1,R,10.5,178,8:00:00,y,3,421,31,NA,NA,NA,NA,NA
14,2018-07-13,Manley,HS,1,R,11.2,194,8:00:00,y,3,387,45,NA,NA,NA,NA,NA
14,2018-07-13,Manley,HS,1,R,11.3,143,8:00:00,y,3,409,89,NA,NA,NA,NA,NA
14,2018-07-13,Manley,OP,1,R,11,189,8:00:00,y,3,254,57,NA,NA,NA,NA,NA
14,2018-07-13,Manley,OP,1,R,11.4,177,8:00:00,y,3,281,47,NA,NA,NA,NA,NA
14,2018-07-13,Manley,OP,1,R,11.6,185,8:00:00,y,3,454,22,NA,NA,NA,NA,NA
14,2018-07-13,Manley,OP,1,R,11.6,190,8:00:00,y,3,536,66,NA,NA,NA,NA,NA
14,2018-07-13,Manley,OP,2,L,9,183,8:00:00,y,3,444,24,NA,NA,NA,NA,NA
14,2018-07-13,Manley,OP,2,R,11,186,8:00:00,y,3,215,43,NA,NA,NA,NA,NA
14,2018-07-13,Manley,OP,2,R,16.5,180,8:00:00,y,3,306,53,NA,NA,NA,NA,NA
14,2018-07-13,Manley,OP,3,R,10.9,179,8:00:00,y,3,365,26,NA,NA,NA,NA,NA
14,2018-07-13,North,HS,1,L,3.5,175,15:00:00,y,3,370,50,NA,NA,NA,NA,NA
14,2018-07-13,North,HS,1,L,3.5,176,15:00:00,y,3,505,61,NA,NA,NA,NA,NA
14,2018-07-13,North,HS,1,L,3.5,193,15:00:00,y,3,426,93,NA,NA,NA,NA,NA
14,2018-07-13,North,HS,2,L,2.3,184,15:00:00,y,3,371,27,NA,NA,NA,NA,NA
14,2018-07-13,North,HS,2,R,2.5,1748,15:00:00,y,3,417,69,NA,NA,NA,NA,NA
14,2018-07-13,North,HS,2,R,13,2116,15:00:00,y,3,413,57,NA,NA,NA,NA,NA
14,2018-07-13,North,OP,2,R,17,2108,15:00:00,y,3,475,51,NA,NA,NA,NA,NA
14,2018-07-13,North,OP,2,R,19.4,2534,15:00:00,y,3,455,80,NA,NA,NA,NA,NA
14,2018-07-13,North,OP,3,L,4,1775.1,15:00:00,y,3,394,63,NA,NA,NA,NA,NA
14,2018-07-13,North,OP,3,L,5.6,285,15:00:00,y,3,381,63,NA,NA,NA,NA,NA
14,2018-07-13,North,OP,3,R,0,197,15:00:00,y,3,555,61,NA,NA,NA,NA,NA
14,2018-07-13,North,OP,3,R,1,142,15:00:00,y,3,452,55,NA,NA,NA,NA,NA
14,2018-07-13,North,OP,3,R,5.5,1974.1,15:00:00,y,3,453,89,NA,NA,NA,NA,NA
14,2018-07-13,Second,HS,1,L,11,127,11:05:00,y,3,521,80,NA,NA,NA,NA,NA
14,2018-07-13,Second,HS,1,L,12.1,187,11:05:00,y,3,670,42,NA,NA,NA,NA,NA
14,2018-07-13,Second,HS,1,L,12.2,140,11:05:00,y,3,532,72,NA,NA,NA,NA,NA
14,2018-07-13,Second,HS,1,L,12.2,181,11:05:00,n,3,NA,NA,NA,NA,NA,NA,NA
14,2018-07-13,Second,HS,1,R,6.5,126,11:05:00,y,3,498,79,NA,NA,NA,NA,NA
14,2018-07-13,Second,OP,1,L,12.3,198,11:05:00,y,3,686,71,NA,NA,NA,NA,NA
14,2018-07-13,Second,OP,1,L,16.1,173,11:05:00,y,3,467,79,NA,NA,NA,NA,NA
14,2018-07-13,Second,OP,1,L,18,137,11:05:00,n,3,NA,NA,NA,NA,NA,NA,NA
14,2018-07-13,Second,OP,1,R,16.1,174,11:05:00,n,3,NA,NA,NA,NA,NA,NA,NA
14,2018-07-13,Second,OP,2,R,3.2,128,11:05:00,n,3,NA,NA,NA,NA,NA,NA,NA
14,2018-07-13,Second,OP,2,R,3.3,132,11:05:00,y,3,400,81,NA,NA,NA,NA,NA
14,NA,Manley,KH,1,R,1.2,NA,NA,NA,3,NA,NA,NA,NA,NA,NA,NA
14,NA,North,OP,3,L,15,NA,NA,NA,3,NA,NA,NA,NA,NA,NA,NA
15,2018-07-13,Manley,KH,1,L,0,166,8:23:00,y,1,155,NA,15,50,42,NA,0
15,2018-07-13,Manley,KH,1,L,4.5,170,8:23:00,y,1,329,NA,12,64,53,NA,0
15,2018-07-13,Manley,KH,1,L,4.7,162,8:23:00,y,1,173,NA,13,43,45,NA,0
15,2018-07-13,Manley,KH,1,L,5,163,8:23:00,y,1,244,NA,14,42,45,NA,0
15,2018-07-13,Manley,KH,1,L,11.5,165,8:23:00,y,1,103,NA,17,51,50,NA,0
15,2018-07-13,Manley,KH,1,R,1.5,153,8:23:00,y,1,315,NA,42,135,137,NA,0
15,2018-07-13,Manley,KH,1,R,2,161,8:23:00,y,1,137,NA,12,39,51,NA,0
15,2018-07-13,Manley,KH,2,R,7.4,154,8:23:00,y,1,127,NA,12,60,55,NA,0
15,2018-07-13,Manley,KH,2,R,12.2,168,8:23:00,y,1,218,NA,10,28,27,NA,0
15,2018-07-13,Manley,OP,1,R,11,189.1,8:23:00,y,1,254,NA,25,80,90,NA,0
15,2018-07-13,Manley,OP,1,R,11.4,177.1,8:23:00,y,1,281,NA,13,38,30,NA,0
15,2018-07-13,Manley,OP,1,R,11.6,185.1,8:23:00,y,1,454,NA,22.5,65,50,NA,0
15,2018-07-13,Manley,OP,1,R,11.6,190.1,8:23:00,y,1,436,NA,28,73,60,NA,L
15,2018-07-13,Manley,OP,2,L,9,183.1,8:23:00,y,1,444,NA,14,37,20,NA,0
15,2018-07-13,Manley,OP,2,R,11,186.1,8:23:00,y,1,215,NA,15,41,40,NA,0
15,2018-07-13,Manley,OP,2,R,16.5,180.1,8:23:00,y,1,304,NA,24,82,80,NA,0
15,2018-07-13,Manley,OP,3,R,10.7,171,8:23:00,y,1,136,NA,17,56,65,NA,0
15,2018-07-13,Manley,OP,3,R,10.9,179.1,8:23:00,y,1,365,NA,13,36,40,NA,0
15,2018-07-13,North,KH,1,L,2.5,259,15:00:00,y,1,426,NA,60,183,183,NA,L
15,2018-07-13,North,KH,1,L,2.7,263,15:00:00,y,1,367,NA,75,231,180,NA,0
15,2018-07-13,North,KH,1,L,7,265,15:00:00,y,1,120,NA,30,91,78,NA,0
15,2018-07-13,North,KH,1,L,7.1,267,15:00:00,y,1,313,NA,25,73,85,NA,0
15,2018-07-13,North,KH,1,L,9.1,257,15:00:00,y,1,251,NA,26,85,58,NA,0
15,2018-07-13,North,KH,2,L,3.9,160,15:00:00,y,1,478,NA,80,260,165,NA,0
15,2018-07-13,North,KH,3,L,4,167,15:00:00,y,1,399,NA,70,268,132,NA,0
15,2018-07-13,North,OP,2,R,2.2,252,15:00:00,y,1,394,NA,35,106,120,NA,0
15,2018-07-13,North,OP,2,R,2.2,274.1,15:00:00,y,1,352,NA,50,152,120,NA,0
15,2018-07-13,North,OP,2,R,6.3,262,15:00:00,y,1,350,NA,30,92,120,NA,0
15,2018-07-13,North,OP,2,R,6.3,272,15:00:00,y,1,324,NA,40,115,130,NA,0
15,2018-07-13,North,OP,3,L,15,261,15:00:00,y,1,489,NA,28,77,120,NA,0
15,2018-07-13,North,OP,3,R,7,273.1,15:00:00,y,1,360,NA,29,87,115,NA,0
15,2018-07-13,North,OP,3,R,15,251,15:00:00,y,1,250,NA,11,39,70,NA,0
15,2018-07-13,Second,KH,1,L,1.3,136,11:30:00,y,1,353,NA,30,102,110,NA,0
15,2018-07-13,Second,KH,1,L,10.3,138,11:30:00,y,1,501,NA,35,116,100,NA,0
15,2018-07-13,Second,KH,1,L,12.2,169,11:30:00,y,1,670,NA,13,45,97,NA,L
15,2018-07-13,Second,KH,1,L,12.3,164,11:30:00,y,1,532,NA,60,176,130,NA,0
15,2018-07-13,Second,KH,1,L,14,152,11:30:00,y,1,471,NA,36,112,103,NA,0
15,2018-07-13,Second,KH,1,L,18.5,133,11:30:00,y,1,423,NA,19,69,60,NA,0
15,2018-07-13,Second,KH,2,L,2.5,134,11:30:00,y,1,344,NA,30,98,100,NA,0
15,2018-07-13,Second,KH,2,R,4.1,157,11:30:00,y,1,265,NA,21,69,75,NA,0
15,2018-07-13,Second,KH,2,R,4.2,132.1,11:30:00,y,1,280,NA,30,91,100,NA,0
15,2018-07-13,Second,OP,1,R,9.5,155,11:30:00,y,1,250,NA,20,62,70,NA,0
15,2018-07-13,Second,OP,1,R,11,158,11:30:00,y,1,377,NA,25,76,70,NA,0
15,2018-07-13,Second,OP,1,R,16,130,11:30:00,y,1,218,NA,23,66,65,NA,0
15,2018-07-13,Second,OP,1,R,19,172,11:30:00,y,1,368,NA,28,80,90,NA,0
15,2018-07-13,Second,OP,2,R,18.5,159,11:30:00,y,1,161,NA,18,57,60,NA,0
15,2018-07-13,Second,OP,2,R,19.5,151,11:30:00,y,1,207,NA,15,49,60,NA,0
15,2018-07-13,Second,OP,3,L,17.5,198.1,11:30:00,y,1,125,NA,23,68,70,NA,0
15,2018-07-13,Second,OP,3,L,19.2,146,11:30:00,y,1,264,NA,18,84,75,NA,0
15,2018-07-13,Second,OP,3,L,19.2,150,11:30:00,y,1,235,NA,22,66,60,NA,0
15,2018-07-19,Manley,HS,1,L,2,NA,9:40:00,NA,1,262,NA,NA,NA,46,NA,0
15,2018-07-19,Manley,HS,1,R,2,NA,9:40:00,NA,1,101,NA,NA,NA,46,NA,0
15,2018-07-19,Manley,HS,1,R,10,NA,9:40:00,NA,1,409,NA,NA,NA,58,NA,0
15,2018-07-19,Manley,HS,1,R,11,NA,9:40:00,NA,1,378,NA,NA,NA,50,NA,0
15,2018-07-19,Manley,HS,1,R,11.2,NA,9:40:00,NA,1,408,NA,NA,NA,69,NA,0
15,2018-07-19,Manley,HS,3,R,9.5,NA,9:40:00,NA,1,112,NA,NA,NA,37,NA,0
15,2018-07-19,Manley,KH,1,L,0,166,9:40:00,y,2,NA,26,21,34,NA,NA,NA
15,2018-07-19,Manley,KH,1,L,4.5,170,9:40:00,y,2,NA,28,13,40,NA,NA,NA
15,2018-07-19,Manley,KH,1,L,4.7,162,9:40:00,y,2,NA,22,NA,NA,NA,NA,NA
15,2018-07-19,Manley,KH,1,L,5,163,9:40:00,n,2,NA,NA,NA,NA,NA,NA,NA
15,2018-07-19,Manley,KH,1,L,11.5,165,9:40:00,y,2,NA,29,19,41,NA,NA,NA
15,2018-07-19,Manley,KH,1,R,1.5,153,9:40:00,y,2,NA,73,58,116,NA,NA,NA
15,2018-07-19,Manley,KH,1,R,2,161,9:40:00,y,2,NA,28,22,56,NA,NA,NA
15,2018-07-19,Manley,KH,2,R,7.4,154,9:40:00,y,2,NA,31,20,51,NA,NA,NA
15,2018-07-19,Manley,KH,2,R,12.2,168,9:40:00,y,2,NA,30,10,17,NA,NA,NA
15,2018-07-19,Manley,OP,1,R,11,189.1,9:40:00,y,2,NA,60,28,74,NA,NA,NA
15,2018-07-19,Manley,OP,1,R,11.4,177.1,9:40:00,y,2,NA,0,NA,NA,NA,NA,NA
15,2018-07-19,Manley,OP,1,R,11.6,185.1,9:40:00,y,2,NA,23,24,49,NA,NA,NA
15,2018-07-19,Manley,OP,1,R,11.6,190.1,9:40:00,y,2,NA,60,37,58,NA,NA,NA
15,2018-07-19,Manley,OP,2,L,9,183.1,9:40:00,y,2,NA,23,14,27.5,NA,NA,NA
15,2018-07-19,Manley,OP,2,R,11,186.1,9:40:00,y,2,NA,44,17,28,NA,NA,NA
15,2018-07-19,Manley,OP,2,R,16.5,180.1,9:40:00,y,2,NA,47,26,56,NA,NA,NA
15,2018-07-19,Manley,OP,3,R,10.7,171,9:40:00,y,2,NA,27,28,51,NA,NA,NA
15,2018-07-19,Manley,OP,3,R,10.9,179.1,9:40:00,y,2,NA,21,17,36,NA,NA,NA
15,2018-07-19,North,HS,1,R,2.7,NA,15:50:00,NA,1,504,NA,NA,NA,144,NA,L
15,2018-07-19,North,HS,1,R,6.8,NA,15:50:00,NA,1,441,NA,NA,NA,115,NA,0
15,2018-07-19,North,HS,1,R,7,NA,15:50:00,NA,1,414,NA,NA,NA,114,NA,0
15,2018-07-19,North,HS,1,R,7,NA,15:50:00,NA,1,447,NA,NA,NA,102,NA,0
15,2018-07-19,North,HS,2,L,2.3,NA,15:50:00,NA,1,388,NA,NA,NA,85,NA,0
15,2018-07-19,North,HS,2,L,4.1,NA,15:50:00,NA,1,506,NA,NA,NA,74,NA,0
15,2018-07-19,North,HS,2,R,3,NA,15:50:00,NA,1,365,NA,NA,NA,145,NA,0
15,2018-07-19,North,HS,2,R,6.4,NA,15:50:00,NA,1,193,NA,NA,NA,94,NA,0
15,2018-07-19,North,HS,2,R,6.4,NA,15:50:00,NA,1,252,NA,NA,NA,66,NA,0
15,2018-07-19,North,HS,2,R,6.6,NA,15:50:00,NA,1,246,NA,NA,NA,94,NA,0
15,2018-07-19,North,HS,2,R,13.5,NA,15:50:00,NA,1,404,NA,NA,NA,160,NA,0
15,2018-07-19,North,HS,2,R,16.8,NA,15:50:00,NA,1,457,NA,NA,NA,185,NA,0
15,2018-07-19,North,KH,1,L,2.5,259,15:50:00,y,2,NA,94,104,176,NA,NA,NA
15,2018-07-19,North,KH,1,L,2.7,263,15:50:00,y,2,NA,49,83.5,150,NA,NA,NA
15,2018-07-19,North,KH,1,L,7,265,15:50:00,y,2,NA,41,60,99,NA,NA,NA
15,2018-07-19,North,KH,1,L,7.1,267,15:50:00,y,2,NA,44,48,93,NA,NA,NA
15,2018-07-19,North,KH,1,L,9.1,257,15:50:00,y,2,NA,181,NA,NA,NA,NA,NA
15,2018-07-19,North,KH,2,L,3.9,160,15:50:00,y,2,NA,60,118,145,NA,NA,NA
15,2018-07-19,North,KH,3,L,4,167,15:50:00,y,2,NA,64,115,153,NA,NA,NA
15,2018-07-19,North,LL,2,R,16.8,NA,15:50:00,NA,1,322,NA,NA,NA,128,NA,L
15,2018-07-19,North,LL,2,R,18,NA,15:50:00,NA,1,375,NA,NA,NA,124,NA,L
15,2018-07-19,North,LL,3,L,4,NA,15:50:00,NA,1,562,NA,NA,NA,94,NA,0
15,2018-07-19,North,LL,3,L,5,NA,15:50:00,NA,1,131,NA,NA,NA,99,NA,0
15,2018-07-19,North,LL,3,L,5,NA,15:50:00,NA,1,414,NA,NA,NA,148,NA,L
15,2018-07-19,North,LL,3,L,7,NA,15:50:00,NA,1,317,NA,NA,NA,150,NA,0
15,2018-07-19,North,LL,3,L,11,NA,15:50:00,NA,1,268,NA,NA,NA,112,NA,0
15,2018-07-19,North,LL,3,L,12,NA,15:50:00,NA,1,343,NA,NA,NA,147,NA,L
15,2018-07-19,North,LL,3,L,16,NA,15:50:00,NA,1,515,NA,NA,NA,150,NA,L
15,2018-07-19,North,LL,3,L,18,NA,15:50:00,NA,1,370,NA,NA,NA,137,NA,L
15,2018-07-19,North,LL,3,L,19,NA,15:50:00,NA,1,393,NA,NA,NA,91,NA,L
15,2018-07-19,North,LL,3,L,19,NA,15:50:00,NA,1,398,NA,NA,NA,94,NA,L
15,2018-07-19,North,LL,3,L,19,NA,15:50:00,NA,1,426,NA,NA,NA,128,NA,L
15,2018-07-19,North,LL,3,R,0,NA,15:50:00,NA,1,269,NA,NA,NA,71,NA,L
15,2018-07-19,North,LL,3,R,1,NA,15:50:00,NA,1,467,NA,NA,NA,150,NA,L
15,2018-07-19,North,LL,3,R,1,NA,15:50:00,NA,1,482,NA,NA,NA,150,NA,L
15,2018-07-19,North,LL,3,R,6,NA,15:50:00,NA,1,477,NA,NA,NA,136,NA,L
15,2018-07-19,North,LL,3,R,7,NA,15:50:00,NA,1,119,NA,NA,NA,78,NA,0
15,2018-07-19,North,LL,3,R,7,NA,15:50:00,NA,1,244,NA,NA,NA,97,NA,0
15,2018-07-19,North,LL,3,R,10,NA,15:50:00,NA,1,182,NA,NA,NA,102,NA,0
15,2018-07-19,North,LL,3,R,18,NA,15:50:00,NA,1,170,NA,NA,NA,72,NA,0
15,2018-07-19,North,LL,3,R,20,NA,15:50:00,NA,1,566,NA,NA,NA,117,NA,L
15,2018-07-19,North,OP,2,R,2.2,252,15:50:00,y,2,NA,38,61,91,NA,NA,NA
15,2018-07-19,North,OP,2,R,2.2,274.1,15:50:00,y,2,NA,44,82,133,NA,NA,NA
15,2018-07-19,North,OP,2,R,6.3,262,15:50:00,y,2,NA,53,62,98,NA,NA,NA
15,2018-07-19,North,OP,2,R,6.3,272,15:50:00,y,2,NA,41,65,108,NA,NA,NA
15,2018-07-19,North,OP,3,L,15,261,15:50:00,y,2,NA,60,54,85,NA,NA,NA
15,2018-07-19,North,OP,3,R,7,273.1,15:50:00,y,2,NA,58,61,105,NA,NA,NA
15,2018-07-19,North,OP,3,R,15,251,15:50:00,y,2,NA,17,NA,NA,NA,NA,NA
15,2018-07-19,Second,HS,1,L,10.2,NA,11:30:00,NA,1,516,NA,NA,NA,105,NA,0
15,2018-07-19,Second,HS,1,L,11,NA,11:30:00,NA,1,718,NA,NA,NA,136,NA,L
15,2018-07-19,Second,HS,1,L,15.1,NA,11:30:00,NA,1,126,NA,NA,NA,54,NA,0
15,2018-07-19,Second,HS,1,R,6.2,NA,11:30:00,NA,1,165,NA,NA,NA,55,NA,0
15,2018-07-19,Second,HS,1,R,7.4,NA,11:30:00,NA,1,198,NA,NA,NA,70,NA,0
15,2018-07-19,Second,HS,1,R,11.5,NA,11:30:00,NA,1,149,NA,NA,NA,79,NA,0
15,2018-07-19,Second,HS,1,R,13.8,NA,11:30:00,NA,1,95,NA,NA,NA,32,NA,0
15,2018-07-19,Second,HS,1,R,14.5,NA,11:30:00,NA,1,240,NA,NA,NA,89,NA,0
15,2018-07-19,Second,HS,1,R,19,NA,11:30:00,NA,1,116,NA,NA,NA,54,NA,0
15,2018-07-19,Second,HS,1,R,19.5,NA,11:30:00,NA,1,254,NA,NA,NA,76,NA,0
15,2018-07-19,Second,HS,2,L,1,NA,11:30:00,NA,1,189,NA,NA,NA,70,NA,0
15,2018-07-19,Second,HS,2,R,1.1,NA,11:30:00,NA,1,123,NA,NA,NA,44,NA,0
15,2018-07-19,Second,HS,2,R,3.5,NA,11:30:00,NA,1,414,NA,NA,NA,150,NA,L
15,2018-07-19,Second,KH,1,L,1.3,136,12:30:00,y,2,NA,75,46,99,NA,NA,NA
15,2018-07-19,Second,KH,1,L,10.3,138,12:30:00,y,2,NA,85,62,95,NA,NA,NA
15,2018-07-19,Second,KH,1,L,12.2,169,12:30:00,y,2,NA,36,28,56,NA,NA,NA
15,2018-07-19,Second,KH,1,L,12.3,164,12:30:00,y,2,NA,77,95,172,NA,NA,NA
15,2018-07-19,Second,KH,1,L,14,152,12:30:00,y,2,NA,80,NA,NA,NA,NA,NA
15,2018-07-19,Second,KH,1,L,18.5,133,12:30:00,y,2,NA,56,47,65,NA,NA,NA
15,2018-07-19,Second,KH,2,L,2.5,134,12:30:00,y,2,NA,74,47,90,NA,NA,NA
15,2018-07-19,Second,KH,2,R,4.1,157,12:30:00,y,2,NA,66,38,72,NA,NA,NA
15,2018-07-19,Second,KH,2,R,4.2,132.1,12:30:00,y,2,NA,47,54,75,NA,NA,NA
15,2018-07-19,Second,LL,2,L,5,NA,11:30:00,NA,1,248,NA,NA,NA,78,NA,0
15,2018-07-19,Second,LL,2,L,14,NA,11:30:00,NA,1,432,NA,NA,NA,98,NA,0
15,2018-07-19,Second,LL,2,L,16,NA,11:30:00,NA,1,243,NA,NA,NA,71,NA,0
15,2018-07-19,Second,LL,2,L,16,NA,11:30:00,NA,1,292,NA,NA,NA,85,NA,0
15,2018-07-19,Second,LL,2,R,5,NA,11:30:00,NA,1,195,NA,NA,NA,52,NA,0
15,2018-07-19,Second,LL,2,R,14,NA,11:30:00,NA,1,231,NA,NA,NA,41,NA,0
15,2018-07-19,Second,LL,3,L,16,NA,11:30:00,NA,1,133,NA,NA,NA,30,NA,0
15,2018-07-19,Second,LL,3,L,16,NA,11:30:00,NA,1,426,NA,NA,NA,129,NA,0
15,2018-07-19,Second,LL,3,L,16,NA,11:30:00,NA,1,650,NA,NA,NA,110,NA,0
15,2018-07-19,Second,LL,3,L,19,NA,11:30:00,NA,1,278,NA,NA,NA,94,NA,0
15,2018-07-19,Second,LL,3,R,0,NA,11:30:00,NA,1,127,NA,NA,NA,41,NA,0
15,2018-07-19,Second,LL,3,R,0,NA,11:30:00,NA,1,160,NA,NA,NA,244,NA,0
15,2018-07-19,Second,LL,3,R,10,NA,11:30:00,NA,1,125,NA,NA,NA,78,NA,0
15,2018-07-19,Second,LL,3,R,10,NA,11:30:00,NA,1,137,NA,NA,NA,110,NA,0
15,2018-07-19,Second,LL,3,R,10,NA,11:30:00,NA,1,715,NA,NA,NA,52,NA,0
15,2018-07-19,Second,OP,1,R,9.5,155,12:30:00,y,2,NA,48,49,82,NA,NA,NA
15,2018-07-19,Second,OP,1,R,11,158,12:30:00,y,2,NA,37,40,75,NA,NA,NA
15,2018-07-19,Second,OP,1,R,16,130,12:30:00,y,2,NA,55,49,76,NA,NA,NA
15,2018-07-19,Second,OP,1,R,19,172,12:30:00,y,2,NA,57,NA,NA,NA,NA,NA
15,2018-07-19,Second,OP,2,R,18.5,159,12:30:00,y,2,NA,30,50,85,NA,NA,NA
15,2018-07-19,Second,OP,2,R,19.5,151,12:30:00,y,2,NA,31,40,64,NA,NA,NA
15,2018-07-19,Second,OP,3,L,17.5,198.1,12:30:00,n,2,NA,NA,NA,NA,NA,NA,NA
15,2018-07-19,Second,OP,3,L,19.2,146,12:30:00,y,2,NA,43,46,86,NA,NA,NA
15,2018-07-19,Second,OP,3,L,19.2,150,12:30:00,y,2,NA,24,45,68,NA,NA,NA
15,2018-08-21,Manley,KH,1,L,0,166,10:00:00,y,3,203,29,NA,NA,NA,NA,NA
15,2018-08-21,Manley,KH,1,L,4.5,170,10:00:00,y,3,331,0,NA,NA,NA,NA,NA
15,2018-08-21,Manley,KH,1,L,4.7,162,10:00:00,y,3,174,0,NA,NA,NA,NA,NA
15,2018-08-21,Manley,KH,1,L,5,163,10:00:00,n,3,NA,NA,NA,NA,NA,NA,NA
15,2018-08-21,Manley,KH,1,L,11.5,165,10:00:00,n,3,NA,NA,NA,NA,NA,NA,NA
15,2018-08-21,Manley,KH,1,R,1.5,153,10:00:00,y,3,322,67,NA,NA,NA,NA,NA
15,2018-08-21,Manley,KH,1,R,2,161,10:00:00,y,3,282,27,NA,NA,NA,NA,NA
15,2018-08-21,Manley,KH,2,R,7.4,154,10:00:00,y,3,208,33,NA,NA,NA,NA,NA
15,2018-08-21,Manley,KH,2,R,12.2,168,10:00:00,n,3,NA,NA,NA,NA,NA,NA,NA
15,2018-08-21,Manley,OP,1,R,11,189.1,10:00:00,y,3,262,47,NA,NA,NA,NA,NA
15,2018-08-21,Manley,OP,1,R,11.4,177.1,10:00:00,n,3,NA,NA,NA,NA,NA,NA,NA
15,2018-08-21,Manley,OP,1,R,11.6,185.1,10:00:00,n,3,NA,NA,NA,NA,NA,NA,NA
15,2018-08-21,Manley,OP,1,R,11.6,190.1,10:00:00,y,3,440,38,NA,NA,NA,NA,NA
15,2018-08-21,Manley,OP,2,L,9,183.1,10:00:00,n,3,NA,NA,NA,NA,NA,NA,NA
15,2018-08-21,Manley,OP,2,R,11,186.1,10:00:00,n,3,NA,NA,NA,NA,NA,NA,NA
15,2018-08-21,Manley,OP,2,R,16.5,180.1,10:00:00,y,3,310,15,NA,NA,NA,NA,NA
15,2018-08-21,Manley,OP,3,R,10.7,171,10:00:00,n,3,NA,NA,NA,NA,NA,NA,NA
15,2018-08-21,Manley,OP,3,R,10.9,179.1,10:00:00,n,3,NA,NA,NA,NA,NA,NA,NA
15,2018-08-21,North,KH,1,L,2.5,259,15:30:00,y,3,446,59,NA,NA,NA,NA,NA
15,2018-08-21,North,KH,1,L,2.7,263,15:30:00,n,3,NA,NA,NA,NA,NA,NA,NA
15,2018-08-21,North,KH,1,L,7,265,15:30:00,y,3,446,44,NA,NA,NA,NA,NA
15,2018-08-21,North,KH,1,L,7.1,267,15:30:00,y,3,488,50,NA,NA,NA,NA,NA
15,2018-08-21,North,KH,1,L,9.1,257,15:30:00,y,3,445,23,NA,NA,NA,NA,NA
15,2018-08-21,North,KH,2,L,3.9,160,15:30:00,y,3,528,59,NA,NA,NA,NA,NA
15,2018-08-21,North,KH,3,L,4,167,15:30:00,y,3,414,60,NA,NA,NA,NA,NA
15,2018-08-21,North,OP,2,R,2.2,252,15:30:00,y,3,468,42,NA,NA,NA,NA,NA
15,2018-08-21,North,OP,2,R,2.2,274.1,15:30:00,y,3,521,49,NA,NA,NA,NA,NA
15,2018-08-21,North,OP,2,R,6.3,262,15:30:00,y,3,524,63,NA,NA,NA,NA,NA
15,2018-08-21,North,OP,2,R,6.3,272,15:30:00,y,3,494,46,NA,NA,NA,NA,NA
15,2018-08-21,North,OP,3,L,15,261,15:30:00,y,3,591,51,NA,NA,NA,NA,NA
15,2018-08-21,North,OP,3,R,7,273.1,15:30:00,y,3,509,68,NA,NA,NA,NA,NA
15,2018-08-21,North,OP,3,R,15,251,15:30:00,y,3,520,29,NA,NA,NA,NA,NA
15,2018-08-21,Second,KH,1,L,1.3,136,13:00:00,y,3,408,79,NA,NA,NA,NA,NA
15,2018-08-21,Second,KH,1,L,10.3,138,13:00:00,y,3,661,75,NA,NA,NA,NA,NA
15,2018-08-21,Second,KH,1,L,12.2,169,13:00:00,y,3,670,34,NA,NA,NA,NA,NA
15,2018-08-21,Second,KH,1,L,12.3,164,13:00:00,y,3,611,77,NA,NA,NA,NA,NA
15,2018-08-21,Second,KH,1,L,14,152,13:00:00,y,3,580,81,NA,NA,NA,NA,NA
15,2018-08-21,Second,KH,1,L,18.5,133,13:00:00,y,3,564,60,NA,NA,NA,NA,NA
15,2018-08-21,Second,KH,2,L,2.5,134,13:00:00,y,3,440,78,NA,NA,NA,NA,NA
15,2018-08-21,Second,KH,2,R,4.1,157,13:00:00,n,3,NA,NA,NA,NA,NA,NA,NA
15,2018-08-21,Second,KH,2,R,4.2,132.1,13:00:00,n,3,NA,NA,NA,NA,NA,NA,NA
15,2018-08-21,Second,OP,1,R,9.5,155,13:00:00,y,3,462,45,NA,NA,NA,NA,NA
15,2018-08-21,Second,OP,1,R,11,158,13:00:00,y,3,570,33,NA,NA,NA,NA,NA
15,2018-08-21,Second,OP,1,R,16,130,13:00:00,n,3,NA,NA,NA,NA,NA,NA,NA
15,2018-08-21,Second,OP,1,R,19,172,13:00:00,n,3,NA,NA,NA,NA,NA,NA,NA
15,2018-08-21,Second,OP,2,R,18.5,159,13:00:00,y,3,494,40,NA,NA,NA,NA,NA
15,2018-08-21,Second,OP,2,R,19.5,151,13:00:00,y,3,346,47,NA,NA,NA,NA,NA
15,2018-08-21,Second,OP,3,L,17.5,198.1,13:00:00,n,3,NA,NA,NA,NA,NA,NA,NA
15,2018-08-21,Second,OP,3,L,19.2,146,13:00:00,y,3,486,48,NA,NA,NA,NA,NA
15,2018-08-21,Second,OP,3,L,19.2,150,13:00:00,y,3,478,26,NA,NA,NA,NA,NA
15,NA,Manley,HS,1,L,2,NA,NA,NA,2,NA,NA,NA,NA,NA,NA,NA
15,NA,Manley,HS,1,L,2,NA,NA,NA,3,NA,NA,NA,NA,NA,NA,NA
15,NA,Manley,HS,1,R,2,NA,NA,NA,2,NA,NA,NA,NA,NA,NA,NA
15,NA,Manley,HS,1,R,2,NA,NA,NA,3,NA,NA,NA,NA,NA,NA,NA
15,NA,Manley,HS,1,R,10,NA,NA,NA,2,NA,NA,NA,NA,NA,NA,NA
15,NA,Manley,HS,1,R,10,NA,NA,NA,3,NA,NA,NA,NA,NA,NA,NA
15,NA,Manley,HS,1,R,11,NA,NA,NA,2,NA,NA,NA,NA,NA,NA,NA
15,NA,Manley,HS,1,R,11,NA,NA,NA,3,NA,NA,NA,NA,NA,NA,NA
15,NA,Manley,HS,1,R,11.2,NA,NA,NA,2,NA,NA,NA,NA,NA,NA,NA
15,NA,Manley,HS,1,R,11.2,NA,NA,NA,3,NA,NA,NA,NA,NA,NA,NA
15,NA,Manley,HS,3,R,9.5,NA,NA,NA,2,NA,NA,NA,NA,NA,NA,NA
15,NA,Manley,HS,3,R,9.5,NA,NA,NA,3,NA,NA,NA,NA,NA,NA,NA
15,NA,North,HS,1,R,2.7,NA,NA,NA,2,NA,NA,NA,NA,NA,NA,NA
15,NA,North,HS,1,R,2.7,NA,NA,NA,3,NA,NA,NA,NA,NA,NA,NA
15,NA,North,HS,1,R,6.8,NA,NA,NA,2,NA,NA,NA,NA,NA,NA,NA
15,NA,North,HS,1,R,6.8,NA,NA,NA,3,NA,NA,NA,NA,NA,NA,NA
15,NA,North,HS,1,R,7,NA,NA,NA,2,NA,NA,NA,NA,NA,NA,NA
15,NA,North,HS,1,R,7,NA,NA,NA,2,NA,NA,NA,NA,NA,NA,NA
15,NA,North,HS,1,R,7,NA,NA,NA,3,NA,NA,NA,NA,NA,NA,NA
15,NA,North,HS,1,R,7,NA,NA,NA,3,NA,NA,NA,NA,NA,NA,NA
15,NA,North,HS,2,L,2.3,NA,NA,NA,2,NA,NA,NA,NA,NA,NA,NA
15,NA,North,HS,2,L,2.3,NA,NA,NA,3,NA,NA,NA,NA,NA,NA,NA
15,NA,North,HS,2,L,4.1,NA,NA,NA,2,NA,NA,NA,NA,NA,NA,NA
15,NA,North,HS,2,L,4.1,NA,NA,NA,3,NA,NA,NA,NA,NA,NA,NA
15,NA,North,HS,2,R,3,NA,NA,NA,2,NA,NA,NA,NA,NA,NA,NA
15,NA,North,HS,2,R,3,NA,NA,NA,3,NA,NA,NA,NA,NA,NA,NA
15,NA,North,HS,2,R,6.4,NA,NA,NA,2,NA,NA,NA,NA,NA,NA,NA
15,NA,North,HS,2,R,6.4,NA,NA,NA,2,NA,NA,NA,NA,NA,NA,NA
15,NA,North,HS,2,R,6.4,NA,NA,NA,3,NA,NA,NA,NA,NA,NA,NA
15,NA,North,HS,2,R,6.4,NA,NA,NA,3,NA,NA,NA,NA,NA,NA,NA
15,NA,North,HS,2,R,6.6,NA,NA,NA,2,NA,NA,NA,NA,NA,NA,NA
15,NA,North,HS,2,R,6.6,NA,NA,NA,3,NA,NA,NA,NA,NA,NA,NA
15,NA,North,HS,2,R,13.5,NA,NA,NA,2,NA,NA,NA,NA,NA,NA,NA
15,NA,North,HS,2,R,13.5,NA,NA,NA,3,NA,NA,NA,NA,NA,NA,NA
15,NA,North,HS,2,R,16.8,NA,NA,NA,2,NA,NA,NA,NA,NA,NA,NA
15,NA,North,HS,2,R,16.8,NA,NA,NA,3,NA,NA,NA,NA,NA,NA,NA
15,NA,North,LL,2,R,16.8,NA,NA,NA,2,NA,NA,NA,NA,NA,NA,NA
15,NA,North,LL,2,R,16.8,NA,NA,NA,3,NA,NA,NA,NA,NA,NA,NA
15,NA,North,LL,2,R,18,NA,NA,NA,2,NA,NA,NA,NA,NA,NA,NA
15,NA,North,LL,2,R,18,NA,NA,NA,3,NA,NA,NA,NA,NA,NA,NA
15,NA,North,LL,3,L,4,NA,NA,NA,2,NA,NA,NA,NA,NA,NA,NA
15,NA,North,LL,3,L,4,NA,NA,NA,3,NA,NA,NA,NA,NA,NA,NA
15,NA,North,LL,3,L,5,NA,NA,NA,2,NA,NA,NA,NA,NA,NA,NA
15,NA,North,LL,3,L,5,NA,NA,NA,2,NA,NA,NA,NA,NA,NA,NA
15,NA,North,LL,3,L,5,NA,NA,NA,3,NA,NA,NA,NA,NA,NA,NA
15,NA,North,LL,3,L,5,NA,NA,NA,3,NA,NA,NA,NA,NA,NA,NA
15,NA,North,LL,3,L,7,NA,NA,NA,2,NA,NA,NA,NA,NA,NA,NA
15,NA,North,LL,3,L,7,NA,NA,NA,3,NA,NA,NA,NA,NA,NA,NA
15,NA,North,LL,3,L,11,NA,NA,NA,2,NA,NA,NA,NA,NA,NA,NA
15,NA,North,LL,3,L,11,NA,NA,NA,3,NA,NA,NA,NA,NA,NA,NA
15,NA,North,LL,3,L,12,NA,NA,NA,2,NA,NA,NA,NA,NA,NA,NA
15,NA,North,LL,3,L,12,NA,NA,NA,3,NA,NA,NA,NA,NA,NA,NA
15,NA,North,LL,3,L,16,NA,NA,NA,2,NA,NA,NA,NA,NA,NA,NA
15,NA,North,LL,3,L,16,NA,NA,NA,3,NA,NA,NA,NA,NA,NA,NA
15,NA,North,LL,3,L,18,NA,NA,NA,2,NA,NA,NA,NA,NA,NA,NA
15,NA,North,LL,3,L,18,NA,NA,NA,3,NA,NA,NA,NA,NA,NA,NA
15,NA,North,LL,3,L,19,NA,NA,NA,2,NA,NA,NA,NA,NA,NA,NA
15,NA,North,LL,3,L,19,NA,NA,NA,2,NA,NA,NA,NA,NA,NA,NA
15,NA,North,LL,3,L,19,NA,NA,NA,2,NA,NA,NA,NA,NA,NA,NA
15,NA,North,LL,3,L,19,NA,NA,NA,3,NA,NA,NA,NA,NA,NA,NA
15,NA,North,LL,3,L,19,NA,NA,NA,3,NA,NA,NA,NA,NA,NA,NA
15,NA,North,LL,3,L,19,NA,NA,NA,3,NA,NA,NA,NA,NA,NA,NA
15,NA,North,LL,3,R,0,NA,NA,NA,2,NA,NA,NA,NA,NA,NA,NA
15,NA,North,LL,3,R,0,NA,NA,NA,3,NA,NA,NA,NA,NA,NA,NA
15,NA,North,LL,3,R,1,NA,NA,NA,2,NA,NA,NA,NA,NA,NA,NA
15,NA,North,LL,3,R,1,NA,NA,NA,2,NA,NA,NA,NA,NA,NA,NA
15,NA,North,LL,3,R,1,NA,NA,NA,3,NA,NA,NA,NA,NA,NA,NA
15,NA,North,LL,3,R,1,NA,NA,NA,3,NA,NA,NA,NA,NA,NA,NA
15,NA,North,LL,3,R,6,NA,NA,NA,2,NA,NA,NA,NA,NA,NA,NA
15,NA,North,LL,3,R,6,NA,NA,NA,3,NA,NA,NA,NA,NA,NA,NA
15,NA,North,LL,3,R,7,NA,NA,NA,2,NA,NA,NA,NA,NA,NA,NA
15,NA,North,LL,3,R,7,NA,NA,NA,2,NA,NA,NA,NA,NA,NA,NA
15,NA,North,LL,3,R,7,NA,NA,NA,3,NA,NA,NA,NA,NA,NA,NA
15,NA,North,LL,3,R,7,NA,NA,NA,3,NA,NA,NA,NA,NA,NA,NA
15,NA,North,LL,3,R,10,NA,NA,NA,2,NA,NA,NA,NA,NA,NA,NA
15,NA,North,LL,3,R,10,NA,NA,NA,3,NA,NA,NA,NA,NA,NA,NA
15,NA,North,LL,3,R,18,NA,NA,NA,2,NA,NA,NA,NA,NA,NA,NA
15,NA,North,LL,3,R,18,NA,NA,NA,3,NA,NA,NA,NA,NA,NA,NA
15,NA,North,LL,3,R,20,NA,NA,NA,2,NA,NA,NA,NA,NA,NA,NA
15,NA,North,LL,3,R,20,NA,NA,NA,3,NA,NA,NA,NA,NA,NA,NA
15,NA,Second,HS,1,L,10.2,NA,NA,NA,2,NA,NA,NA,NA,NA,NA,NA
15,NA,Second,HS,1,L,10.2,NA,NA,NA,3,NA,NA,NA,NA,NA,NA,NA
15,NA,Second,HS,1,L,11,NA,NA,NA,2,NA,NA,NA,NA,NA,NA,NA
15,NA,Second,HS,1,L,11,NA,NA,NA,3,NA,NA,NA,NA,NA,NA,NA
15,NA,Second,HS,1,L,15.1,NA,NA,NA,2,NA,NA,NA,NA,NA,NA,NA
15,NA,Second,HS,1,L,15.1,NA,NA,NA,3,NA,NA,NA,NA,NA,NA,NA
15,NA,Second,HS,1,R,6.2,NA,NA,NA,2,NA,NA,NA,NA,NA,NA,NA
15,NA,Second,HS,1,R,6.2,NA,NA,NA,3,NA,NA,NA,NA,NA,NA,NA
15,NA,Second,HS,1,R,7.4,NA,NA,NA,2,NA,NA,NA,NA,NA,NA,NA
15,NA,Second,HS,1,R,7.4,NA,NA,NA,3,NA,NA,NA,NA,NA,NA,NA
15,NA,Second,HS,1,R,11.5,NA,NA,NA,2,NA,NA,NA,NA,NA,NA,NA
15,NA,Second,HS,1,R,11.5,NA,NA,NA,3,NA,NA,NA,NA,NA,NA,NA
15,NA,Second,HS,1,R,13.8,NA,NA,NA,2,NA,NA,NA,NA,NA,NA,NA
15,NA,Second,HS,1,R,13.8,NA,NA,NA,3,NA,NA,NA,NA,NA,NA,NA
15,NA,Second,HS,1,R,14.5,NA,NA,NA,2,NA,NA,NA,NA,NA,NA,NA
15,NA,Second,HS,1,R,14.5,NA,NA,NA,3,NA,NA,NA,NA,NA,NA,NA
15,NA,Second,HS,1,R,19,NA,NA,NA,2,NA,NA,NA,NA,NA,NA,NA
15,NA,Second,HS,1,R,19,NA,NA,NA,3,NA,NA,NA,NA,NA,NA,NA
15,NA,Second,HS,1,R,19.5,NA,NA,NA,2,NA,NA,NA,NA,NA,NA,NA
15,NA,Second,HS,1,R,19.5,NA,NA,NA,3,NA,NA,NA,NA,NA,NA,NA
15,NA,Second,HS,2,L,1,NA,NA,NA,2,NA,NA,NA,NA,NA,NA,NA
15,NA,Second,HS,2,L,1,NA,NA,NA,3,NA,NA,NA,NA,NA,NA,NA
15,NA,Second,HS,2,R,1.1,NA,NA,NA,2,NA,NA,NA,NA,NA,NA,NA
15,NA,Second,HS,2,R,1.1,NA,NA,NA,3,NA,NA,NA,NA,NA,NA,NA
15,NA,Second,HS,2,R,3.5,NA,NA,NA,2,NA,NA,NA,NA,NA,NA,NA
15,NA,Second,HS,2,R,3.5,NA,NA,NA,3,NA,NA,NA,NA,NA,NA,NA
15,NA,Second,LL,2,L,5,NA,NA,NA,2,NA,NA,NA,NA,NA,NA,NA
15,NA,Second,LL,2,L,5,NA,NA,NA,3,NA,NA,NA,NA,NA,NA,NA
15,NA,Second,LL,2,L,14,NA,NA,NA,2,NA,NA,NA,NA,NA,NA,NA
15,NA,Second,LL,2,L,14,NA,NA,NA,3,NA,NA,NA,NA,NA,NA,NA
15,NA,Second,LL,2,L,16,NA,NA,NA,2,NA,NA,NA,NA,NA,NA,NA
15,NA,Second,LL,2,L,16,NA,NA,NA,2,NA,NA,NA,NA,NA,NA,NA
15,NA,Second,LL,2,L,16,NA,NA,NA,3,NA,NA,NA,NA,NA,NA,NA
15,NA,Second,LL,2,L,16,NA,NA,NA,3,NA,NA,NA,NA,NA,NA,NA
15,NA,Second,LL,2,R,5,NA,NA,NA,2,NA,NA,NA,NA,NA,NA,NA
15,NA,Second,LL,2,R,5,NA,NA,NA,3,NA,NA,NA,NA,NA,NA,NA
15,NA,Second,LL,2,R,14,NA,NA,NA,2,NA,NA,NA,NA,NA,NA,NA
15,NA,Second,LL,2,R,14,NA,NA,NA,3,NA,NA,NA,NA,NA,NA,NA
15,NA,Second,LL,3,L,16,NA,NA,NA,2,NA,NA,NA,NA,NA,NA,NA
15,NA,Second,LL,3,L,16,NA,NA,NA,2,NA,NA,NA,NA,NA,NA,NA
15,NA,Second,LL,3,L,16,NA,NA,NA,2,NA,NA,NA,NA,NA,NA,NA
15,NA,Second,LL,3,L,16,NA,NA,NA,3,NA,NA,NA,NA,NA,NA,NA
15,NA,Second,LL,3,L,16,NA,NA,NA,3,NA,NA,NA,NA,NA,NA,NA
15,NA,Second,LL,3,L,16,NA,NA,NA,3,NA,NA,NA,NA,NA,NA,NA
15,NA,Second,LL,3,L,19,NA,NA,NA,2,NA,NA,NA,NA,NA,NA,NA
15,NA,Second,LL,3,L,19,NA,NA,NA,3,NA,NA,NA,NA,NA,NA,NA
15,NA,Second,LL,3,R,0,NA,NA,NA,2,NA,NA,NA,NA,NA,NA,NA
15,NA,Second,LL,3,R,0,NA,NA,NA,2,NA,NA,NA,NA,NA,NA,NA
15,NA,Second,LL,3,R,0,NA,NA,NA,3,NA,NA,NA,NA,NA,NA,NA
15,NA,Second,LL,3,R,0,NA,NA,NA,3,NA,NA,NA,NA,NA,NA,NA
15,NA,Second,LL,3,R,10,NA,NA,NA,2,NA,NA,NA,NA,NA,NA,NA
15,NA,Second,LL,3,R,10,NA,NA,NA,2,NA,NA,NA,NA,NA,NA,NA
15,NA,Second,LL,3,R,10,NA,NA,NA,2,NA,NA,NA,NA,NA,NA,NA
15,NA,Second,LL,3,R,10,NA,NA,NA,3,NA,NA,NA,NA,NA,NA,NA
15,NA,Second,LL,3,R,10,NA,NA,NA,3,NA,NA,NA,NA,NA,NA,NA
15,NA,Second,LL,3,R,10,NA,NA,NA,3,NA,NA,NA,NA,NA,NA,NA
16,2018-08-21,Manley,NAP,1,R,12.5,55,10:30:00,y,1,420,NA,10,19,11,NA,0
16,2018-08-21,Manley,NAP,3,R,9.2,64,10:30:00,y,1,161,NA,10,16,18,NA,0
16,2018-08-21,Manley,OP,1,R,1.5,90,10:30:00,y,1,322,NA,32,101,70,NA,H
16,2018-08-21,Manley,OP,1,R,2,93,10:30:00,y,1,282,NA,15,46,45,NA,0
16,2018-08-21,Manley,OP,1,R,11.5,28,10:30:00,y,1,402,NA,11,30,25,NA,H
16,2018-08-21,Manley,OP,1,R,11.5,78,10:30:00,y,1,384,NA,NA,NA,0,NA,NA
16,2018-08-21,Manley,OP,1,R,11.5,83,10:30:00,y,1,262,NA,12,36,22,NA,0
16,2018-08-21,Manley,OP,2,R,7,156,10:30:00,y,1,197,NA,18,53,50,NA,0
16,2018-08-21,Manley,OP,2,R,11.5,NA,10:30:00,NA,1,380,NA,NA,NA,0,NA,NA
16,2018-08-21,North,NAP,1,L,2.5,80,16:30:00,y,1,567,NA,50,163,138,NA,H
16,2018-08-21,North,NAP,1,L,3.9,82.1,16:30:00,y,1,481,NA,70,183,158,NA,H
16,2018-08-21,North,NAP,1,L,6.5,50,16:30:00,y,1,407,NA,26,77,88,NA,0
16,2018-08-21,North,NAP,1,L,6.8,68,16:30:00,y,1,460,NA,50,141,140,NA,H
16,2018-08-21,North,NAP,1,L,7,54,16:30:00,y,1,566,NA,48,139,129,NA,H
16,2018-08-21,North,NAP,1,L,7.1,57,16:30:00,y,1,479,NA,50,214,160,NA,H
16,2018-08-21,North,NAP,1,L,9,63,16:30:00,y,1,446,NA,25,76,93,NA,0
16,2018-08-21,North,OP,2,R,2,44,16:30:00,y,1,463,NA,49,141,130,NA,H
16,2018-08-21,North,OP,2,R,2,65,16:30:00,y,1,512,NA,32,100,120,NA,H
16,2018-08-21,North,OP,2,R,13.5,98,16:30:00,y,1,472,NA,60,182,160,NA,H
16,2018-08-21,North,OP,2,R,16.8,74,16:30:00,y,1,494,NA,45,132,145,NA,H
16,2018-08-21,North,OP,2,R,16.9,29,16:30:00,y,1,526,NA,45,134,130,NA,L
16,2018-08-21,North,OP,3,L,6,92,16:30:00,y,1,505,NA,51,158,100,NA,H
16,2018-08-21,North,OP,3,L,11,79,16:30:00,y,1,400,NA,60,169,170,NA,0
16,2018-08-21,North,OP,3,L,14.5,99,16:30:00,y,1,173,NA,24,70,73,NA,0
16,2018-08-21,North,OP,3,R,0,89,16:30:00,y,1,540,NA,28,85,85,NA,0
16,2018-08-21,North,OP,3,R,1.2,84,16:30:00,y,1,596,NA,60,199,170,NA,L
16,2018-08-21,North,OP,3,R,15,82,16:30:00,y,1,500,NA,27,78,65,NA,0
16,2018-08-21,Second,NAP,1,L,0.5,88,13:30:00,y,1,412,NA,40,121,120,NA,L
16,2018-08-21,Second,NAP,1,R,8.5,97,13:30:00,y,1,325,NA,15,55,77,NA,0
16,2018-08-21,Second,NAP,2,R,3.5,271.1,13:30:00,y,1,329,NA,60,180,130,NA,H
16,2018-08-21,Second,NAP,2,R,4,77,13:30:00,y,1,331,NA,26,52,61,NA,0
16,2018-08-21,Second,NAP,2,R,17,85,13:30:00,y,1,420,NA,30,88,77,NA,0
16,2018-08-21,Second,NAP,2,R,17.8,86,13:30:00,y,1,511,NA,26,80,68,NA,0
16,2018-08-21,Second,NAP,3,L,19.7,81,13:30:00,y,1,489,NA,12,41,50,NA,0
16,2018-08-21,Second,NAP,3,L,19.7,270.1,13:30:00,y,1,462,NA,26,78,87,NA,0
16,2018-08-21,Second,NAP,3,R,6,95,13:30:00,y,1,305,NA,16,57,60,NA,0
16,2018-08-21,Second,OP,1,L,11,52,13:30:00,y,1,534,NA,40,134,100,NA,H
16,2018-08-21,Second,OP,1,L,12.5,66,13:30:00,y,1,725,NA,35,103,80,NA,H
16,2018-08-21,Second,OP,1,L,12.5,71,13:30:00,y,1,653,NA,42,122,70,NA,H
16,2018-08-21,Second,OP,1,L,12.7,67,13:30:00,y,1,600,NA,33,96,110,NA,H
16,2018-08-21,Second,OP,1,L,18,69,13:30:00,y,1,257,NA,23,67,60,NA,0
16,2018-08-21,Second,OP,1,R,12.3,60,13:30:00,y,1,338,NA,24,86,80,NA,0
16,2018-08-21,Second,OP,1,R,14.5,61,13:30:00,y,1,291,NA,33,107,75,NA,0
16,2018-08-21,Second,OP,3,R,6,62,13:30:00,y,1,275,NA,25,78,90,NA,0
16,2018-08-21,Second,OP,3,R,6.5,72,13:30:00,y,1,335,NA,23,76,70,NA,0
16,2018-08-26,Manley,NAP,1,R,12.5,55,11:30:00,y,2,NA,16,10,19,NA,NA,NA
16,2018-08-26,Manley,NAP,3,R,9.2,64,11:30:00,n,2,NA,NA,NA,NA,NA,NA,NA
16,2018-08-26,Manley,OP,1,R,1.5,90,11:30:00,y,2,NA,60,45,92,NA,NA,NA
16,2018-08-26,Manley,OP,1,R,2,93,11:30:00,y,2,NA,25,24,43,NA,NA,NA
16,2018-08-26,Manley,OP,1,R,11.5,28,11:30:00,y,2,NA,53,15,33,NA,NA,NA
16,2018-08-26,Manley,OP,1,R,11.5,78,11:30:00,y,2,NA,0,NA,NA,NA,NA,NA
16,2018-08-26,Manley,OP,1,R,11.5,83,11:30:00,y,2,NA,50,19.5,35,NA,NA,NA
16,2018-08-26,Manley,OP,2,R,7,156,11:30:00,y,2,NA,32,27.5,58,NA,NA,NA
16,2018-08-26,North,NAP,1,L,2.5,80,16:00:00,y,2,NA,59,97,165,NA,NA,NA
16,2018-08-26,North,NAP,1,L,3.9,82.1,16:00:00,y,2,NA,43,106,168,NA,NA,NA
16,2018-08-26,North,NAP,1,L,6.5,50,16:00:00,y,2,NA,34,52.5,81,NA,NA,NA
16,2018-08-26,North,NAP,1,L,6.8,68,16:00:00,y,2,NA,43,73,126,NA,NA,NA
16,2018-08-26,North,NAP,1,L,7,54,16:00:00,y,2,NA,40,75,142,NA,NA,NA
16,2018-08-26,North,NAP,1,L,7,NA,16:00:00,NA,1,504,NA,NA,NA,125,NA,H
16,2018-08-26,North,NAP,1,L,7,NA,16:00:00,NA,1,578,NA,NA,NA,130,NA,H
16,2018-08-26,North,NAP,1,L,7.1,57,16:00:00,y,2,NA,30,86,225,NA,NA,NA
16,2018-08-26,North,NAP,1,L,9,63,16:00:00,y,2,NA,24,47.5,85,NA,NA,NA
16,2018-08-26,North,NAP,2,L,4.5,NA,16:00:00,NA,1,538,NA,NA,NA,147,NA,H
16,2018-08-26,North,NAP,2,L,4.5,NA,16:00:00,NA,1,676,NA,NA,NA,160,NA,H
16,2018-08-26,North,NAP,2,L,12,NA,16:00:00,NA,1,488,NA,NA,NA,175,NA,H
16,2018-08-26,North,NAP,2,R,2.3,NA,16:00:00,NA,1,426,NA,NA,NA,129,NA,H
16,2018-08-26,North,NAP,2,R,4.2,NA,16:00:00,NA,1,522,NA,NA,NA,170,NA,L
16,2018-08-26,North,NAP,2,R,6.3,NA,16:00:00,NA,1,430,NA,NA,NA,92,NA,0
16,2018-08-26,North,NAP,2,R,6.3,NA,16:00:00,NA,1,453,NA,NA,NA,88,NA,0
16,2018-08-26,North,NAP,2,R,6.4,NA,16:00:00,NA,1,537,NA,NA,NA,175,NA,H
16,2018-08-26,North,NAP,2,R,19.1,NA,16:00:00,NA,1,491,NA,NA,NA,115,NA,0
16,2018-08-26,North,NAP,3,L,3.8,NA,16:00:00,NA,1,328,NA,NA,NA,128,NA,H
16,2018-08-26,North,NAP,3,L,7,NA,16:00:00,NA,1,564,NA,NA,NA,139,NA,H
16,2018-08-26,North,NAP,3,L,10.8,NA,16:00:00,NA,1,397,NA,NA,NA,167,NA,0
16,2018-08-26,North,NAP,3,L,13.5,NA,16:00:00,NA,1,633,NA,NA,NA,108,NA,0
16,2018-08-26,North,NAP,3,L,14.2,NA,16:00:00,NA,1,645,NA,NA,NA,119,NA,L
16,2018-08-26,North,NAP,3,L,15.8,NA,16:00:00,NA,1,598,NA,NA,NA,170,NA,H
16,2018-08-26,North,NAP,3,R,0.5,NA,16:00:00,NA,1,498,NA,NA,NA,124,NA,H
16,2018-08-26,North,NAP,3,R,1,NA,16:00:00,NA,1,511,NA,NA,NA,120,NA,H
16,2018-08-26,North,NAP,3,R,4.1,NA,16:00:00,NA,1,564,NA,NA,NA,131,NA,0
16,2018-08-26,North,NAP,3,R,5.6,NA,16:00:00,NA,1,536,NA,NA,NA,148,NA,H
16,2018-08-26,North,NAP,3,R,7,NA,16:00:00,NA,1,344,NA,NA,NA,145,NA,H
16,2018-08-26,North,NAP,3,R,7.2,NA,16:00:00,NA,1,516,NA,NA,NA,157,NA,H
16,2018-08-26,North,NAP,3,R,7.4,NA,16:00:00,NA,1,527,NA,NA,NA,109,NA,0
16,2018-08-26,North,NAP,3,R,16.3,NA,16:00:00,NA,1,524,NA,NA,NA,128,NA,0
16,2018-08-26,North,NAP,3,R,17.8,NA,16:00:00,NA,1,464,NA,NA,NA,160,NA,0
16,2018-08-26,North,OP,2,R,2,44,16:00:00,y,2,NA,40,72,115,NA,NA,NA
16,2018-08-26,North,OP,2,R,2,65,16:00:00,y,2,NA,46,47,95,NA,NA,NA
16,2018-08-26,North,OP,2,R,13.5,98,16:00:00,y,2,NA,69,94.5,173,NA,NA,NA
16,2018-08-26,North,OP,2,R,16.8,74,16:00:00,y,2,NA,40,66,146,NA,NA,NA
16,2018-08-26,North,OP,2,R,16.9,29,16:00:00,y,2,NA,34,84,114,NA,NA,NA
16,2018-08-26,North,OP,3,L,6,92,16:00:00,y,2,NA,47,78,158,NA,NA,NA
16,2018-08-26,North,OP,3,L,11,79,16:00:00,y,2,NA,27,94,184,NA,NA,NA
16,2018-08-26,North,OP,3,L,14.5,99,16:00:00,y,2,NA,6,37,76,NA,NA,NA
16,2018-08-26,North,OP,3,R,0,89,16:00:00,y,2,NA,30,53,97,NA,NA,NA
16,2018-08-26,North,OP,3,R,1.2,84,16:00:00,y,2,NA,64,100,215,NA,NA,NA
16,2018-08-26,North,OP,3,R,15,82,16:00:00,y,2,NA,28,52,91,NA,NA,NA
16,2018-08-26,Second,BMM,1,L,10.5,NA,14:00:00,NA,1,643,NA,NA,NA,105,NA,0
16,2018-08-26,Second,BMM,1,L,19,NA,14:00:00,NA,1,575,NA,NA,NA,55,NA,0
16,2018-08-26,Second,BMM,1,R,9.5,NA,14:00:00,NA,1,471,NA,NA,NA,162,NA,0
16,2018-08-26,Second,BMM,1,R,10.5,NA,14:00:00,NA,1,372,NA,NA,NA,56,NA,0
16,2018-08-26,Second,BMM,2,R,17.5,NA,14:00:00,NA,1,532,NA,NA,NA,95,NA,0
16,2018-08-26,Second,NAP,1,L,0.5,88,14:00:00,y,2,NA,78,73,141,NA,NA,NA
16,2018-08-26,Second,NAP,1,R,8.5,97,14:00:00,y,2,NA,25,35,78,NA,NA,NA
16,2018-08-26,Second,NAP,2,R,3.5,271.1,14:00:00,y,2,NA,80,89,130,NA,NA,NA
16,2018-08-26,Second,NAP,2,R,4,77,14:00:00,n,2,NA,NA,NA,NA,NA,NA,NA
16,2018-08-26,Second,NAP,2,R,17,85,14:00:00,y,2,NA,28,69,110,NA,NA,NA
16,2018-08-26,Second,NAP,2,R,17.8,86,14:00:00,y,2,NA,36,57,88,NA,NA,NA
16,2018-08-26,Second,NAP,3,L,19.7,81,14:00:00,y,2,NA,23,30,52,NA,NA,NA
16,2018-08-26,Second,NAP,3,L,19.7,270.1,14:00:00,y,2,NA,45,47,78,NA,NA,NA
16,2018-08-26,Second,NAP,3,R,6,95,14:00:00,y,2,NA,30,35,76,NA,NA,NA
16,2018-08-26,Second,OP,1,L,11,52,14:00:00,y,2,NA,77,69,143,NA,NA,NA
16,2018-08-26,Second,OP,1,L,12.5,66,14:00:00,y,2,NA,62,55,104,NA,NA,NA
16,2018-08-26,Second,OP,1,L,12.5,71,14:00:00,y,2,NA,28,63,124,NA,NA,NA
16,2018-08-26,Second,OP,1,L,12.7,67,14:00:00,y,2,NA,72,59,67,NA,NA,NA
16,2018-08-26,Second,OP,1,L,18,69,14:00:00,y,2,NA,32,46,74,NA,NA,NA
16,2018-08-26,Second,OP,1,R,12.3,60,14:00:00,y,2,NA,42,59,112,NA,NA,NA
16,2018-08-26,Second,OP,1,R,14.5,61,14:00:00,y,2,NA,23,74.5,134,NA,NA,NA
16,2018-08-26,Second,OP,3,R,6,62,14:00:00,y,2,NA,42,52,98,NA,NA,NA
16,2018-08-26,Second,OP,3,R,6.5,72,14:00:00,y,2,NA,27,NA,NA,NA,NA,NA
16,2018-11-20,Manley,NAP,1,R,12.5,55,12:00:00,n,3,NA,NA,NA,NA,NA,NA,NA
16,2018-11-20,Manley,NAP,3,R,9.2,64,12:00:00,n,3,NA,NA,NA,NA,NA,NA,NA
16,2018-11-20,Manley,OP,1,R,1.5,90,12:00:00,n,3,NA,NA,NA,NA,NA,NA,NA
16,2018-11-20,Manley,OP,1,R,2,93,12:00:00,n,3,NA,NA,NA,NA,NA,NA,NA
16,2018-11-20,Manley,OP,1,R,11.5,28,12:00:00,n,3,NA,NA,NA,NA,NA,NA,NA
16,2018-11-20,Manley,OP,1,R,11.5,78,12:00:00,n,3,NA,NA,NA,NA,NA,NA,NA
16,2018-11-20,Manley,OP,1,R,11.5,83,12:00:00,n,3,NA,NA,NA,NA,NA,NA,NA
16,2018-11-20,Manley,OP,2,R,7,156,12:00:00,y,3,372,5,NA,NA,NA,NA,NA
16,2018-11-20,North,NAP,1,L,2.5,80,12:00:00,n,3,NA,NA,NA,NA,NA,NA,NA
16,2018-11-20,North,NAP,1,L,3.9,82.1,12:00:00,n,3,NA,NA,NA,NA,NA,NA,NA
16,2018-11-20,North,NAP,1,L,6.5,50,12:00:00,n,3,NA,NA,NA,NA,NA,NA,NA
16,2018-11-20,North,NAP,1,L,6.8,68,12:00:00,n,3,NA,NA,NA,NA,NA,NA,NA
16,2018-11-20,North,NAP,1,L,7,54,12:00:00,n,3,NA,NA,NA,NA,NA,NA,NA
16,2018-11-20,North,NAP,1,L,7.1,57,12:00:00,n,3,NA,NA,NA,NA,NA,NA,NA
16,2018-11-20,North,NAP,1,L,9,63,12:00:00,n,3,NA,NA,NA,NA,NA,NA,NA
16,2018-11-20,North,OP,2,R,2,44,12:00:00,n,3,NA,NA,NA,NA,NA,NA,NA
16,2018-11-20,North,OP,2,R,2,65,12:00:00,n,3,NA,NA,NA,NA,NA,NA,NA
16,2018-11-20,North,OP,2,R,13.5,98,12:00:00,n,3,NA,NA,NA,NA,NA,NA,NA
16,2018-11-20,North,OP,2,R,16.8,74,12:00:00,y,3,511,5,NA,NA,NA,NA,NA
16,2018-11-20,North,OP,2,R,16.9,29,12:00:00,y,3,600,26,NA,NA,NA,NA,NA
16,2018-11-20,North,OP,3,L,6,92,12:00:00,y,3,530,32,NA,NA,NA,NA,NA
16,2018-11-20,North,OP,3,L,11,79,12:00:00,y,3,512,20,NA,NA,NA,NA,NA
16,2018-11-20,North,OP,3,L,14.5,99,12:00:00,n,3,NA,NA,NA,NA,NA,NA,NA
16,2018-11-20,North,OP,3,R,0,89,10:00:00,n,3,NA,NA,NA,NA,NA,NA,NA
16,2018-11-20,North,OP,3,R,1.2,84,10:00:00,n,3,NA,NA,NA,NA,NA,NA,NA
16,2018-11-20,North,OP,3,R,15,82,12:00:00,n,3,NA,NA,NA,NA,NA,NA,NA
16,2018-11-20,Second,NAP,1,L,0.5,88,10:00:00,y,3,440,50,NA,NA,NA,NA,NA
16,2018-11-20,Second,NAP,1,R,8.5,97,10:00:00,n,3,NA,NA,NA,NA,NA,NA,NA
16,2018-11-20,Second,NAP,2,R,3.5,271.1,10:00:00,n,3,NA,NA,NA,NA,NA,NA,NA
16,2018-11-20,Second,NAP,2,R,4,77,10:00:00,n,3,NA,NA,NA,NA,NA,NA,NA
16,2018-11-20,Second,NAP,2,R,17,85,10:00:00,y,3,677,20,NA,NA,NA,NA,NA
16,2018-11-20,Second,NAP,2,R,17.8,86,10:00:00,n,3,NA,NA,NA,NA,NA,NA,NA
16,2018-11-20,Second,NAP,3,L,19.7,81,10:00:00,n,3,NA,NA,NA,NA,NA,NA,NA
16,2018-11-20,Second,NAP,3,L,19.7,270.1,10:00:00,n,3,NA,NA,NA,NA,NA,NA,NA
16,2018-11-20,Second,NAP,3,R,6,95,10:00:00,y,3,432,17,NA,NA,NA,NA,NA
16,2018-11-20,Second,OP,1,L,11,52,10:00:00,y,3,551,31,NA,NA,NA,NA,NA
16,2018-11-20,Second,OP,1,L,12.5,66,10:00:00,n,3,NA,NA,NA,NA,NA,NA,NA
16,2018-11-20,Second,OP,1,L,12.5,71,10:00:00,n,3,NA,NA,NA,NA,NA,NA,NA
16,2018-11-20,Second,OP,1,L,12.7,67,10:00:00,n,3,NA,NA,NA,NA,NA,NA,NA
16,2018-11-20,Second,OP,1,L,18,69,10:00:00,n,3,NA,NA,NA,NA,NA,NA,NA
16,2018-11-20,Second,OP,1,R,12.3,60,10:00:00,y,3,636,30,NA,NA,NA,NA,NA
16,2018-11-20,Second,OP,1,R,14.5,61,10:00:00,n,3,NA,NA,NA,NA,NA,NA,NA
16,2018-11-20,Second,OP,3,R,6,62,10:00:00,y,3,352,37,NA,NA,NA,NA,NA
16,2018-11-20,Second,OP,3,R,6.5,72,10:00:00,n,3,NA,NA,NA,NA,NA,NA,NA
16,NA,Manley,OP,2,R,11.5,NA,NA,NA,2,NA,0,NA,NA,NA,NA,NA
16,NA,Manley,OP,2,R,11.5,NA,NA,NA,3,NA,NA,NA,NA,NA,NA,NA
16,NA,North,NAP,1,L,7,NA,NA,NA,2,NA,NA,NA,NA,NA,NA,NA
16,NA,North,NAP,1,L,7,NA,NA,NA,2,NA,NA,NA,NA,NA,NA,NA
16,NA,North,NAP,1,L,7,NA,NA,NA,3,NA,NA,NA,NA,NA,NA,NA
16,NA,North,NAP,1,L,7,NA,NA,NA,3,NA,NA,NA,NA,NA,NA,NA
16,NA,North,NAP,2,L,4.5,NA,NA,NA,2,NA,NA,NA,NA,NA,NA,NA
16,NA,North,NAP,2,L,4.5,NA,NA,NA,2,NA,NA,NA,NA,NA,NA,NA
16,NA,North,NAP,2,L,4.5,NA,NA,NA,3,NA,NA,NA,NA,NA,NA,NA
16,NA,North,NAP,2,L,4.5,NA,NA,NA,3,NA,NA,NA,NA,NA,NA,NA
16,NA,North,NAP,2,L,12,NA,NA,NA,2,NA,NA,NA,NA,NA,NA,NA
16,NA,North,NAP,2,L,12,NA,NA,NA,3,NA,NA,NA,NA,NA,NA,NA
16,NA,North,NAP,2,R,2.3,NA,NA,NA,2,NA,NA,NA,NA,NA,NA,NA
16,NA,North,NAP,2,R,2.3,NA,NA,NA,3,NA,NA,NA,NA,NA,NA,NA
16,NA,North,NAP,2,R,4.2,NA,NA,NA,2,NA,NA,NA,NA,NA,NA,NA
16,NA,North,NAP,2,R,4.2,NA,NA,NA,3,NA,NA,NA,NA,NA,NA,NA
16,NA,North,NAP,2,R,6.3,NA,NA,NA,2,NA,NA,NA,NA,NA,NA,NA
16,NA,North,NAP,2,R,6.3,NA,NA,NA,2,NA,NA,NA,NA,NA,NA,NA
16,NA,North,NAP,2,R,6.3,NA,NA,NA,3,NA,NA,NA,NA,NA,NA,NA
16,NA,North,NAP,2,R,6.3,NA,NA,NA,3,NA,NA,NA,NA,NA,NA,NA
16,NA,North,NAP,2,R,6.4,NA,NA,NA,2,NA,NA,NA,NA,NA,NA,NA
16,NA,North,NAP,2,R,6.4,NA,NA,NA,3,NA,NA,NA,NA,NA,NA,NA
16,NA,North,NAP,2,R,19.1,NA,NA,NA,2,NA,NA,NA,NA,NA,NA,NA
16,NA,North,NAP,2,R,19.1,NA,NA,NA,3,NA,NA,NA,NA,NA,NA,NA
16,NA,North,NAP,3,L,3.8,NA,NA,NA,2,NA,NA,NA,NA,NA,NA,NA
16,NA,North,NAP,3,L,3.8,NA,NA,NA,3,NA,NA,NA,NA,NA,NA,NA
16,NA,North,NAP,3,L,7,NA,NA,NA,2,NA,NA,NA,NA,NA,NA,NA
16,NA,North,NAP,3,L,7,NA,NA,NA,3,NA,NA,NA,NA,NA,NA,NA
16,NA,North,NAP,3,L,10.8,NA,NA,NA,2,NA,NA,NA,NA,NA,NA,NA
16,NA,North,NAP,3,L,10.8,NA,NA,NA,3,NA,NA,NA,NA,NA,NA,NA
16,NA,North,NAP,3,L,13.5,NA,NA,NA,2,NA,NA,NA,NA,NA,NA,NA
16,NA,North,NAP,3,L,13.5,NA,NA,NA,3,NA,NA,NA,NA,NA,NA,NA
16,NA,North,NAP,3,L,14.2,NA,NA,NA,2,NA,NA,NA,NA,NA,NA,NA
16,NA,North,NAP,3,L,14.2,NA,NA,NA,3,NA,NA,NA,NA,NA,NA,NA
16,NA,North,NAP,3,L,15.8,NA,NA,NA,2,NA,NA,NA,NA,NA,NA,NA
16,NA,North,NAP,3,L,15.8,NA,NA,NA,3,NA,NA,NA,NA,NA,NA,NA
16,NA,North,NAP,3,R,0.5,NA,NA,NA,2,NA,NA,NA,NA,NA,NA,NA
16,NA,North,NAP,3,R,0.5,NA,NA,NA,3,NA,NA,NA,NA,NA,NA,NA
16,NA,North,NAP,3,R,1,NA,NA,NA,2,NA,NA,NA,NA,NA,NA,NA
16,NA,North,NAP,3,R,1,NA,NA,NA,3,NA,NA,NA,NA,NA,NA,NA
16,NA,North,NAP,3,R,4.1,NA,NA,NA,2,NA,NA,NA,NA,NA,NA,NA
16,NA,North,NAP,3,R,4.1,NA,NA,NA,3,NA,NA,NA,NA,NA,NA,NA
16,NA,North,NAP,3,R,5.6,NA,NA,NA,2,NA,NA,NA,NA,NA,NA,NA
16,NA,North,NAP,3,R,5.6,NA,NA,NA,3,NA,NA,NA,NA,NA,NA,NA
16,NA,North,NAP,3,R,7,NA,NA,NA,2,NA,NA,NA,NA,NA,NA,NA
16,NA,North,NAP,3,R,7,NA,NA,NA,3,NA,NA,NA,NA,NA,NA,NA
16,NA,North,NAP,3,R,7.2,NA,NA,NA,2,NA,NA,NA,NA,NA,NA,NA
16,NA,North,NAP,3,R,7.2,NA,NA,NA,3,NA,NA,NA,NA,NA,NA,NA
16,NA,North,NAP,3,R,7.4,NA,NA,NA,2,NA,NA,NA,NA,NA,NA,NA
16,NA,North,NAP,3,R,7.4,NA,NA,NA,3,NA,NA,NA,NA,NA,NA,NA
16,NA,North,NAP,3,R,16.3,NA,NA,NA,2,NA,NA,NA,NA,NA,NA,NA
16,NA,North,NAP,3,R,16.3,NA,NA,NA,3,NA,NA,NA,NA,NA,NA,NA
16,NA,North,NAP,3,R,17.8,NA,NA,NA,2,NA,NA,NA,NA,NA,NA,NA
16,NA,North,NAP,3,R,17.8,NA,NA,NA,3,NA,NA,NA,NA,NA,NA,NA
16,NA,Second,BMM,1,L,10.5,NA,NA,NA,2,NA,83,NA,NA,NA,NA,NA
16,NA,Second,BMM,1,L,10.5,NA,NA,NA,3,NA,NA,NA,NA,NA,NA,NA
16,NA,Second,BMM,1,L,19,NA,NA,NA,2,NA,65,NA,NA,NA,NA,NA
16,NA,Second,BMM,1,L,19,NA,NA,NA,3,NA,NA,NA,NA,NA,NA,NA
16,NA,Second,BMM,1,R,9.5,NA,NA,NA,2,NA,39,NA,NA,NA,NA,NA
16,NA,Second,BMM,1,R,9.5,NA,NA,NA,3,NA,NA,NA,NA,NA,NA,NA
16,NA,Second,BMM,1,R,10.5,NA,NA,NA,2,NA,32,NA,NA,NA,NA,NA
16,NA,Second,BMM,1,R,10.5,NA,NA,NA,3,NA,NA,NA,NA,NA,NA,NA
16,NA,Second,BMM,2,R,17.5,NA,NA,NA,2,NA,40,NA,NA,NA,NA,NA
16,NA,Second,BMM,2,R,17.5,NA,NA,NA,3,NA,NA,NA,NA,NA,NA,NA
17,2018-11-20,Manley,BMM,NA,NA,NA,30,13:00:00,y,1,324,NA,14,31,10,NA,0
17,2018-11-20,Manley,BMM,NA,NA,NA,91,13:00:00,y,1,382,NA,17,70,30,NA,0
17,2018-11-20,Manley,BMM,NA,NA,NA,96,13:00:00,y,1,424,NA,21,85,15,NA,0
17,2018-11-20,Manley,OP,2,R,7.2,49,13:00:00,y,1,372,NA,16,55,20,NA,0
17,2018-11-20,Manley,OP,NA,NA,NA,2,13:00:00,y,1,425,NA,23,67,60,NA,0
17,2018-11-20,Manley,OP,NA,NA,NA,26,13:00:00,y,1,456,NA,30,90,80,NA,0
17,2018-11-20,Manley,OP,NA,NA,NA,42,13:00:00,y,1,386,NA,16,56,50,NA,0
17,2018-11-20,Manley,OP,NA,NA,NA,47,13:00:00,y,1,336,NA,11,33,30,NA,0
17,2018-11-20,Manley,OP,NA,NA,NA,76,13:00:00,y,1,446,NA,33,99,85,NA,0
17,2018-11-20,North,BMM,1,L,7,18,10:40:00,y,1,483,NA,36,125,110,NA,H
17,2018-11-20,North,BMM,2,R,7.5,34,10:40:00,y,1,514,NA,34.5,97,130,NA,L
17,2018-11-20,North,BMM,2,R,7.5,43,10:40:00,y,1,465,NA,26.5,98,90,NA,H
17,2018-11-20,North,BMM,2,R,19,7,10:40:00,y,1,600,NA,20.5,67,25,NA,H
17,2018-11-20,North,BMM,3,L,11.5,13,10:40:00,y,1,482,NA,52,115,215,NA,L
17,2018-11-20,North,BMM,3,L,17.3,14,10:40:00,y,1,602,NA,44,133,123,NA,H
17,2018-11-20,North,BMM,3,R,6.4,32,10:40:00,y,1,401,NA,39,109,90,NA,0
17,2018-11-20,North,BMM,3,R,6.5,8,10:40:00,y,1,528,NA,51,152,180,NA,L
17,2018-11-20,North,BMM,3,R,19.8,17,10:40:00,y,1,614,NA,46,173,110,NA,H
17,2018-11-20,North,OP,2,R,18.5,24,10:40:00,y,1,511,NA,51,151,80,NA,H
17,2018-11-20,North,OP,2,R,18.6,16,10:40:00,y,1,600,NA,80,138,170,NA,L
17,2018-11-20,North,OP,2,R,19.5,19,10:40:00,y,1,545,NA,26,72,85,NA,L
17,2018-11-20,North,OP,3,L,7.1,6,10:40:00,y,1,572,NA,63,186,170,NA,H
17,2018-11-20,North,OP,3,L,11,4,10:40:00,y,1,512,NA,73,237,200,NA,H
17,2018-11-20,North,OP,3,L,14.5,41,10:40:00,y,1,651,NA,23,69,110,NA,H
17,2018-11-20,North,OP,3,R,5.5,20,10:40:00,y,1,525,NA,32,77,140,NA,H
17,2018-11-20,North,OP,3,R,7.2,38,10:40:00,y,1,563,NA,22,66,40,NA,L
17,2018-11-20,North,OP,3,R,18.5,15,10:40:00,y,1,662,NA,24,77,100,NA,H
17,2018-11-20,Second,BMM,1,L,0.5,27,10:00:00,y,1,440,NA,25,85,150,NA,H
17,2018-11-20,Second,BMM,1,L,12,39,10:00:00,y,1,551,NA,39,125,80,NA,H
17,2018-11-20,Second,BMM,1,L,14.5,11,10:00:00,y,1,538,NA,37,153,150,NA,L
17,2018-11-20,Second,BMM,1,L,19,22,10:00:00,y,1,609,NA,36.5,117,90,NA,H
17,2018-11-20,Second,BMM,1,R,10,12,10:00:00,y,1,739,NA,30.5,112,50,NA,L
17,2018-11-20,Second,BMM,1,R,10.1,33,10:00:00,y,1,679,NA,26.5,219,90,NA,L
17,2018-11-20,Second,BMM,3,R,6,10,10:00:00,y,1,352,NA,69,250,250,NA,NA
17,2018-11-20,Second,OP,1,L,11.2,9,10:00:00,y,1,759,NA,90,275,250,NA,H
17,2018-11-20,Second,OP,1,R,12,3,10:00:00,y,1,642,NA,27,88,120,NA,H
17,2018-11-20,Second,OP,1,R,13,36,10:00:00,y,1,636,NA,54,198,230,NA,H
17,2018-11-20,Second,OP,1,R,17,40,10:00:00,y,1,593,NA,38,110,150,NA,H
17,2018-11-20,Second,OP,2,R,16,1,10:00:00,y,1,677,NA,49,144,115,NA,0
17,2018-11-20,Second,OP,2,R,17,45,10:00:00,y,1,744,NA,90,275,275,NA,H
17,2018-11-20,Second,OP,3,R,6.2,35,10:00:00,y,1,432,NA,50,150,140,NA,H
17,2018-11-24,North,BMM,1,L,7,18,12:00:00,y,2,NA,17,38,119,NA,NA,NA
17,2018-11-24,North,BMM,2,R,7.5,34,12:00:00,y,2,NA,39,40,107,NA,NA,NA
17,2018-11-24,North,BMM,2,R,7.5,43,12:00:00,y,2,NA,19,32,101,NA,NA,NA
17,2018-11-24,North,BMM,2,R,19,7,12:00:00,y,2,NA,17,23,71,NA,NA,NA
17,2018-11-24,North,BMM,3,L,11.5,13,12:00:00,y,2,NA,27,53,193,NA,NA,NA
17,2018-11-24,North,BMM,3,L,17.3,14,12:00:00,y,2,NA,31,47,127,NA,NA,NA
17,2018-11-24,North,BMM,3,R,6.4,32,12:00:00,y,2,NA,9,44,118,NA,NA,NA
17,2018-11-24,North,BMM,3,R,6.5,8,12:00:00,y,2,NA,17,51,153,NA,NA,NA
17,2018-11-24,North,BMM,3,R,19.8,17,12:00:00,y,2,NA,40,54,180,NA,NA,NA
17,2018-11-24,North,OP,2,R,18.5,24,12:00:00,y,2,NA,5,NA,NA,NA,NA,NA
17,2018-11-24,North,OP,2,R,18.6,16,12:00:00,y,2,NA,26,96.5,250,NA,NA,NA
17,2018-11-24,North,OP,2,R,19.5,19,12:00:00,y,2,NA,18,29.5,77,NA,NA,NA
17,2018-11-24,North,OP,3,L,7.1,6,12:00:00,y,2,NA,21,77,203,NA,NA,NA
17,2018-11-24,North,OP,3,L,11,4,12:00:00,y,2,NA,20,84,250,NA,NA,NA
17,2018-11-24,North,OP,3,L,14.5,41,12:00:00,y,2,NA,19,26.5,72,NA,NA,NA
17,2018-11-24,North,OP,3,R,5.5,20,12:00:00,y,2,NA,11,NA,NA,NA,NA,NA
17,2018-11-24,North,OP,3,R,7.2,38,12:00:00,y,2,NA,6,NA,NA,NA,NA,NA
17,2018-11-24,North,OP,3,R,18.5,15,12:00:00,y,2,NA,28,32,87,NA,NA,NA
17,2018-11-24,Second,BMM,1,L,0.5,27,10:00:00,y,2,NA,50,32,89,NA,NA,NA
17,2018-11-24,Second,BMM,1,L,12,39,10:00:00,y,2,NA,31,44,119,NA,NA,NA
17,2018-11-24,Second,BMM,1,L,14.5,11,10:00:00,y,2,NA,31,39,152,NA,NA,NA
17,2018-11-24,Second,BMM,1,L,19,22,10:00:00,y,2,NA,26,39,111,NA,NA,NA
17,2018-11-24,Second,BMM,1,R,10,12,10:00:00,y,2,NA,25,35,117,NA,NA,NA
17,2018-11-24,Second,BMM,1,R,10.1,33,10:00:00,y,2,NA,30,39.5,169,NA,NA,NA
17,2018-11-24,Second,BMM,3,R,6,10,10:00:00,y,2,NA,37,69,165,NA,NA,NA
17,2018-11-24,Second,OP,1,L,11.2,9,10:00:00,y,2,NA,76,105,274,NA,NA,NA
17,2018-11-24,Second,OP,1,R,12,3,10:00:00,y,2,NA,20,31,95,NA,NA,NA
17,2018-11-24,Second,OP,1,R,13,36,10:00:00,y,2,NA,30,62,200,NA,NA,NA
17,2018-11-24,Second,OP,1,R,17,40,10:00:00,y,2,NA,27,45,111,NA,NA,NA
17,2018-11-24,Second,OP,2,R,16,1,10:00:00,y,2,NA,20,61.5,144,NA,NA,NA
17,2018-11-24,Second,OP,2,R,17,45,10:00:00,y,2,NA,45,107,280,NA,NA,NA
17,2018-11-24,Second,OP,3,R,6.2,35,10:00:00,y,2,NA,17,56,160,NA,NA,NA
17,2018-11-25,Manley,BMM,NA,NA,NA,30,10:00:00,y,2,NA,8,14,31,NA,NA,NA
17,2018-11-25,Manley,BMM,NA,NA,NA,91,10:00:00,y,2,NA,7,27,84,NA,NA,NA
17,2018-11-25,Manley,BMM,NA,NA,NA,96,10:00:00,y,2,NA,6,NA,NA,NA,NA,NA
17,2018-11-25,Manley,OP,2,R,7.2,49,10:00:00,y,2,NA,9,20,56,NA,NA,NA
17,2018-11-25,Manley,OP,NA,NA,NA,2,10:00:00,y,2,NA,9,27,67,NA,NA,NA
17,2018-11-25,Manley,OP,NA,NA,NA,26,10:00:00,y,2,NA,23,37,98,NA,NA,NA
17,2018-11-25,Manley,OP,NA,NA,NA,42,10:00:00,y,2,NA,8,16.5,47.5,NA,NA,NA
17,2018-11-25,Manley,OP,NA,NA,NA,47,10:00:00,y,2,NA,12,13.5,34,NA,NA,NA
17,2018-11-25,Manley,OP,NA,NA,NA,76,10:00:00,y,2,NA,16,41,107,NA,NA,NA
17,2019-01-13,North,BMM,1,L,7,18,13:00:00,y,3,483,11,NA,NA,NA,NA,NA
17,2019-01-13,North,BMM,2,R,7.5,34,13:00:00,y,3,514,28,NA,NA,NA,NA,NA
17,2019-01-13,North,BMM,2,R,7.5,43,13:00:00,y,3,465,0,NA,NA,NA,NA,NA
17,2019-01-13,North,BMM,2,R,19,7,13:00:00,y,3,600,11,NA,NA,NA,NA,NA
17,2019-01-13,North,BMM,3,L,11.5,13,13:00:00,y,3,482,16,NA,NA,NA,NA,NA
17,2019-01-13,North,BMM,3,L,17.3,14,13:00:00,y,3,608,21,NA,NA,NA,NA,NA
17,2019-01-13,North,BMM,3,R,6.4,32,13:00:00,y,3,493,4,NA,NA,NA,NA,NA
17,2019-01-13,North,BMM,3,R,6.5,8,13:00:00,y,3,536,20,NA,NA,NA,NA,NA
17,2019-01-13,North,BMM,3,R,19.8,17,13:00:00,y,3,724,37,NA,NA,NA,NA,NA
17,2019-01-13,North,OP,2,R,18.5,24,13:00:00,y,3,511,1,NA,NA,NA,NA,NA
17,2019-01-13,North,OP,2,R,18.6,16,13:00:00,y,3,600,14,NA,NA,NA,NA,NA
17,2019-01-13,North,OP,2,R,19.5,19,13:00:00,y,3,610,10,NA,NA,NA,NA,NA
17,2019-01-13,North,OP,3,L,7.1,6,13:00:00,n,3,NA,NA,NA,NA,NA,NA,NA
17,2019-01-13,North,OP,3,L,11,4,13:00:00,n,3,NA,NA,NA,NA,NA,NA,NA
17,2019-01-13,North,OP,3,L,14.5,41,13:00:00,y,3,651,15,NA,NA,NA,NA,NA
17,2019-01-13,North,OP,3,R,5.5,20,13:00:00,y,3,532,10,NA,NA,NA,NA,NA
17,2019-01-13,North,OP,3,R,7.2,38,13:00:00,n,3,NA,NA,NA,NA,NA,NA,NA
17,2019-01-13,North,OP,3,R,18.5,15,13:00:00,y,3,662,26,NA,NA,NA,NA,NA
17,2019-01-14,Manley,BMM,NA,NA,NA,30,9:00:00,n,3,NA,NA,NA,NA,NA,NA,NA
17,2019-01-14,Manley,BMM,NA,NA,NA,91,9:00:00,n,3,NA,NA,NA,NA,NA,NA,NA
17,2019-01-14,Manley,BMM,NA,NA,NA,96,9:00:00,n,3,NA,NA,NA,NA,NA,NA,NA
17,2019-01-14,Manley,OP,2,R,7.2,49,9:00:00,n,3,NA,NA,NA,NA,NA,NA,NA
17,2019-01-14,Manley,OP,NA,NA,NA,2,9:00:00,n,3,NA,NA,NA,NA,NA,NA,NA
17,2019-01-14,Manley,OP,NA,NA,NA,26,9:00:00,n,3,NA,NA,NA,NA,NA,NA,NA
17,2019-01-14,Manley,OP,NA,NA,NA,42,9:00:00,n,3,NA,NA,NA,NA,NA,NA,NA
17,2019-01-14,Manley,OP,NA,NA,NA,47,9:00:00,n,3,NA,NA,NA,NA,NA,NA,NA
17,2019-01-14,Manley,OP,NA,NA,NA,76,9:00:00,y,3,463,6,NA,NA,NA,NA,NA
17,2019-01-14,Second,BMM,1,L,0.5,27,14:00:00,y,3,447,24,NA,NA,NA,NA,NA
17,2019-01-14,Second,BMM,1,L,12,39,14:00:00,y,3,562,13,NA,NA,NA,NA,NA
17,2019-01-14,Second,BMM,1,L,14.5,11,14:00:00,y,3,556,27,NA,NA,NA,NA,NA
17,2019-01-14,Second,BMM,1,L,19,22,14:00:00,y,3,632,13,NA,NA,NA,NA,NA
17,2019-01-14,Second,BMM,1,R,10,12,14:00:00,y,3,739,25,NA,NA,NA,NA,NA
17,2019-01-14,Second,BMM,1,R,10.1,33,14:00:00,y,3,719,25,NA,NA,NA,NA,NA
17,2019-01-14,Second,BMM,3,R,6,10,14:00:00,y,3,459,42,NA,NA,NA,NA,NA
17,2019-01-14,Second,OP,1,L,11.2,9,14:00:00,y,3,766,73,NA,NA,NA,NA,NA
17,2019-01-14,Second,OP,1,R,12,3,14:00:00,y,3,652,20,NA,NA,NA,NA,NA
17,2019-01-14,Second,OP,1,R,13,36,14:00:00,y,3,636,30,NA,NA,NA,NA,NA
17,2019-01-14,Second,OP,1,R,17,40,14:00:00,y,3,615,26,NA,NA,NA,NA,NA
17,2019-01-14,Second,OP,2,R,16,1,14:00:00,y,3,677,17,NA,NA,NA,NA,NA
17,2019-01-14,Second,OP,2,R,17,45,14:00:00,y,3,744,27,NA,NA,NA,NA,NA
17,2019-01-14,Second,OP,3,R,6.2,35,14:00:00,y,3,433,17,NA,NA,NA,NA,NA
18,2019-01-13,Manley,BMM,NA,NA,NA,281.1,9:00:00,y,1,475,NA,20,60,40,NA,0
18,2019-01-13,Manley,BMM,NA,NA,NA,282.1,9:00:00,y,1,425,NA,19,56,15,NA,0
18,2019-01-13,Manley,BMM,NA,NA,NA,283.1,9:00:00,y,1,484,NA,17,52,22,NA,0
18,2019-01-13,Manley,BMM,NA,NA,NA,286.1,9:00:00,y,1,373,NA,11,30,14,NA,0
18,2019-01-13,Manley,BMM,NA,NA,NA,296.1,9:00:00,y,1,496,NA,23,97,26,NA,0
18,2019-01-13,Manley,KH,NA,NA,NA,76.1,9:00:00,y,1,463,NA,12,37,20,NA,0
18,2019-01-13,Manley,KH,NA,NA,NA,256,9:00:00,y,1,296,NA,17,53,61,NA,L
18,2019-01-13,Manley,KH,NA,NA,NA,258,9:00:00,y,1,497,NA,9,31,30,NA,0
18,2019-01-13,Manley,KH,NA,NA,NA,264,9:00:00,y,1,364,NA,27,108,63,NA,0
18,2019-01-13,Manley,KH,NA,NA,NA,276.1,9:00:00,y,1,432,NA,13,38,10,NA,0
18,2019-01-13,Manley,KH,NA,NA,NA,288,9:00:00,y,1,274,NA,18,53,47,NA,0
18,2019-01-13,Manley,KH,NA,NA,NA,292.1,9:00:00,y,1,454,NA,8,27,45,NA,0
18,2019-01-13,Manley,KH,NA,NA,NA,298.1,9:00:00,y,1,634,NA,14,44,83,NA,0
18,2019-01-13,Manley,LL,NA,NA,NA,277.1,9:00:00,y,1,464,NA,13,51,55,NA,L
18,2019-01-13,Manley,LL,NA,NA,NA,285.1,9:00:00,y,1,359,NA,15,127,124,NA,L
18,2019-01-13,North,BMM,1,L,7,18.1,13:00:00,y,1,470,NA,11,18,21,NA,0
18,2019-01-13,North,BMM,2,R,7.5,34.1,13:00:00,y,1,508,NA,61,134,120,NA,L
18,2019-01-13,North,BMM,2,R,19,7.1,13:00:00,y,1,587,NA,10,17,17,NA,0
18,2019-01-13,North,BMM,3,L,11.5,13.1,13:00:00,y,1,480,NA,102,150,115,NA,0
18,2019-01-13,North,BMM,3,R,6.4,32.1,13:00:00,y,1,493,NA,12,18,10,NA,0
18,2019-01-13,North,KH,2,R,18.5,24.1,13:00:00,y,1,496,NA,3,11,11,NA,0
18,2019-01-13,North,KH,2,R,18.6,16.1,13:00:00,y,1,590,NA,15,57,150,NA,L
18,2019-01-13,North,KH,2,R,19.5,19.1,13:00:00,y,1,610,NA,15,52,29,NA,0
18,2019-01-13,North,KH,3,L,14.5,41.1,13:00:00,y,1,522,NA,15,45,50,NA,0
18,2019-01-13,North,KH,3,R,5.5,20.1,13:00:00,y,1,532,NA,5,18,30,NA,0
18,2019-01-13,North,KH,3,R,18.5,15.1,13:00:00,y,1,629,NA,50,147,46,NA,0
18,2019-01-14,Second,BMM,1,L,11.2,9.1,14:00:00,y,1,766,NA,23,50,200,NA,L
18,2019-01-14,Second,BMM,1,R,12,3.1,14:00:00,y,1,652,NA,39,122,180,NA,0
18,2019-01-14,Second,BMM,1,R,13,36.1,14:00:00,y,1,630,NA,47,152,140,NA,0
18,2019-01-14,Second,BMM,1,R,17,40.1,14:00:00,y,1,615,NA,40,127,160,NA,L
18,2019-01-14,Second,BMM,3,R,6.2,35.1,14:00:00,y,1,433,NA,21,98,17,NA,L
18,2019-01-14,Second,KH,1,L,0.5,27.1,14:00:00,y,1,447,NA,23,76,140,NA,L
18,2019-01-14,Second,KH,1,L,12,39.1,14:00:00,y,1,567,NA,25,79,60,NA,0
18,2019-01-14,Second,KH,1,L,19,22.1,14:00:00,y,1,632,NA,41,156,150,NA,0
18,2019-01-14,Second,KH,1,R,10,12.1,14:00:00,y,1,723,NA,36,125,150,NA,L
18,2019-01-14,Second,KH,1,R,10,33.1,14:00:00,y,1,719,NA,27,80,180,NA,L
18,2019-01-14,Second,KH,1,R,14.5,11.1,14:00:00,y,1,556,NA,54,190,180,NA,0
18,2019-01-14,Second,KH,3,R,6,10.1,14:00:00,y,1,459,NA,30,76,150,NA,L
18,2019-01-14,Second,LL,2,R,16,1.1,14:00:00,y,1,674,NA,10,55,163,NA,0
18,2019-01-14,Second,LL,2,R,17,45.1,14:00:00,y,1,742,NA,26,326,350,NA,L
18,2019-01-16,North,KH,2,L,12.5,NA,9:00:00,NA,1,583,NA,NA,NA,68,NA,L
18,2019-01-16,North,KH,2,R,8.5,NA,9:00:00,NA,1,471,NA,NA,NA,0,NA,0
18,2019-01-16,North,KH,3,L,17,NA,9:00:00,NA,1,666,NA,NA,NA,98,NA,L
18,2019-01-16,North,KH,3,L,18.5,NA,9:00:00,NA,1,608,NA,NA,NA,136,NA,L
18,2019-01-16,North,KH,3,R,6,NA,9:00:00,NA,1,525,NA,NA,NA,0,NA,0
18,2019-01-16,North,KH,3,R,19,NA,9:00:00,NA,1,660,NA,NA,NA,115,NA,L
18,2019-01-16,North,KH,3,R,20,NA,9:00:00,NA,1,724,NA,NA,NA,130,NA,L
18,2019-01-17,North,BMM,1,L,7,18.1,9:10:00,y,2,NA,9,11,19,NA,NA,NA
18,2019-01-17,North,BMM,2,R,7.5,34.1,9:10:00,y,2,NA,6,66,136,NA,NA,NA
18,2019-01-17,North,BMM,2,R,19,7.1,9:10:00,y,2,NA,26,14,22,NA,NA,NA
18,2019-01-17,North,BMM,3,L,11.5,13.1,9:10:00,y,2,NA,18,104,172,NA,NA,NA
18,2019-01-17,North,BMM,3,R,6.4,32.1,9:10:00,y,2,NA,1,12,14,NA,NA,NA
18,2019-01-17,North,KH,2,R,18.5,24.1,9:10:00,y,2,NA,1,9,11,NA,NA,NA
18,2019-01-17,North,KH,2,R,18.6,16.1,9:10:00,y,2,NA,13,23,61,NA,NA,NA
18,2019-01-17,North,KH,2,R,19.5,19.1,9:10:00,y,2,NA,10,23,53,NA,NA,NA
18,2019-01-17,North,KH,3,L,14.5,41.1,9:10:00,n,2,NA,NA,NA,NA,NA,NA,NA
18,2019-01-17,North,KH,3,R,5.5,20.1,9:10:00,y,2,NA,13,11,22,NA,NA,NA
18,2019-01-17,North,KH,3,R,18.5,15.1,9:10:00,y,2,NA,23,NA,147,NA,NA,NA
18,2019-01-20,Second,BMM,1,L,11.2,9.1,10:00:00,y,2,NA,38,34,62,NA,NA,NA
18,2019-01-20,Second,BMM,1,R,12,3.1,10:00:00,n,2,NA,NA,NA,NA,NA,NA,NA
18,2019-01-20,Second,BMM,1,R,13,36.1,10:00:00,n,2,NA,28,NA,NA,NA,NA,NA
18,2019-01-20,Second,BMM,1,R,17,40.1,10:00:00,y,2,NA,18,53,133,NA,NA,NA
18,2019-01-20,Second,BMM,3,R,6.2,35.1,10:00:00,n,2,NA,NA,NA,NA,NA,NA,NA
18,2019-01-20,Second,KH,1,L,0.5,27.1,10:00:00,y,2,NA,19,28,78,NA,NA,NA
18,2019-01-20,Second,KH,1,L,12,39.1,10:00:00,y,2,NA,9,28.5,79,NA,NA,NA
18,2019-01-20,Second,KH,1,L,19,22.1,10:00:00,y,2,NA,9,65,96,NA,NA,NA
18,2019-01-20,Second,KH,1,R,10,12.1,10:00:00,y,2,NA,20,54,113,NA,NA,NA
18,2019-01-20,Second,KH,1,R,10,33.1,10:00:00,y,2,NA,29,45,90,NA,NA,NA
18,2019-01-20,Second,KH,1,R,14.5,11.1,10:00:00,y,2,NA,23,84,220,NA,NA,NA
18,2019-01-20,Second,KH,3,R,6,10.1,10:00:00,y,2,NA,34,38,75,NA,NA,NA
18,2019-01-20,Second,LL,2,R,16,1.1,10:00:00,y,2,NA,15,NA,NA,NA,NA,NA
18,2019-01-20,Second,LL,2,R,17,45.1,10:00:00,y,2,NA,38,57,438,NA,NA,NA
18,NA,Manley,BMM,NA,NA,NA,NA,NA,NA,2,NA,NA,NA,NA,NA,NA,NA
18,NA,Manley,BMM,NA,NA,NA,NA,NA,NA,2,NA,NA,NA,NA,NA,NA,NA
18,NA,Manley,BMM,NA,NA,NA,NA,NA,NA,2,NA,NA,NA,NA,NA,NA,NA
18,NA,Manley,BMM,NA,NA,NA,NA,NA,NA,2,NA,NA,NA,NA,NA,NA,NA
18,NA,Manley,BMM,NA,NA,NA,NA,NA,NA,2,NA,NA,NA,NA,NA,NA,NA
18,NA,Manley,BMM,NA,NA,NA,NA,NA,NA,3,NA,NA,NA,NA,NA,NA,NA
18,NA,Manley,BMM,NA,NA,NA,NA,NA,NA,3,NA,NA,NA,NA,NA,NA,NA
18,NA,Manley,BMM,NA,NA,NA,NA,NA,NA,3,NA,NA,NA,NA,NA,NA,NA
18,NA,Manley,BMM,NA,NA,NA,NA,NA,NA,3,NA,NA,NA,NA,NA,NA,NA
18,NA,Manley,BMM,NA,NA,NA,NA,NA,NA,3,NA,NA,NA,NA,NA,NA,NA
18,NA,Manley,KH,NA,NA,NA,NA,NA,NA,2,NA,NA,NA,NA,NA,NA,NA
18,NA,Manley,KH,NA,NA,NA,NA,NA,NA,2,NA,NA,NA,NA,NA,NA,NA
18,NA,Manley,KH,NA,NA,NA,NA,NA,NA,2,NA,NA,NA,NA,NA,NA,NA
18,NA,Manley,KH,NA,NA,NA,NA,NA,NA,2,NA,NA,NA,NA,NA,NA,NA
18,NA,Manley,KH,NA,NA,NA,NA,NA,NA,2,NA,NA,NA,NA,NA,NA,NA
18,NA,Manley,KH,NA,NA,NA,NA,NA,NA,2,NA,NA,NA,NA,NA,NA,NA
18,NA,Manley,KH,NA,NA,NA,NA,NA,NA,2,NA,NA,NA,NA,NA,NA,NA
18,NA,Manley,KH,NA,NA,NA,NA,NA,NA,2,NA,NA,NA,NA,NA,NA,NA
18,NA,Manley,KH,NA,NA,NA,NA,NA,NA,3,NA,NA,NA,NA,NA,NA,NA
18,NA,Manley,KH,NA,NA,NA,NA,NA,NA,3,NA,NA,NA,NA,NA,NA,NA
18,NA,Manley,KH,NA,NA,NA,NA,NA,NA,3,NA,NA,NA,NA,NA,NA,NA
18,NA,Manley,KH,NA,NA,NA,NA,NA,NA,3,NA,NA,NA,NA,NA,NA,NA
18,NA,Manley,KH,NA,NA,NA,NA,NA,NA,3,NA,NA,NA,NA,NA,NA,NA
18,NA,Manley,KH,NA,NA,NA,NA,NA,NA,3,NA,NA,NA,NA,NA,NA,NA
18,NA,Manley,KH,NA,NA,NA,NA,NA,NA,3,NA,NA,NA,NA,NA,NA,NA
18,NA,Manley,KH,NA,NA,NA,NA,NA,NA,3,NA,NA,NA,NA,NA,NA,NA
18,NA,Manley,LL,NA,NA,NA,NA,NA,NA,2,NA,NA,NA,NA,NA,NA,NA
18,NA,Manley,LL,NA,NA,NA,NA,NA,NA,2,NA,NA,NA,NA,NA,NA,NA
18,NA,Manley,LL,NA,NA,NA,NA,NA,NA,3,NA,NA,NA,NA,NA,NA,NA
18,NA,Manley,LL,NA,NA,NA,NA,NA,NA,3,NA,NA,NA,NA,NA,NA,NA
18,NA,North,BMM,1,L,7,NA,NA,NA,3,NA,NA,NA,NA,NA,NA,NA
18,NA,North,BMM,2,R,7.5,NA,NA,NA,3,NA,NA,NA,NA,NA,NA,NA
18,NA,North,BMM,2,R,19,NA,NA,NA,3,NA,NA,NA,NA,NA,NA,NA
18,NA,North,BMM,3,L,11.5,NA,NA,NA,3,NA,NA,NA,NA,NA,NA,NA
18,NA,North,BMM,3,R,6.4,NA,NA,NA,3,NA,NA,NA,NA,NA,NA,NA
18,NA,North,KH,2,L,12.5,NA,NA,NA,2,NA,NA,NA,NA,NA,NA,NA
18,NA,North,KH,2,L,12.5,NA,NA,NA,3,NA,NA,NA,NA,NA,NA,NA
18,NA,North,KH,2,R,8.5,NA,NA,NA,2,NA,NA,NA,NA,NA,NA,NA
18,NA,North,KH,2,R,8.5,NA,NA,NA,3,NA,NA,NA,NA,NA,NA,NA
18,NA,North,KH,2,R,18.5,NA,NA,NA,3,NA,NA,NA,NA,NA,NA,NA
18,NA,North,KH,2,R,18.6,NA,NA,NA,3,NA,NA,NA,NA,NA,NA,NA
18,NA,North,KH,2,R,19.5,NA,NA,NA,3,NA,NA,NA,NA,NA,NA,NA
18,NA,North,KH,3,L,14.5,NA,NA,NA,3,NA,NA,NA,NA,NA,NA,NA
18,NA,North,KH,3,L,17,NA,NA,NA,2,NA,NA,NA,NA,NA,NA,NA
18,NA,North,KH,3,L,17,NA,NA,NA,3,NA,NA,NA,NA,NA,NA,NA
18,NA,North,KH,3,L,18.5,NA,NA,NA,2,NA,NA,NA,NA,NA,NA,NA
18,NA,North,KH,3,L,18.5,NA,NA,NA,3,NA,NA,NA,NA,NA,NA,NA
18,NA,North,KH,3,R,5.5,NA,NA,NA,3,NA,NA,NA,NA,NA,NA,NA
18,NA,North,KH,3,R,6,NA,NA,NA,2,NA,NA,NA,NA,NA,NA,NA
18,NA,North,KH,3,R,6,NA,NA,NA,3,NA,NA,NA,NA,NA,NA,NA
18,NA,North,KH,3,R,18.5,NA,NA,NA,3,NA,NA,NA,NA,NA,NA,NA
18,NA,North,KH,3,R,19,NA,NA,NA,2,NA,NA,NA,NA,NA,NA,NA
18,NA,North,KH,3,R,19,NA,NA,NA,3,NA,NA,NA,NA,NA,NA,NA
18,NA,North,KH,3,R,20,NA,NA,NA,2,NA,NA,NA,NA,NA,NA,NA
18,NA,North,KH,3,R,20,NA,NA,NA,3,NA,NA,NA,NA,NA,NA,NA
18,NA,Second,BMM,1,L,11.2,NA,NA,NA,3,NA,NA,NA,NA,NA,NA,NA
18,NA,Second,BMM,1,R,12,NA,NA,NA,3,NA,NA,NA,NA,NA,NA,NA
18,NA,Second,BMM,1,R,13,NA,NA,NA,3,NA,NA,NA,NA,NA,NA,NA
18,NA,Second,BMM,1,R,17,NA,NA,NA,3,NA,NA,NA,NA,NA,NA,NA
18,NA,Second,BMM,3,R,6.2,NA,NA,NA,3,NA,NA,NA,NA,NA,NA,NA
18,NA,Second,KH,1,L,0.5,NA,NA,NA,3,NA,NA,NA,NA,NA,NA,NA
18,NA,Second,KH,1,L,12,NA,NA,NA,3,NA,NA,NA,NA,NA,NA,NA
18,NA,Second,KH,1,L,19,NA,NA,NA,3,NA,NA,NA,NA,NA,NA,NA
18,NA,Second,KH,1,R,10,NA,NA,NA,3,NA,NA,NA,NA,NA,NA,NA
18,NA,Second,KH,1,R,10,NA,NA,NA,3,NA,NA,NA,NA,NA,NA,NA
18,NA,Second,KH,1,R,14.5,NA,NA,NA,3,NA,NA,NA,NA,NA,NA,NA
18,NA,Second,KH,3,R,6,NA,NA,NA,3,NA,NA,NA,NA,NA,NA,NA
18,NA,Second,LL,2,R,16,NA,NA,NA,3,NA,NA,NA,NA,NA,NA,NA
18,NA,Second,LL,2,R,17,NA,NA,NA,3,NA,NA,NA,NA,NA,NA,NA
19,2019-07-02,North,DNO,2,R,18.5,230,13:30:00,y,1,278,NA,30,92,120,23,0
19,2019-07-02,North,DNO,3,L,10,226,13:30:00,y,1,279,NA,40,121,129,26,0
19,2019-07-02,North,DNO,3,L,12.8,96.1,13:30:00,y,1,329,NA,60,180,250,39,0
19,2019-07-02,North,DNO,3,R,7,242,13:30:00,y,1,327,NA,70,220,185,33,0
19,2019-07-02,North,DNO,3,R,10.4,232,13:30:00,y,1,250,NA,55,162,152,34,0
19,2019-07-02,North,DNO,3,R,16,249,13:30:00,y,1,321,NA,50,160,190,42,0
19,2019-07-02,North,DNO,3,R,17.2,227,13:30:00,y,1,335,NA,40,140,160,30,0
19,2019-07-02,North,LL,1,L,4.5,239,13:30:00,y,1,317,NA,40,53,79,20,0
19,2019-07-02,North,LL,1,L,5.3,299,13:30:00,y,1,484,NA,30,107,125,32,0
19,2019-07-02,North,LL,1,L,7.5,287.1,13:30:00,y,1,355,NA,48,144,170,40,L
19,2019-07-02,North,LL,2,L,4.8,289.1,13:30:00,y,1,494,NA,71,154,223,50,L
19,2019-07-02,North,LL,2,L,17.5,284,13:30:00,y,1,300,NA,30,126,117,29,0
19,2019-07-02,North,LL,2,L,17.6,291.1,13:30:00,y,1,344,NA,15,38,150,28,0
19,2019-07-02,North,LL,2,R,1.5,295.1,13:30:00,y,1,527,NA,56,220,200,50,L
19,2019-07-02,North,LL,2,R,6.3,275.1,13:30:00,y,1,176,NA,40,120,219,NA,0
19,2019-07-02,North,LL,2,R,13.8,293.1,13:30:00,y,1,346,NA,29,91,260,39,0
19,2019-07-02,Second,DNO,1,L,5.9,268,9:30:00,y,1,342,NA,70,220,350,63,L
19,2019-07-02,Second,DNO,1,L,12.6,280.1,9:30:00,y,1,412,NA,60,200,235,43,L
19,2019-07-02,Second,DNO,1,L,18,297.1,9:30:00,y,1,318,NA,55,160,179,34,0
19,2019-07-02,Second,DNO,1,R,10,290,9:30:00,y,1,501,NA,60,191,210,45,0
19,2019-07-02,Second,DNO,1,R,12,294,9:30:00,y,1,402,NA,60,196,240,53,L
19,2019-07-02,Second,DNO,1,R,14,279.1,9:30:00,y,1,293,NA,33,111,176,37,0
19,2019-07-02,Second,OP,2,L,9,25,9:30:00,y,1,510,NA,100,350,300,NA,0
19,2019-07-02,Second,OP,2,L,15.8,21,9:30:00,y,1,120,NA,15,41,50,12,0
19,2019-07-02,Second,OP,2,L,16.7,23,9:30:00,y,1,140,NA,15,54,70,10,0
19,2019-07-02,Second,OP,2,L,19.6,37,9:30:00,y,1,313,NA,37,118,110,21,0
19,2019-07-02,Second,OP,2,R,4,260,9:30:00,y,1,166,NA,22,66,60,23,0
19,2019-07-02,Second,OP,2,R,4.1,255,9:30:00,y,1,340,NA,50,116,150,37,0
19,2019-07-02,Second,OP,2,R,14,48,9:30:00,y,1,207,NA,30,92,75,16,0
19,2019-07-02,Second,OP,3,R,8.5,5,9:30:00,y,1,285,NA,55,162,175,37,0
19,2019-07-02,Second,OP,3,R,18.1,253,9:30:00,y,1,142,NA,44,120,120,NA,0
19,2019-07-02,Second,OP,3,R,18.3,0,9:30:00,y,1,125,NA,31,95,75,16,0
19,2019-07-02,Second,OP,3,R,18.4,254,9:30:00,y,1,272,NA,42,124,130,30,0
19,2019-07-03,Manley,DNO,2,L,1.2,233,10:00:00,y,1,491,NA,17,47,60,38,0
19,2019-07-03,Manley,DNO,2,L,13,225,10:00:00,y,1,250,NA,32,115,140,38,0
19,2019-07-03,Manley,DNO,2,L,16,241,10:00:00,y,1,350,NA,43,143,140,42,0
19,2019-07-03,Manley,DNO,2,R,1.8,240,10:00:00,y,1,163,NA,7,29,40,NA,0
19,2019-07-03,Manley,DNO,2,R,9.4,229,10:00:00,y,1,289,NA,20,49,140,48,0
19,2019-07-03,Manley,DNO,2,R,13.8,245,10:00:00,y,1,271,NA,32,122,140,36,0
19,2019-07-03,Manley,DNO,2,R,15.8,235,10:00:00,y,1,380,NA,35,127,140,47,0
19,2019-07-03,Manley,OP,1,L,6.4,237,10:00:00,y,1,112,NA,23,43,60,10,0
19,2019-07-03,Manley,OP,1,L,14.4,246,10:00:00,y,1,176,NA,19,56,60,15,0
19,2019-07-03,Manley,OP,1,R,1.7,238,10:00:00,y,1,131,NA,26,77,80,16,0
19,2019-07-03,Manley,OP,1,R,17.4,247,10:00:00,y,1,100,NA,10,31,65,12,0
19,2019-07-03,Manley,OP,1,R,17.6,236,10:00:00,y,1,373,NA,80,246,160,10,0
19,2019-07-03,Manley,OP,1,R,18.8,46,10:00:00,y,1,302,NA,36,112,100,46,0
19,2019-07-03,Manley,OP,1,R,19.8,228,10:00:00,y,1,303,NA,52,153,125,38,0
19,2019-07-03,Manley,OP,3,R,4.5,244,10:00:00,y,1,244,NA,15,50,75,21,0
19,2019-07-03,Manley,ZM,1,R,1.4,NA,NA,NA,1,131,NA,NA,NA,82,17,0
19,2019-07-03,Manley,ZM,1,R,2.8,NA,NA,NA,1,132,NA,NA,NA,59,8,0
19,2019-07-03,Manley,ZM,1,R,4.1,NA,NA,NA,1,193,NA,NA,NA,140,35,0
19,2019-07-03,Manley,ZM,1,R,4.2,NA,NA,NA,1,101,NA,NA,NA,45,7,0
19,2019-07-03,Manley,ZM,1,R,8.1,NA,NA,NA,1,69,NA,NA,NA,23,4,0
19,2019-07-03,Manley,ZM,1,R,11.5,NA,NA,NA,1,199,NA,NA,NA,150,40,0
19,2019-07-03,Manley,ZM,1,R,12.7,NA,NA,NA,1,146,NA,NA,NA,62,15,0
19,2019-07-03,Manley,ZM,1,R,13.5,NA,NA,NA,1,270,NA,NA,NA,240,36,0
19,2019-07-03,Manley,ZM,1,R,17.5,NA,NA,NA,1,148,NA,NA,NA,103,16,0
19,2019-07-03,Manley,ZM,1,R,17.5,NA,NA,NA,1,295,NA,NA,NA,135,32,0
19,2019-07-03,Manley,ZM,1,R,17.6,NA,NA,NA,1,205,NA,NA,NA,90,20,0
19,2019-07-03,Manley,ZM,2,L,9.5,NA,NA,NA,1,138,NA,NA,NA,68,11,0
19,2019-07-03,Manley,ZM,2,L,9.5,NA,NA,NA,1,153,NA,NA,NA,65,10,0
19,2019-07-03,Manley,ZM,2,L,13,NA,NA,NA,1,249,NA,NA,NA,165,39,0
19,2019-07-03,Manley,ZM,2,L,13,NA,NA,NA,1,261,NA,NA,NA,152,38,0
19,2019-07-03,Manley,ZM,2,L,13,NA,NA,NA,1,355,NA,NA,NA,135,44,0
19,2019-07-03,Manley,ZM,2,L,13,NA,NA,NA,1,376,NA,NA,NA,132,43,0
19,2019-07-03,Manley,ZM,2,L,15.2,NA,NA,NA,1,135,NA,NA,NA,106,16,0
19,2019-07-03,Manley,ZM,2,R,15.7,NA,NA,NA,1,211,NA,NA,NA,101,34,0
19,2019-07-03,Manley,ZM,2,R,15.7,NA,NA,NA,1,391,NA,NA,NA,157,48,0
19,2019-07-03,Manley,ZM,3,L,5.1,NA,NA,NA,1,295,NA,NA,NA,124,20,0
19,2019-07-03,Manley,ZM,3,R,6.1,NA,NA,NA,1,181.5,NA,NA,NA,83,7,0
19,2019-07-03,Triquetta,DNO,2,L,1,266,15:30:00,y,1,360,NA,26,63,77,26,L
19,2019-07-03,Triquetta,DNO,2,L,5,269.1,15:30:00,y,1,424,NA,44,142,145,50,H
19,2019-07-03,Triquetta,DNO,3,L,3.5,234,15:30:00,y,1,340,NA,16,60,110,32,0
19,2019-07-03,Triquetta,DNO,3,L,5,231,15:30:00,y,1,388,NA,49,170,140,50,L
19,2019-07-03,Triquetta,DNO,3,L,6,278,15:30:00,y,1,468,NA,40,120,150,46,0
19,2019-07-03,Triquetta,DNO,3,R,9,243,15:30:00,y,1,511,NA,42,148,150,56,L
19,2019-07-03,Triquetta,DNO,3,R,15,248,15:30:00,y,1,500,NA,50,160,150,28,L
19,2019-07-03,Triquetta,OP,1,L,0.8,6.1,15:30:00,y,1,323,NA,23,69,90,23,0
19,2019-07-03,Triquetta,OP,1,L,9,7.2,15:30:00,y,1,418,NA,29,90,80,25,0
19,2019-07-03,Triquetta,OP,1,L,17.5,4.2,15:30:00,y,1,357,NA,32,102,100,22,0
19,2019-07-03,Triquetta,OP,1,R,3.5,8.1,15:30:00,y,1,405,NA,44,128,130,34,0
19,2019-07-03,Triquetta,OP,1,R,18.3,10.2,15:30:00,y,1,372,NA,31,103,120,42,0
19,2019-07-03,Triquetta,OP,2,L,10.9,9.2,15:30:00,y,1,509,NA,14,56,60,32,0
19,2019-07-03,Triquetta,OP,2,L,19,2.1,15:30:00,y,1,570,NA,44,122,120,39,0
19,2019-07-03,Triquetta,OP,2,R,6,1.2,15:30:00,y,1,532,NA,44,124,130,48,0
19,2019-07-06,North,DNO,2,R,18.5,230,12:00:00,y,2,NA,28,58,118,NA,NA,NA
19,2019-07-06,North,DNO,3,L,10,226,12:00:00,y,2,NA,29,78,117,NA,NA,NA
19,2019-07-06,North,DNO,3,L,12.8,96.1,12:00:00,y,2,NA,30,91,185,NA,NA,NA
19,2019-07-06,North,DNO,3,R,7,242,12:00:00,y,2,NA,26,NA,NA,NA,NA,NA
19,2019-07-06,North,DNO,3,R,10.4,232,12:00:00,y,2,NA,28,88,170,NA,NA,NA
19,2019-07-06,North,DNO,3,R,16,249,12:00:00,y,2,NA,32,NA,NA,NA,NA,NA
19,2019-07-06,North,DNO,3,R,17.2,227,12:00:00,y,2,NA,33,81,111,NA,NA,NA
19,2019-07-06,North,DVM,2,L,0,NA,NA,NA,1,535,NA,NA,NA,224,50,L
19,2019-07-06,North,DVM,2,L,2.8,NA,NA,NA,1,577,NA,NA,NA,126,35,0
19,2019-07-06,North,DVM,2,R,2.9,NA,NA,NA,1,413,NA,NA,NA,195,56,L
19,2019-07-06,North,DVM,2,R,2.9,NA,NA,NA,1,554,NA,NA,NA,358,69,L
19,2019-07-06,North,DVM,2,R,3.7,NA,NA,NA,1,625,NA,NA,NA,300,51,0
19,2019-07-06,North,DVM,2,R,4.8,NA,NA,NA,1,535,NA,NA,NA,280,45,0
19,2019-07-06,North,DVM,3,L,0.5,NA,NA,NA,1,326,NA,NA,NA,207,47,L
19,2019-07-06,North,DVM,3,L,0.7,NA,NA,NA,1,184,NA,NA,NA,126,24,0
19,2019-07-06,North,DVM,3,L,1.1,NA,NA,NA,1,331,NA,NA,NA,162,47,L
19,2019-07-06,North,DVM,3,L,2.2,NA,NA,NA,1,183,NA,NA,NA,176,38,0
19,2019-07-06,North,DVM,3,L,3.4,NA,NA,NA,1,242,NA,NA,NA,94,22,0
19,2019-07-06,North,DVM,3,L,8.4,NA,NA,NA,1,445,NA,NA,NA,150,46,L
19,2019-07-06,North,DVM,3,L,11.5,NA,NA,NA,1,157,NA,NA,NA,61,14,0
19,2019-07-06,North,DVM,3,L,11.8,NA,NA,NA,1,435,NA,NA,NA,262,39,0
19,2019-07-06,North,DVM,3,L,12.5,NA,NA,NA,1,213,NA,NA,NA,92,18,0
19,2019-07-06,North,DVM,3,L,12.5,NA,NA,NA,1,215,NA,NA,NA,48,17,0
19,2019-07-06,North,DVM,3,L,14.2,NA,NA,NA,1,208,NA,NA,NA,121,20,0
19,2019-07-06,North,DVM,3,L,15.4,NA,NA,NA,1,524,NA,NA,NA,300,46,0
19,2019-07-06,North,DVM,3,L,18.5,NA,NA,NA,1,276,NA,NA,NA,112,20,0
19,2019-07-06,North,DVM,3,R,7.4,NA,NA,NA,1,152,NA,NA,NA,50,7,0
19,2019-07-06,North,DVM,3,R,16.1,NA,NA,NA,1,418,NA,NA,NA,224,38,0
19,2019-07-06,North,LL,1,L,4.5,239,12:00:00,y,2,NA,15,52,87,NA,NA,NA
19,2019-07-06,North,LL,1,L,5.3,299,12:00:00,y,2,NA,25,48,95,NA,NA,NA
19,2019-07-06,North,LL,1,L,7.5,287.1,12:00:00,y,2,NA,37,85,185,NA,NA,NA
19,2019-07-06,North,LL,2,L,4.8,289.1,12:00:00,y,2,NA,42,104,193,NA,NA,NA
19,2019-07-06,North,LL,2,L,17.5,284,12:00:00,y,2,NA,33,62,123,NA,NA,NA
19,2019-07-06,North,LL,2,L,17.6,291.1,12:00:00,y,2,NA,23,NA,NA,NA,NA,NA
19,2019-07-06,North,LL,2,R,1.5,295.1,12:00:00,y,2,NA,74,89,234,NA,NA,NA
19,2019-07-06,North,LL,2,R,6.3,275.1,12:00:00,n,2,NA,NA,NA,NA,NA,NA,NA
19,2019-07-06,North,LL,2,R,13.8,293.1,12:00:00,y,2,NA,30,83,128,NA,NA,NA
19,2019-07-06,North,ZM,1,L,5,NA,NA,NA,1,360,NA,NA,NA,105,37,0
19,2019-07-06,North,ZM,1,L,5,NA,NA,NA,1,473,NA,NA,NA,111,35,0
19,2019-07-06,North,ZM,1,L,5,NA,NA,NA,1,491,NA,NA,NA,115,36,0
19,2019-07-06,North,ZM,1,L,5,NA,NA,NA,1,552,NA,NA,NA,160,45,L
19,2019-07-06,North,ZM,1,L,5,NA,NA,NA,1,578,NA,NA,NA,170,48,0
19,2019-07-06,North,ZM,1,L,20,NA,NA,NA,1,544,NA,NA,NA,200,51,0
19,2019-07-06,North,ZM,1,R,1.5,NA,NA,NA,1,547,NA,NA,NA,310,51,0
19,2019-07-06,North,ZM,1,R,4,NA,NA,NA,1,379,NA,NA,NA,174,38,0
19,2019-07-06,North,ZM,1,R,4,NA,NA,NA,1,508,NA,NA,NA,216,41,L
19,2019-07-06,North,ZM,1,R,4,NA,NA,NA,1,537,NA,NA,NA,239,41,0
19,2019-07-06,North,ZM,1,R,5,NA,NA,NA,1,407,NA,NA,NA,100,31,0
19,2019-07-06,North,ZM,1,R,5,NA,NA,NA,1,602,NA,NA,NA,222,36,0
19,2019-07-06,North,ZM,1,R,5.5,NA,NA,NA,1,625,NA,NA,NA,181,38,0
19,2019-07-06,North,ZM,1,R,8,NA,NA,NA,1,463,NA,NA,NA,200,45,L
19,2019-07-06,North,ZM,1,R,18,NA,NA,NA,1,291,NA,NA,NA,135,28,0
19,2019-07-06,Second,DNO,1,L,5.9,268,9:30:00,y,2,NA,82,88,193,NA,NA,NA
19,2019-07-06,Second,DNO,1,L,12.6,280.1,9:30:00,y,2,NA,65,79,224,NA,NA,NA
19,2019-07-06,Second,DNO,1,L,18,297.1,9:30:00,y,2,NA,29,84,160,NA,NA,NA
19,2019-07-06,Second,DNO,1,R,10,290,9:30:00,y,2,NA,64,95,245,NA,NA,NA
19,2019-07-06,Second,DNO,1,R,12,294,9:30:00,y,2,NA,71,87,100,NA,NA,NA
19,2019-07-06,Second,DNO,1,R,14,279.1,9:30:00,y,2,NA,24,57,104,NA,NA,NA
19,2019-07-06,Second,DVM,1,L,5.4,NA,NA,NA,1,360,NA,NA,NA,148,30,0
19,2019-07-06,Second,DVM,1,L,9.8,NA,NA,NA,1,202,NA,NA,NA,100,19,0
19,2019-07-06,Second,DVM,1,L,10.5,NA,NA,NA,1,290,NA,NA,NA,98,22,0
19,2019-07-06,Second,DVM,1,L,12,NA,NA,NA,1,458,NA,NA,NA,208,51,0
19,2019-07-06,Second,DVM,1,L,13.6,NA,NA,NA,1,50,NA,NA,NA,107,5,0
19,2019-07-06,Second,DVM,1,L,13.6,NA,NA,NA,1,185,NA,NA,NA,139,19,0
19,2019-07-06,Second,DVM,1,L,15,NA,NA,NA,1,46,NA,NA,NA,35,6,0
19,2019-07-06,Second,DVM,1,L,15,NA,NA,NA,1,51,NA,NA,NA,37,4,0
19,2019-07-06,Second,DVM,1,R,5,NA,NA,NA,1,154,NA,NA,NA,101,24,0
19,2019-07-06,Second,DVM,1,R,5.5,NA,NA,NA,1,312,NA,NA,NA,160,30,0
19,2019-07-06,Second,DVM,1,R,9.8,NA,NA,NA,1,480,NA,NA,NA,262,44,0
19,2019-07-06,Second,DVM,1,R,12.8,NA,NA,NA,1,369,NA,NA,NA,213,35,0
19,2019-07-06,Second,DVM,1,R,14.2,NA,NA,NA,1,463,NA,NA,NA,300,46,0
19,2019-07-06,Second,DVM,1,R,15.4,NA,NA,NA,1,113,NA,NA,NA,86,12,0
19,2019-07-06,Second,DVM,2,L,3,NA,NA,NA,1,463,NA,NA,NA,214,55,L
19,2019-07-06,Second,DVM,2,R,1,NA,NA,NA,1,235,NA,NA,NA,72,21,0
19,2019-07-06,Second,DVM,2,R,1,NA,NA,NA,1,367,NA,NA,NA,220,47,0
19,2019-07-06,Second,DVM,2,R,1,NA,NA,NA,1,417,NA,NA,NA,150,36,0
19,2019-07-06,Second,DVM,2,R,3,NA,NA,NA,1,436,NA,NA,NA,113,34,0
19,2019-07-06,Second,DVM,2,R,3.5,NA,NA,NA,1,295,NA,NA,NA,102,34,0
19,2019-07-06,Second,DVM,2,R,3.5,NA,NA,NA,1,371,NA,NA,NA,190,38,0
19,2019-07-06,Second,DVM,2,R,3.5,NA,NA,NA,1,413,NA,NA,NA,140,35,0
19,2019-07-06,Second,DVM,2,R,3.5,NA,NA,NA,1,419,NA,NA,NA,170,42,0
19,2019-07-06,Second,DVM,2,R,3.7,NA,NA,NA,1,380,NA,NA,NA,93,24,0
19,2019-07-06,Second,DVM,2,R,3.8,NA,NA,NA,1,140,NA,NA,NA,78,18,0
19,2019-07-06,Second,DVM,2,R,3.8,NA,NA,NA,1,411,NA,NA,NA,190,50,0
19,2019-07-06,Second,DVM,2,R,4,NA,NA,NA,1,460,NA,NA,NA,160,36,0
19,2019-07-06,Second,DVM,2,R,5,NA,NA,NA,1,295,NA,NA,NA,116,22,0
19,2019-07-06,Second,OP,2,L,9,25,9:30:00,n,2,NA,NA,NA,NA,NA,NA,NA
19,2019-07-06,Second,OP,2,L,15.8,21,9:30:00,y,2,NA,10,NA,NA,NA,NA,NA
19,2019-07-06,Second,OP,2,L,16.7,23,9:30:00,y,2,NA,16,NA,NA,NA,NA,NA
19,2019-07-06,Second,OP,2,L,19.6,37,9:30:00,y,2,NA,32,60,124,NA,NA,NA
19,2019-07-06,Second,OP,2,R,4,260,9:30:00,y,2,NA,16,32,63,NA,NA,NA
19,2019-07-06,Second,OP,2,R,4.1,255,9:30:00,y,2,NA,43,63,124,NA,NA,NA
19,2019-07-06,Second,OP,2,R,14,48,9:30:00,y,2,NA,6,48.5,97,NA,NA,NA
19,2019-07-06,Second,OP,3,R,8.5,5,9:30:00,y,2,NA,58,73.5,159,NA,NA,NA
19,2019-07-06,Second,OP,3,R,18.1,253,9:30:00,n,2,NA,NA,NA,NA,NA,NA,NA
19,2019-07-06,Second,OP,3,R,18.3,0,9:30:00,y,2,NA,18,49,112,NA,NA,NA
19,2019-07-06,Second,OP,3,R,18.4,254,9:30:00,y,2,NA,40,58.5,128,NA,NA,NA
19,2019-07-06,Second,ZM,2,L,3.3,NA,NA,NA,1,392,NA,NA,NA,142,42,0
19,2019-07-06,Second,ZM,2,L,5.5,NA,NA,NA,1,358,NA,NA,NA,152,40,0
19,2019-07-06,Second,ZM,2,L,5.5,NA,NA,NA,1,480,NA,NA,NA,320,43,0
19,2019-07-06,Second,ZM,2,R,20,NA,NA,NA,1,63,NA,NA,NA,32,5,0
19,2019-07-06,Second,ZM,2,R,20,NA,NA,NA,1,88,NA,NA,NA,48,7,0
19,2019-07-06,Second,ZM,2,R,20,NA,NA,NA,1,236,NA,NA,NA,88,9,0
19,2019-07-06,Second,ZM,3,R,5,NA,NA,NA,1,44,NA,NA,NA,44,7,0
19,2019-07-07,Manley,DNO,2,L,1.2,233,12:30:00,y,2,NA,17,20,42,NA,NA,NA
19,2019-07-07,Manley,DNO,2,L,13,225,12:30:00,y,2,NA,33,41,150,NA,NA,NA
19,2019-07-07,Manley,DNO,2,L,16,241,12:30:00,y,2,NA,29,52,145,NA,NA,NA
19,2019-07-07,Manley,DNO,2,R,1.8,240,12:30:00,n,2,NA,NA,NA,NA,NA,NA,NA
19,2019-07-07,Manley,DNO,2,R,9.4,229,12:30:00,y,2,NA,38,25,100,NA,NA,NA
19,2019-07-07,Manley,DNO,2,R,13.8,245,12:30:00,y,2,NA,31,38,115,NA,NA,NA
19,2019-07-07,Manley,DNO,2,R,15.8,235,12:30:00,y,2,NA,44,46,130,NA,NA,NA
19,2019-07-07,Manley,OP,1,L,6.4,237,12:30:00,y,2,NA,20,30,50,NA,NA,NA
19,2019-07-07,Manley,OP,1,L,14.4,246,12:30:00,y,2,NA,16,28.5,65,NA,NA,NA
19,2019-07-07,Manley,OP,1,R,1.7,238,12:30:00,y,2,NA,34,34.5,74,NA,NA,NA
19,2019-07-07,Manley,OP,1,R,17.4,247,12:30:00,y,2,NA,15,22,44,NA,NA,NA
19,2019-07-07,Manley,OP,1,R,17.6,236,12:30:00,y,2,NA,28,90,189,NA,NA,NA
19,2019-07-07,Manley,OP,1,R,18.8,46,12:30:00,y,2,NA,69,44,97,NA,NA,NA
19,2019-07-07,Manley,OP,1,R,19.8,228,12:30:00,y,2,NA,14,56,138,NA,NA,NA
19,2019-07-07,Manley,OP,3,R,4.5,244,12:30:00,y,2,NA,30,20,56,NA,NA,NA
19,2019-07-07,Triquetta,DNO,2,L,1,266,10:00:00,y,2,NA,22,28,70,NA,NA,NA
19,2019-07-07,Triquetta,DNO,2,L,2,NA,NA,NA,1,473,NA,NA,NA,49,29,0
19,2019-07-07,Triquetta,DNO,2,L,3,NA,NA,NA,1,507,NA,NA,NA,83,46,0
19,2019-07-07,Triquetta,DNO,2,L,4.5,NA,NA,NA,1,393,NA,NA,NA,56,21,0
19,2019-07-07,Triquetta,DNO,2,L,5,269.1,10:00:00,y,2,NA,72,53,141,NA,NA,NA
19,2019-07-07,Triquetta,DNO,2,L,8,NA,NA,NA,1,600,NA,NA,NA,107,44,L
19,2019-07-07,Triquetta,DNO,2,L,14,NA,NA,NA,1,498,NA,NA,NA,125,48,L
19,2019-07-07,Triquetta,DNO,2,L,16,NA,NA,NA,1,450,NA,NA,NA,51,29,0
19,2019-07-07,Triquetta,DNO,2,R,0.9,NA,NA,NA,1,590,NA,NA,NA,145,56,0
19,2019-07-07,Triquetta,DNO,2,R,2.5,NA,NA,NA,1,469,NA,NA,NA,18,NA,0
19,2019-07-07,Triquetta,DNO,2,R,10,NA,NA,NA,1,540,NA,NA,NA,120,51,L
19,2019-07-07,Triquetta,DNO,2,R,11,NA,NA,NA,1,653,NA,NA,NA,91,26,0
19,2019-07-07,Triquetta,DNO,3,L,3.5,234,10:00:00,y,2,NA,31,16,60,NA,NA,NA
19,2019-07-07,Triquetta,DNO,3,L,5,231,10:00:00,y,2,NA,37,62,82,NA,NA,NA
19,2019-07-07,Triquetta,DNO,3,L,6,278,10:00:00,y,2,NA,41,63,65,NA,NA,NA
19,2019-07-07,Triquetta,DNO,3,R,9,243,10:00:00,y,2,NA,55,56,101,NA,NA,NA
19,2019-07-07,Triquetta,DNO,3,R,15,248,10:00:00,y,2,NA,55,56,132,NA,NA,NA
19,2019-07-07,Triquetta,LL,1,L,1,NA,NA,NA,1,30,NA,NA,NA,115,23,0
19,2019-07-07,Triquetta,LL,1,L,5,NA,NA,NA,1,283,NA,NA,NA,77,20,0
19,2019-07-07,Triquetta,LL,1,L,11,NA,NA,NA,1,295,NA,NA,NA,63,15,0
19,2019-07-07,Triquetta,LL,1,L,13,NA,NA,NA,1,413,NA,NA,NA,150,37,0
19,2019-07-07,Triquetta,LL,1,L,16,NA,NA,NA,1,435,NA,NA,NA,93,34,0
19,2019-07-07,Triquetta,LL,1,L,19,NA,NA,NA,1,422,NA,NA,NA,92,35,0
19,2019-07-07,Triquetta,LL,1,L,19.5,NA,NA,NA,1,366,NA,NA,NA,100,34,0
19,2019-07-07,Triquetta,LL,1,R,7,NA,NA,NA,1,358,NA,NA,NA,70,16,0
19,2019-07-07,Triquetta,LL,1,R,9,NA,NA,NA,1,479,NA,NA,NA,108,37,0
19,2019-07-07,Triquetta,LL,1,R,13,NA,NA,NA,1,471,NA,NA,NA,66,25,0
19,2019-07-07,Triquetta,OP,1,L,0.8,6.1,10:00:00,y,2,NA,22,30,63,NA,NA,NA
19,2019-07-07,Triquetta,OP,1,L,9,7.2,10:00:00,y,2,NA,41,37,82,NA,NA,NA
19,2019-07-07,Triquetta,OP,1,L,17.5,4.2,10:00:00,y,2,NA,36,41,99,NA,NA,NA
19,2019-07-07,Triquetta,OP,1,R,3.5,8.1,10:00:00,y,2,NA,39,55.5,101,NA,NA,NA
19,2019-07-07,Triquetta,OP,1,R,18.3,10.2,10:00:00,y,2,NA,61,37,97,NA,NA,NA
19,2019-07-07,Triquetta,OP,2,L,10.9,9.2,10:00:00,y,2,NA,31,19,51,NA,NA,NA
19,2019-07-07,Triquetta,OP,2,L,19,2.1,10:00:00,y,2,NA,50,49,120,NA,NA,NA
19,2019-07-07,Triquetta,OP,2,R,6,1.2,10:00:00,y,2,NA,73,49,123,NA,NA,NA
19,2019-07-07,Triquetta,ZM,2,L,0.5,NA,NA,NA,1,415,NA,NA,NA,65,34,0
19,2019-07-07,Triquetta,ZM,2,L,4.3,NA,NA,NA,1,473,NA,NA,NA,134,41,0
19,2019-07-07,Triquetta,ZM,2,L,9.1,NA,NA,NA,1,503,NA,NA,NA,101,37,0
19,2019-07-07,Triquetta,ZM,2,L,12.2,NA,NA,NA,1,523,NA,NA,NA,81,27,0
19,2019-07-07,Triquetta,ZM,2,L,16,NA,NA,NA,1,589,NA,NA,NA,154,40,0
19,2019-07-07,Triquetta,ZM,2,R,2.2,NA,NA,NA,1,465,NA,NA,NA,80,37,0
19,2019-07-07,Triquetta,ZM,2,R,6.8,NA,NA,NA,1,617,NA,NA,NA,177,50,L
19,2019-07-07,Triquetta,ZM,2,R,10.1,NA,NA,NA,1,442,NA,NA,NA,131,48,L
19,2019-07-07,Triquetta,ZM,2,R,14,NA,NA,NA,1,506,NA,NA,NA,83,39,0
19,2019-07-07,Triquetta,ZM,2,R,18.2,NA,NA,NA,1,547,NA,NA,NA,63,28,0
19,2019-07-19,Manley,DNO,2,L,1.2,233,10:00:00,n,3,NA,NA,NA,NA,NA,NA,NA
19,2019-07-19,Manley,DNO,2,L,13,225,10:00:00,y,3,256,61,NA,NA,NA,NA,NA
19,2019-07-19,Manley,DNO,2,L,16,241,10:00:00,y,3,357,36,NA,NA,NA,NA,NA
19,2019-07-19,Manley,DNO,2,R,1.8,240,10:00:00,n,3,NA,NA,NA,NA,NA,NA,NA
19,2019-07-19,Manley,DNO,2,R,9.4,229,10:00:00,y,3,358,59,NA,NA,NA,NA,NA
19,2019-07-19,Manley,DNO,2,R,13.8,245,10:00:00,y,3,274,41,NA,NA,NA,NA,NA
19,2019-07-19,Manley,DNO,2,R,15.8,235,10:00:00,y,3,380,74,NA,NA,NA,NA,NA
19,2019-07-19,Manley,OP,1,L,6.4,237,10:00:00,y,3,150,32,NA,NA,NA,NA,NA
19,2019-07-19,Manley,OP,1,L,14.4,246,10:00:00,y,3,198,28,NA,NA,NA,NA,NA
19,2019-07-19,Manley,OP,1,R,1.7,238,10:00:00,y,3,167,30,NA,NA,NA,NA,NA
19,2019-07-19,Manley,OP,1,R,17.4,247,10:00:00,y,3,124,31,NA,NA,NA,NA,NA
19,2019-07-19,Manley,OP,1,R,17.6,236,10:00:00,y,3,376,75,NA,NA,NA,NA,NA
19,2019-07-19,Manley,OP,1,R,18.8,46,10:00:00,n,3,NA,NA,NA,NA,NA,NA,NA
19,2019-07-19,Manley,OP,1,R,19.8,228,10:00:00,y,3,307,4,NA,NA,NA,NA,NA
19,2019-07-19,Manley,OP,3,R,4.5,244,10:00:00,y,3,300,34,NA,NA,NA,NA,NA
19,2019-07-19,North,DNO,2,R,18.5,230,13:00:00,n,3,NA,NA,NA,NA,NA,NA,NA
19,2019-07-19,North,DNO,3,L,10,226,14:00:00,y,3,368,40,NA,NA,NA,NA,NA
19,2019-07-19,North,DNO,3,L,12.8,96.1,14:00:00,y,3,439,37,NA,NA,NA,NA,NA
19,2019-07-19,North,DNO,3,R,7,242,14:00:00,y,3,409,42,NA,NA,NA,NA,NA
19,2019-07-19,North,DNO,3,R,10.4,232,14:00:00,y,3,317,39,NA,NA,NA,NA,NA
19,2019-07-19,North,DNO,3,R,16,249,14:00:00,y,3,466,53,NA,NA,NA,NA,NA
19,2019-07-19,North,DNO,3,R,17.2,227,14:00:00,y,3,420,42,NA,NA,NA,NA,NA
19,2019-07-19,North,LL,1,L,4.5,239,14:00:00,n,3,NA,NA,NA,NA,NA,NA,NA
19,2019-07-19,North,LL,1,L,5.3,299,14:00:00,y,3,515,26,NA,NA,NA,NA,NA
19,2019-07-19,North,LL,1,L,7.5,287.1,14:00:00,y,3,430,50,NA,NA,NA,NA,NA
19,2019-07-19,North,LL,2,L,4.8,289.1,14:00:00,y,3,494,41,NA,NA,NA,NA,NA
19,2019-07-19,North,LL,2,L,17.5,284,14:00:00,y,3,370,50,NA,NA,NA,NA,NA
19,2019-07-19,North,LL,2,L,17.6,291.1,14:00:00,y,3,390,27,NA,NA,NA,NA,NA
19,2019-07-19,North,LL,2,R,1.5,295.1,14:00:00,y,3,528,68,NA,NA,NA,NA,NA
19,2019-07-19,North,LL,2,R,6.3,275.1,14:00:00,y,3,328,60,NA,NA,NA,NA,NA
19,2019-07-19,North,LL,2,R,13.8,293.1,14:00:00,y,3,404,38,NA,NA,NA,NA,NA
19,2019-07-19,Second,DNO,1,L,5.9,268,13:00:00,y,3,393,83,NA,NA,NA,NA,NA
19,2019-07-19,Second,DNO,1,L,12.6,280.1,13:00:00,y,3,533,65,NA,NA,NA,NA,NA
19,2019-07-19,Second,DNO,1,L,18,297.1,13:00:00,y,3,339,41,NA,NA,NA,NA,NA
19,2019-07-19,Second,DNO,1,R,10,290,13:00:00,n,3,NA,NA,NA,NA,NA,NA,NA
19,2019-07-19,Second,DNO,1,R,12,294,13:00:00,y,3,413,75,NA,NA,NA,NA,NA
19,2019-07-19,Second,DNO,1,R,14,279.1,13:00:00,y,3,339,48,NA,NA,NA,NA,NA
19,2019-07-19,Second,OP,2,L,9,25,13:00:00,n,3,NA,NA,NA,NA,NA,NA,NA
19,2019-07-19,Second,OP,2,L,15.8,21,13:00:00,y,3,185,19,NA,NA,NA,NA,NA
19,2019-07-19,Second,OP,2,L,16.7,23,13:00:00,y,3,191,19,NA,NA,NA,NA,NA
19,2019-07-19,Second,OP,2,L,19.6,37,13:00:00,y,3,366,47,NA,NA,NA,NA,NA
19,2019-07-19,Second,OP,2,R,4,260,11:00:00,n,3,NA,NA,NA,NA,NA,NA,NA
19,2019-07-19,Second,OP,2,R,4.1,255,11:00:00,y,3,351,38,NA,NA,NA,NA,NA
19,2019-07-19,Second,OP,2,R,14,48,13:00:00,n,3,NA,NA,NA,NA,NA,NA,NA
19,2019-07-19,Second,OP,3,R,8.5,5,13:00:00,y,3,332,62,NA,NA,NA,NA,NA
19,2019-07-19,Second,OP,3,R,18.1,253,13:00:00,n,3,NA,NA,NA,NA,NA,NA,NA
19,2019-07-19,Second,OP,3,R,18.3,0,13:00:00,n,3,NA,NA,NA,NA,NA,NA,NA
19,2019-07-19,Second,OP,3,R,18.4,254,13:00:00,y,3,310,58,NA,NA,NA,NA,NA
19,2019-07-19,Triquetta,DNO,2,L,1,266,11:00:00,y,3,388,22,NA,NA,NA,NA,NA
19,2019-07-19,Triquetta,DNO,2,L,5,269.1,11:00:00,y,3,476,81,NA,NA,NA,NA,NA
19,2019-07-19,Triquetta,DNO,3,L,3.5,234,11:00:00,n,3,NA,NA,NA,NA,NA,NA,NA
19,2019-07-19,Triquetta,DNO,3,L,5,231,11:00:00,y,3,527,53,NA,NA,NA,NA,NA
19,2019-07-19,Triquetta,DNO,3,L,6,278,11:00:00,y,3,475,50,NA,NA,NA,NA,NA
19,2019-07-19,Triquetta,DNO,3,R,9,243,11:00:00,y,3,555,66,NA,NA,NA,NA,NA
19,2019-07-19,Triquetta,DNO,3,R,15,248,11:00:00,y,3,571,25,NA,NA,NA,NA,NA
19,2019-07-19,Triquetta,OP,1,L,0.8,6.1,11:00:00,n,3,NA,NA,NA,NA,NA,NA,NA
19,2019-07-19,Triquetta,OP,1,L,9,7.2,11:00:00,y,3,431,34,NA,NA,NA,NA,NA
19,2019-07-19,Triquetta,OP,1,L,17.5,4.2,11:00:00,y,3,367,42,NA,NA,NA,NA,NA
19,2019-07-19,Triquetta,OP,1,R,3.5,8.1,11:00:00,n,3,NA,NA,NA,NA,NA,NA,NA
19,2019-07-19,Triquetta,OP,1,R,18.3,10.2,11:00:00,y,3,468,38,NA,NA,NA,NA,NA
19,2019-07-19,Triquetta,OP,2,L,10.9,9.2,11:00:00,y,3,543,71,NA,NA,NA,NA,NA
19,2019-07-19,Triquetta,OP,2,L,19,2.1,11:00:00,y,3,577,44,NA,NA,NA,NA,NA
19,2019-07-19,Triquetta,OP,2,R,6,1.2,11:00:00,n,3,NA,NA,NA,NA,NA,NA,NA
19,NA,Manley,ZM,1,R,1.4,NA,NA,NA,2,NA,NA,NA,NA,NA,NA,NA
19,NA,Manley,ZM,1,R,1.4,NA,NA,NA,3,NA,NA,NA,NA,NA,NA,NA
19,NA,Manley,ZM,1,R,2.8,NA,NA,NA,2,NA,NA,NA,NA,NA,NA,NA
19,NA,Manley,ZM,1,R,2.8,NA,NA,NA,3,NA,NA,NA,NA,NA,NA,NA
19,NA,Manley,ZM,1,R,4.1,NA,NA,NA,2,NA,NA,NA,NA,NA,NA,NA
19,NA,Manley,ZM,1,R,4.1,NA,NA,NA,3,NA,NA,NA,NA,NA,NA,NA
19,NA,Manley,ZM,1,R,4.2,NA,NA,NA,2,NA,NA,NA,NA,NA,NA,NA
19,NA,Manley,ZM,1,R,4.2,NA,NA,NA,3,NA,NA,NA,NA,NA,NA,NA
19,NA,Manley,ZM,1,R,8.1,NA,NA,NA,2,NA,NA,NA,NA,NA,NA,NA
19,NA,Manley,ZM,1,R,8.1,NA,NA,NA,3,NA,NA,NA,NA,NA,NA,NA
19,NA,Manley,ZM,1,R,11.5,NA,NA,NA,2,NA,NA,NA,NA,NA,NA,NA
19,NA,Manley,ZM,1,R,11.5,NA,NA,NA,3,NA,NA,NA,NA,NA,NA,NA
19,NA,Manley,ZM,1,R,12.7,NA,NA,NA,2,NA,NA,NA,NA,NA,NA,NA
19,NA,Manley,ZM,1,R,12.7,NA,NA,NA,3,NA,NA,NA,NA,NA,NA,NA
19,NA,Manley,ZM,1,R,13.5,NA,NA,NA,2,NA,NA,NA,NA,NA,NA,NA
19,NA,Manley,ZM,1,R,13.5,NA,NA,NA,3,NA,NA,NA,NA,NA,NA,NA
19,NA,Manley,ZM,1,R,17.5,NA,NA,NA,2,NA,NA,NA,NA,NA,NA,NA
19,NA,Manley,ZM,1,R,17.5,NA,NA,NA,2,NA,NA,NA,NA,NA,NA,NA
19,NA,Manley,ZM,1,R,17.5,NA,NA,NA,3,NA,NA,NA,NA,NA,NA,NA
19,NA,Manley,ZM,1,R,17.5,NA,NA,NA,3,NA,NA,NA,NA,NA,NA,NA
19,NA,Manley,ZM,1,R,17.6,NA,NA,NA,2,NA,NA,NA,NA,NA,NA,NA
19,NA,Manley,ZM,1,R,17.6,NA,NA,NA,3,NA,NA,NA,NA,NA,NA,NA
19,NA,Manley,ZM,2,L,9.5,NA,NA,NA,2,NA,NA,NA,NA,NA,NA,NA
19,NA,Manley,ZM,2,L,9.5,NA,NA,NA,2,NA,NA,NA,NA,NA,NA,NA
19,NA,Manley,ZM,2,L,9.5,NA,NA,NA,3,NA,NA,NA,NA,NA,NA,NA
19,NA,Manley,ZM,2,L,9.5,NA,NA,NA,3,NA,NA,NA,NA,NA,NA,NA
19,NA,Manley,ZM,2,L,13,NA,NA,NA,2,NA,NA,NA,NA,NA,NA,NA
19,NA,Manley,ZM,2,L,13,NA,NA,NA,2,NA,NA,NA,NA,NA,NA,NA
19,NA,Manley,ZM,2,L,13,NA,NA,NA,2,NA,NA,NA,NA,NA,NA,NA
19,NA,Manley,ZM,2,L,13,NA,NA,NA,2,NA,NA,NA,NA,NA,NA,NA
19,NA,Manley,ZM,2,L,13,NA,NA,NA,3,NA,NA,NA,NA,NA,NA,NA
19,NA,Manley,ZM,2,L,13,NA,NA,NA,3,NA,NA,NA,NA,NA,NA,NA
19,NA,Manley,ZM,2,L,13,NA,NA,NA,3,NA,NA,NA,NA,NA,NA,NA
19,NA,Manley,ZM,2,L,13,NA,NA,NA,3,NA,NA,NA,NA,NA,NA,NA
19,NA,Manley,ZM,2,L,15.2,NA,NA,NA,2,NA,NA,NA,NA,NA,NA,NA
19,NA,Manley,ZM,2,L,15.2,NA,NA,NA,3,NA,NA,NA,NA,NA,NA,NA
19,NA,Manley,ZM,2,R,15.7,NA,NA,NA,2,NA,NA,NA,NA,NA,NA,NA
19,NA,Manley,ZM,2,R,15.7,NA,NA,NA,2,NA,NA,NA,NA,NA,NA,NA
19,NA,Manley,ZM,2,R,15.7,NA,NA,NA,3,NA,NA,NA,NA,NA,NA,NA
19,NA,Manley,ZM,2,R,15.7,NA,NA,NA,3,NA,NA,NA,NA,NA,NA,NA
19,NA,Manley,ZM,3,L,5.1,NA,NA,NA,2,NA,NA,NA,NA,NA,NA,NA
19,NA,Manley,ZM,3,L,5.1,NA,NA,NA,3,NA,NA,NA,NA,NA,NA,NA
19,NA,Manley,ZM,3,R,6.1,NA,NA,NA,2,NA,NA,NA,NA,NA,NA,NA
19,NA,Manley,ZM,3,R,6.1,NA,NA,NA,3,NA,NA,NA,NA,NA,NA,NA
19,NA,North,DVM,2,L,0,NA,NA,NA,2,NA,NA,NA,NA,NA,NA,NA
19,NA,North,DVM,2,L,0,NA,NA,NA,3,NA,NA,NA,NA,NA,NA,NA
19,NA,North,DVM,2,L,2.8,NA,NA,NA,2,NA,NA,NA,NA,NA,NA,NA
19,NA,North,DVM,2,L,2.8,NA,NA,NA,3,NA,NA,NA,NA,NA,NA,NA
19,NA,North,DVM,2,R,2.9,NA,NA,NA,2,NA,NA,NA,NA,NA,NA,NA
19,NA,North,DVM,2,R,2.9,NA,NA,NA,2,NA,NA,NA,NA,NA,NA,NA
19,NA,North,DVM,2,R,2.9,NA,NA,NA,3,NA,NA,NA,NA,NA,NA,NA
19,NA,North,DVM,2,R,2.9,NA,NA,NA,3,NA,NA,NA,NA,NA,NA,NA
19,NA,North,DVM,2,R,3.7,NA,NA,NA,2,NA,NA,NA,NA,NA,NA,NA
19,NA,North,DVM,2,R,3.7,NA,NA,NA,3,NA,NA,NA,NA,NA,NA,NA
19,NA,North,DVM,2,R,4.8,NA,NA,NA,2,NA,NA,NA,NA,NA,NA,NA
19,NA,North,DVM,2,R,4.8,NA,NA,NA,3,NA,NA,NA,NA,NA,NA,NA
19,NA,North,DVM,3,L,0.5,NA,NA,NA,2,NA,NA,NA,NA,NA,NA,NA
19,NA,North,DVM,3,L,0.5,NA,NA,NA,3,NA,NA,NA,NA,NA,NA,NA
19,NA,North,DVM,3,L,0.7,NA,NA,NA,2,NA,NA,NA,NA,NA,NA,NA
19,NA,North,DVM,3,L,0.7,NA,NA,NA,3,NA,NA,NA,NA,NA,NA,NA
19,NA,North,DVM,3,L,1.1,NA,NA,NA,2,NA,NA,NA,NA,NA,NA,NA
19,NA,North,DVM,3,L,1.1,NA,NA,NA,3,NA,NA,NA,NA,NA,NA,NA
19,NA,North,DVM,3,L,2.2,NA,NA,NA,2,NA,NA,NA,NA,NA,NA,NA
19,NA,North,DVM,3,L,2.2,NA,NA,NA,3,NA,NA,NA,NA,NA,NA,NA
19,NA,North,DVM,3,L,3.4,NA,NA,NA,2,NA,NA,NA,NA,NA,NA,NA
19,NA,North,DVM,3,L,3.4,NA,NA,NA,3,NA,NA,NA,NA,NA,NA,NA
19,NA,North,DVM,3,L,8.4,NA,NA,NA,2,NA,NA,NA,NA,NA,NA,NA
19,NA,North,DVM,3,L,8.4,NA,NA,NA,3,NA,NA,NA,NA,NA,NA,NA
19,NA,North,DVM,3,L,11.5,NA,NA,NA,2,NA,NA,NA,NA,NA,NA,NA
19,NA,North,DVM,3,L,11.5,NA,NA,NA,3,NA,NA,NA,NA,NA,NA,NA
19,NA,North,DVM,3,L,11.8,NA,NA,NA,2,NA,NA,NA,NA,NA,NA,NA
19,NA,North,DVM,3,L,11.8,NA,NA,NA,3,NA,NA,NA,NA,NA,NA,NA
19,NA,North,DVM,3,L,12.5,NA,NA,NA,2,NA,NA,NA,NA,NA,NA,NA
19,NA,North,DVM,3,L,12.5,NA,NA,NA,2,NA,NA,NA,NA,NA,NA,NA
19,NA,North,DVM,3,L,12.5,NA,NA,NA,3,NA,NA,NA,NA,NA,NA,NA
19,NA,North,DVM,3,L,12.5,NA,NA,NA,3,NA,NA,NA,NA,NA,NA,NA
19,NA,North,DVM,3,L,14.2,NA,NA,NA,2,NA,NA,NA,NA,NA,NA,NA
19,NA,North,DVM,3,L,14.2,NA,NA,NA,3,NA,NA,NA,NA,NA,NA,NA
19,NA,North,DVM,3,L,15.4,NA,NA,NA,2,NA,NA,NA,NA,NA,NA,NA
19,NA,North,DVM,3,L,15.4,NA,NA,NA,3,NA,NA,NA,NA,NA,NA,NA
19,NA,North,DVM,3,L,18.5,NA,NA,NA,2,NA,NA,NA,NA,NA,NA,NA
19,NA,North,DVM,3,L,18.5,NA,NA,NA,3,NA,NA,NA,NA,NA,NA,NA
19,NA,North,DVM,3,R,7.4,NA,NA,NA,2,NA,NA,NA,NA,NA,NA,NA
19,NA,North,DVM,3,R,7.4,NA,NA,NA,3,NA,NA,NA,NA,NA,NA,NA
19,NA,North,DVM,3,R,16.1,NA,NA,NA,2,NA,NA,NA,NA,NA,NA,NA
19,NA,North,DVM,3,R,16.1,NA,NA,NA,3,NA,NA,NA,NA,NA,NA,NA
19,NA,North,ZM,1,L,5,NA,NA,NA,2,NA,NA,NA,NA,NA,NA,NA
19,NA,North,ZM,1,L,5,NA,NA,NA,2,NA,NA,NA,NA,NA,NA,NA
19,NA,North,ZM,1,L,5,NA,NA,NA,2,NA,NA,NA,NA,NA,NA,NA
19,NA,North,ZM,1,L,5,NA,NA,NA,2,NA,NA,NA,NA,NA,NA,NA
19,NA,North,ZM,1,L,5,NA,NA,NA,2,NA,NA,NA,NA,NA,NA,NA
19,NA,North,ZM,1,L,5,NA,NA,NA,3,NA,NA,NA,NA,NA,NA,NA
19,NA,North,ZM,1,L,5,NA,NA,NA,3,NA,NA,NA,NA,NA,NA,NA
19,NA,North,ZM,1,L,5,NA,NA,NA,3,NA,NA,NA,NA,NA,NA,NA
19,NA,North,ZM,1,L,5,NA,NA,NA,3,NA,NA,NA,NA,NA,NA,NA
19,NA,North,ZM,1,L,5,NA,NA,NA,3,NA,NA,NA,NA,NA,NA,NA
19,NA,North,ZM,1,L,20,NA,NA,NA,2,NA,NA,NA,NA,NA,NA,NA
19,NA,North,ZM,1,L,20,NA,NA,NA,3,NA,NA,NA,NA,NA,NA,NA
19,NA,North,ZM,1,R,1.5,NA,NA,NA,2,NA,NA,NA,NA,NA,NA,NA
19,NA,North,ZM,1,R,1.5,NA,NA,NA,3,NA,NA,NA,NA,NA,NA,NA
19,NA,North,ZM,1,R,4,NA,NA,NA,2,NA,NA,NA,NA,NA,NA,NA
19,NA,North,ZM,1,R,4,NA,NA,NA,2,NA,NA,NA,NA,NA,NA,NA
19,NA,North,ZM,1,R,4,NA,NA,NA,2,NA,NA,NA,NA,NA,NA,NA
19,NA,North,ZM,1,R,4,NA,NA,NA,3,NA,NA,NA,NA,NA,NA,NA
19,NA,North,ZM,1,R,4,NA,NA,NA,3,NA,NA,NA,NA,NA,NA,NA
19,NA,North,ZM,1,R,4,NA,NA,NA,3,NA,NA,NA,NA,NA,NA,NA
19,NA,North,ZM,1,R,5,NA,NA,NA,2,NA,NA,NA,NA,NA,NA,NA
19,NA,North,ZM,1,R,5,NA,NA,NA,2,NA,NA,NA,NA,NA,NA,NA
19,NA,North,ZM,1,R,5,NA,NA,NA,3,NA,NA,NA,NA,NA,NA,NA
19,NA,North,ZM,1,R,5,NA,NA,NA,3,NA,NA,NA,NA,NA,NA,NA
19,NA,North,ZM,1,R,5.5,NA,NA,NA,2,NA,NA,NA,NA,NA,NA,NA
19,NA,North,ZM,1,R,5.5,NA,NA,NA,3,NA,NA,NA,NA,NA,NA,NA
19,NA,North,ZM,1,R,8,NA,NA,NA,2,NA,NA,NA,NA,NA,NA,NA
19,NA,North,ZM,1,R,8,NA,NA,NA,3,NA,NA,NA,NA,NA,NA,NA
19,NA,North,ZM,1,R,18,NA,NA,NA,2,NA,NA,NA,NA,NA,NA,NA
19,NA,North,ZM,1,R,18,NA,NA,NA,3,NA,NA,NA,NA,NA,NA,NA
19,NA,Second,DVM,1,L,5.4,NA,NA,NA,2,NA,NA,NA,NA,NA,NA,NA
19,NA,Second,DVM,1,L,5.4,NA,NA,NA,3,NA,NA,NA,NA,NA,NA,NA
19,NA,Second,DVM,1,L,9.8,NA,NA,NA,2,NA,NA,NA,NA,NA,NA,NA
19,NA,Second,DVM,1,L,9.8,NA,NA,NA,3,NA,NA,NA,NA,NA,NA,NA
19,NA,Second,DVM,1,L,10.5,NA,NA,NA,2,NA,NA,NA,NA,NA,NA,NA
19,NA,Second,DVM,1,L,10.5,NA,NA,NA,3,NA,NA,NA,NA,NA,NA,NA
19,NA,Second,DVM,1,L,12,NA,NA,NA,2,NA,NA,NA,NA,NA,NA,NA
19,NA,Second,DVM,1,L,12,NA,NA,NA,3,NA,NA,NA,NA,NA,NA,NA
19,NA,Second,DVM,1,L,13.6,NA,NA,NA,2,NA,NA,NA,NA,NA,NA,NA
19,NA,Second,DVM,1,L,13.6,NA,NA,NA,2,NA,NA,NA,NA,NA,NA,NA
19,NA,Second,DVM,1,L,13.6,NA,NA,NA,3,NA,NA,NA,NA,NA,NA,NA
19,NA,Second,DVM,1,L,13.6,NA,NA,NA,3,NA,NA,NA,NA,NA,NA,NA
19,NA,Second,DVM,1,L,15,NA,NA,NA,2,NA,NA,NA,NA,NA,NA,NA
19,NA,Second,DVM,1,L,15,NA,NA,NA,2,NA,NA,NA,NA,NA,NA,NA
19,NA,Second,DVM,1,L,15,NA,NA,NA,3,NA,NA,NA,NA,NA,NA,NA
19,NA,Second,DVM,1,L,15,NA,NA,NA,3,NA,NA,NA,NA,NA,NA,NA
19,NA,Second,DVM,1,R,5,NA,NA,NA,2,NA,NA,NA,NA,NA,NA,NA
19,NA,Second,DVM,1,R,5,NA,NA,NA,3,NA,NA,NA,NA,NA,NA,NA
19,NA,Second,DVM,1,R,5.5,NA,NA,NA,2,NA,NA,NA,NA,NA,NA,NA
19,NA,Second,DVM,1,R,5.5,NA,NA,NA,3,NA,NA,NA,NA,NA,NA,NA
19,NA,Second,DVM,1,R,9.8,NA,NA,NA,2,NA,NA,NA,NA,NA,NA,NA
19,NA,Second,DVM,1,R,9.8,NA,NA,NA,3,NA,NA,NA,NA,NA,NA,NA
19,NA,Second,DVM,1,R,12.8,NA,NA,NA,2,NA,NA,NA,NA,NA,NA,NA
19,NA,Second,DVM,1,R,12.8,NA,NA,NA,3,NA,NA,NA,NA,NA,NA,NA
19,NA,Second,DVM,1,R,14.2,NA,NA,NA,2,NA,NA,NA,NA,NA,NA,NA
19,NA,Second,DVM,1,R,14.2,NA,NA,NA,3,NA,NA,NA,NA,NA,NA,NA
19,NA,Second,DVM,1,R,15.4,NA,NA,NA,2,NA,NA,NA,NA,NA,NA,NA
19,NA,Second,DVM,1,R,15.4,NA,NA,NA,3,NA,NA,NA,NA,NA,NA,NA
19,NA,Second,DVM,2,L,3,NA,NA,NA,2,NA,NA,NA,NA,NA,NA,NA
19,NA,Second,DVM,2,L,3,NA,NA,NA,3,NA,NA,NA,NA,NA,NA,NA
19,NA,Second,DVM,2,R,1,NA,NA,NA,2,NA,NA,NA,NA,NA,NA,NA
19,NA,Second,DVM,2,R,1,NA,NA,NA,2,NA,NA,NA,NA,NA,NA,NA
19,NA,Second,DVM,2,R,1,NA,NA,NA,2,NA,NA,NA,NA,NA,NA,NA
19,NA,Second,DVM,2,R,1,NA,NA,NA,3,NA,NA,NA,NA,NA,NA,NA
19,NA,Second,DVM,2,R,1,NA,NA,NA,3,NA,NA,NA,NA,NA,NA,NA
19,NA,Second,DVM,2,R,1,NA,NA,NA,3,NA,NA,NA,NA,NA,NA,NA
19,NA,Second,DVM,2,R,3,NA,NA,NA,2,NA,NA,NA,NA,NA,NA,NA
19,NA,Second,DVM,2,R,3,NA,NA,NA,3,NA,NA,NA,NA,NA,NA,NA
19,NA,Second,DVM,2,R,3.5,NA,NA,NA,2,NA,NA,NA,NA,NA,NA,NA
19,NA,Second,DVM,2,R,3.5,NA,NA,NA,2,NA,NA,NA,NA,NA,NA,NA
19,NA,Second,DVM,2,R,3.5,NA,NA,NA,2,NA,NA,NA,NA,NA,NA,NA
19,NA,Second,DVM,2,R,3.5,NA,NA,NA,2,NA,NA,NA,NA,NA,NA,NA
19,NA,Second,DVM,2,R,3.5,NA,NA,NA,3,NA,NA,NA,NA,NA,NA,NA
19,NA,Second,DVM,2,R,3.5,NA,NA,NA,3,NA,NA,NA,NA,NA,NA,NA
19,NA,Second,DVM,2,R,3.5,NA,NA,NA,3,NA,NA,NA,NA,NA,NA,NA
19,NA,Second,DVM,2,R,3.5,NA,NA,NA,3,NA,NA,NA,NA,NA,NA,NA
19,NA,Second,DVM,2,R,3.7,NA,NA,NA,2,NA,NA,NA,NA,NA,NA,NA
19,NA,Second,DVM,2,R,3.7,NA,NA,NA,3,NA,NA,NA,NA,NA,NA,NA
19,NA,Second,DVM,2,R,3.8,NA,NA,NA,2,NA,NA,NA,NA,NA,NA,NA
19,NA,Second,DVM,2,R,3.8,NA,NA,NA,2,NA,NA,NA,NA,NA,NA,NA
19,NA,Second,DVM,2,R,3.8,NA,NA,NA,3,NA,NA,NA,NA,NA,NA,NA
19,NA,Second,DVM,2,R,3.8,NA,NA,NA,3,NA,NA,NA,NA,NA,NA,NA
19,NA,Second,DVM,2,R,4,NA,NA,NA,2,NA,NA,NA,NA,NA,NA,NA
19,NA,Second,DVM,2,R,4,NA,NA,NA,3,NA,NA,NA,NA,NA,NA,NA
19,NA,Second,DVM,2,R,5,NA,NA,NA,2,NA,NA,NA,NA,NA,NA,NA
19,NA,Second,DVM,2,R,5,NA,NA,NA,3,NA,NA,NA,NA,NA,NA,NA
19,NA,Second,ZM,2,L,3.3,NA,NA,NA,2,NA,NA,NA,NA,NA,NA,NA
19,NA,Second,ZM,2,L,3.3,NA,NA,NA,3,NA,NA,NA,NA,NA,NA,NA
19,NA,Second,ZM,2,L,5.5,NA,NA,NA,2,NA,NA,NA,NA,NA,NA,NA
19,NA,Second,ZM,2,L,5.5,NA,NA,NA,2,NA,NA,NA,NA,NA,NA,NA
19,NA,Second,ZM,2,L,5.5,NA,NA,NA,3,NA,NA,NA,NA,NA,NA,NA
19,NA,Second,ZM,2,L,5.5,NA,NA,NA,3,NA,NA,NA,NA,NA,NA,NA
19,NA,Second,ZM,2,R,20,NA,NA,NA,2,NA,NA,NA,NA,NA,NA,NA
19,NA,Second,ZM,2,R,20,NA,NA,NA,2,NA,NA,NA,NA,NA,NA,NA
19,NA,Second,ZM,2,R,20,NA,NA,NA,2,NA,NA,NA,NA,NA,NA,NA
19,NA,Second,ZM,2,R,20,NA,NA,NA,3,NA,NA,NA,NA,NA,NA,NA
19,NA,Second,ZM,2,R,20,NA,NA,NA,3,NA,NA,NA,NA,NA,NA,NA
19,NA,Second,ZM,2,R,20,NA,NA,NA,3,NA,NA,NA,NA,NA,NA,NA
19,NA,Second,ZM,3,R,5,NA,NA,NA,2,NA,NA,NA,NA,NA,NA,NA
19,NA,Second,ZM,3,R,5,NA,NA,NA,3,NA,NA,NA,NA,NA,NA,NA
19,NA,Triquetta,DNO,2,L,2,NA,NA,NA,2,NA,NA,NA,NA,NA,NA,NA
19,NA,Triquetta,DNO,2,L,2,NA,NA,NA,3,NA,NA,NA,NA,NA,NA,NA
19,NA,Triquetta,DNO,2,L,3,NA,NA,NA,2,NA,NA,NA,NA,NA,NA,NA
19,NA,Triquetta,DNO,2,L,3,NA,NA,NA,3,NA,NA,NA,NA,NA,NA,NA
19,NA,Triquetta,DNO,2,L,4.5,NA,NA,NA,2,NA,NA,NA,NA,NA,NA,NA
19,NA,Triquetta,DNO,2,L,4.5,NA,NA,NA,3,NA,NA,NA,NA,NA,NA,NA
19,NA,Triquetta,DNO,2,L,8,NA,NA,NA,2,NA,NA,NA,NA,NA,NA,NA
19,NA,Triquetta,DNO,2,L,8,NA,NA,NA,3,NA,NA,NA,NA,NA,NA,NA
19,NA,Triquetta,DNO,2,L,14,NA,NA,NA,2,NA,NA,NA,NA,NA,NA,NA
19,NA,Triquetta,DNO,2,L,14,NA,NA,NA,3,NA,NA,NA,NA,NA,NA,NA
19,NA,Triquetta,DNO,2,L,16,NA,NA,NA,2,NA,NA,NA,NA,NA,NA,NA
19,NA,Triquetta,DNO,2,L,16,NA,NA,NA,3,NA,NA,NA,NA,NA,NA,NA
19,NA,Triquetta,DNO,2,R,0.9,NA,NA,NA,2,NA,NA,NA,NA,NA,NA,NA
19,NA,Triquetta,DNO,2,R,0.9,NA,NA,NA,3,NA,NA,NA,NA,NA,NA,NA
19,NA,Triquetta,DNO,2,R,2.5,NA,NA,NA,2,NA,NA,NA,NA,NA,NA,NA
19,NA,Triquetta,DNO,2,R,2.5,NA,NA,NA,3,NA,NA,NA,NA,NA,NA,NA
19,NA,Triquetta,DNO,2,R,10,NA,NA,NA,2,NA,NA,NA,NA,NA,NA,NA
19,NA,Triquetta,DNO,2,R,10,NA,NA,NA,3,NA,NA,NA,NA,NA,NA,NA
19,NA,Triquetta,DNO,2,R,11,NA,NA,NA,2,NA,NA,NA,NA,NA,NA,NA
19,NA,Triquetta,DNO,2,R,11,NA,NA,NA,3,NA,NA,NA,NA,NA,NA,NA
19,NA,Triquetta,LL,1,L,1,NA,NA,NA,2,NA,NA,NA,NA,NA,NA,NA
19,NA,Triquetta,LL,1,L,1,NA,NA,NA,3,NA,NA,NA,NA,NA,NA,NA
19,NA,Triquetta,LL,1,L,5,NA,NA,NA,2,NA,NA,NA,NA,NA,NA,NA
19,NA,Triquetta,LL,1,L,5,NA,NA,NA,3,NA,NA,NA,NA,NA,NA,NA
19,NA,Triquetta,LL,1,L,11,NA,NA,NA,2,NA,NA,NA,NA,NA,NA,NA
19,NA,Triquetta,LL,1,L,11,NA,NA,NA,3,NA,NA,NA,NA,NA,NA,NA
19,NA,Triquetta,LL,1,L,13,NA,NA,NA,2,NA,NA,NA,NA,NA,NA,NA
19,NA,Triquetta,LL,1,L,13,NA,NA,NA,3,NA,NA,NA,NA,NA,NA,NA
19,NA,Triquetta,LL,1,L,16,NA,NA,NA,2,NA,NA,NA,NA,NA,NA,NA
19,NA,Triquetta,LL,1,L,16,NA,NA,NA,3,NA,NA,NA,NA,NA,NA,NA
19,NA,Triquetta,LL,1,L,19,NA,NA,NA,2,NA,NA,NA,NA,NA,NA,NA
19,NA,Triquetta,LL,1,L,19,NA,NA,NA,3,NA,NA,NA,NA,NA,NA,NA
19,NA,Triquetta,LL,1,L,19.5,NA,NA,NA,2,NA,NA,NA,NA,NA,NA,NA
19,NA,Triquetta,LL,1,L,19.5,NA,NA,NA,3,NA,NA,NA,NA,NA,NA,NA
19,NA,Triquetta,LL,1,R,7,NA,NA,NA,2,NA,NA,NA,NA,NA,NA,NA
19,NA,Triquetta,LL,1,R,7,NA,NA,NA,3,NA,NA,NA,NA,NA,NA,NA
19,NA,Triquetta,LL,1,R,9,NA,NA,NA,2,NA,NA,NA,NA,NA,NA,NA
19,NA,Triquetta,LL,1,R,9,NA,NA,NA,3,NA,NA,NA,NA,NA,NA,NA
19,NA,Triquetta,LL,1,R,13,NA,NA,NA,2,NA,NA,NA,NA,NA,NA,NA
19,NA,Triquetta,LL,1,R,13,NA,NA,NA,3,NA,NA,NA,NA,NA,NA,NA
19,NA,Triquetta,ZM,2,L,0.5,NA,NA,NA,2,NA,NA,NA,NA,NA,NA,NA
19,NA,Triquetta,ZM,2,L,0.5,NA,NA,NA,3,NA,NA,NA,NA,NA,NA,NA
19,NA,Triquetta,ZM,2,L,4.3,NA,NA,NA,2,NA,NA,NA,NA,NA,NA,NA
19,NA,Triquetta,ZM,2,L,4.3,NA,NA,NA,3,NA,NA,NA,NA,NA,NA,NA
19,NA,Triquetta,ZM,2,L,9.1,NA,NA,NA,2,NA,NA,NA,NA,NA,NA,NA
19,NA,Triquetta,ZM,2,L,9.1,NA,NA,NA,3,NA,NA,NA,NA,NA,NA,NA
19,NA,Triquetta,ZM,2,L,12.2,NA,NA,NA,2,NA,NA,NA,NA,NA,NA,NA
19,NA,Triquetta,ZM,2,L,12.2,NA,NA,NA,3,NA,NA,NA,NA,NA,NA,NA
19,NA,Triquetta,ZM,2,L,16,NA,NA,NA,2,NA,NA,NA,NA,NA,NA,NA
19,NA,Triquetta,ZM,2,L,16,NA,NA,NA,3,NA,NA,NA,NA,NA,NA,NA
19,NA,Triquetta,ZM,2,R,2.2,NA,NA,NA,2,NA,NA,NA,NA,NA,NA,NA
19,NA,Triquetta,ZM,2,R,2.2,NA,NA,NA,3,NA,NA,NA,NA,NA,NA,NA
19,NA,Triquetta,ZM,2,R,6.8,NA,NA,NA,2,NA,NA,NA,NA,NA,NA,NA
19,NA,Triquetta,ZM,2,R,6.8,NA,NA,NA,3,NA,NA,NA,NA,NA,NA,NA
19,NA,Triquetta,ZM,2,R,10.1,NA,NA,NA,2,NA,NA,NA,NA,NA,NA,NA
19,NA,Triquetta,ZM,2,R,10.1,NA,NA,NA,3,NA,NA,NA,NA,NA,NA,NA
19,NA,Triquetta,ZM,2,R,14,NA,NA,NA,2,NA,NA,NA,NA,NA,NA,NA
19,NA,Triquetta,ZM,2,R,14,NA,NA,NA,3,NA,NA,NA,NA,NA,NA,NA
19,NA,Triquetta,ZM,2,R,18.2,NA,NA,NA,2,NA,NA,NA,NA,NA,NA,NA
19,NA,Triquetta,ZM,2,R,18.2,NA,NA,NA,3,NA,NA,NA,NA,NA,NA,NA
20,2019-07-20,Manley,KH,1,NA,2,NA,NA,NA,1,162,NA,NA,NA,40,12,0
20,2019-07-20,Manley,KH,1,NA,4,NA,NA,NA,1,122,NA,NA,NA,40,11,0
20,2019-07-20,Manley,KH,1,NA,4.5,NA,NA,NA,1,135,NA,NA,NA,17,16,0
20,2019-07-20,Manley,KH,1,NA,6,NA,NA,NA,1,248,NA,NA,NA,20,25,0
20,2019-07-20,Manley,KH,1,NA,12.5,NA,NA,NA,1,259,NA,NA,NA,80,43,0
20,2019-07-20,Manley,KH,1,NA,13,NA,NA,NA,1,191,NA,NA,NA,80,32,0
20,2019-07-20,Manley,KH,1,NA,13.5,NA,NA,NA,1,160,NA,NA,NA,80,18,0
20,2019-07-20,Manley,KH,1,NA,19.5,NA,NA,NA,1,273,NA,NA,NA,30,22,0
20,2019-07-20,Manley,KH,1,NA,19.5,NA,NA,NA,1,315,NA,NA,NA,70,32,0
20,2019-07-20,Manley,KH,1,NA,19.8,NA,NA,NA,1,137,NA,NA,NA,30,8,0
20,2019-07-20,Manley,KH,1,NA,19.8,NA,NA,NA,1,147,NA,NA,NA,50,8,0
20,2019-07-20,Manley,KH,1,NA,19.9,NA,NA,NA,1,134,NA,NA,NA,42,12,0
20,2019-07-20,Manley,KH,1,NA,19.9,NA,NA,NA,1,369,NA,NA,NA,50,43,0
20,2019-07-20,Manley,KH,1,NA,19.9,NA,NA,NA,1,439,NA,NA,NA,90,46,0
20,2019-07-20,Manley,LL,2,NA,13,NA,NA,NA,1,316,NA,NA,NA,108,44,0
20,2019-07-20,Manley,LL,2,NA,13,NA,NA,NA,1,350,NA,NA,NA,97,46,0
20,2019-07-20,Manley,LL,2,NA,16,NA,NA,NA,1,150,NA,NA,NA,55,20,0
20,2019-07-20,Manley,LL,2,NA,17,NA,NA,NA,1,106,NA,NA,NA,65,16,0
20,2019-07-20,Manley,LL,2,NA,17,NA,NA,NA,1,345,NA,NA,NA,97,46,L
20,2019-07-20,Manley,LL,3,NA,13,NA,NA,NA,1,372,NA,NA,NA,90,45,0
20,2019-07-20,Manley,LL,3,NA,20,NA,NA,NA,1,171,NA,NA,NA,72,19,0
20,2019-07-20,Manley,LL,3,NA,20,NA,NA,NA,1,273,NA,NA,NA,83,38,0
20,2019-07-20,Manley,LL,3,NA,20,NA,NA,NA,1,355,NA,NA,NA,95,35,0
20,2019-07-20,Manley,LL,3,NA,20,NA,NA,NA,1,400,NA,NA,NA,115,47,0
20,2019-07-20,North,KH,1,NA,3,NA,NA,NA,1,407,NA,NA,NA,125,42,0
20,2019-07-20,North,KH,1,NA,3.1,NA,NA,NA,1,522,NA,NA,NA,130,42,L
20,2019-07-20,North,KH,1,NA,3.5,NA,NA,NA,1,554,NA,NA,NA,160,48,H
20,2019-07-20,North,KH,1,NA,4,NA,NA,NA,1,419,NA,NA,NA,13,36,0
20,2019-07-20,North,KH,1,NA,4,NA,NA,NA,1,577,NA,NA,NA,240,49,H
20,2019-07-20,North,KH,1,NA,4,NA,NA,NA,1,680,NA,NA,NA,180,53,L
20,2019-07-20,North,KH,1,NA,6,NA,NA,NA,1,549,NA,NA,NA,240,62,H
20,2019-07-20,North,KH,1,NA,6.2,NA,NA,NA,1,627,NA,NA,NA,90,33,L
20,2019-07-20,North,KH,1,NA,6.2,NA,NA,NA,1,676,NA,NA,NA,150,51,L
20,2019-07-20,North,KH,1,NA,7,NA,NA,NA,1,490,NA,NA,NA,170,47,H
20,2019-07-20,North,KH,1,NA,7,NA,NA,NA,1,555,NA,NA,NA,160,51,L
20,2019-07-20,North,KH,1,NA,7.2,NA,NA,NA,1,605,NA,NA,NA,130,33,0
20,2019-07-20,North,KH,1,NA,7.3,NA,NA,NA,1,649,NA,NA,NA,220,36,H
20,2019-07-20,North,KH,1,NA,9,NA,NA,NA,1,493,NA,NA,NA,160,49,H
20,2019-07-20,North,KH,1,NA,18,NA,NA,NA,1,558,NA,NA,NA,180,52,L
20,2019-07-20,North,LL,2,NA,0,NA,NA,NA,1,554,NA,NA,NA,144,52,L
20,2019-07-20,North,LL,2,NA,0,NA,NA,NA,1,570,NA,NA,NA,185,59,L
20,2019-07-20,North,LL,2,NA,6,NA,NA,NA,1,416,NA,NA,NA,190,59,L
20,2019-07-20,North,LL,2,NA,6,NA,NA,NA,1,493,NA,NA,NA,137,41,H
20,2019-07-20,North,LL,2,NA,6,NA,NA,NA,1,529,NA,NA,NA,163,61,L
20,2019-07-20,North,LL,2,NA,8,NA,NA,NA,1,471,NA,NA,NA,73,46,L
20,2019-07-20,North,LL,2,NA,8,NA,NA,NA,1,503,NA,NA,NA,115,43,H
20,2019-07-20,North,LL,2,NA,8,NA,NA,NA,1,532,NA,NA,NA,93,53,H
20,2019-07-20,North,LL,2,NA,8,NA,NA,NA,1,577,NA,NA,NA,176,66,H
20,2019-07-20,North,LL,2,NA,10,NA,NA,NA,1,565,NA,NA,NA,160,55,L
20,2019-07-20,North,LL,3,NA,2,NA,NA,NA,1,334,NA,NA,NA,110,35,L
20,2019-07-20,North,LL,3,NA,6,NA,NA,NA,1,219,NA,NA,NA,110,14,0
20,2019-07-20,North,LL,3,NA,10,NA,NA,NA,1,187,NA,NA,NA,56,6,0
20,2019-07-20,North,LL,3,NA,10,NA,NA,NA,1,328,NA,NA,NA,100,29,0
20,2019-07-20,North,LL,3,NA,10,NA,NA,NA,1,346,NA,NA,NA,100,31,0
20,2019-07-20,North,LL,3,NA,10,NA,NA,NA,1,409,NA,NA,NA,150,39,L
20,2019-07-20,North,LL,3,NA,10,NA,NA,NA,1,495,NA,NA,NA,200,46,L
20,2019-07-20,North,LL,3,NA,12,NA,NA,NA,1,529,NA,NA,NA,79,49,0
20,2019-07-20,North,LL,3,NA,20,NA,NA,NA,1,387,NA,NA,NA,130,32,0
20,2019-07-20,Second,KH,2,NA,0,NA,NA,NA,1,465,NA,NA,NA,108,51,L
20,2019-07-20,Second,KH,2,NA,1,NA,NA,NA,1,365,NA,NA,NA,120,49,0
20,2019-07-20,Second,KH,2,NA,4.4,NA,NA,NA,1,590,NA,NA,NA,130,56,L
20,2019-07-20,Second,KH,2,NA,4.5,NA,NA,NA,1,399,NA,NA,NA,75,39,0
20,2019-07-20,Second,KH,2,NA,4.6,NA,NA,NA,1,448,NA,NA,NA,140,52,L
20,2019-07-20,Second,KH,2,NA,7.5,NA,NA,NA,1,381,NA,NA,NA,90,43,0
20,2019-07-20,Second,KH,2,NA,7.5,NA,NA,NA,1,402,NA,NA,NA,150,46,0
20,2019-07-20,Second,KH,2,NA,16,NA,NA,NA,1,137,NA,NA,NA,63,10,0
20,2019-07-20,Second,LL,1,NA,5,NA,NA,NA,1,278,NA,NA,NA,94,25,L
20,2019-07-20,Second,LL,1,NA,10,NA,NA,NA,1,295,NA,NA,NA,90,32,0
20,2019-07-20,Second,LL,1,NA,15,NA,NA,NA,1,336,NA,NA,NA,37,26,0
20,2019-07-20,Second,LL,1,NA,17,NA,NA,NA,1,70,NA,NA,NA,27,4,0
20,2019-07-20,Second,LL,1,NA,17,NA,NA,NA,1,277,NA,NA,NA,22,23,0
20,2019-07-20,Second,LL,1,NA,17,NA,NA,NA,1,478,NA,NA,NA,125,52,L
20,2019-07-20,Second,LL,1,NA,20,NA,NA,NA,1,477,NA,NA,NA,123,43,L
20,2019-07-20,Triquetta,KH,2,NA,3,NA,NA,NA,1,586,NA,NA,NA,100,50,H
20,2019-07-20,Triquetta,KH,2,NA,6,NA,NA,NA,1,519,NA,NA,NA,33,21,0
20,2019-07-20,Triquetta,KH,2,NA,6,NA,NA,NA,1,540,NA,NA,NA,28,31,0
20,2019-07-20,Triquetta,KH,2,NA,6,NA,NA,NA,1,579,NA,NA,NA,70,42,0
20,2019-07-20,Triquetta,KH,2,NA,10,NA,NA,NA,1,438,NA,NA,NA,16,21,0
20,2019-07-20,Triquetta,KH,2,NA,10,NA,NA,NA,1,516,NA,NA,NA,25,26,0
20,2019-07-20,Triquetta,KH,2,NA,16,NA,NA,NA,1,481,NA,NA,NA,25,30,0
20,2019-07-20,Triquetta,KH,2,NA,17.5,NA,NA,NA,1,555,NA,NA,NA,80,41,0
20,2019-07-20,Triquetta,KH,2,NA,18.5,NA,NA,NA,1,586,NA,NA,NA,51,35,L
20,2019-07-20,Triquetta,KH,3,NA,1,NA,NA,NA,1,315,NA,NA,NA,9,16,0
20,2019-07-20,Triquetta,KH,3,NA,2,NA,NA,NA,1,405,NA,NA,NA,58,36,0
20,2019-07-20,Triquetta,KH,3,NA,5,NA,NA,NA,1,545,NA,NA,NA,30,38,0
20,2019-07-20,Triquetta,KH,3,NA,8,NA,NA,NA,1,612,NA,NA,NA,43,28,0
20,2019-07-20,Triquetta,KH,3,NA,8,NA,NA,NA,1,621,NA,NA,NA,40,27,0
20,2019-07-20,Triquetta,KH,3,NA,10,NA,NA,NA,1,596,NA,NA,NA,60,52,L
20,2019-07-20,Triquetta,KH,3,NA,11.5,NA,NA,NA,1,444,NA,NA,NA,11,19,0
20,2019-07-20,Triquetta,KH,3,NA,12.5,NA,NA,NA,1,568,NA,NA,NA,80,48,L
20,2019-07-20,Triquetta,KH,3,NA,15,NA,NA,NA,1,565,NA,NA,NA,50,40,0
20,2019-07-20,Triquetta,KH,3,NA,16.5,NA,NA,NA,1,581,NA,NA,NA,60,46,0
20,2019-07-20,Triquetta,KH,3,NA,17,NA,NA,NA,1,535,NA,NA,NA,45,31,0
20,2019-07-20,Triquetta,KH,3,NA,18,NA,NA,NA,1,573,NA,NA,NA,30,31,0
20,2019-07-20,Triquetta,KH,3,NA,19,NA,NA,NA,1,603,NA,NA,NA,90,41,L
20,2019-07-20,Triquetta,KH,3,NA,19.5,NA,NA,NA,1,514,NA,NA,NA,60,32,L
20,2019-07-20,Triquetta,KH,3,NA,20,NA,NA,NA,1,524,NA,NA,NA,60,36,0
20,2019-07-20,Triquetta,LL,1,NA,2,NA,NA,NA,1,113,NA,NA,NA,26,6,0
20,2019-07-20,Triquetta,LL,1,NA,2,NA,NA,NA,1,414,NA,NA,NA,80,27,0
20,2019-07-20,Triquetta,LL,1,NA,3,NA,NA,NA,1,375,NA,NA,NA,55,30,0
20,2019-07-20,Triquetta,LL,1,NA,5,NA,NA,NA,1,395,NA,NA,NA,20,16,0
20,2019-07-20,Triquetta,LL,1,NA,5,NA,NA,NA,1,425,NA,NA,NA,90,35,0
20,2019-07-20,Triquetta,LL,1,NA,6,NA,NA,NA,1,164,NA,NA,NA,0,15,0
20,2019-07-20,Triquetta,LL,1,NA,6,NA,NA,NA,1,442,NA,NA,NA,45,36,0
20,2019-07-20,Triquetta,LL,1,NA,9,NA,NA,NA,1,497,NA,NA,NA,48,45,0
20,2019-07-20,Triquetta,LL,1,NA,9,NA,NA,NA,1,541,NA,NA,NA,54,39,0
20,2019-07-20,Triquetta,LL,1,NA,11,NA,NA,NA,1,394,NA,NA,NA,93,33,0
20,2019-07-20,Triquetta,LL,1,NA,11,NA,NA,NA,1,432,NA,NA,NA,70,48,0
20,2019-07-20,Triquetta,LL,1,NA,13,NA,NA,NA,1,385,NA,NA,NA,25,26,0
20,2019-07-20,Triquetta,LL,1,NA,13,NA,NA,NA,1,410,NA,NA,NA,36,30,0
20,2019-07-20,Triquetta,LL,1,NA,17,NA,NA,NA,1,413,NA,NA,NA,54,34,0
20,2019-07-20,Triquetta,LL,1,NA,17,NA,NA,NA,1,472,NA,NA,NA,72,42,0
20,2019-07-20,Triquetta,LL,2,NA,12,NA,NA,NA,1,430,NA,NA,NA,59,25,0
20,NA,Manley,KH,1,NA,2,NA,NA,NA,2,NA,NA,NA,NA,NA,NA,NA
20,NA,Manley,KH,1,NA,2,NA,NA,NA,3,NA,NA,NA,NA,NA,NA,NA
20,NA,Manley,KH,1,NA,4,NA,NA,NA,2,NA,NA,NA,NA,NA,NA,NA
20,NA,Manley,KH,1,NA,4,NA,NA,NA,3,NA,NA,NA,NA,NA,NA,NA
20,NA,Manley,KH,1,NA,4.5,NA,NA,NA,2,NA,NA,NA,NA,NA,NA,NA
20,NA,Manley,KH,1,NA,4.5,NA,NA,NA,3,NA,NA,NA,NA,NA,NA,NA
20,NA,Manley,KH,1,NA,6,NA,NA,NA,2,NA,NA,NA,NA,NA,NA,NA
20,NA,Manley,KH,1,NA,6,NA,NA,NA,3,NA,NA,NA,NA,NA,NA,NA
20,NA,Manley,KH,1,NA,12.5,NA,NA,NA,2,NA,NA,NA,NA,NA,NA,NA
20,NA,Manley,KH,1,NA,12.5,NA,NA,NA,3,NA,NA,NA,NA,NA,NA,NA
20,NA,Manley,KH,1,NA,13,NA,NA,NA,2,NA,NA,NA,NA,NA,NA,NA
20,NA,Manley,KH,1,NA,13,NA,NA,NA,3,NA,NA,NA,NA,NA,NA,NA
20,NA,Manley,KH,1,NA,13.5,NA,NA,NA,2,NA,NA,NA,NA,NA,NA,NA
20,NA,Manley,KH,1,NA,13.5,NA,NA,NA,3,NA,NA,NA,NA,NA,NA,NA
20,NA,Manley,KH,1,NA,19.5,NA,NA,NA,2,NA,NA,NA,NA,NA,NA,NA
20,NA,Manley,KH,1,NA,19.5,NA,NA,NA,2,NA,NA,NA,NA,NA,NA,NA
20,NA,Manley,KH,1,NA,19.5,NA,NA,NA,3,NA,NA,NA,NA,NA,NA,NA
20,NA,Manley,KH,1,NA,19.5,NA,NA,NA,3,NA,NA,NA,NA,NA,NA,NA
20,NA,Manley,KH,1,NA,19.8,NA,NA,NA,2,NA,NA,NA,NA,NA,NA,NA
20,NA,Manley,KH,1,NA,19.8,NA,NA,NA,2,NA,NA,NA,NA,NA,NA,NA
20,NA,Manley,KH,1,NA,19.8,NA,NA,NA,3,NA,NA,NA,NA,NA,NA,NA
20,NA,Manley,KH,1,NA,19.8,NA,NA,NA,3,NA,NA,NA,NA,NA,NA,NA
20,NA,Manley,KH,1,NA,19.9,NA,NA,NA,2,NA,NA,NA,NA,NA,NA,NA
20,NA,Manley,KH,1,NA,19.9,NA,NA,NA,2,NA,NA,NA,NA,NA,NA,NA
20,NA,Manley,KH,1,NA,19.9,NA,NA,NA,2,NA,NA,NA,NA,NA,NA,NA
20,NA,Manley,KH,1,NA,19.9,NA,NA,NA,3,NA,NA,NA,NA,NA,NA,NA
20,NA,Manley,KH,1,NA,19.9,NA,NA,NA,3,NA,NA,NA,NA,NA,NA,NA
20,NA,Manley,KH,1,NA,19.9,NA,NA,NA,3,NA,NA,NA,NA,NA,NA,NA
20,NA,Manley,LL,2,NA,13,NA,NA,NA,2,NA,NA,NA,NA,NA,NA,NA
20,NA,Manley,LL,2,NA,13,NA,NA,NA,2,NA,NA,NA,NA,NA,NA,NA
20,NA,Manley,LL,2,NA,13,NA,NA,NA,3,NA,NA,NA,NA,NA,NA,NA
20,NA,Manley,LL,2,NA,13,NA,NA,NA,3,NA,NA,NA,NA,NA,NA,NA
20,NA,Manley,LL,2,NA,16,NA,NA,NA,2,NA,NA,NA,NA,NA,NA,NA
20,NA,Manley,LL,2,NA,16,NA,NA,NA,3,NA,NA,NA,NA,NA,NA,NA
20,NA,Manley,LL,2,NA,17,NA,NA,NA,2,NA,NA,NA,NA,NA,NA,NA
20,NA,Manley,LL,2,NA,17,NA,NA,NA,2,NA,NA,NA,NA,NA,NA,NA
20,NA,Manley,LL,2,NA,17,NA,NA,NA,3,NA,NA,NA,NA,NA,NA,NA
20,NA,Manley,LL,2,NA,17,NA,NA,NA,3,NA,NA,NA,NA,NA,NA,NA
20,NA,Manley,LL,3,NA,13,NA,NA,NA,2,NA,NA,NA,NA,NA,NA,NA
20,NA,Manley,LL,3,NA,13,NA,NA,NA,3,NA,NA,NA,NA,NA,NA,NA
20,NA,Manley,LL,3,NA,20,NA,NA,NA,2,NA,NA,NA,NA,NA,NA,NA
20,NA,Manley,LL,3,NA,20,NA,NA,NA,2,NA,NA,NA,NA,NA,NA,NA
20,NA,Manley,LL,3,NA,20,NA,NA,NA,2,NA,NA,NA,NA,NA,NA,NA
20,NA,Manley,LL,3,NA,20,NA,NA,NA,2,NA,NA,NA,NA,NA,NA,NA
20,NA,Manley,LL,3,NA,20,NA,NA,NA,3,NA,NA,NA,NA,NA,NA,NA
20,NA,Manley,LL,3,NA,20,NA,NA,NA,3,NA,NA,NA,NA,NA,NA,NA
20,NA,Manley,LL,3,NA,20,NA,NA,NA,3,NA,NA,NA,NA,NA,NA,NA
20,NA,Manley,LL,3,NA,20,NA,NA,NA,3,NA,NA,NA,NA,NA,NA,NA
20,NA,North,KH,1,NA,3,NA,NA,NA,2,NA,NA,NA,NA,NA,NA,NA
20,NA,North,KH,1,NA,3,NA,NA,NA,3,NA,NA,NA,NA,NA,NA,NA
20,NA,North,KH,1,NA,3.1,NA,NA,NA,2,NA,NA,NA,NA,NA,NA,NA
20,NA,North,KH,1,NA,3.1,NA,NA,NA,3,NA,NA,NA,NA,NA,NA,NA
20,NA,North,KH,1,NA,3.5,NA,NA,NA,2,NA,NA,NA,NA,NA,NA,NA
20,NA,North,KH,1,NA,3.5,NA,NA,NA,3,NA,NA,NA,NA,NA,NA,NA
20,NA,North,KH,1,NA,4,NA,NA,NA,2,NA,NA,NA,NA,NA,NA,NA
20,NA,North,KH,1,NA,4,NA,NA,NA,2,NA,NA,NA,NA,NA,NA,NA
20,NA,North,KH,1,NA,4,NA,NA,NA,2,NA,NA,NA,NA,NA,NA,NA
20,NA,North,KH,1,NA,4,NA,NA,NA,3,NA,NA,NA,NA,NA,NA,NA
20,NA,North,KH,1,NA,4,NA,NA,NA,3,NA,NA,NA,NA,NA,NA,NA
20,NA,North,KH,1,NA,4,NA,NA,NA,3,NA,NA,NA,NA,NA,NA,NA
20,NA,North,KH,1,NA,6,NA,NA,NA,2,NA,NA,NA,NA,NA,NA,NA
20,NA,North,KH,1,NA,6,NA,NA,NA,3,NA,NA,NA,NA,NA,NA,NA
20,NA,North,KH,1,NA,6.2,NA,NA,NA,2,NA,NA,NA,NA,NA,NA,NA
20,NA,North,KH,1,NA,6.2,NA,NA,NA,2,NA,NA,NA,NA,NA,NA,NA
20,NA,North,KH,1,NA,6.2,NA,NA,NA,3,NA,NA,NA,NA,NA,NA,NA
20,NA,North,KH,1,NA,6.2,NA,NA,NA,3,NA,NA,NA,NA,NA,NA,NA
20,NA,North,KH,1,NA,7,NA,NA,NA,2,NA,NA,NA,NA,NA,NA,NA
20,NA,North,KH,1,NA,7,NA,NA,NA,2,NA,NA,NA,NA,NA,NA,NA
20,NA,North,KH,1,NA,7,NA,NA,NA,3,NA,NA,NA,NA,NA,NA,NA
20,NA,North,KH,1,NA,7,NA,NA,NA,3,NA,NA,NA,NA,NA,NA,NA
20,NA,North,KH,1,NA,7.2,NA,NA,NA,2,NA,NA,NA,NA,NA,NA,NA
20,NA,North,KH,1,NA,7.2,NA,NA,NA,3,NA,NA,NA,NA,NA,NA,NA
20,NA,North,KH,1,NA,7.3,NA,NA,NA,2,NA,NA,NA,NA,NA,NA,NA
20,NA,North,KH,1,NA,7.3,NA,NA,NA,3,NA,NA,NA,NA,NA,NA,NA
20,NA,North,KH,1,NA,9,NA,NA,NA,2,NA,NA,NA,NA,NA,NA,NA
20,NA,North,KH,1,NA,9,NA,NA,NA,3,NA,NA,NA,NA,NA,NA,NA
20,NA,North,KH,1,NA,18,NA,NA,NA,2,NA,NA,NA,NA,NA,NA,NA
20,NA,North,KH,1,NA,18,NA,NA,NA,3,NA,NA,NA,NA,NA,NA,NA
20,NA,North,LL,2,NA,0,NA,NA,NA,2,NA,NA,NA,NA,NA,NA,NA
20,NA,North,LL,2,NA,0,NA,NA,NA,2,NA,NA,NA,NA,NA,NA,NA
20,NA,North,LL,2,NA,0,NA,NA,NA,3,NA,NA,NA,NA,NA,NA,NA
20,NA,North,LL,2,NA,0,NA,NA,NA,3,NA,NA,NA,NA,NA,NA,NA
20,NA,North,LL,2,NA,6,NA,NA,NA,2,NA,NA,NA,NA,NA,NA,NA
20,NA,North,LL,2,NA,6,NA,NA,NA,2,NA,NA,NA,NA,NA,NA,NA
20,NA,North,LL,2,NA,6,NA,NA,NA,2,NA,NA,NA,NA,NA,NA,NA
20,NA,North,LL,2,NA,6,NA,NA,NA,3,NA,NA,NA,NA,NA,NA,NA
20,NA,North,LL,2,NA,6,NA,NA,NA,3,NA,NA,NA,NA,NA,NA,NA
20,NA,North,LL,2,NA,6,NA,NA,NA,3,NA,NA,NA,NA,NA,NA,NA
20,NA,North,LL,2,NA,8,NA,NA,NA,2,NA,NA,NA,NA,NA,NA,NA
20,NA,North,LL,2,NA,8,NA,NA,NA,2,NA,NA,NA,NA,NA,NA,NA
20,NA,North,LL,2,NA,8,NA,NA,NA,2,NA,NA,NA,NA,NA,NA,NA
20,NA,North,LL,2,NA,8,NA,NA,NA,2,NA,NA,NA,NA,NA,NA,NA
20,NA,North,LL,2,NA,8,NA,NA,NA,3,NA,NA,NA,NA,NA,NA,NA
20,NA,North,LL,2,NA,8,NA,NA,NA,3,NA,NA,NA,NA,NA,NA,NA
20,NA,North,LL,2,NA,8,NA,NA,NA,3,NA,NA,NA,NA,NA,NA,NA
20,NA,North,LL,2,NA,8,NA,NA,NA,3,NA,NA,NA,NA,NA,NA,NA
20,NA,North,LL,2,NA,10,NA,NA,NA,2,NA,NA,NA,NA,NA,NA,NA
20,NA,North,LL,2,NA,10,NA,NA,NA,3,NA,NA,NA,NA,NA,NA,NA
20,NA,North,LL,3,NA,2,NA,NA,NA,2,NA,NA,NA,NA,NA,NA,NA
20,NA,North,LL,3,NA,2,NA,NA,NA,3,NA,NA,NA,NA,NA,NA,NA
20,NA,North,LL,3,NA,6,NA,NA,NA,2,NA,NA,NA,NA,NA,NA,NA
20,NA,North,LL,3,NA,6,NA,NA,NA,3,NA,NA,NA,NA,NA,NA,NA
20,NA,North,LL,3,NA,10,NA,NA,NA,2,NA,NA,NA,NA,NA,NA,NA
20,NA,North,LL,3,NA,10,NA,NA,NA,2,NA,NA,NA,NA,NA,NA,NA
20,NA,North,LL,3,NA,10,NA,NA,NA,2,NA,NA,NA,NA,NA,NA,NA
20,NA,North,LL,3,NA,10,NA,NA,NA,2,NA,NA,NA,NA,NA,NA,NA
20,NA,North,LL,3,NA,10,NA,NA,NA,2,NA,NA,NA,NA,NA,NA,NA
20,NA,North,LL,3,NA,10,NA,NA,NA,3,NA,NA,NA,NA,NA,NA,NA
20,NA,North,LL,3,NA,10,NA,NA,NA,3,NA,NA,NA,NA,NA,NA,NA
20,NA,North,LL,3,NA,10,NA,NA,NA,3,NA,NA,NA,NA,NA,NA,NA
20,NA,North,LL,3,NA,10,NA,NA,NA,3,NA,NA,NA,NA,NA,NA,NA
20,NA,North,LL,3,NA,10,NA,NA,NA,3,NA,NA,NA,NA,NA,NA,NA
20,NA,North,LL,3,NA,12,NA,NA,NA,2,NA,NA,NA,NA,NA,NA,NA
20,NA,North,LL,3,NA,12,NA,NA,NA,3,NA,NA,NA,NA,NA,NA,NA
20,NA,North,LL,3,NA,20,NA,NA,NA,2,NA,NA,NA,NA,NA,NA,NA
20,NA,North,LL,3,NA,20,NA,NA,NA,3,NA,NA,NA,NA,NA,NA,NA
20,NA,Second,KH,2,NA,0,NA,NA,NA,2,NA,NA,NA,NA,NA,NA,NA
20,NA,Second,KH,2,NA,0,NA,NA,NA,3,NA,NA,NA,NA,NA,NA,NA
20,NA,Second,KH,2,NA,1,NA,NA,NA,2,NA,NA,NA,NA,NA,NA,NA
20,NA,Second,KH,2,NA,1,NA,NA,NA,3,NA,NA,NA,NA,NA,NA,NA
20,NA,Second,KH,2,NA,4.4,NA,NA,NA,2,NA,NA,NA,NA,NA,NA,NA
20,NA,Second,KH,2,NA,4.4,NA,NA,NA,3,NA,NA,NA,NA,NA,NA,NA
20,NA,Second,KH,2,NA,4.5,NA,NA,NA,2,NA,NA,NA,NA,NA,NA,NA
20,NA,Second,KH,2,NA,4.5,NA,NA,NA,3,NA,NA,NA,NA,NA,NA,NA
20,NA,Second,KH,2,NA,4.6,NA,NA,NA,2,NA,NA,NA,NA,NA,NA,NA
20,NA,Second,KH,2,NA,4.6,NA,NA,NA,3,NA,NA,NA,NA,NA,NA,NA
20,NA,Second,KH,2,NA,7.5,NA,NA,NA,2,NA,NA,NA,NA,NA,NA,NA
20,NA,Second,KH,2,NA,7.5,NA,NA,NA,2,NA,NA,NA,NA,NA,NA,NA
20,NA,Second,KH,2,NA,7.5,NA,NA,NA,3,NA,NA,NA,NA,NA,NA,NA
20,NA,Second,KH,2,NA,7.5,NA,NA,NA,3,NA,NA,NA,NA,NA,NA,NA
20,NA,Second,KH,2,NA,16,NA,NA,NA,2,NA,NA,NA,NA,NA,NA,NA
20,NA,Second,KH,2,NA,16,NA,NA,NA,3,NA,NA,NA,NA,NA,NA,NA
20,NA,Second,LL,1,NA,5,NA,NA,NA,2,NA,NA,NA,NA,NA,NA,NA
20,NA,Second,LL,1,NA,5,NA,NA,NA,3,NA,NA,NA,NA,NA,NA,NA
20,NA,Second,LL,1,NA,10,NA,NA,NA,2,NA,NA,NA,NA,NA,NA,NA
20,NA,Second,LL,1,NA,10,NA,NA,NA,3,NA,NA,NA,NA,NA,NA,NA
20,NA,Second,LL,1,NA,15,NA,NA,NA,2,NA,NA,NA,NA,NA,NA,NA
20,NA,Second,LL,1,NA,15,NA,NA,NA,3,NA,NA,NA,NA,NA,NA,NA
20,NA,Second,LL,1,NA,17,NA,NA,NA,2,NA,NA,NA,NA,NA,NA,NA
20,NA,Second,LL,1,NA,17,NA,NA,NA,2,NA,NA,NA,NA,NA,NA,NA
20,NA,Second,LL,1,NA,17,NA,NA,NA,2,NA,NA,NA,NA,NA,NA,NA
20,NA,Second,LL,1,NA,17,NA,NA,NA,3,NA,NA,NA,NA,NA,NA,NA
20,NA,Second,LL,1,NA,17,NA,NA,NA,3,NA,NA,NA,NA,NA,NA,NA
20,NA,Second,LL,1,NA,17,NA,NA,NA,3,NA,NA,NA,NA,NA,NA,NA
20,NA,Second,LL,1,NA,20,NA,NA,NA,2,NA,NA,NA,NA,NA,NA,NA
20,NA,Second,LL,1,NA,20,NA,NA,NA,3,NA,NA,NA,NA,NA,NA,NA
20,NA,Triquetta,KH,2,NA,3,NA,NA,NA,2,NA,NA,NA,NA,NA,NA,NA
20,NA,Triquetta,KH,2,NA,3,NA,NA,NA,3,NA,NA,NA,NA,NA,NA,NA
20,NA,Triquetta,KH,2,NA,6,NA,NA,NA,2,NA,NA,NA,NA,NA,NA,NA
20,NA,Triquetta,KH,2,NA,6,NA,NA,NA,2,NA,NA,NA,NA,NA,NA,NA
20,NA,Triquetta,KH,2,NA,6,NA,NA,NA,2,NA,NA,NA,NA,NA,NA,NA
20,NA,Triquetta,KH,2,NA,6,NA,NA,NA,3,NA,NA,NA,NA,NA,NA,NA
20,NA,Triquetta,KH,2,NA,6,NA,NA,NA,3,NA,NA,NA,NA,NA,NA,NA
20,NA,Triquetta,KH,2,NA,6,NA,NA,NA,3,NA,NA,NA,NA,NA,NA,NA
20,NA,Triquetta,KH,2,NA,10,NA,NA,NA,2,NA,NA,NA,NA,NA,NA,NA
20,NA,Triquetta,KH,2,NA,10,NA,NA,NA,2,NA,NA,NA,NA,NA,NA,NA
20,NA,Triquetta,KH,2,NA,10,NA,NA,NA,3,NA,NA,NA,NA,NA,NA,NA
20,NA,Triquetta,KH,2,NA,10,NA,NA,NA,3,NA,NA,NA,NA,NA,NA,NA
20,NA,Triquetta,KH,2,NA,16,NA,NA,NA,2,NA,NA,NA,NA,NA,NA,NA
20,NA,Triquetta,KH,2,NA,16,NA,NA,NA,3,NA,NA,NA,NA,NA,NA,NA
20,NA,Triquetta,KH,2,NA,17.5,NA,NA,NA,2,NA,NA,NA,NA,NA,NA,NA
20,NA,Triquetta,KH,2,NA,17.5,NA,NA,NA,3,NA,NA,NA,NA,NA,NA,NA
20,NA,Triquetta,KH,2,NA,18.5,NA,NA,NA,2,NA,NA,NA,NA,NA,NA,NA
20,NA,Triquetta,KH,2,NA,18.5,NA,NA,NA,3,NA,NA,NA,NA,NA,NA,NA
20,NA,Triquetta,KH,3,NA,1,NA,NA,NA,2,NA,NA,NA,NA,NA,NA,NA
20,NA,Triquetta,KH,3,NA,1,NA,NA,NA,3,NA,NA,NA,NA,NA,NA,NA
20,NA,Triquetta,KH,3,NA,2,NA,NA,NA,2,NA,NA,NA,NA,NA,NA,NA
20,NA,Triquetta,KH,3,NA,2,NA,NA,NA,3,NA,NA,NA,NA,NA,NA,NA
20,NA,Triquetta,KH,3,NA,5,NA,NA,NA,2,NA,NA,NA,NA,NA,NA,NA
20,NA,Triquetta,KH,3,NA,5,NA,NA,NA,3,NA,NA,NA,NA,NA,NA,NA
20,NA,Triquetta,KH,3,NA,8,NA,NA,NA,2,NA,NA,NA,NA,NA,NA,NA
20,NA,Triquetta,KH,3,NA,8,NA,NA,NA,2,NA,NA,NA,NA,NA,NA,NA
20,NA,Triquetta,KH,3,NA,8,NA,NA,NA,3,NA,NA,NA,NA,NA,NA,NA
20,NA,Triquetta,KH,3,NA,8,NA,NA,NA,3,NA,NA,NA,NA,NA,NA,NA
20,NA,Triquetta,KH,3,NA,10,NA,NA,NA,2,NA,NA,NA,NA,NA,NA,NA
20,NA,Triquetta,KH,3,NA,10,NA,NA,NA,3,NA,NA,NA,NA,NA,NA,NA
20,NA,Triquetta,KH,3,NA,11.5,NA,NA,NA,2,NA,NA,NA,NA,NA,NA,NA
20,NA,Triquetta,KH,3,NA,11.5,NA,NA,NA,3,NA,NA,NA,NA,NA,NA,NA
20,NA,Triquetta,KH,3,NA,12.5,NA,NA,NA,2,NA,NA,NA,NA,NA,NA,NA
20,NA,Triquetta,KH,3,NA,12.5,NA,NA,NA,3,NA,NA,NA,NA,NA,NA,NA
20,NA,Triquetta,KH,3,NA,15,NA,NA,NA,2,NA,NA,NA,NA,NA,NA,NA
20,NA,Triquetta,KH,3,NA,15,NA,NA,NA,3,NA,NA,NA,NA,NA,NA,NA
20,NA,Triquetta,KH,3,NA,16.5,NA,NA,NA,2,NA,NA,NA,NA,NA,NA,NA
20,NA,Triquetta,KH,3,NA,16.5,NA,NA,NA,3,NA,NA,NA,NA,NA,NA,NA
20,NA,Triquetta,KH,3,NA,17,NA,NA,NA,2,NA,NA,NA,NA,NA,NA,NA
20,NA,Triquetta,KH,3,NA,17,NA,NA,NA,3,NA,NA,NA,NA,NA,NA,NA
20,NA,Triquetta,KH,3,NA,18,NA,NA,NA,2,NA,NA,NA,NA,NA,NA,NA
20,NA,Triquetta,KH,3,NA,18,NA,NA,NA,3,NA,NA,NA,NA,NA,NA,NA
20,NA,Triquetta,KH,3,NA,19,NA,NA,NA,2,NA,NA,NA,NA,NA,NA,NA
20,NA,Triquetta,KH,3,NA,19,NA,NA,NA,3,NA,NA,NA,NA,NA,NA,NA
20,NA,Triquetta,KH,3,NA,19.5,NA,NA,NA,2,NA,NA,NA,NA,NA,NA,NA
20,NA,Triquetta,KH,3,NA,19.5,NA,NA,NA,3,NA,NA,NA,NA,NA,NA,NA
20,NA,Triquetta,KH,3,NA,20,NA,NA,NA,2,NA,NA,NA,NA,NA,NA,NA
20,NA,Triquetta,KH,3,NA,20,NA,NA,NA,3,NA,NA,NA,NA,NA,NA,NA
20,NA,Triquetta,LL,1,NA,2,NA,NA,NA,2,NA,NA,NA,NA,NA,NA,NA
20,NA,Triquetta,LL,1,NA,2,NA,NA,NA,2,NA,NA,NA,NA,NA,NA,NA
20,NA,Triquetta,LL,1,NA,2,NA,NA,NA,3,NA,NA,NA,NA,NA,NA,NA
20,NA,Triquetta,LL,1,NA,2,NA,NA,NA,3,NA,NA,NA,NA,NA,NA,NA
20,NA,Triquetta,LL,1,NA,3,NA,NA,NA,2,NA,NA,NA,NA,NA,NA,NA
20,NA,Triquetta,LL,1,NA,3,NA,NA,NA,3,NA,NA,NA,NA,NA,NA,NA
20,NA,Triquetta,LL,1,NA,5,NA,NA,NA,2,NA,NA,NA,NA,NA,NA,NA
20,NA,Triquetta,LL,1,NA,5,NA,NA,NA,2,NA,NA,NA,NA,NA,NA,NA
20,NA,Triquetta,LL,1,NA,5,NA,NA,NA,3,NA,NA,NA,NA,NA,NA,NA
20,NA,Triquetta,LL,1,NA,5,NA,NA,NA,3,NA,NA,NA,NA,NA,NA,NA
20,NA,Triquetta,LL,1,NA,6,NA,NA,NA,2,NA,NA,NA,NA,NA,NA,NA
20,NA,Triquetta,LL,1,NA,6,NA,NA,NA,2,NA,NA,NA,NA,NA,NA,NA
20,NA,Triquetta,LL,1,NA,6,NA,NA,NA,3,NA,NA,NA,NA,NA,NA,NA
20,NA,Triquetta,LL,1,NA,6,NA,NA,NA,3,NA,NA,NA,NA,NA,NA,NA
20,NA,Triquetta,LL,1,NA,9,NA,NA,NA,2,NA,NA,NA,NA,NA,NA,NA
20,NA,Triquetta,LL,1,NA,9,NA,NA,NA,2,NA,NA,NA,NA,NA,NA,NA
20,NA,Triquetta,LL,1,NA,9,NA,NA,NA,3,NA,NA,NA,NA,NA,NA,NA
20,NA,Triquetta,LL,1,NA,9,NA,NA,NA,3,NA,NA,NA,NA,NA,NA,NA
20,NA,Triquetta,LL,1,NA,11,NA,NA,NA,2,NA,NA,NA,NA,NA,NA,NA
20,NA,Triquetta,LL,1,NA,11,NA,NA,NA,2,NA,NA,NA,NA,NA,NA,NA
20,NA,Triquetta,LL,1,NA,11,NA,NA,NA,3,NA,NA,NA,NA,NA,NA,NA
20,NA,Triquetta,LL,1,NA,11,NA,NA,NA,3,NA,NA,NA,NA,NA,NA,NA
20,NA,Triquetta,LL,1,NA,13,NA,NA,NA,2,NA,NA,NA,NA,NA,NA,NA
20,NA,Triquetta,LL,1,NA,13,NA,NA,NA,2,NA,NA,NA,NA,NA,NA,NA
20,NA,Triquetta,LL,1,NA,13,NA,NA,NA,3,NA,NA,NA,NA,NA,NA,NA
20,NA,Triquetta,LL,1,NA,13,NA,NA,NA,3,NA,NA,NA,NA,NA,NA,NA
20,NA,Triquetta,LL,1,NA,17,NA,NA,NA,2,NA,NA,NA,NA,NA,NA,NA
20,NA,Triquetta,LL,1,NA,17,NA,NA,NA,2,NA,NA,NA,NA,NA,NA,NA
20,NA,Triquetta,LL,1,NA,17,NA,NA,NA,3,NA,NA,NA,NA,NA,NA,NA
20,NA,Triquetta,LL,1,NA,17,NA,NA,NA,3,NA,NA,NA,NA,NA,NA,NA
20,NA,Triquetta,LL,2,NA,12,NA,NA,NA,2,NA,NA,NA,NA,NA,NA,NA
20,NA,Triquetta,LL,2,NA,12,NA,NA,NA,3,NA,NA,NA,NA,NA,NA,NA
NA,2018-07-19,Manley,KH,2.5,NA,7,NA,10:35:00,NA,1,151,NA,NA,NA,45,NA,NA
NA,2018-07-19,Manley,KH,2.5,NA,9,NA,10:35:00,NA,1,263,NA,NA,NA,32,NA,NA
NA,2018-07-19,Manley,KH,2.5,NA,13,NA,10:35:00,NA,1,302,NA,NA,NA,57,NA,NA
NA,2018-07-19,Manley,NAP,1.5,NA,8,NA,10:35:00,NA,1,383,NA,NA,NA,31,NA,NA
NA,2018-07-19,Manley,NAP,1.5,NA,12,NA,10:35:00,NA,1,330,NA,NA,NA,56,NA,NA
NA,2018-07-19,Manley,NAP,1.5,NA,18,NA,10:35:00,NA,1,355,NA,NA,NA,64,NA,NA
NA,2018-07-19,North,KH,1.5,NA,0,NA,16:30:00,NA,1,601,NA,NA,NA,170,NA,NA
NA,2018-07-19,North,KH,1.5,NA,2,NA,16:30:00,NA,1,579,NA,NA,NA,105,NA,NA
NA,2018-07-19,North,KH,1.5,NA,2.8,NA,16:30:00,NA,1,473,NA,NA,NA,123,NA,NA
NA,2018-07-19,North,KH,1.5,NA,3.9,NA,16:30:00,NA,1,539,NA,NA,NA,89,NA,NA
NA,2018-07-19,North,KH,2.5,NA,4,NA,16:30:00,NA,1,373,NA,NA,NA,152,NA,NA
NA,2018-07-19,North,KH,2.5,NA,7,NA,16:30:00,NA,1,395,NA,NA,NA,146,NA,NA
NA,2018-07-19,North,KH,2.5,NA,11.5,NA,16:30:00,NA,1,479,NA,NA,NA,127,NA,NA
NA,2018-07-19,North,KH,2.5,NA,12,NA,16:30:00,NA,1,392,NA,NA,NA,124,NA,NA
NA,2018-07-19,North,KH,2.5,NA,12.5,NA,16:30:00,NA,1,450,NA,NA,NA,135,NA,NA
NA,2018-07-19,North,KH,2.5,NA,13,NA,16:30:00,NA,1,189,NA,NA,NA,107,NA,NA
NA,2018-07-19,North,KH,2.5,NA,14,NA,16:30:00,NA,1,545,NA,NA,NA,150,NA,NA
NA,2018-07-19,North,KH,2.5,NA,15,NA,16:30:00,NA,1,322,NA,NA,NA,128,NA,NA
NA,2018-07-19,North,KH,2.5,NA,15.5,NA,16:30:00,NA,1,475,NA,NA,NA,124,NA,NA
NA,2018-07-19,North,KH,2.5,NA,17,NA,16:30:00,NA,1,673,NA,NA,NA,143,NA,NA
NA,2018-07-19,North,KH,2.5,NA,17.5,NA,16:30:00,NA,1,561,NA,NA,NA,99,NA,NA
NA,2018-07-19,North,KH,2.5,NA,18,NA,16:30:00,NA,1,515,NA,NA,NA,134,NA,NA
NA,2018-07-19,North,KH,2.5,NA,18.1,NA,16:30:00,NA,1,517,NA,NA,NA,112,NA,NA
NA,2018-07-19,North,KH,2.5,NA,19,NA,16:30:00,NA,1,572,NA,NA,NA,128,NA,NA
NA,2018-07-19,North,KH,2.5,NA,19.1,NA,16:30:00,NA,1,466,NA,NA,NA,130,NA,NA
NA,2018-07-19,North,KH,2.5,NA,19.5,NA,16:30:00,NA,1,500,NA,NA,NA,79,NA,NA
NA,2018-07-19,North,KH,2.5,NA,19.6,NA,16:30:00,NA,1,570,NA,NA,NA,77,NA,NA
NA,2018-07-19,North,LL,1.5,NA,0,NA,16:30:00,NA,1,446,NA,NA,NA,128,NA,NA
NA,2018-07-19,North,LL,1.5,NA,0,NA,16:30:00,NA,1,453,NA,NA,NA,93,NA,NA
NA,2018-07-19,North,LL,1.5,NA,0,NA,16:30:00,NA,1,480,NA,NA,NA,130,NA,NA
NA,2018-07-19,North,LL,1.5,NA,2,NA,16:30:00,NA,1,422,NA,NA,NA,134,NA,NA
NA,2018-07-19,North,NAP,1.5,NA,0,NA,16:30:00,NA,1,326,NA,NA,NA,133,NA,NA
NA,2018-07-19,North,NAP,1.5,NA,0,NA,16:30:00,NA,1,369,NA,NA,NA,112,NA,NA
NA,2018-07-19,North,NAP,1.5,NA,0,NA,16:30:00,NA,1,461,NA,NA,NA,133,NA,NA
NA,2018-07-19,North,NAP,1.5,NA,2,NA,16:30:00,NA,1,118,NA,NA,NA,81,NA,NA
NA,2018-07-19,North,NAP,1.5,NA,2,NA,16:30:00,NA,1,342,NA,NA,NA,135,NA,NA
NA,2018-07-19,North,NAP,1.5,NA,2,NA,16:30:00,NA,1,380,NA,NA,NA,127,NA,NA
NA,2018-07-19,North,NAP,1.5,NA,2,NA,16:30:00,NA,1,389,NA,NA,NA,123,NA,NA
NA,2018-07-19,North,NAP,1.5,NA,2,NA,16:30:00,NA,1,434,NA,NA,NA,108,NA,NA
NA,2018-07-19,North,NAP,1.5,NA,2,NA,16:30:00,NA,1,687,NA,NA,NA,143,NA,NA
NA,2018-07-19,North,NAP,1.5,NA,4,NA,16:30:00,NA,1,353,NA,NA,NA,142,NA,NA
NA,2018-07-19,North,NAP,1.5,NA,4,NA,16:30:00,NA,1,353,NA,NA,NA,155,NA,NA
NA,2018-07-19,North,NAP,1.5,NA,4,NA,16:30:00,NA,1,353,NA,NA,NA,117,NA,NA
NA,2018-07-19,North,NAP,1.5,NA,4,NA,16:30:00,NA,1,412,NA,NA,NA,119,NA,NA
NA,2018-07-19,North,NAP,1.5,NA,4,NA,16:30:00,NA,1,415,NA,NA,NA,127,NA,NA
NA,2018-07-19,North,NAP,1.5,NA,4,NA,16:30:00,NA,1,417,NA,NA,NA,132,NA,NA
NA,2018-07-19,North,NAP,1.5,NA,4,NA,16:30:00,NA,1,450,NA,NA,NA,137,NA,NA
NA,2018-07-19,North,NAP,1.5,NA,4,NA,16:30:00,NA,1,580,NA,NA,NA,123,NA,NA
NA,2018-07-19,North,NAP,1.5,NA,6,NA,16:30:00,NA,1,277,NA,NA,NA,105,NA,NA
NA,2018-07-19,North,NAP,1.5,NA,6,NA,16:30:00,NA,1,440,NA,NA,NA,97,NA,NA
NA,2018-07-19,North,NAP,1.5,NA,6,NA,16:30:00,NA,1,577,NA,NA,NA,148,NA,NA
NA,2018-07-19,Second,KH,2.5,NA,1.5,NA,13:25:00,NA,1,173,NA,NA,NA,60,NA,NA
NA,2018-07-19,Second,KH,2.5,NA,1.6,NA,13:25:00,NA,1,239,NA,NA,NA,55,NA,NA
NA,2018-07-19,Second,KH,2.5,NA,2.4,NA,13:25:00,NA,1,257,NA,NA,NA,89,NA,NA
NA,2018-07-19,Second,KH,2.5,NA,2.5,NA,13:25:00,NA,1,187,NA,NA,NA,90,NA,NA
NA,2018-07-19,Second,KH,2.5,NA,3,NA,13:25:00,NA,1,223,NA,NA,NA,52,NA,NA
NA,2018-07-19,Second,KH,2.5,NA,4,NA,13:25:00,NA,1,363,NA,NA,NA,94,NA,NA
NA,2018-07-19,Second,KH,2.5,NA,9,NA,13:25:00,NA,1,118,NA,NA,NA,42,NA,NA
NA,2018-07-19,Second,KH,2.5,NA,9.1,NA,13:25:00,NA,1,206,NA,NA,NA,47,NA,NA
NA,2018-07-19,Second,KH,2.5,NA,10,NA,13:25:00,NA,1,344,NA,NA,NA,92,NA,NA
NA,2018-07-19,Second,KH,2.5,NA,18,NA,13:25:00,NA,1,191,NA,NA,NA,73,NA,NA
NA,2018-07-19,Second,KH,2.5,NA,18.2,NA,13:25:00,NA,1,285,NA,NA,NA,67,NA,NA
NA,2018-07-19,Second,KH,2.5,NA,18.25,NA,13:25:00,NA,1,226,NA,NA,NA,54,NA,NA
NA,2018-07-19,Second,KH,2.5,NA,19,NA,13:25:00,NA,1,497,NA,NA,NA,101,NA,NA
NA,2018-07-19,Second,NAP,1.5,NA,0,NA,13:25:00,NA,1,360,NA,NA,NA,97,NA,NA
NA,2018-07-19,Second,NAP,1.5,NA,4,NA,13:25:00,NA,1,143,NA,NA,NA,87,NA,NA
NA,2018-07-19,Second,NAP,1.5,NA,8,NA,13:25:00,NA,1,120,NA,NA,NA,60,NA,NA
NA,2018-07-19,Second,NAP,1.5,NA,8,NA,13:25:00,NA,1,146,NA,NA,NA,64,NA,NA
NA,2018-07-19,Second,NAP,1.5,NA,14,NA,13:25:00,NA,1,248,NA,NA,NA,92,NA,NA
NA,2018-07-19,Second,NAP,1.5,NA,18,NA,13:25:00,NA,1,119,NA,NA,NA,67,NA,NA
NA,2018-07-19,Second,NAP,1.5,NA,18,NA,13:25:00,NA,1,241,NA,NA,NA,77,NA,NA
NA,2018-07-19,Second,NAP,1.5,NA,18,NA,13:25:00,NA,1,276,NA,NA,NA,73,NA,NA
NA,2018-07-19,Second,NAP,1.5,NA,18,NA,13:25:00,NA,1,461,NA,NA,NA,66,NA,NA
NA,2018-07-19,Second,NAP,2.5,NA,0,NA,13:25:00,NA,1,178,NA,NA,NA,94,NA,NA
NA,2018-07-19,Second,NAP,2.5,NA,0,NA,13:25:00,NA,1,219,NA,NA,NA,120,NA,NA
NA,2018-07-19,Second,NAP,2.5,NA,0,NA,13:25:00,NA,1,323,NA,NA,NA,127,NA,NA
NA,2018-07-19,Second,NAP,2.5,NA,0,NA,13:25:00,NA,1,375,NA,NA,NA,112,NA,NA
NA,2018-07-19,Second,NAP,2.5,NA,2,NA,13:25:00,NA,1,292,NA,NA,NA,79,NA,NA
NA,2018-07-19,Second,NAP,2.5,NA,2,NA,13:25:00,NA,1,302,NA,NA,NA,85,NA,NA
NA,2020-07-04,North,KH/DVM,NA,NA,NA,1720,15:00:00,y,1,306,NA,60,170,188,28,L
NA,2020-07-04,North,KH/DVM,NA,NA,NA,1861,15:00:00,y,1,563,NA,30,95,285,57,L
NA,2020-07-04,North,KH/DVM,NA,NA,NA,1913,15:00:00,y,1,375,NA,50,155,300,45,0
NA,2020-07-04,North,KH/DVM,NA,NA,NA,1921,15:00:00,y,1,364,NA,40,122,204,50,L
NA,2020-07-04,North,KH/DVM,NA,NA,NA,1937,15:00:00,y,1,425,NA,45,230,350,70,L
NA,2020-07-04,North,KH/DVM,NA,NA,NA,2001,15:00:00,y,1,337,NA,60,189,290,50,0
NA,2020-07-04,North,KH/DVM,NA,NA,NA,2076,15:00:00,y,1,223,NA,45,143,190,40,L
NA,2020-07-04,North,KH/DVM,NA,NA,NA,2333,15:00:00,y,1,425,NA,30,95,224,45,L
NA,2020-07-04,North,KH/DVM,NA,NA,NA,2509,15:00:00,y,1,390,NA,25,88,221,59,L
NA,2020-07-04,North,OP/BT,NA,NA,NA,1708,15:00:00,y,1,305,NA,50,152,140,41,0
NA,2020-07-04,North,OP/BT,NA,NA,NA,1768,15:00:00,y,1,320,NA,65,218,217,52,H
NA,2020-07-04,North,OP/BT,NA,NA,NA,1817,15:00:00,y,1,248,NA,61,187,180,45,H
NA,2020-07-04,North,OP/BT,NA,NA,NA,2066,15:00:00,y,1,466,NA,76,228,230,68,H
NA,2020-07-04,North,OP/BT,NA,NA,NA,2080,15:00:00,y,1,534,NA,70,218,210,50,L
NA,2020-07-04,North,OP/BT,NA,NA,NA,2083,15:00:00,y,1,376,NA,72,234,195,58,L
NA,2020-07-04,Second,KH/DVM,NA,NA,NA,1769,14:30:00,y,1,351,NA,55,169,310,34,L
NA,2020-07-04,Second,KH/DVM,NA,NA,NA,1803,14:30:00,y,1,267,NA,45,141,136,38,0
NA,2020-07-04,Second,KH/DVM,NA,NA,NA,1825,14:30:00,y,1,174,NA,45,142,126,38,0
NA,2020-07-04,Second,KH/DVM,NA,NA,NA,1895,14:30:00,y,1,222,NA,40,132,160,NA,0
NA,2020-07-04,Second,KH/DVM,NA,NA,NA,2022,14:30:00,y,1,387,NA,25,86,150,36,0
NA,2020-07-04,Second,KH/DVM,NA,NA,NA,2552,14:30:00,y,1,121,NA,45,121,46,19,0
NA,2020-07-04,Second,KH/DVM,NA,NA,NA,2584,14:30:00,y,1,373,NA,50,152,250,29,0
NA,2020-07-04,Second,KH/DVM,NA,NA,NA,2590,14:30:00,y,1,242,NA,30,120,170,32,0
NA,2020-07-04,Second,OP/BT,NA,NA,NA,1799,14:30:00,y,1,293,NA,40,126,150,44,L
NA,2020-07-04,Second,OP/BT,NA,NA,NA,1911,14:30:00,y,1,283,NA,90,266,220,50,L
NA,2020-07-04,Second,OP/BT,NA,NA,NA,1969,14:30:00,y,1,306,NA,70,273,170,34,L
NA,2020-07-04,Second,OP/BT,NA,NA,NA,2073,14:30:00,y,1,294,NA,30,107,183,48,0
NA,2020-07-04,Second,OP/BT,NA,NA,NA,2117,14:30:00,y,1,263,NA,50,151,120,45,0
NA,2020-07-04,Second,OP/BT,NA,NA,NA,2134,14:30:00,y,1,290,NA,40,145,170,35,L
NA,2020-07-04,Second,OP/BT,NA,NA,NA,2515,14:30:00,y,1,154,NA,16,54,40,24,0
NA,2020-07-04,Triquetta,KH/DVM,1,L,20,2561,11:15:00,y,1,314,NA,86,214,118,32,0
NA,2020-07-04,Triquetta,KH/DVM,2,L,10,2559,11:15:00,y,1,434,NA,20,88,120,40,0
NA,2020-07-04,Triquetta,KH/DVM,2,L,14,2576,11:15:00,y,1,378,NA,60,169,170,39,0
NA,2020-07-04,Triquetta,KH/DVM,2,L,18.5,2578,11:15:00,y,1,482,NA,50,145,150,39,0
NA,2020-07-04,Triquetta,KH/DVM,2,R,4,2571,11:15:00,y,1,398,NA,25,80,150,30,0
NA,2020-07-04,Triquetta,KH/DVM,2,R,7,2566,11:15:00,y,1,339,NA,47,206,110,29,0
NA,2020-07-04,Triquetta,KH/DVM,3,L,6,2554,11:15:00,y,1,319,NA,15,58,190,25,0
NA,2020-07-04,Triquetta,KH/DVM,3,R,1,2582,11:15:00,y,1,298,NA,15,56,140,26,0
NA,2020-07-04,Triquetta,KH/DVM,3,R,10,2540,11:15:00,y,1,374,NA,70,184,290,38,0
NA,2020-07-04,Triquetta,OP/BT,1,L,1.5,2541,11:15:00,y,1,156,NA,25,68,80,12,0
NA,2020-07-04,Triquetta,OP/BT,1,L,6.5,2558,11:15:00,y,1,165,NA,20,71,70,17,0
NA,2020-07-04,Triquetta,OP/BT,1,L,10,2544,11:15:00,y,1,277,NA,32.5,110,90,19,0
NA,2020-07-04,Triquetta,OP/BT,1,R,13.5,2547,11:15:00,y,1,470,NA,60,209,240,49,0
NA,2020-07-04,Triquetta,OP/BT,3,L,15,2572,11:15:00,y,1,182,NA,26,72,152,20,0
NA,2020-07-04,Triquetta,OP/BT,3,L,16.5,2557,11:15:00,y,1,450,NA,80,231,210,38,0
NA,2020-07-05,Manley,DVM/LL,NA,NA,NA,258,11:12:00,y,1,182,NA,90,258,160,41,L
NA,2020-07-05,Manley,DVM/LL,NA,NA,NA,2046,11:12:00,y,1,284,NA,25,84,160,44,L
NA,2020-07-05,Manley,DVM/LL,NA,NA,NA,2549,11:12:00,y,1,118,NA,25,81,100,45,L
NA,2020-07-05,Manley,DVM/LL,NA,NA,NA,2565,11:12:00,y,1,166,NA,30,100,100,34,0
NA,2020-07-05,Manley,DVM/LL,NA,NA,NA,2581,11:12:00,y,1,297,NA,30,98,150,35,0
NA,2020-07-05,Manley,DVM/LL,NA,NA,NA,2592,11:12:00,y,1,125,NA,25,72,190,43,L
NA,2020-07-05,Manley,OP/BT,NA,NA,NA,276,11:12:00,y,1,385,NA,50,197,210,52,H
NA,2020-07-05,Manley,OP/BT,NA,NA,NA,281,11:12:00,y,1,187,NA,60,180,170,40,0
NA,2020-07-05,Manley,OP/BT,NA,NA,NA,1820,11:12:00,y,1,403,NA,56,174,150,52,H
NA,2020-07-05,Manley,OP/BT,NA,NA,NA,1891,11:12:00,y,1,125,NA,22,67,80,28,0
NA,2020-07-05,Manley,OP/BT,NA,NA,NA,2064,11:12:00,y,1,329,NA,40,121,120,36,0
NA,2020-07-05,Manley,OP/BT,NA,NA,NA,2072,11:12:00,y,1,150,NA,30,91,80,26,0
NA,2020-07-05,Manley,OP/BT,NA,NA,NA,2543,11:12:00,y,1,167,NA,32,107,90,25,0
NA,2020-07-05,Manley,OP/BT,NA,NA,NA,2550,11:12:00,y,1,149,NA,30.5,92,80,26,0
NA,2020-07-05,Manley,OP/BT,NA,NA,NA,2589,11:12:00,y,1,222,NA,50,153,150,21,0
NA,2020-07-06,Manley,LL,1,L,0,NA,NA,NA,1,167,NA,NA,NA,109,19,0
NA,2020-07-06,Manley,LL,1,L,6.9,NA,NA,NA,1,357,NA,NA,NA,142,29,0
NA,2020-07-06,Manley,LL,1,R,3.7,NA,NA,NA,1,171,NA,NA,NA,118,26,0
NA,2020-07-06,Manley,LL,1,R,12.4,NA,NA,NA,1,270,NA,NA,NA,138,23,0
NA,2020-07-06,Manley,LL,2,L,6,NA,NA,NA,1,420,NA,NA,NA,140,41,0
NA,2020-07-06,Manley,LL,2,L,8,NA,NA,NA,1,128,NA,NA,NA,81,4,0
NA,2020-07-06,Manley,LL,2,L,8,NA,NA,NA,1,419,NA,NA,NA,150,43,0
NA,2020-07-06,Manley,LL,2,L,15,NA,NA,NA,1,242,NA,NA,NA,112,26,0
NA,2020-07-06,Manley,LL,2,L,16,NA,NA,NA,1,402,NA,NA,NA,137,26,0
NA,2020-07-06,Manley,LL,2,R,6,NA,NA,NA,1,400,NA,NA,NA,62,20,0
NA,2020-07-06,Manley,LL,2,R,12,NA,NA,NA,1,356,NA,NA,NA,99,26,0
NA,2020-07-06,Manley,LL,2,R,15,NA,NA,NA,1,388,NA,NA,NA,105,33,0
NA,2020-07-06,Manley,LL,2,R,17,NA,NA,NA,1,324,NA,NA,NA,100,24,0
NA,2020-07-06,Manley,LL,2,R,17,NA,NA,NA,1,426,NA,NA,NA,117,33,0
NA,2020-07-06,Manley,OP,3,L,3,NA,NA,NA,1,426,NA,NA,NA,25,17,0
NA,2020-07-06,Manley,OP,3,L,3,NA,NA,NA,1,429,NA,NA,NA,100,30,0
NA,2020-07-06,Manley,OP,3,R,0,NA,NA,NA,1,321,NA,NA,NA,70,15,0
NA,2020-07-06,Manley,OP,3,R,0.5,NA,NA,NA,1,244,NA,NA,NA,50,11,0
NA,2020-07-06,Manley,OP,3,R,1,NA,NA,NA,1,203,NA,NA,NA,50,17,0
NA,2020-07-06,Manley,OP,3,R,15,NA,NA,NA,1,307,NA,NA,NA,100,24,0
NA,2020-07-06,Triquetta,OP/KH,1,L,1,NA,NA,NA,1,460,NA,NA,NA,280,40,L
NA,2020-07-06,Triquetta,OP/KH,1,L,4,NA,NA,NA,1,230,NA,NA,NA,120,16,0
NA,2020-07-06,Triquetta,OP/KH,1,L,7,NA,NA,y,1,485,NA,NA,NA,200,53,H
NA,2020-07-06,Triquetta,OP/KH,1,L,7,NA,NA,NA,1,160,NA,NA,NA,56,4,0
NA,2020-07-06,Triquetta,OP/KH,1,L,7,NA,NA,NA,1,195,NA,NA,NA,101,12,0
NA,2020-07-06,Triquetta,OP/KH,1,L,15,NA,NA,NA,1,105,NA,NA,NA,60,4,0
NA,2020-07-06,Triquetta,OP/KH,1,L,19,NA,NA,NA,1,128,NA,NA,NA,50,11,0
NA,2020-07-06,Triquetta,OP/KH,1,L,19,NA,NA,NA,1,134,NA,NA,NA,80,4,0
NA,2020-07-06,Triquetta,OP/KH,1,R,2,NA,NA,NA,1,111,NA,NA,NA,99,14,0
NA,2020-07-06,Triquetta,OP/KH,1,R,2,NA,NA,NA,1,310,NA,NA,NA,120,21,0
NA,2020-07-06,Triquetta,OP/KH,1,R,2,NA,NA,NA,1,403,NA,NA,NA,180,32,0
NA,2020-07-06,Triquetta,OP/KH,1,R,6.6,NA,NA,NA,1,118,NA,NA,NA,35,3,0
NA,2020-07-06,Triquetta,OP/KH,1,R,9,NA,NA,NA,1,200,NA,NA,NA,75,7,0
NA,2020-07-06,Triquetta,OP/KH,2,L,4,NA,NA,NA,1,178,NA,NA,NA,61,11,0
NA,2020-07-06,Triquetta,OP/KH,2,L,4,NA,NA,NA,1,340,NA,NA,NA,136,21,0
NA,2020-07-06,Triquetta,OP/KH,2,L,4,NA,NA,NA,1,423,NA,NA,NA,109,21,0
NA,2020-07-06,Triquetta,OP/KH,2,L,4,NA,NA,NA,1,467,NA,NA,NA,141,29,0
NA,2020-07-06,Triquetta,OP/KH,2,L,9,NA,NA,NA,1,185,NA,NA,NA,100,19,0
NA,2020-07-06,Triquetta,OP/KH,2,R,2,NA,NA,NA,1,131,NA,NA,NA,57,12,0
NA,2020-07-06,Triquetta,OP/KH,2,R,2,NA,NA,NA,1,166,NA,NA,NA,95,10,0
NA,2020-07-06,Triquetta,OP/KH,2,R,2,NA,NA,NA,1,184,NA,NA,NA,115,18,0
NA,2020-07-06,Triquetta,OP/KH,2,R,3,NA,NA,NA,1,121,NA,NA,NA,70,8,0
NA,2020-07-06,Triquetta,OP/KH,2,R,4,NA,NA,NA,1,148,NA,NA,NA,39,52,0
NA,2020-07-06,Triquetta,OP/KH,2,R,4,NA,NA,NA,1,230,NA,NA,NA,79,16,0
NA,2020-07-06,Triquetta,OP/KH,2,R,4,NA,NA,NA,1,294,NA,NA,NA,120,22,0
NA,2020-07-06,Triquetta,OP/KH,2,R,4.2,NA,NA,NA,1,289,NA,NA,NA,105,22,0
NA,2020-07-06,Triquetta,OP/KH,2,R,6,NA,NA,NA,1,296,NA,NA,NA,346,18,0
NA,2020-07-06,Triquetta,OP/KH,2,R,16,NA,NA,NA,1,282,NA,NA,NA,187,13,0
NA,2020-07-06,Triquetta,OP/KH,3,L,1,NA,NA,NA,1,145,NA,NA,NA,62,10,0
NA,2020-07-06,Triquetta,OP/KH,3,L,5.3,NA,NA,NA,1,158,NA,NA,NA,85,14,0
NA,2020-07-06,Triquetta,OP/KH,3,L,7.4,NA,NA,NA,1,160,NA,NA,NA,94,18,0
NA,2020-07-06,Triquetta,OP/KH,3,L,8.5,NA,NA,NA,1,220,NA,NA,NA,87,15,0
NA,2020-07-06,Triquetta,OP/KH,3,L,14,NA,NA,NA,1,287,NA,NA,NA,113,20,0
NA,2020-07-06,Triquetta,OP/KH,3,R,1,NA,NA,NA,1,130,NA,NA,NA,102,14,0
NA,2020-07-06,Triquetta,OP/KH,3,R,2,NA,NA,NA,1,252,NA,NA,NA,90,16,0
NA,2020-07-06,Triquetta,OP/KH,3,R,2,NA,NA,NA,1,312,NA,NA,NA,150,22,0
NA,2020-07-06,Triquetta,OP/KH,3,R,4,NA,NA,NA,1,116,NA,NA,NA,51,7,0
NA,2020-07-06,Triquetta,OP/KH,3,R,7.4,NA,NA,NA,1,270,NA,NA,NA,88,23,0
NA,2020-07-06,Triquetta,OP/KH,3,R,8,NA,NA,NA,1,256,NA,NA,NA,90,22,0
NA,2020-07-06,Triquetta,OP/KH,3,R,9.2,NA,NA,NA,1,381,NA,NA,NA,140,35,0
NA,2020-07-06,Triquetta,OP/KH,3,R,11.5,NA,NA,NA,1,196,NA,NA,NA,70,15,0
NA,2020-07-06,Triquetta,OP/KH,3,R,13,NA,NA,NA,1,299,NA,NA,NA,119,22,0
NA,2020-07-06,Triquetta,OP/KH,3,R,15,NA,NA,NA,1,221,NA,NA,NA,75,15,0
NA,2020-07-11,Manley,DVM/LL,NA,NA,NA,2046,13:00:00,y,2,NA,52,34,64,NA,NA,NA
NA,2020-07-11,Manley,DVM/LL,NA,NA,NA,2549,13:00:00,y,2,NA,61,30,73,NA,NA,NA
NA,2020-07-11,Manley,DVM/LL,NA,NA,NA,2565,13:00:00,y,2,NA,36,43,99,NA,NA,NA
NA,2020-07-11,Manley,DVM/LL,NA,NA,NA,2580,13:00:00,y,2,NA,64,90,158,NA,NA,NA
NA,2020-07-11,Manley,DVM/LL,NA,NA,NA,2581,13:00:00,y,2,NA,33,44,47,NA,NA,NA
NA,2020-07-11,Manley,DVM/LL,NA,NA,NA,2592,13:00:00,y,2,NA,59,42,82,NA,NA,NA
NA,2020-07-11,Manley,OP/BT,NA,NA,NA,276,13:00:00,y,2,NA,89,70.5,200,NA,NA,NA
NA,2020-07-11,Manley,OP/BT,NA,NA,NA,281,13:00:00,y,2,NA,45,NA,NA,NA,NA,NA
NA,2020-07-11,Manley,OP/BT,NA,NA,NA,1820,13:00:00,y,2,NA,91,79,161,NA,NA,NA
NA,2020-07-11,Manley,OP/BT,NA,NA,NA,1891,13:00:00,y,2,NA,38,33,78,NA,NA,NA
NA,2020-07-11,Manley,OP/BT,NA,NA,NA,2064,13:00:00,y,2,NA,76,58,113,NA,NA,NA
NA,2020-07-11,Manley,OP/BT,NA,NA,NA,2072,13:00:00,y,2,NA,45,NA,NA,NA,NA,NA
NA,2020-07-11,Manley,OP/BT,NA,NA,NA,2543,13:00:00,y,2,NA,43,48,0,NA,NA,NA
NA,2020-07-11,Manley,OP/BT,NA,NA,NA,2550,13:00:00,y,2,NA,36,42,76,NA,NA,NA
NA,2020-07-11,Manley,OP/BT,NA,NA,NA,2589,13:00:00,y,2,NA,63,78,138,NA,NA,NA
NA,2020-07-11,North,KH/DVM,NA,NA,NA,1720,11:15:00,y,2,NA,28,120,200,NA,NA,NA
NA,2020-07-11,North,KH/DVM,NA,NA,NA,1861,11:15:00,y,2,NA,57,53,128,NA,NA,NA
NA,2020-07-11,North,KH/DVM,NA,NA,NA,1913,11:15:00,y,2,NA,45,79,167,NA,NA,NA
NA,2020-07-11,North,KH/DVM,NA,NA,NA,1921,11:15:00,y,2,NA,40,62,89,NA,NA,NA
NA,2020-07-11,North,KH/DVM,NA,NA,NA,1937,11:15:00,y,2,NA,53,65,224,NA,NA,NA
NA,2020-07-11,North,KH/DVM,NA,NA,NA,2001,11:15:00,y,2,NA,62,102,206,NA,NA,NA
NA,2020-07-11,North,KH/DVM,NA,NA,NA,2076,11:15:00,y,2,NA,26,NA,NA,NA,NA,NA
NA,2020-07-11,North,KH/DVM,NA,NA,NA,2333,11:15:00,y,2,NA,59,NA,NA,NA,NA,NA
NA,2020-07-11,North,KH/DVM,NA,NA,NA,2509,11:15:00,y,2,NA,70,46,115,NA,NA,NA
NA,2020-07-11,North,OP/BT,NA,NA,NA,1708,11:15:00,y,2,NA,34,92,172,NA,NA,NA
NA,2020-07-11,North,OP/BT,NA,NA,NA,1768,11:15:00,y,2,NA,42,101,239,NA,NA,NA
NA,2020-07-11,North,OP/BT,NA,NA,NA,1817,11:15:00,y,2,NA,45,101,189,NA,NA,NA
NA,2020-07-11,North,OP/BT,NA,NA,NA,2066,11:15:00,y,2,NA,47,NA,NA,NA,NA,NA
NA,2020-07-11,North,OP/BT,NA,NA,NA,2080,11:15:00,y,2,NA,39,123,254,NA,NA,NA
NA,2020-07-11,North,OP/BT,NA,NA,NA,2083,11:15:00,y,2,NA,57,139.5,300,NA,NA,NA
NA,2020-07-11,Second,KH/DVM,NA,NA,NA,1769,9:50:00,y,2,NA,51,122,189,NA,NA,NA
NA,2020-07-11,Second,KH/DVM,NA,NA,NA,1803,9:50:00,y,2,NA,43,100,175,NA,NA,NA
NA,2020-07-11,Second,KH/DVM,NA,NA,NA,1825,9:50:00,y,2,NA,42,84,161,NA,NA,NA
NA,2020-07-11,Second,KH/DVM,NA,NA,NA,1895,9:50:00,n,2,NA,NA,NA,NA,NA,NA,NA
NA,2020-07-11,Second,KH/DVM,NA,NA,NA,2022,9:50:00,y,2,NA,94,89,132,NA,NA,NA
NA,2020-07-11,Second,KH/DVM,NA,NA,NA,2552,9:50:00,y,2,NA,20,NA,NA,NA,NA,NA
NA,2020-07-11,Second,KH/DVM,NA,NA,NA,2584,9:50:00,y,2,NA,50,65,190,NA,NA,NA
NA,2020-07-11,Second,KH/DVM,NA,NA,NA,2590,9:50:00,y,2,NA,56,67,148,NA,NA,NA
NA,2020-07-11,Second,OP/BT,NA,NA,NA,1799,9:50:00,y,2,NA,56,72.5,161,NA,NA,NA
NA,2020-07-11,Second,OP/BT,NA,NA,NA,1911,9:50:00,y,2,NA,58,155.5,220,NA,NA,NA
NA,2020-07-11,Second,OP/BT,NA,NA,NA,1969,9:50:00,y,2,NA,43,130,197,NA,NA,NA
NA,2020-07-11,Second,OP/BT,NA,NA,NA,2073,9:50:00,y,2,NA,57,68,145,NA,NA,NA
NA,2020-07-11,Second,OP/BT,NA,NA,NA,2117,9:50:00,y,2,NA,47,95.5,156,NA,NA,NA
NA,2020-07-11,Second,OP/BT,NA,NA,NA,2134,9:50:00,y,2,NA,44,74.5,162.5,NA,NA,NA
NA,2020-07-11,Second,OP/BT,NA,NA,NA,2515,9:50:00,y,2,NA,24,36.5,70,NA,NA,NA
NA,2020-07-11,Triquetta,KH/DVM,1,L,20,2561,14:00:00,y,2,NA,52,121,150,NA,NA,NA
NA,2020-07-11,Triquetta,KH/DVM,2,L,10,2559,14:00:00,y,2,NA,40,28,93,NA,NA,NA
NA,2020-07-11,Triquetta,KH/DVM,2,L,14,2576,14:00:00,y,2,NA,62,85,158,NA,NA,NA
NA,2020-07-11,Triquetta,KH/DVM,2,L,18.5,2578,14:00:00,y,2,NA,76,57,111,NA,NA,NA
NA,2020-07-11,Triquetta,KH/DVM,2,R,4,2571,14:00:00,y,2,NA,63,37,93,NA,NA,NA
NA,2020-07-11,Triquetta,KH/DVM,2,R,7,2566,14:00:00,y,2,NA,61,67,66,NA,NA,NA
NA,2020-07-11,Triquetta,KH/DVM,3,L,6,2554,14:00:00,y,2,NA,47,36,78,NA,NA,NA
NA,2020-07-11,Triquetta,KH/DVM,3,R,1,2582,14:00:00,y,2,NA,40,35,71,NA,NA,NA
NA,2020-07-11,Triquetta,KH/DVM,3,R,10,2540,14:00:00,y,2,NA,79,95,165,NA,NA,NA
NA,2020-07-11,Triquetta,OP/BT,1,L,1.5,2541,14:00:00,y,2,NA,34,47,89,NA,NA,NA
NA,2020-07-11,Triquetta,OP/BT,1,L,6.5,2558,14:00:00,y,2,NA,35,39,91,NA,NA,NA
NA,2020-07-11,Triquetta,OP/BT,1,L,10,2544,14:00:00,y,2,NA,31,47.5,56,NA,NA,NA
NA,2020-07-11,Triquetta,OP/BT,1,R,13.5,2547,14:00:00,y,2,NA,76,87,238,NA,NA,NA
NA,2020-07-11,Triquetta,OP/BT,3,L,15,2572,14:00:00,y,2,NA,40,46.5,94,NA,NA,NA
NA,2020-07-11,Triquetta,OP/BT,3,L,16.5,2557,14:00:00,y,2,NA,76,117,208,NA,NA,NA
NA,2020-07-25,Triquetta,KH,1,L,2,NA,NA,NA,1,377,NA,NA,NA,100,24,0
NA,2020-07-25,Triquetta,KH,1,L,4,NA,NA,NA,1,311,NA,NA,NA,115,24,0
NA,2020-07-25,Triquetta,KH,1,L,8,NA,NA,NA,1,310,NA,NA,NA,50,12,0
NA,2020-07-25,Triquetta,KH,1,L,8,NA,NA,NA,1,379,NA,NA,NA,60,12,0
NA,2020-07-25,Triquetta,KH,1,L,8,NA,NA,NA,1,495,NA,NA,NA,140,54,0
NA,2020-07-25,Triquetta,KH,1,L,14,NA,NA,NA,1,164,NA,NA,NA,60,16,0
NA,2020-07-25,Triquetta,KH,1,L,16,NA,NA,NA,1,228,NA,NA,NA,60,17,0
NA,2020-07-25,Triquetta,KH,1,L,19.5,NA,NA,NA,1,258,NA,NA,NA,62,12,0
NA,2020-07-25,Triquetta,KH,1,L,19.5,NA,NA,NA,1,276,NA,NA,NA,80,18,0
NA,2020-07-25,Triquetta,KH,1,R,1,NA,NA,NA,1,372,NA,NA,NA,90,27,0
NA,2020-07-25,Triquetta,KH,1,R,1,NA,NA,NA,1,499,NA,NA,NA,110,32,0
NA,2020-07-25,Triquetta,KH,1,R,8,NA,NA,NA,1,134,NA,NA,NA,50,7,0
NA,2020-07-25,Triquetta,KH,1,R,8,NA,NA,NA,1,150,NA,NA,NA,55,11,0
NA,2020-07-25,Triquetta,KH,1,R,8,NA,NA,NA,1,221,NA,NA,NA,40,13,0
NA,2020-07-25,Triquetta,KH,1,R,19,NA,NA,NA,1,283,NA,NA,NA,110,24,0
NA,2020-07-25,Triquetta,KH,2,L,0.5,NA,NA,NA,1,167,NA,NA,NA,60,6,0
NA,2020-07-25,Triquetta,KH,2,L,0.5,NA,NA,NA,1,188,NA,NA,NA,40,12,0
NA,2020-07-25,Triquetta,KH,2,L,0.5,NA,NA,NA,1,208,NA,NA,NA,50,6,0
NA,2020-07-25,Triquetta,KH,2,L,0.5,NA,NA,NA,1,248,NA,NA,NA,60,14,0
NA,2020-07-25,Triquetta,KH,2,L,0.5,NA,NA,NA,1,404,NA,NA,NA,90,30,0
NA,2020-07-25,Triquetta,KH,2,L,11,NA,NA,NA,1,198,NA,NA,NA,40,5,0
NA,2020-07-25,Triquetta,KH,2,L,15,NA,NA,NA,1,188,NA,NA,NA,60,10,0
NA,2020-07-25,Triquetta,KH,2,L,19,NA,NA,NA,1,283,NA,NA,NA,75,22,0
NA,2020-07-25,Triquetta,KH,2,R,2,NA,NA,NA,1,182,NA,NA,NA,70,17,0
NA,2020-07-25,Triquetta,KH,2,R,2,NA,NA,NA,1,248,NA,NA,NA,80,15,0
NA,2020-07-25,Triquetta,KH,2,R,2,NA,NA,NA,1,261,NA,NA,NA,90,24,0
NA,2020-07-25,Triquetta,KH,2,R,3,NA,NA,NA,1,197,NA,NA,NA,55,11,0
NA,2020-07-25,Triquetta,KH,2,R,8,NA,NA,NA,1,282,NA,NA,NA,65,16,0
NA,2020-07-25,Triquetta,KH,2,R,18,NA,NA,NA,1,278,NA,NA,NA,60,11,0
NA,2020-07-25,Triquetta,KH,2,R,18,NA,NA,NA,1,417,NA,NA,NA,70,20,0
NA,2020-07-25,Triquetta,KH/DVM,1,L,20,2561,16:05:00,y,3,425,59,NA,NA,NA,NA,NA
NA,2020-07-25,Triquetta,KH/DVM,2,L,10,2559,16:05:00,y,3,506,51,NA,NA,NA,NA,NA
NA,2020-07-25,Triquetta,KH/DVM,2,L,14,2576,16:05:00,y,3,458,56,NA,NA,NA,NA,NA
NA,2020-07-25,Triquetta,KH/DVM,2,L,18.5,2578,16:05:00,y,3,552,97,NA,NA,NA,NA,NA
NA,2020-07-25,Triquetta,KH/DVM,2,R,4,2571,16:05:00,y,3,510,58,NA,NA,NA,NA,NA
NA,2020-07-25,Triquetta,KH/DVM,2,R,7,2566,16:05:00,y,3,447,62,NA,NA,NA,NA,NA
NA,2020-07-25,Triquetta,KH/DVM,3,L,6,2554,16:05:00,y,3,426,40,NA,NA,NA,NA,NA
NA,2020-07-25,Triquetta,KH/DVM,3,R,1,2582,16:05:00,y,3,410,46,NA,NA,NA,NA,NA
NA,2020-07-25,Triquetta,KH/DVM,3,R,10,2540,16:05:00,y,3,454,66,NA,NA,NA,NA,NA
NA,2020-07-25,Triquetta,OP,3,L,1.75,NA,NA,NA,1,223,NA,NA,NA,70,18,0
NA,2020-07-25,Triquetta,OP,3,L,7.2,NA,NA,NA,1,264,NA,NA,NA,87,28,0
NA,2020-07-25,Triquetta,OP,3,L,9.3,NA,NA,NA,1,354,NA,NA,NA,65,25,0
NA,2020-07-25,Triquetta,OP,3,L,9.3,NA,NA,NA,1,402,NA,NA,NA,60,20,0
NA,2020-07-25,Triquetta,OP,3,L,16.5,NA,NA,NA,1,196,NA,NA,NA,50,20,0
NA,2020-07-25,Triquetta,OP,3,L,19.9,NA,NA,NA,1,344,NA,NA,NA,80,29,0
NA,2020-07-25,Triquetta,OP,3,R,1,NA,NA,NA,1,288,NA,NA,NA,65,20,0
NA,2020-07-25,Triquetta,OP,3,R,6.5,NA,NA,NA,1,324,NA,NA,NA,70,22,0
NA,2020-07-25,Triquetta,OP,3,R,6.5,NA,NA,NA,1,325,NA,NA,NA,50,28,0
NA,2020-07-25,Triquetta,OP,3,R,11,NA,NA,NA,1,268,NA,NA,NA,50,21,0
NA,2020-07-25,Triquetta,OP,3,R,15,NA,NA,NA,1,239,NA,NA,NA,60,16,0
NA,2020-07-25,Triquetta,OP,3,R,15,NA,NA,NA,1,327,NA,NA,NA,85,22,0
NA,2020-07-25,Triquetta,OP,3,R,17,NA,NA,NA,1,170,NA,NA,NA,35,10,0
NA,2020-07-25,Triquetta,OP,3,R,17,NA,NA,NA,1,273,NA,NA,NA,40,17,0
NA,2020-07-25,Triquetta,OP,3,R,18.75,NA,NA,NA,1,362,NA,NA,NA,70,24,0
NA,2020-07-25,Triquetta,OP/BT,1,L,1.5,2541,16:05:00,y,3,260,36,NA,NA,NA,NA,NA
NA,2020-07-25,Triquetta,OP/BT,1,L,6.5,2558,16:05:00,n,3,NA,NA,NA,NA,NA,NA,NA
NA,2020-07-25,Triquetta,OP/BT,1,L,10,2544,16:05:00,y,3,350,36,NA,NA,NA,NA,NA
NA,2020-07-25,Triquetta,OP/BT,1,R,13.5,2547,16:05:00,y,3,509,50,NA,NA,NA,NA,NA
NA,2020-07-25,Triquetta,OP/BT,3,L,15,2572,16:05:00,y,3,466,56,NA,NA,NA,NA,NA
NA,2020-07-25,Triquetta,OP/BT,3,L,16.5,2557,16:05:00,y,3,504,64,NA,NA,NA,NA,NA
NA,2020-07-26,Manley,DVM/LL,NA,NA,NA,2046,11:50:00,n,3,NA,NA,NA,NA,NA,NA,NA
NA,2020-07-26,Manley,DVM/LL,NA,NA,NA,2549,11:50:00,y,3,222,73,NA,NA,NA,NA,NA
NA,2020-07-26,Manley,DVM/LL,NA,NA,NA,2565,11:50:00,y,3,195,48,NA,NA,NA,NA,NA
NA,2020-07-26,Manley,DVM/LL,NA,NA,NA,2580,11:50:00,y,3,186,62,NA,NA,NA,NA,NA
NA,2020-07-26,Manley,DVM/LL,NA,NA,NA,2581,11:50:00,y,3,NA,48,NA,NA,NA,NA,NA
NA,2020-07-26,Manley,DVM/LL,NA,NA,NA,2592,11:50:00,y,3,133,56,NA,NA,NA,NA,NA
NA,2020-07-26,Manley,OP/BT,NA,NA,NA,276,11:50:00,y,3,395,80,NA,NA,NA,NA,NA
NA,2020-07-26,Manley,OP/BT,NA,NA,NA,281,11:50:00,y,3,317,49,NA,NA,NA,NA,NA
NA,2020-07-26,Manley,OP/BT,NA,NA,NA,1820,11:50:00,y,3,408,105,NA,NA,NA,NA,NA
NA,2020-07-26,Manley,OP/BT,NA,NA,NA,1891,11:50:00,y,3,146,39,NA,NA,NA,NA,NA
NA,2020-07-26,Manley,OP/BT,NA,NA,NA,2064,11:50:00,n,3,NA,NA,NA,NA,NA,NA,NA
NA,2020-07-26,Manley,OP/BT,NA,NA,NA,2072,11:50:00,y,3,185,49,NA,NA,NA,NA,NA
NA,2020-07-26,Manley,OP/BT,NA,NA,NA,2543,11:50:00,n,3,NA,NA,NA,NA,NA,NA,NA
NA,2020-07-26,Manley,OP/BT,NA,NA,NA,2550,11:50:00,n,3,NA,NA,NA,NA,NA,NA,NA
NA,2020-07-26,Manley,OP/BT,NA,NA,NA,2589,11:50:00,y,3,284,71,NA,NA,NA,NA,NA
NA,2020-07-26,North,KH/DVM,NA,NA,NA,1720,10:16:00,n,3,NA,NA,NA,NA,NA,NA,NA
NA,2020-07-26,North,KH/DVM,NA,NA,NA,1861,10:16:00,n,3,NA,NA,NA,NA,NA,NA,NA
NA,2020-07-26,North,KH/DVM,NA,NA,NA,1913,10:16:00,n,3,NA,NA,NA,NA,NA,NA,NA
NA,2020-07-26,North,KH/DVM,NA,NA,NA,1921,10:16:00,n,3,NA,NA,NA,NA,NA,NA,NA
NA,2020-07-26,North,KH/DVM,NA,NA,NA,1937,10:16:00,y,3,471,23,NA,NA,NA,NA,NA
NA,2020-07-26,North,KH/DVM,NA,NA,NA,2001,10:16:00,y,3,503,60,NA,NA,NA,NA,NA
NA,2020-07-26,North,KH/DVM,NA,NA,NA,2076,10:16:00,n,3,NA,NA,NA,NA,NA,NA,NA
NA,2020-07-26,North,KH/DVM,NA,NA,NA,2333,10:16:00,n,3,NA,NA,NA,NA,NA,NA,NA
NA,2020-07-26,North,KH/DVM,NA,NA,NA,2509,10:16:00,n,3,NA,NA,NA,NA,NA,NA,NA
NA,2020-07-26,North,OP/BT,NA,NA,NA,1708,10:16:00,y,3,330,33,NA,NA,NA,NA,NA
NA,2020-07-26,North,OP/BT,NA,NA,NA,1768,10:16:00,y,3,355,39,NA,NA,NA,NA,NA
NA,2020-07-26,North,OP/BT,NA,NA,NA,1817,10:16:00,y,3,267,38,NA,NA,NA,NA,NA
NA,2020-07-26,North,OP/BT,NA,NA,NA,2066,10:16:00,n,3,NA,NA,NA,NA,NA,NA,NA
NA,2020-07-26,North,OP/BT,NA,NA,NA,2080,10:16:00,n,3,NA,NA,NA,NA,NA,NA,NA
NA,2020-07-26,North,OP/BT,NA,NA,NA,2083,10:16:00,y,3,393,53,NA,NA,NA,NA,NA
NA,2020-07-26,Second,KH/DVM,NA,NA,NA,1769,9:20:00,n,3,NA,NA,NA,NA,NA,NA,NA
NA,2020-07-26,Second,KH/DVM,NA,NA,NA,1803,9:20:00,y,3,335,48,NA,NA,NA,NA,NA
NA,2020-07-26,Second,KH/DVM,NA,NA,NA,1825,9:20:00,y,3,307,42,NA,NA,NA,NA,NA
NA,2020-07-26,Second,KH/DVM,NA,NA,NA,1895,9:20:00,n,3,NA,NA,NA,NA,NA,NA,NA
NA,2020-07-26,Second,KH/DVM,NA,NA,NA,2022,9:20:00,y,3,471,81,NA,NA,NA,NA,NA
NA,2020-07-26,Second,KH/DVM,NA,NA,NA,2552,9:20:00,y,3,235,31,NA,NA,NA,NA,NA
NA,2020-07-26,Second,KH/DVM,NA,NA,NA,2584,9:20:00,y,3,NA,50,NA,NA,NA,NA,NA
NA,2020-07-26,Second,KH/DVM,NA,NA,NA,2590,9:20:00,y,3,320,80,NA,NA,NA,NA,NA
NA,2020-07-26,Second,OP/BT,NA,NA,NA,1799,9:20:00,y,3,328,60,NA,NA,NA,NA,NA
NA,2020-07-26,Second,OP/BT,NA,NA,NA,1911,9:20:00,y,3,316,73,NA,NA,NA,NA,NA
NA,2020-07-26,Second,OP/BT,NA,NA,NA,1969,9:20:00,y,3,384,52,NA,NA,NA,NA,NA
NA,2020-07-26,Second,OP/BT,NA,NA,NA,2073,9:20:00,y,3,348,58,NA,NA,NA,NA,NA
NA,2020-07-26,Second,OP/BT,NA,NA,NA,2117,9:20:00,y,3,294,52,NA,NA,NA,NA,NA
NA,2020-07-26,Second,OP/BT,NA,NA,NA,2134,9:20:00,y,3,345,56,NA,NA,NA,NA,NA
NA,2020-07-26,Second,OP/BT,NA,NA,NA,2515,9:20:00,y,3,234,33,NA,NA,NA,NA,NA
NA,2021-07-02,North,KH,NA,NA,NA,2544.2,12:44:00,y,1,196,NA,25,77,95,32,0
NA,2021-07-02,North,KH,NA,NA,NA,2547.2,12:44:00,y,1,302,NA,50,146,217,40,0
NA,2021-07-02,North,KH,NA,NA,NA,2557.2,12:44:00,y,1,364,NA,55,160,193,55,L
NA,2021-07-02,North,KH,NA,NA,NA,2571.2,12:44:00,y,1,323,NA,25,71,93,53,0
NA,2021-07-02,North,KH,NA,NA,NA,2582.2,12:44:00,y,1,375,NA,20,67,201,55,L
NA,2021-07-02,North,OP,NA,NA,NA,1708.2,13:00:00,y,1,353,NA,14,43,75,35,0
NA,2021-07-02,North,OP,NA,NA,NA,1937.2,13:00:00,y,1,552,NA,33,110,175,52,H
NA,2021-07-02,North,OP,NA,NA,NA,2072.2,13:00:00,y,1,291,NA,47,143,130,54,L
NA,2021-07-02,North,OP,NA,NA,NA,2560,13:00:00,y,1,500,NA,72,194,200,56,H
NA,2021-07-02,North,OP,NA,NA,NA,2565.2,13:00:00,y,1,247,NA,15,44,95,35,0
NA,2021-07-02,North,ZM,NA,NA,NA,2001.2,13:00:00,y,1,587,NA,48,150,170,45,0
NA,2021-07-02,North,ZM,NA,NA,NA,2066.2,13:00:00,y,1,330,NA,15,58,99,43,L
NA,2021-07-02,North,ZM,NA,NA,NA,2134.2,13:00:00,y,1,513,NA,32,96,146,41,L
NA,2021-07-02,Ratatouille,KH,3,L,11.5,2584.2,15:37:00,y,1,689,NA,50,153,121,54,L
NA,2021-07-02,Ratatouille,KH,3,L,13.5,1765.2,15:37:00,y,1,346,NA,10,40,65,42,0
NA,2021-07-02,Ratatouille,KH,3,R,7.8,281.2,15:37:00,y,1,550,NA,40,125,110,46,L
NA,2021-07-02,Ratatouille,KH,3,R,14,1921.2,15:37:00,y,1,317,NA,13,44,65,40,0
NA,2021-07-02,Ratatouille,OP,1,L,1,2590.2,15:38:00,y,1,369,NA,23,74,75,27,0
NA,2021-07-02,Ratatouille,OP,1,L,4,2581.2,15:38:00,y,1,408,NA,23.5,60,80,43,0
NA,2021-07-02,Ratatouille,OP,1,R,2,2580,15:38:00,y,1,393,NA,25.5,63,80,34,0
NA,2021-07-02,Ratatouille,OP,1,R,6.5,1891.2,15:38:00,y,1,522,NA,23,75,50,39,L
NA,2021-07-02,Ratatouille,ZM,2,L,10,2540.2,15:41:00,y,1,388,NA,30,100,97,38,0
NA,2021-07-02,Ratatouille,ZM,2,R,1,2572.2,15:41:00,y,1,534,NA,60,200,222,52,L
NA,2021-07-02,Ratatouille,ZM,2,R,17.5,2566.2,15:41:00,y,1,413,NA,26,79,102,36,0
NA,2021-07-02,Second,KH,NA,NA,NA,1952.2,10:16:00,y,1,240,NA,50,148,130,25,0
NA,2021-07-02,Second,KH,NA,NA,NA,1969.2,10:16:00,y,1,243,NA,40,137,228,43,L
NA,2021-07-02,Second,KH,NA,NA,NA,2022.2,10:16:00,y,1,344,NA,60,170,241,43,L
NA,2021-07-02,Second,KH,NA,NA,NA,2064.2,10:16:00,y,1,195,NA,25,80,82,30,0
NA,2021-07-02,Second,KH,NA,NA,NA,2073.2,10:16:00,y,1,322,NA,75,239,260,48,L
NA,2021-07-02,Second,KH,NA,NA,NA,2542,10:16:00,y,1,276,NA,50,149,178,29,L
NA,2021-07-02,Second,OP,NA,NA,NA,1799.2,10:16:00,y,1,395,NA,87.5,226,200,46,H
NA,2021-07-02,Second,OP,NA,NA,NA,1911.2,10:16:00,y,1,344,NA,65,192,175,49,H
NA,2021-07-02,Second,OP,NA,NA,NA,2541.2,10:16:00,y,1,350,NA,40,180,200,46,L
NA,2021-07-02,Second,OP,NA,NA,NA,2576.2,10:16:00,y,1,233,NA,23.5,62,125,36,L
NA,2021-07-02,Second,OP,NA,NA,NA,2578.2,10:16:00,y,1,200,NA,30,100,60,25,0
NA,2021-07-02,Second,ZM,NA,NA,NA,48.2,10:16:00,y,1,165,NA,39,91,102,22,0
NA,2021-07-02,Second,ZM,NA,NA,NA,1825.2,10:16:00,y,1,219,NA,30,105,177,27,0
NA,2021-07-02,Second,ZM,NA,NA,NA,2509.2,10:16:00,y,1,439,NA,70,213,285,49,L
NA,2021-07-02,Second,ZM,NA,NA,NA,2549.2,10:16:00,y,1,114,NA,18,52,49,11,0
NA,2021-07-03,Breaker,DVM,2,L,19.5,1946.2,15:19:00,y,1,334,NA,29,101,117,33,0
NA,2021-07-03,Breaker,DVM,2,R,1,1697.2,15:19:00,y,1,269,NA,40,127,156,40,0
NA,2021-07-03,Breaker,DVM,2,R,3,1698,15:19:00,y,1,157,NA,15,55,82,20,0
NA,2021-07-03,Breaker,DVM,2,R,5,1848.2,15:19:00,y,1,392,NA,35,113,336,43,0
NA,2021-07-03,Breaker,DVM,2,R,15,1714.2,15:19:00,y,1,263,NA,21,68,116,32,0
NA,2021-07-03,Breaker,KH,3,L,6,286.2,15:18:00,y,1,373,NA,15,52,54,NA,0
NA,2021-07-03,Breaker,KH,3,L,7,2083.2,15:18:00,y,1,417,NA,45,137,181,37,0
NA,2021-07-03,Breaker,KH,3,L,16,1797.2,15:18:00,y,1,202,NA,15,56,60,NA,0
NA,2021-07-03,Breaker,KH,3,L,19,2551,15:18:00,y,1,349,NA,30,63,75,54,L
NA,2021-07-03,Breaker,KH,3,R,1,2587,15:18:00,y,1,233,NA,25,72,78,29,0
NA,2021-07-03,Breaker,ZM,1,L,0.5,220,15:18:00,y,1,183,NA,18,68,104,25,0
NA,2021-07-03,Breaker,ZM,1,L,17,218,15:18:00,y,1,197,NA,24,75,68,NA,0
NA,2021-07-03,Breaker,ZM,1,R,4.5,106,15:18:00,y,1,368,NA,37,138,220,43,L
NA,2021-07-03,Breaker,ZM,1,R,13,202,15:18:00,y,1,150,NA,23,72,115,41,0
NA,2021-07-03,Breaker,ZM,1,R,17.5,207,15:18:00,y,1,106,NA,19,60,82,30,0
NA,2021-07-03,Manley,DVM,2,L,13,2574,13:13:00,y,1,190,NA,51,160,145,24,0
NA,2021-07-03,Manley,DVM,2,L,18,2047.2,13:13:00,y,1,388,NA,68,220,282,55,L
NA,2021-07-03,Manley,DVM,2,R,17.5,2573,13:13:00,y,1,105,NA,29,98,108,19,0
NA,2021-07-03,Manley,KH,3,L,3,2591,13:15:00,y,1,152,NA,25,72,66,16,0
NA,2021-07-03,Manley,KH,3,L,3.5,2545,13:15:00,y,1,208,NA,30,80,69,16,0
NA,2021-07-03,Manley,KH,3,L,15,276.2,13:15:00,y,1,145,NA,15,67,78,NA,0
NA,2021-07-03,Manley,KH,3,R,4,2554.2,13:15:00,y,1,237,NA,15,76,143,25,0
NA,2021-07-03,Manley,KH,3,R,4.2,2080.2,13:15:00,y,1,176,NA,15,63,115,12,0
NA,2021-07-03,Manley,ZM,1,L,6,222,13:16:00,y,1,224,NA,14,55,78,16,0
NA,2021-07-03,Manley,ZM,1,L,18,1803.2,13:16:00,y,1,268,NA,64,183,239,28,0
NA,2021-07-03,Manley,ZM,1,R,12,219,13:16:00,y,1,434,NA,42,140,221,40,0
NA,2021-07-03,Triquetta,DVM,2,L,5,2592.2,11:11:00,y,1,227,NA,21.5,59,130,20,0
NA,2021-07-03,Triquetta,DVM,2,L,11.5,2563,11:11:00,y,1,248,NA,16.5,46,155,14,0
NA,2021-07-03,Triquetta,DVM,2,R,0.5,1750.2,11:11:00,y,1,124,NA,26,78,110,NA,0
NA,2021-07-03,Triquetta,DVM,2,R,2,2515.2,11:11:00,y,1,538,NA,48,163,162,50,L
NA,2021-07-03,Triquetta,DVM,2,R,7,1817.2,11:11:00,y,1,90,NA,14.5,47,86,11,0
NA,2021-07-03,Triquetta,KH,3,L,2,2585,10:33:00,y,1,215,NA,28,83,135,23,0
NA,2021-07-03,Triquetta,KH,3,L,4,2117.2,10:33:00,y,1,270,NA,25,72,110,28,0
NA,2021-07-03,Triquetta,KH,3,L,7.5,1897.2,10:33:00,y,1,349,NA,55,136,170,29,0
NA,2021-07-03,Triquetta,KH,3,L,17,1843,10:33:00,y,1,214,NA,30,96,134,15,0
NA,2021-07-03,Triquetta,KH,3,L,19,2562,10:33:00,y,1,488,NA,75,230,263,50,L
NA,2021-07-03,Triquetta,KH,3,R,14.5,1820.2,10:33:00,y,1,435,NA,35,113,206,50,0
NA,2021-07-03,Triquetta,ZM,1,L,1.3,204,10:39:00,y,1,505,NA,60,181,225,36,0
NA,2021-07-03,Triquetta,ZM,1,L,13.2,209,10:39:00,y,1,316,NA,16,52,105,21,0
NA,2021-07-03,Triquetta,ZM,1,R,0,224,10:39:00,y,1,181,NA,10,35,106,10,0
NA,2021-07-03,Triquetta,ZM,1,R,3.2,214,10:39:00,y,1,146,NA,31,83,82,10,0
NA,2021-07-03,Triquetta,ZM,1,R,19,211,10:39:00,y,1,147,NA,22,76,121,17,0
NA,2021-07-06,Ratatouille,KH,3,L,3.2,NA,NA,NA,1,571,NA,NA,NA,200,45,L
NA,2021-07-06,Ratatouille,KH,3,L,3.9,NA,NA,NA,1,388,NA,NA,NA,94,31,0
NA,2021-07-06,Ratatouille,KH,3,L,4,NA,NA,NA,1,447,NA,NA,NA,87,23,0
NA,2021-07-06,Ratatouille,KH,3,L,11.5,NA,NA,NA,1,644,NA,NA,NA,127,48,0
NA,2021-07-06,Ratatouille,KH,3,L,14.8,NA,NA,NA,1,200,NA,NA,NA,32,37,0
NA,2021-07-06,Ratatouille,KH,3,R,0,NA,NA,NA,1,339,NA,NA,NA,77,15,0
NA,2021-07-06,Ratatouille,KH,3,R,1.5,NA,NA,NA,1,269,NA,NA,NA,57,12,0
NA,2021-07-06,Ratatouille,KH,3,R,8.3,NA,NA,NA,1,625,NA,NA,NA,65,32,0
NA,2021-07-06,Ratatouille,KH,3,R,9.5,NA,NA,NA,1,832,NA,NA,NA,165,58,L
NA,2021-07-06,Ratatouille,KH,3,R,11,NA,NA,NA,1,594,NA,NA,NA,69,41,0
NA,2021-07-06,Ratatouille,KH,3,R,12,NA,NA,NA,1,568,NA,NA,NA,80,45,0
NA,2021-07-06,Ratatouille,KH,3,R,13,NA,NA,NA,1,448,NA,NA,NA,77,43,0
NA,2021-07-06,Ratatouille,KH,3,R,15.5,NA,NA,NA,1,295,NA,NA,NA,60,33,0
NA,2021-07-06,Ratatouille,KH,3,R,18.8,NA,NA,NA,1,358,NA,NA,NA,73,43,0
NA,2021-07-06,Ratatouille,KH,3,R,19,NA,NA,NA,1,405,NA,NA,NA,54,43,0
NA,2021-07-06,Ratatouille,OP,1,L,1,NA,NA,NA,1,326,NA,NA,NA,100,30,0
NA,2021-07-06,Ratatouille,OP,1,L,5,NA,NA,NA,1,187,NA,NA,NA,65,21,0
NA,2021-07-06,Ratatouille,OP,1,L,8,NA,NA,NA,1,450,NA,NA,NA,80,28,0
NA,2021-07-06,Ratatouille,OP,1,R,1,NA,NA,NA,1,700,NA,NA,NA,100,53,0
NA,2021-07-06,Ratatouille,OP,1,R,5,NA,NA,NA,1,350,NA,NA,NA,85,39,0
NA,2021-07-06,Ratatouille,OP,1,R,5,NA,NA,NA,1,557,NA,NA,NA,175,42,L
NA,2021-07-06,Ratatouille,OP,1,R,13,NA,NA,NA,1,285,NA,NA,NA,60,38,0
NA,2021-07-06,Ratatouille,OP,1,R,16,NA,NA,NA,1,575,NA,NA,NA,65,40,0
NA,2021-07-06,Ratatouille,OP,1,R,18.5,NA,NA,NA,1,775,NA,NA,NA,125,45,L
NA,2021-07-06,Ratatouille,OP,1,R,19,NA,NA,NA,1,248,NA,NA,NA,77,21,0
NA,2021-07-06,Ratatouille,ZM,2,L,3.3,NA,NA,NA,1,693,NA,NA,NA,74,33,0
NA,2021-07-06,Ratatouille,ZM,2,L,7.2,NA,NA,NA,1,391,NA,NA,NA,64,25,0
NA,2021-07-06,Ratatouille,ZM,2,L,8.3,NA,NA,NA,1,450,NA,NA,NA,128,35,0
NA,2021-07-06,Ratatouille,ZM,2,L,10,NA,NA,NA,1,462,NA,NA,NA,157,38,0
NA,2021-07-06,Ratatouille,ZM,2,R,1,NA,NA,NA,1,534,NA,NA,NA,18,50,0
NA,2021-07-06,Ratatouille,ZM,2,R,4.5,NA,NA,NA,1,552,NA,NA,NA,113,27,0
NA,2021-07-06,Ratatouille,ZM,2,R,5.5,NA,NA,NA,1,576,NA,NA,NA,189,45,L
NA,2021-07-06,Ratatouille,ZM,2,R,8,NA,NA,NA,1,338,NA,NA,NA,74,26,0
NA,2021-07-06,Ratatouille,ZM,2,R,9.2,NA,NA,NA,1,169,NA,NA,NA,53,15,0
NA,2021-07-06,Ratatouille,ZM,2,R,10,NA,NA,NA,1,620,NA,NA,NA,117,57,L
NA,2021-07-07,North,KH,NA,NA,NA,2544.2,11:17:00,y,2,NA,34,60,104,NA,NA,NA
NA,2021-07-07,North,KH,NA,NA,NA,2547.2,11:17:00,y,2,NA,73,97,200,NA,NA,NA
NA,2021-07-07,North,KH,NA,NA,NA,2557.2,11:17:00,y,2,NA,66,87,194,NA,NA,NA
NA,2021-07-07,North,KH,NA,NA,NA,2571.2,11:17:00,y,2,NA,54,35,80,NA,NA,NA
NA,2021-07-07,North,KH,NA,NA,NA,2582.2,11:17:00,y,2,NA,38,37,96,NA,NA,NA
NA,2021-07-07,North,OP,NA,NA,NA,1708.2,11:40:00,y,2,NA,52,28,62,NA,NA,NA
NA,2021-07-07,North,OP,NA,NA,NA,1937.2,11:40:00,y,2,NA,60,55,130,NA,NA,NA
NA,2021-07-07,North,OP,NA,NA,NA,2072.2,11:40:00,y,2,NA,65,64,142,NA,NA,NA
NA,2021-07-07,North,OP,NA,NA,NA,2560,11:40:00,y,2,NA,38,109,234,NA,NA,NA
NA,2021-07-07,North,OP,NA,NA,NA,2565.2,11:40:00,y,2,NA,57,23,53,NA,NA,NA
NA,2021-07-07,North,ZM,NA,NA,NA,2001.2,11:30:00,y,2,NA,20,70,150,NA,NA,NA
NA,2021-07-07,North,ZM,NA,NA,NA,2066.2,11:30:00,y,2,NA,42,31,74,NA,NA,NA
NA,2021-07-07,North,ZM,NA,NA,NA,2134.2,11:30:00,y,2,NA,32,45,115,NA,NA,NA
NA,2021-07-07,Ratatouille,KH,3,L,11.5,2584.2,14:00:00,y,2,NA,63,NA,NA,NA,NA,NA
NA,2021-07-07,Ratatouille,KH,3,L,13.5,1765.2,14:00:00,y,2,NA,45,19,49,NA,NA,NA
NA,2021-07-07,Ratatouille,KH,3,R,7.8,281.2,14:00:00,y,2,NA,41,51,135,NA,NA,NA
NA,2021-07-07,Ratatouille,KH,3,R,14,1921.2,14:00:00,y,2,NA,41,19,54,NA,NA,NA
NA,2021-07-07,Ratatouille,OP,1,L,1,2590.2,14:00:00,y,2,NA,26,41,91,NA,NA,NA
NA,2021-07-07,Ratatouille,OP,1,L,4,2581.2,14:00:00,y,2,NA,42,35,74,NA,NA,NA
NA,2021-07-07,Ratatouille,OP,1,R,2,2580,14:00:00,y,2,NA,27,47,87,NA,NA,NA
NA,2021-07-07,Ratatouille,OP,1,R,6.5,1891.2,14:00:00,y,2,NA,27,33,79,NA,NA,NA
NA,2021-07-07,Ratatouille,ZM,2,L,10,2540.2,14:00:00,y,2,NA,24,49,116,NA,NA,NA
NA,2021-07-07,Ratatouille,ZM,2,R,1,2572.2,14:00:00,y,2,NA,51,70,180,NA,NA,NA
NA,2021-07-07,Ratatouille,ZM,2,R,17.5,2566.2,14:00:00,y,2,NA,26,35,85,NA,NA,NA
NA,2021-07-07,Second,KH,NA,NA,NA,1952.2,9:45:00,y,2,NA,38,80,165,NA,NA,NA
NA,2021-07-07,Second,KH,NA,NA,NA,1969.2,9:45:00,y,2,NA,74,76,245,NA,NA,NA
NA,2021-07-07,Second,KH,NA,NA,NA,2022.2,9:45:00,y,2,NA,81,96,194,NA,NA,NA
NA,2021-07-07,Second,KH,NA,NA,NA,2064.2,9:45:00,y,2,NA,37,46,94,NA,NA,NA
NA,2021-07-07,Second,KH,NA,NA,NA,2073.2,9:45:00,y,2,NA,64,121,170,NA,NA,NA
NA,2021-07-07,Second,KH,NA,NA,NA,2542,9:45:00,y,2,NA,60,77,167,NA,NA,NA
NA,2021-07-07,Second,OP,NA,NA,NA,1799.2,9:45:00,y,2,NA,53,131,272,NA,NA,NA
NA,2021-07-07,Second,OP,NA,NA,NA,1911.2,9:45:00,y,2,NA,79,90,217,NA,NA,NA
NA,2021-07-07,Second,OP,NA,NA,NA,2541.2,9:45:00,y,2,NA,47,68,173,NA,NA,NA
NA,2021-07-07,Second,OP,NA,NA,NA,2576.2,9:45:00,y,2,NA,61,47,86,NA,NA,NA
NA,2021-07-07,Second,OP,NA,NA,NA,2578.2,9:45:00,y,2,NA,30,47,104,NA,NA,NA
NA,2021-07-07,Second,ZM,NA,NA,NA,48.2,9:45:00,y,2,NA,39,75,120,NA,NA,NA
NA,2021-07-07,Second,ZM,NA,NA,NA,1825.2,9:45:00,y,2,NA,43,62,127,NA,NA,NA
NA,2021-07-07,Second,ZM,NA,NA,NA,2509.2,9:45:00,y,2,NA,77,116,253,NA,NA,NA
NA,2021-07-07,Second,ZM,NA,NA,NA,2549.2,9:45:00,y,2,NA,12,35,68,NA,NA,NA
NA,2021-07-08,Breaker,DVM,1,L,2,NA,NA,NA,1,165,NA,NA,NA,90,28,0
NA,2021-07-08,Breaker,DVM,1,L,2.5,NA,NA,NA,1,315,NA,NA,NA,160,45,L
NA,2021-07-08,Breaker,DVM,1,L,3,NA,NA,NA,1,321,NA,NA,NA,167,45,L
NA,2021-07-08,Breaker,DVM,1,L,5.5,NA,NA,NA,1,146,NA,NA,NA,50,9,0
NA,2021-07-08,Breaker,DVM,1,L,7,NA,NA,NA,1,310,NA,NA,NA,50,34,0
NA,2021-07-08,Breaker,DVM,1,L,7.5,NA,NA,NA,1,189,NA,NA,NA,43,15,0
NA,2021-07-08,Breaker,DVM,1,L,15.5,NA,NA,NA,1,543,NA,NA,NA,180,52,0
NA,2021-07-08,Breaker,DVM,1,L,16,NA,NA,NA,1,436,NA,NA,NA,284,49,0
NA,2021-07-08,Breaker,DVM,1,L,19,NA,NA,NA,1,600,NA,NA,NA,143,51,L
NA,2021-07-08,Breaker,DVM,1,R,1,NA,NA,NA,1,140,NA,NA,NA,30,5,0
NA,2021-07-08,Breaker,DVM,1,R,1,NA,NA,NA,1,172,NA,NA,NA,100,13,0
NA,2021-07-08,Breaker,DVM,1,R,3.5,NA,NA,NA,1,255,NA,NA,NA,119,28,0
NA,2021-07-08,Breaker,DVM,1,R,4.5,NA,NA,NA,1,164,NA,NA,NA,60,25,0
NA,2021-07-08,Breaker,DVM,1,R,8,NA,NA,NA,1,206,NA,NA,NA,75,22,0
NA,2021-07-08,Breaker,DVM,1,R,19,NA,NA,NA,1,194,NA,NA,NA,47,12,0
NA,2021-07-08,Breaker,DVM,2,L,19.5,1946.2,14:34:00,y,2,NA,33,39,85,NA,NA,NA
NA,2021-07-08,Breaker,DVM,2,R,1,1697.2,14:34:00,y,2,NA,44,59,109,NA,NA,NA
NA,2021-07-08,Breaker,DVM,2,R,3,1698,14:34:00,y,2,NA,20,30,70,NA,NA,NA
NA,2021-07-08,Breaker,DVM,2,R,5,1848.2,14:34:00,y,2,NA,49,43,124,NA,NA,NA
NA,2021-07-08,Breaker,DVM,2,R,15,1714.2,14:34:00,y,2,NA,37,35,80,NA,NA,NA
NA,2021-07-08,Breaker,KH,3,L,6,286.2,14:30:00,n,2,NA,NA,NA,NA,NA,NA,NA
NA,2021-07-08,Breaker,KH,3,L,7,2083.2,14:30:00,y,2,NA,49,58,132,NA,NA,NA
NA,2021-07-08,Breaker,KH,3,L,16,1797.2,14:30:00,n,2,NA,NA,NA,NA,NA,NA,NA
NA,2021-07-08,Breaker,KH,3,L,19,2551,14:30:00,y,2,NA,48,36,69,NA,NA,NA
NA,2021-07-08,Breaker,KH,3,R,1,2587,14:30:00,y,2,NA,42,37,78,NA,NA,NA
NA,2021-07-08,Breaker,MA,2,L,0,NA,NA,NA,1,215,NA,NA,NA,108,46,L
NA,2021-07-08,Breaker,MA,2,L,11,NA,NA,NA,1,290,NA,NA,NA,43,15,0
NA,2021-07-08,Breaker,MA,2,L,14.5,NA,NA,NA,1,353,NA,NA,NA,115,42,L
NA,2021-07-08,Breaker,MA,2,L,15,NA,NA,NA,1,272,NA,NA,NA,61,31,0
NA,2021-07-08,Breaker,MA,2,L,15.5,NA,NA,NA,1,334,NA,NA,NA,69,32,L
NA,2021-07-08,Breaker,MA,2,L,16,NA,NA,NA,1,276,NA,NA,NA,53,32,0
NA,2021-07-08,Breaker,MA,2,L,17,NA,NA,NA,1,367,NA,NA,NA,100,45,L
NA,2021-07-08,Breaker,MA,2,L,18.5,NA,NA,NA,1,170,NA,NA,NA,88,30,0
NA,2021-07-08,Breaker,MA,2,L,20,NA,NA,NA,1,467,NA,NA,NA,65,35,0
NA,2021-07-08,Breaker,MA,2,R,2,NA,NA,NA,1,160,NA,NA,NA,51,22,0
NA,2021-07-08,Breaker,MA,2,R,8.5,NA,NA,NA,1,423,NA,NA,NA,160,41,L
NA,2021-07-08,Breaker,MA,2,R,9,NA,NA,NA,1,289,NA,NA,NA,70,27,0
NA,2021-07-08,Breaker,MA,2,R,12,NA,NA,NA,1,331,NA,NA,NA,76,34,0
NA,2021-07-08,Breaker,MA,2,R,17.5,NA,NA,NA,1,177,NA,NA,NA,49,31,0
NA,2021-07-08,Breaker,MA,2,R,18,NA,NA,NA,1,122,NA,NA,NA,112,24,0
NA,2021-07-08,Breaker,OP,3,L,2,NA,NA,NA,1,189,NA,NA,NA,35,26,0
NA,2021-07-08,Breaker,OP,3,L,2.5,NA,NA,NA,1,369,NA,NA,NA,77,44,0
NA,2021-07-08,Breaker,OP,3,L,3.5,NA,NA,NA,1,285,NA,NA,NA,135,39,L
NA,2021-07-08,Breaker,OP,3,L,6,NA,NA,NA,1,215,NA,NA,NA,35,24,0
NA,2021-07-08,Breaker,OP,3,L,10,NA,NA,NA,1,77,NA,NA,NA,66,23,0
NA,2021-07-08,Breaker,OP,3,L,10,NA,NA,NA,1,152,NA,NA,NA,50,12,0
NA,2021-07-08,Breaker,OP,3,L,10,NA,NA,NA,1,388,NA,NA,NA,145,42,L
NA,2021-07-08,Breaker,OP,3,L,10,NA,NA,NA,1,449,NA,NA,NA,102,32,0
NA,2021-07-08,Breaker,OP,3,L,14.5,NA,NA,NA,1,300,NA,NA,NA,68,27,0
NA,2021-07-08,Breaker,OP,3,L,19,NA,NA,NA,1,424,NA,NA,NA,175,44,0
NA,2021-07-08,Breaker,OP,3,R,6,NA,NA,NA,1,370,NA,NA,NA,100,43,L
NA,2021-07-08,Breaker,OP,3,R,8,NA,NA,NA,1,398,NA,NA,NA,150,45,L
NA,2021-07-08,Breaker,OP,3,R,14,NA,NA,NA,1,336,NA,NA,NA,167,42,H
NA,2021-07-08,Breaker,OP,3,R,14.2,NA,NA,NA,1,217,NA,NA,NA,150,32,0
NA,2021-07-08,Breaker,OP,3,R,20,NA,NA,NA,1,595,NA,NA,NA,110,32,L
NA,2021-07-08,Breaker,ZM,1,L,0.5,220,14:19:00,y,2,NA,36,33.5,81,NA,NA,NA
NA,2021-07-08,Breaker,ZM,1,L,17,218,14:19:00,n,2,NA,NA,NA,NA,NA,NA,NA
NA,2021-07-08,Breaker,ZM,1,R,4.5,106,14:19:00,y,2,NA,59,55.5,155,NA,NA,NA
NA,2021-07-08,Breaker,ZM,1,R,13,202,14:19:00,y,2,NA,44,32,81,NA,NA,NA
NA,2021-07-08,Breaker,ZM,1,R,17.5,207,14:19:00,y,2,NA,27,34,87,NA,NA,NA
NA,2021-07-08,Manley,DVM,2,L,13,2574,12:20:00,y,2,NA,21,80,179,NA,NA,NA
NA,2021-07-08,Manley,DVM,2,L,18,2047.2,12:20:00,y,2,NA,81,73,289,NA,NA,NA
NA,2021-07-08,Manley,DVM,2,R,17.5,2573,12:20:00,y,2,NA,16,54,114,NA,NA,NA
NA,2021-07-08,Manley,KH,3,L,3,2591,12:12:00,y,2,NA,15,36,80,NA,NA,NA
NA,2021-07-08,Manley,KH,3,L,3.5,2545,12:12:00,y,2,NA,21,38,95,NA,NA,NA
NA,2021-07-08,Manley,KH,3,L,15,276.2,12:12:00,n,2,NA,NA,NA,NA,NA,NA,NA
NA,2021-07-08,Manley,KH,3,R,4,2554.2,12:12:00,y,2,NA,32,32,91,NA,NA,NA
NA,2021-07-08,Manley,KH,3,R,4.2,2080.2,12:12:00,y,2,NA,23,23,72,NA,NA,NA
NA,2021-07-08,Manley,ZM,1,L,6,222,12:20:00,y,2,NA,39,24,63,NA,NA,NA
NA,2021-07-08,Manley,ZM,1,L,18,1803.2,12:20:00,y,2,NA,42,87,135,NA,NA,NA
NA,2021-07-08,Manley,ZM,1,R,12,219,12:20:00,y,2,NA,54,52,131,NA,NA,NA
NA,2021-07-08,Triquetta,DVM,2,L,4,NA,NA,NA,1,278,NA,NA,NA,52,28,0
NA,2021-07-08,Triquetta,DVM,2,L,5,2592.2,10:10:00,y,2,NA,22,NA,NA,NA,NA,NA
NA,2021-07-08,Triquetta,DVM,2,L,8.5,NA,NA,NA,1,112,NA,NA,NA,55,9,0
NA,2021-07-08,Triquetta,DVM,2,L,9,NA,NA,NA,1,192,NA,NA,NA,107,15,0
NA,2021-07-08,Triquetta,DVM,2,L,11.5,2563,10:10:00,y,2,NA,31,30,67,NA,NA,NA
NA,2021-07-08,Triquetta,DVM,2,L,12,NA,NA,NA,1,292,NA,NA,NA,138,33,0
NA,2021-07-08,Triquetta,DVM,2,L,18,NA,NA,NA,1,551,NA,NA,NA,160,48,0
NA,2021-07-08,Triquetta,DVM,2,R,0.5,1750.2,10:10:00,n,2,NA,NA,NA,NA,NA,NA,NA
NA,2021-07-08,Triquetta,DVM,2,R,2,2515.2,10:10:00,y,2,NA,69,62,176,NA,NA,NA
NA,2021-07-08,Triquetta,DVM,2,R,5,NA,NA,NA,1,103,NA,NA,NA,96,10,0
NA,2021-07-08,Triquetta,DVM,2,R,6.5,NA,NA,NA,1,157,NA,NA,NA,95,13,0
NA,2021-07-08,Triquetta,DVM,2,R,7,1817.2,10:10:00,y,2,NA,24,24,51,NA,NA,NA
NA,2021-07-08,Triquetta,DVM,2,R,9,NA,NA,NA,1,218,NA,NA,NA,117,16,0
NA,2021-07-08,Triquetta,DVM,2,R,10.5,NA,NA,NA,1,416,NA,NA,NA,187,47,0
NA,2021-07-08,Triquetta,DVM,2,R,11,NA,NA,NA,1,221,NA,NA,NA,118,16,0
NA,2021-07-08,Triquetta,DVM,2,R,14,NA,NA,NA,1,188,NA,NA,NA,170,17,0
NA,2021-07-08,Triquetta,DVM,2,R,16,NA,NA,NA,1,240,NA,NA,NA,114,25,0
NA,2021-07-08,Triquetta,DVM,2,R,18,NA,NA,NA,1,183,NA,NA,NA,100,14,0
NA,2021-07-08,Triquetta,DVM,2,R,19,NA,NA,NA,1,280,NA,NA,NA,89,20,0
NA,2021-07-08,Triquetta,DVM,2,R,19,NA,NA,NA,1,506,NA,NA,NA,127,40,0
NA,2021-07-08,Triquetta,KH,3,L,0.5,NA,NA,NA,1,141,NA,NA,NA,85,10,0
NA,2021-07-08,Triquetta,KH,3,L,2,2585,9:57:00,y,2,NA,40,47,103,NA,NA,NA
NA,2021-07-08,Triquetta,KH,3,L,2.2,NA,NA,NA,1,208,NA,NA,NA,130,25,0
NA,2021-07-08,Triquetta,KH,3,L,4,2117.2,9:57:00,y,2,NA,31,35,81,NA,NA,NA
NA,2021-07-08,Triquetta,KH,3,L,4,NA,NA,NA,1,264,NA,NA,NA,80,20,0
NA,2021-07-08,Triquetta,KH,3,L,7.5,1897.2,9:57:00,y,2,NA,63,66,120,NA,NA,NA
NA,2021-07-08,Triquetta,KH,3,L,10,NA,NA,NA,1,117,NA,NA,NA,50,7,0
NA,2021-07-08,Triquetta,KH,3,L,15,NA,NA,NA,1,206,NA,NA,NA,90,13,0
NA,2021-07-08,Triquetta,KH,3,L,15,NA,NA,NA,1,212,NA,NA,NA,90,19,0
NA,2021-07-08,Triquetta,KH,3,L,15,NA,NA,NA,1,285,NA,NA,NA,80,17,0
NA,2021-07-08,Triquetta,KH,3,L,17,1843,9:57:00,y,2,NA,35,50,114,NA,NA,NA
NA,2021-07-08,Triquetta,KH,3,L,19,2562,9:57:00,y,2,NA,92,95.5,240,NA,NA,NA
NA,2021-07-08,Triquetta,KH,3,L,19.2,NA,NA,NA,1,196,NA,NA,NA,60,11,0
NA,2021-07-08,Triquetta,KH,3,R,14.5,1820.2,9:57:00,y,2,NA,67,53.5,137,NA,NA,NA
NA,2021-07-08,Triquetta,KH,3,R,17.5,NA,NA,NA,1,187,NA,NA,NA,60,7,0
NA,2021-07-08,Triquetta,KH,3,R,17.5,NA,NA,NA,1,228,NA,NA,NA,80,16,0
NA,2021-07-08,Triquetta,KH,3,R,20,NA,NA,NA,1,409,NA,NA,NA,140,31,0
NA,2021-07-08,Triquetta,ZM,1,L,1.3,204,11:00:00,y,2,NA,82,82,150,NA,NA,NA
NA,2021-07-08,Triquetta,ZM,1,L,10,NA,NA,NA,1,186,NA,NA,NA,85,12,0
NA,2021-07-08,Triquetta,ZM,1,L,10.5,NA,NA,NA,1,407,NA,NA,NA,139,30,0
NA,2021-07-08,Triquetta,ZM,1,L,13,NA,NA,NA,1,306,NA,NA,NA,140,21,0
NA,2021-07-08,Triquetta,ZM,1,L,13.2,209,11:00:00,y,2,NA,37,29,64,NA,NA,NA
NA,2021-07-08,Triquetta,ZM,1,L,17.5,NA,NA,NA,1,305,NA,NA,NA,102,21,0
NA,2021-07-08,Triquetta,ZM,1,L,20,NA,NA,NA,1,565,NA,NA,NA,175,39,0
NA,2021-07-08,Triquetta,ZM,1,R,0,224,11:00:00,y,2,NA,16,16,46,NA,NA,NA
NA,2021-07-08,Triquetta,ZM,1,R,3.2,214,11:00:00,y,2,NA,20,NA,NA,NA,NA,NA
NA,2021-07-08,Triquetta,ZM,1,R,6.5,NA,NA,NA,1,352,NA,NA,NA,143,17,0
NA,2021-07-08,Triquetta,ZM,1,R,7,NA,NA,NA,1,430,NA,NA,NA,180,46,L
NA,2021-07-08,Triquetta,ZM,1,R,8,NA,NA,NA,1,440,NA,NA,NA,88,28,0
NA,2021-07-08,Triquetta,ZM,1,R,8.5,NA,NA,NA,1,228,NA,NA,NA,143,19,0
NA,2021-07-08,Triquetta,ZM,1,R,9,NA,NA,NA,1,234,NA,NA,NA,185,39,0
NA,2021-07-08,Triquetta,ZM,1,R,14,NA,NA,NA,1,358,NA,NA,NA,116,33,0
NA,2021-07-08,Triquetta,ZM,1,R,19,211,11:00:00,y,2,NA,33,44,45,NA,NA,NA
NA,2021-07-18,Manley,DVM,2,L,13,2574,16:00:00,y,3,205,22,NA,NA,NA,NA,NA
NA,2021-07-18,Manley,DVM,2,L,18,2047.2,16:00:00,y,3,513,83,NA,NA,NA,NA,NA
NA,2021-07-18,Manley,DVM,2,R,17.5,2573,16:00:00,y,3,125,23,NA,NA,NA,NA,NA
NA,2021-07-18,Manley,GSB,1,L,10,NA,NA,NA,1,116,NA,NA,NA,60,13,0
NA,2021-07-18,Manley,GSB,1,L,10,NA,NA,NA,1,174,NA,NA,NA,79,22,0
NA,2021-07-18,Manley,GSB,1,R,7.5,NA,NA,NA,1,158,NA,NA,NA,96,18,0
NA,2021-07-18,Manley,GSB,1,R,8,NA,NA,NA,1,109,NA,NA,NA,106,10,0
NA,2021-07-18,Manley,GSB,1,R,10,NA,NA,NA,1,217,NA,NA,NA,106,42,0
NA,2021-07-18,Manley,GSB,2,L,13,NA,NA,NA,1,509,NA,NA,NA,243,53,L
NA,2021-07-18,Manley,GSB,2,L,20,NA,NA,NA,1,217,NA,NA,NA,116,26,0
NA,2021-07-18,Manley,GSB,2,R,7,NA,NA,NA,1,100,NA,NA,NA,81,9,0
NA,2021-07-18,Manley,KH,3,L,3,2591,15:43:00,y,3,178,21,NA,NA,NA,NA,NA
NA,2021-07-18,Manley,KH,3,L,3.5,2545,15:43:00,y,3,250,22,NA,NA,NA,NA,NA
NA,2021-07-18,Manley,KH,3,L,15,276.2,15:43:00,n,3,NA,NA,NA,NA,NA,NA,NA
NA,2021-07-18,Manley,KH,3,R,4,2554.2,15:43:00,y,3,308,34,NA,NA,NA,NA,NA
NA,2021-07-18,Manley,KH,3,R,4.2,2080.2,15:43:00,y,3,200,25,NA,NA,NA,NA,NA
NA,2021-07-18,Manley,ZM,1,L,6,222,16:00:00,y,3,256,40,NA,NA,NA,NA,NA
NA,2021-07-18,Manley,ZM,1,L,18,1803.2,16:00:00,y,3,375,44,NA,NA,NA,NA,NA
NA,2021-07-18,Manley,ZM,1,R,12,219,16:00:00,y,3,451,64,NA,NA,NA,NA,NA
NA,2021-07-18,Triquetta,DVM,2,L,4.5,NA,NA,NA,1,294,NA,NA,NA,130,31,0
NA,2021-07-18,Triquetta,DVM,2,L,5,2592.2,12:35:00,y,3,251,39,NA,NA,NA,NA,NA
NA,2021-07-18,Triquetta,DVM,2,L,8,NA,NA,NA,1,152,NA,NA,NA,70,12,0
NA,2021-07-18,Triquetta,DVM,2,L,8,NA,NA,NA,1,234,NA,NA,NA,60,14,0
NA,2021-07-18,Triquetta,DVM,2,L,8,NA,NA,NA,1,287,NA,NA,NA,100,24,0
NA,2021-07-18,Triquetta,DVM,2,L,11.5,2563,12:35:00,n,3,NA,NA,NA,NA,NA,NA,NA
NA,2021-07-18,Triquetta,DVM,2,R,0.5,1750.2,12:35:00,n,3,NA,NA,NA,NA,NA,NA,NA
NA,2021-07-18,Triquetta,DVM,2,R,1,NA,NA,NA,1,25,NA,NA,NA,130,22,0
NA,2021-07-18,Triquetta,DVM,2,R,2,2515.2,12:35:00,y,3,559,74,NA,NA,NA,NA,NA
NA,2021-07-18,Triquetta,DVM,2,R,2,NA,NA,NA,1,176,NA,NA,NA,100,13,0
NA,2021-07-18,Triquetta,DVM,2,R,3.5,NA,NA,NA,1,144,NA,NA,NA,95,10,0
NA,2021-07-18,Triquetta,DVM,2,R,5.5,NA,NA,NA,1,156,NA,NA,NA,70,8,0
NA,2021-07-18,Triquetta,DVM,2,R,5.5,NA,NA,NA,1,161,NA,NA,NA,80,9,0
NA,2021-07-18,Triquetta,DVM,2,R,5.5,NA,NA,NA,1,245,NA,NA,NA,150,24,0
NA,2021-07-18,Triquetta,DVM,2,R,6,NA,NA,NA,1,270,NA,NA,NA,100,21,0
NA,2021-07-18,Triquetta,DVM,2,R,7,1817.2,12:35:00,y,3,154,26,NA,NA,NA,NA,NA
NA,2021-07-18,Triquetta,DVM,2,R,8.5,NA,NA,NA,1,236,NA,NA,NA,130,18,0
NA,2021-07-18,Triquetta,DVM,2,R,10,NA,NA,NA,1,421,NA,NA,NA,150,49,0
NA,2021-07-18,Triquetta,DVM,2,R,11,NA,NA,NA,1,236,NA,NA,NA,0,18,0
NA,2021-07-18,Triquetta,DVM,2,R,12,NA,NA,NA,1,412,NA,NA,NA,136,20,0
NA,2021-07-18,Triquetta,GSB,1,L,2,NA,NA,NA,1,273,NA,NA,NA,117,5,0
NA,2021-07-18,Triquetta,GSB,1,L,2,NA,NA,NA,1,432,NA,NA,NA,241,73,0
NA,2021-07-18,Triquetta,GSB,1,R,1,NA,NA,NA,1,218,NA,NA,NA,72,6,0
NA,2021-07-18,Triquetta,GSB,1,NA,3,NA,NA,NA,1,343,NA,NA,NA,174,30,0
NA,2021-07-18,Triquetta,GSB,1,NA,NA,NA,NA,NA,1,116,NA,NA,NA,53,4,0
NA,2021-07-18,Triquetta,GSB,1,NA,NA,NA,NA,NA,1,145,NA,NA,NA,67,11,0
NA,2021-07-18,Triquetta,GSB,1,NA,NA,NA,NA,NA,1,213,NA,NA,NA,80,11,0
NA,2021-07-18,Triquetta,GSB,1,NA,NA,NA,NA,NA,1,280,NA,NA,NA,115,17,0
NA,2021-07-18,Triquetta,GSB,1,NA,NA,NA,NA,NA,1,285,NA,NA,NA,138,21,0
NA,2021-07-18,Triquetta,GSB,1,NA,NA,NA,NA,NA,1,316,NA,NA,NA,175,22,0
NA,2021-07-18,Triquetta,GSB,1,NA,NA,NA,NA,NA,1,344,NA,NA,NA,166,28,0
NA,2021-07-18,Triquetta,GSB,1,NA,NA,NA,NA,NA,1,367,NA,NA,NA,150,31,0
NA,2021-07-18,Triquetta,GSB,1,NA,NA,NA,NA,NA,1,387,NA,NA,NA,124,28,0
NA,2021-07-18,Triquetta,GSB,1,NA,NA,NA,NA,NA,1,534,NA,NA,NA,220,43,0
NA,2021-07-18,Triquetta,GSB,1,NA,NA,NA,NA,NA,1,577,NA,NA,NA,271,50,L
NA,2021-07-18,Triquetta,KH,3,L,2,2585,12:35:00,y,3,253,40,NA,NA,NA,NA,NA
NA,2021-07-18,Triquetta,KH,3,L,4,2117.2,12:35:00,y,3,284,36,NA,NA,NA,NA,NA
NA,2021-07-18,Triquetta,KH,3,L,7.5,1897.2,12:35:00,y,3,361,58,NA,NA,NA,NA,NA
NA,2021-07-18,Triquetta,KH,3,L,17,1843,12:35:00,y,3,263,36,NA,NA,NA,NA,NA
NA,2021-07-18,Triquetta,KH,3,L,19,2562,12:35:00,y,3,504,95,NA,NA,NA,NA,NA
NA,2021-07-18,Triquetta,KH,3,R,14.5,1820.2,12:35:00,y,3,459,70,NA,NA,NA,NA,NA
NA,2021-07-18,Triquetta,OP,3,NA,2,NA,NA,NA,1,214,NA,NA,NA,120,29,0
NA,2021-07-18,Triquetta,OP,3,NA,5,NA,NA,NA,1,182,NA,NA,NA,70,13,0
NA,2021-07-18,Triquetta,OP,3,NA,16,NA,NA,NA,1,286,NA,NA,NA,160,10,0
NA,2021-07-18,Triquetta,OP,3,NA,16,NA,NA,NA,1,288,NA,NA,NA,100,12,0
NA,2021-07-18,Triquetta,OP,3,NA,16,NA,NA,NA,1,336,NA,NA,NA,160,21,L
NA,2021-07-18,Triquetta,OP,3,NA,16,NA,NA,NA,1,338,NA,NA,NA,160,21,L
NA,2021-07-18,Triquetta,OP,3,NA,19,NA,NA,NA,1,225,NA,NA,NA,65,10,0
NA,2021-07-18,Triquetta,OP,3,NA,19,NA,NA,NA,1,240,NA,NA,NA,100,18,0
NA,2021-07-18,Triquetta,OP,3,NA,20,NA,NA,NA,1,165,NA,NA,NA,58,5,0
NA,2021-07-18,Triquetta,OP,3,NA,20,NA,NA,NA,1,525,NA,NA,NA,115,32,L
NA,2021-07-18,Triquetta,ZM,1,L,1.3,204,12:35:00,y,3,519,58,NA,NA,NA,NA,NA
NA,2021-07-18,Triquetta,ZM,1,L,13.2,209,12:35:00,y,3,344,45,NA,NA,NA,NA,NA
NA,2021-07-18,Triquetta,ZM,1,R,0,224,12:35:00,y,3,264,29,NA,NA,NA,NA,NA
NA,2021-07-18,Triquetta,ZM,1,R,3.2,214,12:35:00,n,3,NA,NA,NA,NA,NA,NA,NA
NA,2021-07-18,Triquetta,ZM,1,R,19,211,12:35:00,y,3,276,30,NA,NA,NA,NA,NA
NA,2021-07-19,Breaker,DVM,2,L,19.5,1946.2,10:52:00,Y,3,371,31,NA,NA,NA,NA,NA
NA,2021-07-19,Breaker,DVM,2,R,1,1697.2,10:52:00,Y,3,309,42,NA,NA,NA,NA,NA
NA,2021-07-19,Breaker,DVM,2,R,3,1698,10:52:00,N,3,NA,NA,NA,NA,NA,NA,NA
NA,2021-07-19,Breaker,DVM,2,R,5,1848.2,10:52:00,Y,3,411,53,NA,NA,NA,NA,NA
NA,2021-07-19,Breaker,DVM,2,R,15,1714.2,10:52:00,Y,3,321,37,NA,NA,NA,NA,NA
NA,2021-07-19,Breaker,KH,1,L,0.5,NA,NA,NA,1,306,NA,NA,NA,150,39,0
NA,2021-07-19,Breaker,KH,1,L,3,NA,NA,NA,1,352,NA,NA,NA,180,47,0
NA,2021-07-19,Breaker,KH,1,R,0,NA,NA,NA,1,119,NA,NA,NA,77,5,0
NA,2021-07-19,Breaker,KH,1,R,2.5,NA,NA,NA,1,318,NA,NA,NA,88,18,0
NA,2021-07-19,Breaker,KH,1,NA,NA,NA,NA,NA,1,314,NA,NA,NA,160,39,0
NA,2021-07-19,Breaker,KH,2,L,0,NA,NA,NA,1,163,NA,NA,NA,77,37,0
NA,2021-07-19,Breaker,KH,2,L,8.3,NA,NA,NA,1,336,NA,NA,NA,76,28,0
NA,2021-07-19,Breaker,KH,2,L,8.5,NA,NA,NA,1,446,NA,NA,NA,110,35,0
NA,2021-07-19,Breaker,KH,2,L,9,NA,NA,NA,1,314,NA,NA,NA,70,29,0
NA,2021-07-19,Breaker,KH,2,L,10.5,NA,NA,NA,1,356,NA,NA,NA,62,37,0
NA,2021-07-19,Breaker,KH,2,L,11,NA,NA,NA,1,319,NA,NA,NA,72,34,0
NA,2021-07-19,Breaker,KH,2,L,11.5,NA,NA,NA,1,452,NA,NA,NA,0,40,0
NA,2021-07-19,Breaker,KH,2,L,15.5,NA,NA,NA,1,252,NA,NA,NA,103,32,0
NA,2021-07-19,Breaker,KH,2,L,19.5,NA,NA,NA,1,194,NA,NA,NA,60,26,0
NA,2021-07-19,Breaker,KH,2,R,0,NA,NA,NA,1,237,NA,NA,NA,120,46,0
NA,2021-07-19,Breaker,KH,2,R,2,NA,NA,NA,1,257,NA,NA,NA,113,31,0
NA,2021-07-19,Breaker,KH,2,R,3,NA,NA,NA,1,129,NA,NA,NA,77,21,0
NA,2021-07-19,Breaker,KH,2,R,14.5,NA,NA,NA,1,369,NA,NA,NA,145,46,0
NA,2021-07-19,Breaker,KH,2,R,14.6,NA,NA,NA,1,305,NA,NA,NA,57,33,0
NA,2021-07-19,Breaker,KH,2,R,19,NA,NA,NA,1,220,NA,NA,NA,85,32,0
NA,2021-07-19,Breaker,KH,3,L,0,NA,NA,NA,1,222,NA,NA,NA,53,33,0
NA,2021-07-19,Breaker,KH,3,L,6,286.2,10:52:00,n,3,NA,NA,NA,NA,NA,NA,NA
NA,2021-07-19,Breaker,KH,3,L,7,2083.2,10:52:00,n,3,NA,NA,NA,NA,NA,NA,NA
NA,2021-07-19,Breaker,KH,3,L,16,1797.2,10:52:00,n,3,NA,NA,NA,NA,NA,NA,NA
NA,2021-07-19,Breaker,KH,3,L,19,2551,10:52:00,y,3,345,44,NA,NA,NA,NA,NA
NA,2021-07-19,Breaker,KH,3,R,1,2587,10:52:00,y,3,257,40,NA,NA,NA,NA,NA
NA,2021-07-19,Breaker,KH,3,R,2,NA,NA,NA,1,166,NA,NA,NA,88,28,0
NA,2021-07-19,Breaker,MA,1,L,7,NA,NA,NA,1,226,NA,NA,NA,53,17,0
NA,2021-07-19,Breaker,MA,1,L,8,NA,NA,NA,1,165,NA,NA,NA,54,18,0
NA,2021-07-19,Breaker,MA,1,L,13,NA,NA,NA,1,244,NA,NA,NA,85,10,0
NA,2021-07-19,Breaker,MA,1,L,15.5,NA,NA,NA,1,522,NA,NA,NA,175,56,L
NA,2021-07-19,Breaker,MA,1,L,19.5,NA,NA,NA,1,381,NA,NA,NA,105,36,0
NA,2021-07-19,Breaker,MA,1,R,6,NA,NA,NA,1,171,NA,NA,NA,82,24,0
NA,2021-07-19,Breaker,MA,1,R,8.5,NA,NA,NA,1,320,NA,NA,NA,155,46,L
NA,2021-07-19,Breaker,MA,1,R,10,NA,NA,NA,1,175,NA,NA,NA,85,35,0
NA,2021-07-19,Breaker,MA,1,R,13,NA,NA,NA,1,330,NA,NA,NA,120,25,0
NA,2021-07-19,Breaker,MA,1,R,15,NA,NA,NA,1,424,NA,NA,NA,148,37,0
NA,2021-07-19,Breaker,MA,1,R,95,NA,NA,NA,1,215,NA,NA,NA,144,33,0
NA,2021-07-19,Breaker,OP,3,L,3,NA,NA,NA,1,329,NA,NA,NA,100,42,0
NA,2021-07-19,Breaker,OP,3,L,10,NA,NA,NA,1,216,NA,NA,NA,80,22,0
NA,2021-07-19,Breaker,OP,3,L,10,NA,NA,NA,1,397,NA,NA,NA,160,43,H
NA,2021-07-19,Breaker,OP,3,L,15,NA,NA,NA,1,422,NA,NA,NA,150,54,H
NA,2021-07-19,Breaker,OP,3,L,17,NA,NA,NA,1,373,NA,NA,NA,80,41,0
NA,2021-07-19,Breaker,OP,3,L,20,NA,NA,NA,1,615,NA,NA,NA,140,36,H
NA,2021-07-19,Breaker,OP,3,R,15,NA,NA,NA,1,214,NA,NA,NA,112,36,0
NA,2021-07-19,Breaker,OP,3,R,15,NA,NA,NA,1,345,NA,NA,NA,160,43,H
NA,2021-07-19,Breaker,OP,3,R,17,NA,NA,NA,1,287,NA,NA,NA,45,21,0
NA,2021-07-19,Breaker,OP,3,R,17,NA,NA,NA,1,400,NA,NA,NA,80,36,0
NA,2021-07-19,Breaker,OP,3,R,17,NA,NA,NA,1,583,NA,NA,NA,150,49,H
NA,2021-07-19,Breaker,OP,3,R,20,NA,NA,NA,1,450,NA,NA,NA,150,46,0
NA,2021-07-19,Breaker,ZM,1,L,0.5,220,11:00:00,y,3,212,39,NA,NA,NA,NA,NA
NA,2021-07-19,Breaker,ZM,1,L,17,218,11:00:00,n,3,NA,NA,NA,NA,NA,NA,NA
NA,2021-07-19,Breaker,ZM,1,R,4.5,106,11:00:00,y,3,366,60,NA,NA,NA,NA,NA
NA,2021-07-19,Breaker,ZM,1,R,13,202,11:00:00,y,3,158,40,NA,NA,NA,NA,NA
NA,2021-07-19,Breaker,ZM,1,R,17.5,207,11:00:00,y,3,116,30,NA,NA,NA,NA,NA
NA,2021-07-19,North,KH,NA,NA,NA,2544.2,9:35:00,y,3,255,34,NA,NA,NA,NA,NA
NA,2021-07-19,North,KH,NA,NA,NA,2547.2,9:35:00,y,3,397,87,NA,NA,NA,NA,NA
NA,2021-07-19,North,KH,NA,NA,NA,2557.2,9:35:00,y,3,386,64,NA,NA,NA,NA,NA
NA,2021-07-19,North,KH,NA,NA,NA,2571.2,9:35:00,y,3,335,46,NA,NA,NA,NA,NA
NA,2021-07-19,North,KH,NA,NA,NA,2582.2,9:35:00,n,3,NA,NA,NA,NA,NA,NA,NA
NA,2021-07-19,North,OP,NA,NA,NA,1708.2,9:35:00,y,3,377,41,NA,NA,NA,NA,NA
NA,2021-07-19,North,OP,NA,NA,NA,1937.2,9:35:00,y,3,578,66,NA,NA,NA,NA,NA
NA,2021-07-19,North,OP,NA,NA,NA,2072.2,9:35:00,y,3,303,54,NA,NA,NA,NA,NA
NA,2021-07-19,North,OP,NA,NA,NA,2560,9:35:00,y,3,503,40,NA,NA,NA,NA,NA
NA,2021-07-19,North,OP,NA,NA,NA,2565.2,9:35:00,y,3,397,60,NA,NA,NA,NA,NA
NA,2021-07-19,North,ZM,NA,NA,NA,2001.2,9:35:00,y,3,581,20,NA,NA,NA,NA,NA
NA,2021-07-19,North,ZM,NA,NA,NA,2066.2,9:35:00,y,3,335,45,NA,NA,NA,NA,NA
NA,2021-07-19,North,ZM,NA,NA,NA,2134.2,9:35:00,y,3,498,37,NA,NA,NA,NA,NA
NA,2021-07-19,Ratatouille,KH,3,L,3.5,NA,NA,NA,1,249,NA,NA,NA,60,13,0
NA,2021-07-19,Ratatouille,KH,3,L,3.5,NA,NA,NA,1,581,NA,NA,NA,180,48,L
NA,2021-07-19,Ratatouille,KH,3,L,11.5,2584.2,15:21:00,y,3,706,63,NA,NA,NA,NA,NA
NA,2021-07-19,Ratatouille,KH,3,L,13.5,1765.2,15:21:00,y,3,369,52,NA,NA,NA,NA,NA
NA,2021-07-19,Ratatouille,KH,3,L,14.7,NA,NA,NA,1,209,NA,NA,NA,80,38,0
NA,2021-07-19,Ratatouille,KH,3,L,20,NA,NA,NA,1,517,NA,NA,NA,70,36,0
NA,2021-07-19,Ratatouille,KH,3,R,0,NA,NA,NA,1,396,NA,NA,NA,80,23,0
NA,2021-07-19,Ratatouille,KH,3,R,7.8,281.2,15:21:00,y,3,574,45,NA,NA,NA,NA,NA
NA,2021-07-19,Ratatouille,KH,3,R,8.2,NA,NA,NA,1,574,NA,NA,NA,146,44,L
NA,2021-07-19,Ratatouille,KH,3,R,8.5,NA,NA,NA,1,570,NA,NA,NA,115,48,L
NA,2021-07-19,Ratatouille,KH,3,R,13,NA,NA,NA,1,457,NA,NA,NA,90,46,0
NA,2021-07-19,Ratatouille,KH,3,R,13.5,NA,NA,NA,1,366,NA,NA,NA,75,36,0
NA,2021-07-19,Ratatouille,KH,3,R,14,1921.2,15:21:00,y,3,332,48,NA,NA,NA,NA,NA
NA,2021-07-19,Ratatouille,KH,3,R,15.7,NA,NA,NA,1,325,NA,NA,NA,110,43,L
NA,2021-07-19,Ratatouille,KH,3,R,15.8,NA,NA,NA,1,333,NA,NA,NA,90,43,L
NA,2021-07-19,Ratatouille,KH,3,R,16.5,NA,NA,NA,1,300,NA,NA,NA,70,48,0
NA,2021-07-19,Ratatouille,KH,3,R,17,NA,NA,NA,1,365,NA,NA,NA,50,43,0
NA,2021-07-19,Ratatouille,KH,3,R,19,NA,NA,NA,1,377,NA,NA,NA,115,46,0
NA,2021-07-19,Ratatouille,KH,3,R,19,NA,NA,NA,1,405,NA,NA,NA,60,43,0
NA,2021-07-19,Ratatouille,MA,2,L,9,NA,NA,NA,1,352,NA,NA,NA,77,26,0
NA,2021-07-19,Ratatouille,MA,2,L,13,NA,NA,NA,1,385,NA,NA,NA,80,37,0
NA,2021-07-19,Ratatouille,MA,2,L,15.5,NA,NA,NA,1,233,NA,NA,NA,79,18,0
NA,2021-07-19,Ratatouille,MA,2,L,16,NA,NA,NA,1,374,NA,NA,NA,75,30,0
NA,2021-07-19,Ratatouille,MA,2,L,17.5,NA,NA,NA,1,427,NA,NA,NA,98,36,0
NA,2021-07-19,Ratatouille,MA,2,L,20,NA,NA,NA,1,475,NA,NA,NA,136,43,L
NA,2021-07-19,Ratatouille,MA,2,R,9,NA,NA,NA,1,505,NA,NA,NA,150,43,L
NA,2021-07-19,Ratatouille,MA,2,R,9.5,NA,NA,NA,1,239,NA,NA,NA,87,14,0
NA,2021-07-19,Ratatouille,MA,2,R,10.5,NA,NA,NA,1,583,NA,NA,NA,30,50,0
NA,2021-07-19,Ratatouille,MA,2,R,17,NA,NA,NA,1,321,NA,NA,NA,88,28,0
NA,2021-07-19,Ratatouille,MA,2,R,19,NA,NA,NA,1,414,NA,NA,NA,89,37,L
NA,2021-07-19,Ratatouille,MA,2,NA,NA,NA,NA,NA,1,381,NA,NA,NA,97,39,0
NA,2021-07-19,Ratatouille,OP,1,L,1,2590.2,15:21:00,y,3,439,31,NA,NA,NA,NA,NA
NA,2021-07-19,Ratatouille,OP,1,L,3,NA,NA,NA,1,513,NA,NA,NA,250,56,H
NA,2021-07-19,Ratatouille,OP,1,L,3,NA,NA,NA,1,527,NA,NA,NA,130,40,L
NA,2021-07-19,Ratatouille,OP,1,L,4,2581.2,15:21:00,y,3,516,47,NA,NA,NA,NA,NA
NA,2021-07-19,Ratatouille,OP,1,L,8,NA,NA,NA,1,439,NA,NA,NA,113,34,0
NA,2021-07-19,Ratatouille,OP,1,L,8,NA,NA,NA,1,581,NA,NA,NA,170,50,H
NA,2021-07-19,Ratatouille,OP,1,L,8.5,NA,NA,NA,1,600,NA,NA,NA,209,53,H
NA,2021-07-19,Ratatouille,OP,1,L,12,NA,NA,NA,1,703,NA,NA,NA,0,48,0
NA,2021-07-19,Ratatouille,OP,1,L,14,NA,NA,NA,1,242,NA,NA,NA,45,22,0
NA,2021-07-19,Ratatouille,OP,1,R,2,2580,15:21:00,y,3,412,31,NA,NA,NA,NA,NA
NA,2021-07-19,Ratatouille,OP,1,R,5,NA,NA,NA,1,561,NA,NA,NA,200,47,H
NA,2021-07-19,Ratatouille,OP,1,R,6.5,1891.2,15:21:00,y,3,527,31,NA,NA,NA,NA,NA
NA,2021-07-19,Ratatouille,OP,1,R,9,NA,NA,NA,1,412,NA,NA,NA,120,37,L
NA,2021-07-19,Ratatouille,OP,1,R,11,NA,NA,NA,1,516,NA,NA,NA,140,47,L
NA,2021-07-19,Ratatouille,OP,1,R,13.5,NA,NA,NA,1,527,NA,NA,NA,90,41,L
NA,2021-07-19,Ratatouille,OP,1,R,16,NA,NA,NA,1,590,NA,NA,NA,90,43,0
NA,2021-07-19,Ratatouille,OP,1,R,20,NA,NA,NA,1,233,NA,NA,NA,66,13,0
NA,2021-07-19,Ratatouille,ZM,2,L,10,2540.2,15:21:00,y,3,385,25,NA,NA,NA,NA,NA
NA,2021-07-19,Ratatouille,ZM,2,R,1,2572.2,15:21:00,y,3,522,52,NA,NA,NA,NA,NA
NA,2021-07-19,Ratatouille,ZM,2,R,17.5,2566.2,15:21:00,y,3,420,27,NA,NA,NA,NA,NA
NA,2021-07-19,Second,KH,NA,NA,NA,1952.2,9:08:00,y,3,315,44,NA,NA,NA,NA,NA
NA,2021-07-19,Second,KH,NA,NA,NA,1969.2,9:08:00,y,3,300,70,NA,NA,NA,NA,NA
NA,2021-07-19,Second,KH,NA,NA,NA,2022.2,9:08:00,y,3,429,86,NA,NA,NA,NA,NA
NA,2021-07-19,Second,KH,NA,NA,NA,2064.2,9:08:00,y,3,312,50,NA,NA,NA,NA,NA
NA,2021-07-19,Second,KH,NA,NA,NA,2073.2,9:08:00,y,3,389,66,NA,NA,NA,NA,NA
NA,2021-07-19,Second,KH,NA,NA,NA,2542,9:08:00,y,3,328,64,NA,NA,NA,NA,NA
NA,2021-07-19,Second,OP,NA,NA,NA,1799.2,9:08:00,y,3,455,51,NA,NA,NA,NA,NA
NA,2021-07-19,Second,OP,NA,NA,NA,1911.2,9:08:00,y,3,368,83,NA,NA,NA,NA,NA
NA,2021-07-19,Second,OP,NA,NA,NA,2541.2,9:08:00,y,3,414,49,NA,NA,NA,NA,NA
NA,2021-07-19,Second,OP,NA,NA,NA,2576.2,9:08:00,y,3,298,58,NA,NA,NA,NA,NA
NA,2021-07-19,Second,OP,NA,NA,NA,2578.2,9:08:00,y,3,284,40,NA,NA,NA,NA,NA
NA,2021-07-19,Second,ZM,NA,NA,NA,48.2,9:08:00,y,3,256,42,NA,NA,NA,NA,NA
NA,2021-07-19,Second,ZM,NA,NA,NA,1825.2,9:08:00,y,3,309,45,NA,NA,NA,NA,NA
NA,2021-07-19,Second,ZM,NA,NA,NA,2509.2,9:08:00,y,3,462,81,NA,NA,NA,NA,NA
NA,2021-07-19,Second,ZM,NA,NA,NA,2549.2,9:08:00,y,3,193,21,NA,NA,NA,NA,NA
NA,2022-07-08,North,BT/KH,NA,NA,NA,1714,11:34:00,NA,1,330,NA,70,196,230,46,L
NA,2022-07-08,North,BT/KH,NA,NA,NA,1825,11:34:00,NA,1,166,NA,50,155,158,41,0
NA,2022-07-08,North,BT/KH,NA,NA,NA,1937,11:34:00,NA,1,414,NA,50,151,238,46,0
NA,2022-07-08,North,BT/KH,NA,NA,NA,1969,11:34:00,NA,1,283,NA,50,164,183,47,H
NA,2022-07-08,North,BT/KH,NA,NA,NA,2070,11:34:00,NA,1,218,NA,49,155,180,41,L
NA,2022-07-08,North,BT/KH,NA,NA,NA,2540,11:34:00,NA,1,318,NA,50,146,182,48,L
NA,2022-07-08,North,BT/KH,NA,NA,NA,2565,11:34:00,NA,1,190,NA,35,115,173,30,0
NA,2022-07-08,North,BT/KH,NA,NA,NA,2580,11:34:00,NA,1,413,NA,54,167,213,45,L
NA,2022-07-08,North,LL/DVM,NA,NA,NA,205,11:20:00,NA,1,274,NA,25,87,105,30,0
NA,2022-07-08,North,LL/DVM,NA,NA,NA,209,11:20:00,NA,1,265,NA,25,81,130,39,0
NA,2022-07-08,North,LL/DVM,NA,NA,NA,216,11:20:00,NA,1,189,NA,30,101,122,41,0
NA,2022-07-08,North,LL/DVM,NA,NA,NA,1803,11:20:00,NA,1,193,NA,40,128,160,44,0
NA,2022-07-08,North,LL/DVM,NA,NA,NA,2001,11:20:00,NA,1,300,NA,25,77,141,28,0
NA,2022-07-08,North,LL/DVM,NA,NA,NA,2134,11:20:00,NA,1,352,NA,30,107,123,47,0
NA,2022-07-08,North,LL/DVM,NA,NA,NA,2562,11:20:00,NA,1,294,NA,50,154,171,43,L
NA,2022-07-08,North,LL/DVM,NA,NA,NA,2587,11:20:00,NA,1,238,NA,25,70,134,34,0
NA,2022-07-08,Ratatouille,BT/KH,2,L,2,1797,13:48:00,NA,1,382,NA,35,138,201,26,0
NA,2022-07-08,Ratatouille,BT/KH,2,L,19.5,1797,13:48:00,NA,1,405,NA,80,249,338,52,0
NA,2022-07-08,Ratatouille,BT/KH,2,R,5,2544,13:48:00,NA,1,435,NA,54,165,210,46,L
NA,2022-07-08,Ratatouille,BT/KH,2,R,13,2584,13:48:00,NA,1,481,NA,30,106,136,22,0
NA,2022-07-08,Ratatouille,BT/KH,2,R,15,2592,13:48:00,NA,1,420,NA,60,175,200,51,L
NA,2022-07-08,Ratatouille,BT/KH,3,L,1,276,13:48:00,NA,1,572,NA,125,398,410,56,L
NA,2022-07-08,Ratatouille,BT/KH,3,R,10,1817,13:48:00,NA,1,344,NA,35,114,131,23,0
NA,2022-07-08,Ratatouille,BT/KH,3,R,14,1750,13:48:00,NA,1,447,NA,50,148,180,41,0
NA,2022-07-08,Ratatouille,LL/DVM,2,L,16,2582,13:32:00,NA,1,184,NA,30,108,150,30,0
NA,2022-07-08,Ratatouille,LL/DVM,2,L,16,2583,13:32:00,NA,1,386,NA,110,332,450,45,L
NA,2022-07-08,Ratatouille,LL/DVM,2,L,20,2551,13:32:00,NA,1,536,NA,70,204,377,54,L
NA,2022-07-08,Ratatouille,LL/DVM,2,R,13,1921,13:32:00,NA,1,154,NA,25,80,120,21,0
NA,2022-07-08,Ratatouille,LL/DVM,2,R,15,106,13:32:00,NA,1,320,NA,60,173,160,47,L
NA,2022-07-08,Ratatouille,LL/DVM,3,R,15,1952,13:32:00,NA,1,166,NA,15,44,82,24,0
NA,2022-07-08,Ratatouille,LL/DVM,3,R,16,2064,13:32:00,NA,1,360,NA,60,175,220,46,L
NA,2022-07-08,Ratatouille,LL/DVM,3,R,20,281,13:32:00,NA,1,392,NA,30,97,199,47,L
NA,2022-07-08,Second,BT,NA,NA,NA,1911,9:29:00,NA,1,607,NA,40,135,150,37,0
NA,2022-07-08,Second,BT,NA,NA,NA,2047,9:29:00,NA,1,459,NA,37,112,139,38,0
NA,2022-07-08,Second,BT,NA,NA,NA,2117,9:29:00,NA,1,487,NA,36,118,133,30,0
NA,2022-07-08,Second,BT,NA,NA,NA,2515,9:29:00,NA,1,635,NA,55,172,196,52,L
NA,2022-07-08,Second,BT,NA,NA,NA,2563,9:29:00,NA,1,546,NA,62,174.5,150,53,L
NA,2022-07-08,Second,DVM,NA,NA,NA,1348,9:35:00,NA,1,480,NA,32,92,112,19,0
NA,2022-07-08,Second,DVM,NA,NA,NA,1765,9:35:00,NA,1,574,NA,22,65,110,30,0
NA,2022-07-08,Second,DVM,NA,NA,NA,2549,9:35:00,NA,1,559,NA,45,136,220,47,0
NA,2022-07-08,Second,DVM,NA,NA,NA,2575,9:35:00,NA,1,513,NA,NA,97,74,23,0
NA,2022-07-08,Second,DVM,NA,NA,NA,2578,9:35:00,NA,1,659,NA,42,127,300,52,L
NA,2022-07-08,Second,KH,NA,NA,NA,207,9:39:00,NA,1,735,NA,65,194,290,51,H
NA,2022-07-08,Second,KH,NA,NA,NA,220,9:39:00,NA,1,598,NA,20,60,80,23,0
NA,2022-07-08,Second,KH,NA,NA,NA,224,9:39:00,NA,1,839,NA,55,161,160,45,L
NA,2022-07-08,Second,KH,NA,NA,NA,2073,9:39:00,NA,1,756,NA,25,78,169,43,0
NA,2022-07-08,Second,KH,NA,NA,NA,2566,9:39:00,NA,1,638,NA,30,105,109,32,0
NA,2022-07-08,Second,LL,NA,NA,NA,204,9:29:00,NA,1,562,NA,100,297,240,54,0
NA,2022-07-08,Second,LL,NA,NA,NA,213,9:29:00,NA,1,597,NA,85,245,300,55,L
NA,2022-07-08,Second,LL,NA,NA,NA,222,9:29:00,NA,1,671,NA,70,209,225,48,0
NA,2022-07-08,Second,LL,NA,NA,NA,1708,9:29:00,NA,1,593,NA,85,247,204,53,L
NA,2022-07-08,Second,LL,NA,NA,NA,1843,9:29:00,NA,1,547,NA,70,212,224,43,L
NA,2022-07-09,Breaker,BT/KH,2,L,1,2572,13:17:00,NA,1,338,NA,30,107,129,39,0
NA,2022-07-09,Breaker,BT/KH,2,L,3,1897,13:17:00,NA,1,403,NA,36,104,128,52,L
NA,2022-07-09,Breaker,BT/KH,2,L,11,2572,13:17:00,NA,1,173,NA,25,81,93,21,0
NA,2022-07-09,Breaker,BT/KH,2,L,19,2509,13:17:00,NA,1,250,NA,25,82,171,38,0
NA,2022-07-09,Breaker,BT/KH,2,R,8,2557,13:17:00,NA,1,348,NA,40,129,192,47,L
NA,2022-07-09,Breaker,BT/KH,2,R,13,2547,13:17:00,NA,1,381,NA,30,106,140,50,L
NA,2022-07-09,Breaker,BT/KH,3,L,14,1784,13:17:00,NA,1,190,NA,12,38,41,21,0
NA,2022-07-09,Breaker,BT/KH,3,R,19,2022,13:17:00,NA,1,172,NA,20,64,67,19,0
NA,2022-07-09,Breaker,OP/DVM,1,L,3,2076,13:40:00,NA,1,318,NA,26,83,25,48,0
NA,2022-07-09,Breaker,OP/DVM,1,L,5,2673,13:40:00,NA,1,313,NA,40,122,116,35,0
NA,2022-07-09,Breaker,OP/DVM,1,L,6,1833,13:40:00,NA,1,199,NA,29,85,90,17,0
NA,2022-07-09,Breaker,OP/DVM,1,L,6,2561,13:40:00,NA,1,404,NA,70,206,210,39,L
NA,2022-07-09,Breaker,OP/DVM,1,L,15,215,13:40:00,NA,1,193,NA,31,98,110,14,0
NA,2022-07-09,Breaker,OP/DVM,1,L,18,202,13:40:00,NA,1,348,NA,49,162,190,28,0
NA,2022-07-09,Breaker,OP/DVM,1,R,0,2668,13:40:00,NA,1,257,NA,44,133,125,26,0
NA,2022-07-09,Breaker,OP/DVM,1,R,8,2665,13:40:00,NA,1,310,NA,85,258,205,54,L
NA,2022-07-09,Manley,BT/KH,2,L,9,2286,11:40:00,NA,1,175,NA,5,16,21,4,0
NA,2022-07-09,Manley,BT/KH,2,L,14,2591,11:40:00,NA,1,439,NA,25,79,123,39,0
NA,2022-07-09,Manley,BT/KH,2,R,11.5,2590,11:40:00,NA,1,510,NA,55,160,144,46,L
NA,2022-07-09,Manley,BT/KH,2,R,17,2560,11:40:00,NA,1,435,NA,15,58,74,30,0
NA,2022-07-09,Manley,BT/KH,2,R,18,2574,11:40:00,NA,1,536,NA,30,103,109,49,0
NA,2022-07-09,Manley,BT/KH,3,L,8.5,2080,11:40:00,NA,1,358,NA,20,62,53,31,0
NA,2022-07-09,Manley,BT/KH,3,L,12,2579,11:40:00,NA,1,394,NA,28,85,99,35,0
NA,2022-07-09,Manley,BT/KH,3,L,18.5,2554,11:40:00,NA,1,327,NA,15,57,105,34,0
NA,2022-07-09,Manley,OP/DVM,1,L,8,2571,11:10:00,NA,1,212,NA,10.5,36,20,10,0
NA,2022-07-09,Manley,OP/DVM,1,L,8.1,1891,11:10:00,NA,1,240,NA,14,45,38,18,0
NA,2022-07-09,Manley,OP/DVM,1,L,14,201,11:10:00,NA,1,380,NA,14,44,54,23,0
NA,2022-07-09,Manley,OP/DVM,1,L,14.5,210,11:10:00,NA,1,482,NA,19,55,70,33,0
NA,2022-07-09,Manley,OP/DVM,1,L,17,203,11:10:00,NA,1,255,NA,10,36,32,21,0
NA,2022-07-09,Manley,OP/DVM,1,R,1,1697,11:10:00,NA,1,234,NA,20,50,40,16,0
NA,2022-07-09,Manley,OP/DVM,1,R,11,212,11:10:00,NA,1,223,NA,16.3,43,42,24,0
NA,2022-07-09,Manley,OP/DVM,1,R,17,206,11:10:00,NA,1,240,NA,10,27,24,11,0
NA,2022-07-09,Triquetta,BT/KH,1,L,2,2663,9:24:00,NA,1,273,NA,14,59,90,24,0
NA,2022-07-09,Triquetta,BT/KH,1,L,10,2666,9:24:00,NA,1,368,NA,25,78,100,30,0
NA,2022-07-09,Triquetta,BT/KH,1,L,12,2677,9:24:00,NA,1,210,NA,22,63,69,11,0
NA,2022-07-09,Triquetta,BT/KH,1,R,5.4,2671,9:24:00,NA,1,405,NA,30,95,98,26,0
NA,2022-07-09,Triquetta,BT/KH,1,R,9,2676,9:24:00,NA,1,396,NA,30,94,140,33,0
NA,2022-07-09,Triquetta,BT/KH,1,R,16,2678,9:24:00,NA,1,497,NA,30,102,94,31,0
NA,2022-07-09,Triquetta,BT/KH,2,R,1,2669,9:24:00,NA,1,345,NA,20,66,100,35,0
NA,2022-07-09,Triquetta,BT/KH,2,R,5,2581,9:24:00,NA,1,337,NA,20,61,69,23,0
NA,2022-07-09,Triquetta,OP/DVM,3,L,9,221,9:30:00,NA,1,237,NA,23.5,65,70,16,0
NA,2022-07-09,Triquetta,OP/DVM,3,L,12.5,208,9:30:00,NA,1,250,NA,17,50,45,21,0
NA,2022-07-09,Triquetta,OP/DVM,3,R,2.5,2674,9:30:00,NA,1,290,NA,17,50,52,25,0
NA,2022-07-09,Triquetta,OP/DVM,3,R,3.7,2675,9:30:00,NA,1,401,NA,30,90,130,33,0
NA,2022-07-09,Triquetta,OP/DVM,3,R,7.7,2679,9:30:00,NA,1,376,NA,30,67,110,35,0
NA,2022-07-09,Triquetta,OP/DVM,3,R,15.2,73,9:30:00,NA,1,312,NA,33,33,108,32,0
NA,2022-07-09,Triquetta,OP/DVM,3,R,16.5,223,9:30:00,NA,1,230,NA,22,67,70,15,0
NA,2022-07-09,Triquetta,OP/DVM,3,R,20,217,9:30:00,NA,1,291,NA,31.5,92,100,18,0
NA,2022-07-13,Breaker,BT/KH,2,L,1,2572,16:20:00,y,2,NA,18,37,99,NA,NA,NA
NA,2022-07-13,Breaker,BT/KH,2,L,3,1897,16:20:00,y,2,NA,45,39,110,NA,NA,NA
NA,2022-07-13,Breaker,BT/KH,2,L,11,2572,16:20:00,y,2,NA,28,40,80,NA,NA,NA
NA,2022-07-13,Breaker,BT/KH,2,L,19,2509,16:20:00,y,2,NA,46,35,86,NA,NA,NA
NA,2022-07-13,Breaker,BT/KH,2,R,8,2557,16:20:00,y,2,NA,44,53,134,NA,NA,NA
NA,2022-07-13,Breaker,BT/KH,2,R,13,2547,16:20:00,y,2,NA,59,37,113,NA,NA,NA
NA,2022-07-13,Breaker,BT/KH,3,L,14,1784,16:20:00,n,2,NA,NA,NA,NA,NA,NA,NA
NA,2022-07-13,Breaker,BT/KH,3,R,19,2022,16:20:00,n,2,NA,NA,NA,NA,NA,NA,NA
NA,2022-07-13,Breaker,OP/DVM,1,L,3,2070,16:20:00,y,2,NA,57,29,83,NA,NA,NA
NA,2022-07-13,Breaker,OP/DVM,1,L,5,2673,16:20:00,y,2,NA,34,54,86,NA,NA,NA
NA,2022-07-13,Breaker,OP/DVM,1,L,6,1833,16:20:00,n,2,NA,NA,NA,NA,NA,NA,NA
NA,2022-07-13,Breaker,OP/DVM,1,L,6,2561,16:20:00,y,2,NA,36,79.5,177,NA,NA,NA
NA,2022-07-13,Breaker,OP/DVM,1,L,15,215,16:20:00,n,2,NA,NA,NA,NA,NA,NA,NA
NA,2022-07-13,Breaker,OP/DVM,1,L,18,202,16:20:00,y,2,NA,44,84,123,NA,NA,NA
NA,2022-07-13,Breaker,OP/DVM,1,R,0,2668,16:20:00,y,2,NA,25,53,110,NA,NA,NA
NA,2022-07-13,Breaker,OP/DVM,1,R,8,2665,16:20:00,y,2,NA,41,100,164,NA,NA,NA
NA,2022-07-13,Manley,BT/KH,2,L,9,286,14:00:00,y,2,NA,15,7.7,14,NA,NA,NA
NA,2022-07-13,Manley,BT/KH,2,L,14,2591,14:00:00,y,2,NA,46,26,79,NA,NA,NA
NA,2022-07-13,Manley,BT/KH,2,R,11.5,2590,14:00:00,y,2,NA,13,55,111,NA,NA,NA
NA,2022-07-13,Manley,BT/KH,2,R,17,2560,14:00:00,y,2,NA,41,NA,NA,NA,NA,NA
NA,2022-07-13,Manley,BT/KH,2,R,18,2574,14:00:00,y,2,NA,46,41,94,NA,NA,NA
NA,2022-07-13,Manley,BT/KH,3,L,8.5,2080,14:00:00,y,2,NA,31,25,48,NA,NA,NA
NA,2022-07-13,Manley,BT/KH,3,L,12,2579,14:00:00,y,2,NA,61,32.5,70,NA,NA,NA
NA,2022-07-13,Manley,BT/KH,3,L,18.5,2554,14:00:00,y,2,NA,19,NA,NA,NA,NA,NA
NA,2022-07-13,Manley,OP/DVM,1,L,8,2571,14:00:00,y,2,NA,11,11,26,NA,NA,NA
NA,2022-07-13,Manley,OP/DVM,1,L,8.1,1891,14:00:00,y,2,NA,20,18,43,NA,NA,NA
NA,2022-07-13,Manley,OP/DVM,1,L,14,201,14:00:00,y,2,NA,35,19,39,NA,NA,NA
NA,2022-07-13,Manley,OP/DVM,1,L,14.5,210,14:00:00,y,2,NA,42,25,58,NA,NA,NA
NA,2022-07-13,Manley,OP/DVM,1,L,17,203,14:00:00,y,2,NA,28,12,27,NA,NA,NA
NA,2022-07-13,Manley,OP/DVM,1,R,1,1697,14:00:00,y,2,NA,14,26,49,NA,NA,NA
NA,2022-07-13,Manley,OP/DVM,1,R,11,212,14:00:00,y,2,NA,29,18,43,NA,NA,NA
NA,2022-07-13,Manley,OP/DVM,1,R,17,206,14:00:00,y,2,NA,28,12,20,NA,NA,NA
NA,2022-07-13,Ratatouille,BT/KH,2,L,2,1799,15:20:00,y,2,NA,44,53,130,NA,NA,NA
NA,2022-07-13,Ratatouille,BT/KH,2,L,19.5,1787,15:20:00,y,2,NA,36,NA,NA,NA,NA,NA
NA,2022-07-13,Ratatouille,BT/KH,2,R,5,2544,15:20:00,y,2,NA,56,79,146,NA,NA,NA
NA,2022-07-13,Ratatouille,BT/KH,2,R,13,2584,15:20:00,y,2,NA,23,NA,NA,NA,NA,NA
NA,2022-07-13,Ratatouille,BT/KH,2,R,15,2592,15:20:00,y,2,NA,45,73,160,NA,NA,NA
NA,2022-07-13,Ratatouille,BT/KH,3,L,1,276,15:20:00,y,2,NA,41,155,193,NA,NA,NA
NA,2022-07-13,Ratatouille,BT/KH,3,R,10,1817,15:20:00,y,2,NA,26,44,121,NA,NA,NA
NA,2022-07-13,Ratatouille,BT/KH,3,R,14,1750,15:20:00,y,2,NA,43,65,149,NA,NA,NA
NA,2022-07-13,Ratatouille,LL/DVM,2,L,16,2582,15:20:00,y,2,NA,48,38,105,NA,NA,NA
NA,2022-07-13,Ratatouille,LL/DVM,2,L,16,2585,15:20:00,y,2,NA,42,NA,NA,NA,NA,NA
NA,2022-07-13,Ratatouille,LL/DVM,2,L,20,2551,15:20:00,y,2,NA,56,93,232,NA,NA,NA
NA,2022-07-13,Ratatouille,LL/DVM,2,R,13,1921,15:20:00,y,2,NA,24,40,98,NA,NA,NA
NA,2022-07-13,Ratatouille,LL/DVM,2,R,15,106,15:20:00,y,2,NA,49,75,150,NA,NA,NA
NA,2022-07-13,Ratatouille,LL/DVM,3,R,15,1952,15:20:00,y,2,NA,26,19,40,NA,NA,NA
NA,2022-07-13,Ratatouille,LL/DVM,3,R,16,2064,15:20:00,n,2,NA,NA,NA,NA,NA,NA,NA
NA,2022-07-13,Ratatouille,LL/DVM,3,R,20,281,15:20:00,y,2,NA,48,37.5,70,NA,NA,NA
NA,2022-07-13,Second,BT,NA,NA,NA,1911,9:30:00,y,2,NA,56,60,116,NA,NA,NA
NA,2022-07-13,Second,BT,NA,NA,NA,2047,9:30:00,n,2,NA,NA,NA,NA,NA,NA,NA
NA,2022-07-13,Second,BT,NA,NA,NA,2117,9:30:00,y,2,NA,46,50,93,NA,NA,NA
NA,2022-07-13,Second,BT,NA,NA,NA,2515,9:30:00,y,2,NA,64,73,118,NA,NA,NA
NA,2022-07-13,Second,BT,NA,NA,NA,2563,9:30:00,y,2,NA,63,NA,NA,NA,NA,NA
NA,2022-07-13,Second,DVM,NA,NA,NA,1765,9:30:00,y,2,NA,24,NA,NA,NA,NA,NA
NA,2022-07-13,Second,DVM,NA,NA,NA,1848,9:30:00,y,2,NA,24,41,73,NA,NA,NA
NA,2022-07-13,Second,DVM,NA,NA,NA,2549,9:30:00,y,2,NA,64,60,143,NA,NA,NA
NA,2022-07-13,Second,DVM,NA,NA,NA,2575,9:30:00,y,2,NA,30,21.5,21.5,NA,NA,NA
NA,2022-07-13,Second,DVM,NA,NA,NA,2578,9:30:00,y,2,NA,76,55,137,NA,NA,NA
NA,2022-07-13,Second,KH,NA,NA,NA,207,9:30:00,y,2,NA,67,79,113,NA,NA,NA
NA,2022-07-13,Second,KH,NA,NA,NA,220,9:30:00,y,2,NA,33,NA,NA,NA,NA,NA
NA,2022-07-13,Second,KH,NA,NA,NA,224,9:30:00,y,2,NA,66,67,164,NA,NA,NA
NA,2022-07-13,Second,KH,NA,NA,NA,2073,9:30:00,y,2,NA,54,36,89,NA,NA,NA
NA,2022-07-13,Second,KH,NA,NA,NA,2566,9:30:00,y,2,NA,45,52.5,103,NA,NA,NA
NA,2022-07-13,Second,LL,NA,NA,NA,204,9:30:00,y,2,NA,61,127,207,NA,NA,NA
NA,2022-07-13,Second,LL,NA,NA,NA,213,9:30:00,y,2,NA,66,105,121,NA,NA,NA
NA,2022-07-13,Second,LL,NA,NA,NA,222,9:30:00,y,2,NA,62,NA,NA,NA,NA,NA
NA,2022-07-13,Second,LL,NA,NA,NA,1708,9:30:00,y,2,NA,68,NA,NA,NA,NA,NA
NA,2022-07-13,Second,LL,NA,NA,NA,1843,9:30:00,y,2,NA,91,89,193,NA,NA,NA
NA,2022-07-13,Triquetta,BT/KH,1,L,2,2663,14:00:00,y,2,NA,30,22,60,NA,NA,NA
NA,2022-07-13,Triquetta,BT/KH,1,L,10,2666,14:00:00,y,2,NA,56,NA,NA,NA,NA,NA
NA,2022-07-13,Triquetta,BT/KH,1,L,12,2677,14:00:00,y,2,NA,13,26,58,NA,NA,NA
NA,2022-07-13,Triquetta,BT/KH,1,R,5.4,2671,14:00:00,y,2,NA,51,34,75,NA,NA,NA
NA,2022-07-13,Triquetta,BT/KH,1,R,9,2676,14:00:00,y,2,NA,49,33,65,NA,NA,NA
NA,2022-07-13,Triquetta,BT/KH,1,R,16,2678,14:00:00,y,2,NA,63,40,86,NA,NA,NA
NA,2022-07-13,Triquetta,BT/KH,2,R,1,2669,14:00:00,y,2,NA,58,32,69,NA,NA,NA
NA,2022-07-13,Triquetta,BT/KH,2,R,5,2581,14:00:00,y,2,NA,34,NA,NA,NA,NA,NA
NA,2022-07-13,Triquetta,OP/DVM,3,L,9,221,14:00:00,y,2,NA,NA,NA,NA,NA,NA,NA
NA,2022-07-13,Triquetta,OP/DVM,3,L,12.5,208,14:00:00,y,2,NA,25,29,35,NA,NA,NA
NA,2022-07-13,Triquetta,OP/DVM,3,R,2.5,2674,14:00:00,y,2,NA,31,20,37,NA,NA,NA
NA,2022-07-13,Triquetta,OP/DVM,3,R,3.7,2675,14:00:00,y,2,NA,48,33,33,NA,NA,NA
NA,2022-07-13,Triquetta,OP/DVM,3,R,7.7,2679,14:00:00,y,2,NA,41,36,67,NA,NA,NA
NA,2022-07-13,Triquetta,OP/DVM,3,R,15.2,73,14:00:00,y,2,NA,44,NA,NA,NA,NA,NA
NA,2022-07-13,Triquetta,OP/DVM,3,R,16.5,223,14:00:00,y,2,NA,31,27,56,NA,NA,NA
NA,2022-07-13,Triquetta,OP/DVM,3,R,20,217,14:00:00,y,2,NA,26,NA,NA,NA,NA,NA
NA,2022-07-14,North,BT/KH,NA,NA,NA,1714,11:20:00,y,2,NA,42,NA,NA,NA,NA,NA
NA,2022-07-14,North,BT/KH,NA,NA,NA,1825,11:20:00,y,2,NA,51,NA,NA,NA,NA,NA
NA,2022-07-14,North,BT/KH,NA,NA,NA,1937,11:20:00,n,2,NA,NA,NA,NA,NA,NA,NA
NA,2022-07-14,North,BT/KH,NA,NA,NA,1969,11:20:00,y,2,NA,43,74,131,NA,NA,NA
NA,2022-07-14,North,BT/KH,NA,NA,NA,2070,11:20:00,y,2,NA,46,64,118,NA,NA,NA
NA,2022-07-14,North,BT/KH,NA,NA,NA,2540,11:20:00,y,2,NA,53,74,135,NA,NA,NA
NA,2022-07-14,North,BT/KH,NA,NA,NA,2565,11:20:00,y,2,NA,41,55,76,NA,NA,NA
NA,2022-07-14,North,BT/KH,NA,NA,NA,2580,11:20:00,n,2,NA,NA,NA,NA,NA,NA,NA
NA,2022-07-14,North,LL/DVM,NA,NA,NA,205,11:20:00,n,2,NA,NA,NA,NA,NA,NA,NA
NA,2022-07-14,North,LL/DVM,NA,NA,NA,209,11:20:00,y,2,NA,21,42,75,NA,NA,NA
NA,2022-07-14,North,LL/DVM,NA,NA,NA,216,11:20:00,n,2,NA,NA,NA,NA,NA,NA,NA
NA,2022-07-14,North,LL/DVM,NA,NA,NA,1803,11:20:00,y,2,NA,43,50,66,NA,NA,NA
NA,2022-07-14,North,LL/DVM,NA,NA,NA,2001,11:20:00,y,2,NA,41,43,43,NA,NA,NA
NA,2022-07-14,North,LL/DVM,NA,NA,NA,2134,11:20:00,y,2,NA,33,52,52,NA,NA,NA
NA,2022-07-14,North,LL/DVM,NA,NA,NA,2562,11:20:00,y,2,NA,52,73,161,NA,NA,NA
NA,2022-07-14,North,LL/DVM,NA,NA,NA,2587,11:20:00,y,2,NA,33,NA,NA,NA,NA,NA
NA,2022-07-24,Breaker,BT/KH,2,L,1,2572,11:30:00,NA,3,343,16,NA,NA,NA,NA,NA
NA,2022-07-24,Breaker,BT/KH,2,L,3,1897,11:30:00,NA,3,408,33,NA,NA,NA,NA,NA
NA,2022-07-24,Breaker,BT/KH,2,L,11,2572,11:30:00,NA,3,254,35,NA,NA,NA,NA,NA
NA,2022-07-24,Breaker,BT/KH,2,L,19,2509,11:30:00,NA,3,282,42,NA,NA,NA,NA,NA
NA,2022-07-24,Breaker,BT/KH,2,R,8,2557,11:30:00,NA,3,357,37,NA,NA,NA,NA,NA
NA,2022-07-24,Breaker,BT/KH,2,R,13,2547,11:30:00,NA,3,398,61,NA,NA,NA,NA,NA
NA,2022-07-24,Breaker,BT/KH,3,L,14,1784,11:30:00,NA,3,NA,NA,NA,NA,NA,NA,NA
NA,2022-07-24,Breaker,BT/KH,3,R,19,2022,11:30:00,NA,3,NA,NA,NA,NA,NA,NA,NA
NA,2022-07-24,Breaker,OP/DVM,1,L,3,2070,11:30:00,NA,3,327,58,NA,NA,NA,NA,NA
NA,2022-07-24,Breaker,OP/DVM,1,L,5,2673,11:30:00,NA,3,367,33,NA,NA,NA,NA,NA
NA,2022-07-24,Breaker,OP/DVM,1,L,6,1833,11:30:00,NA,3,NA,NA,NA,NA,NA,NA,NA
NA,2022-07-24,Breaker,OP/DVM,1,L,6,2561,11:30:00,NA,3,465,44,NA,NA,NA,NA,NA
NA,2022-07-24,Breaker,OP/DVM,1,L,15,215,11:30:00,NA,3,NA,NA,NA,NA,NA,NA,NA
NA,2022-07-24,Breaker,OP/DVM,1,L,18,202,11:30:00,NA,3,372,45,NA,NA,NA,NA,NA
NA,2022-07-24,Breaker,OP/DVM,1,R,0,2668,11:30:00,NA,3,324,32,NA,NA,NA,NA,NA
NA,2022-07-24,Breaker,OP/DVM,1,R,8,2665,11:30:00,NA,3,313,42,NA,NA,NA,NA,NA
NA,2022-07-24,Manley,BT/KH,2,L,9,286,10:00:00,NA,3,NA,NA,NA,NA,NA,NA,NA
NA,2022-07-24,Manley,BT/KH,2,L,14,2591,10:00:00,NA,3,436,47,NA,NA,NA,NA,NA
NA,2022-07-24,Manley,BT/KH,2,R,11.5,2590,10:00:00,NA,3,495,10,NA,NA,NA,NA,NA
NA,2022-07-24,Manley,BT/KH,2,R,17,2560,10:00:00,NA,3,435,31,NA,NA,NA,NA,NA
NA,2022-07-24,Manley,BT/KH,2,R,18,2574,10:00:00,NA,3,657,55,NA,NA,NA,NA,NA
NA,2022-07-24,Manley,BT/KH,3,L,8.5,2080,10:00:00,NA,3,356,30,NA,NA,NA,NA,NA
NA,2022-07-24,Manley,BT/KH,3,L,12,2579,10:00:00,NA,3,393,58,NA,NA,NA,NA,NA
NA,2022-07-24,Manley,BT/KH,3,L,18.5,2554,10:00:00,NA,3,321,28,NA,NA,NA,NA,NA
NA,2022-07-24,Manley,OP/DVM,1,L,8,2571,10:00:00,NA,3,NA,NA,NA,NA,NA,NA,NA
NA,2022-07-24,Manley,OP/DVM,1,L,8.1,1891,10:00:00,NA,3,255,11,NA,NA,NA,NA,NA
NA,2022-07-24,Manley,OP/DVM,1,L,14,201,10:00:00,NA,3,414,21,NA,NA,NA,NA,NA
NA,2022-07-24,Manley,OP/DVM,1,L,14.5,210,10:00:00,NA,3,506,37,NA,NA,NA,NA,NA
NA,2022-07-24,Manley,OP/DVM,1,L,17,203,10:00:00,NA,3,269,16,NA,NA,NA,NA,NA
NA,2022-07-24,Manley,OP/DVM,1,R,1,1697,10:00:00,NA,3,254,14,NA,NA,NA,NA,NA
NA,2022-07-24,Manley,OP/DVM,1,R,11,212,10:00:00,NA,3,231,27,NA,NA,NA,NA,NA
NA,2022-07-24,Manley,OP/DVM,1,R,17,206,10:00:00,NA,3,202,17,NA,NA,NA,NA,NA
NA,2022-07-24,North,BT/KH,NA,NA,NA,1714,14:45:00,NA,3,344,48,NA,NA,NA,NA,NA
NA,2022-07-24,North,BT/KH,NA,NA,NA,1825,14:45:00,NA,3,193,65,NA,NA,NA,NA,NA
NA,2022-07-24,North,BT/KH,NA,NA,NA,1937,14:45:00,NA,3,NA,NA,NA,NA,NA,NA,NA
NA,2022-07-24,North,BT/KH,NA,NA,NA,1969,14:45:00,NA,3,NA,NA,NA,NA,NA,NA,NA
NA,2022-07-24,North,BT/KH,NA,NA,NA,2070,14:45:00,NA,3,254,38,NA,NA,NA,NA,NA
NA,2022-07-24,North,BT/KH,NA,NA,NA,2540,14:45:00,NA,3,355,66,NA,NA,NA,NA,NA
NA,2022-07-24,North,BT/KH,NA,NA,NA,2565,14:45:00,NA,3,298,45,NA,NA,NA,NA,NA
NA,2022-07-24,North,BT/KH,NA,NA,NA,2580,14:45:00,NA,3,NA,NA,NA,NA,NA,NA,NA
NA,2022-07-24,North,LL/DVM,NA,NA,NA,205,14:45:00,NA,3,NA,NA,NA,NA,NA,NA,NA
NA,2022-07-24,North,LL/DVM,NA,NA,NA,209,14:45:00,NA,3,320,27,NA,NA,NA,NA,NA
NA,2022-07-24,North,LL/DVM,NA,NA,NA,216,14:45:00,NA,3,NA,NA,NA,NA,NA,NA,NA
NA,2022-07-24,North,LL/DVM,NA,NA,NA,1803,14:45:00,NA,3,242,44,NA,NA,NA,NA,NA
NA,2022-07-24,North,LL/DVM,NA,NA,NA,2001,14:45:00,NA,3,400,57,NA,NA,NA,NA,NA
NA,2022-07-24,North,LL/DVM,NA,NA,NA,2134,14:45:00,NA,3,398,33,NA,NA,NA,NA,NA
NA,2022-07-24,North,LL/DVM,NA,NA,NA,2562,14:45:00,NA,3,319,59,NA,NA,NA,NA,NA
NA,2022-07-24,North,LL/DVM,NA,NA,NA,2587,14:45:00,NA,3,251,43,NA,NA,NA,NA,NA
NA,2022-07-24,Ratatouille,BT/KH,2,L,2,1799,12:45:00,NA,3,506,45,NA,NA,NA,NA,NA
NA,2022-07-24,Ratatouille,BT/KH,2,L,19.5,1787,12:45:00,NA,3,426,44,NA,NA,NA,NA,NA
NA,2022-07-24,Ratatouille,BT/KH,2,R,5,2544,12:45:00,NA,3,481,60,NA,NA,NA,NA,NA
NA,2022-07-24,Ratatouille,BT/KH,2,R,13,2584,12:45:00,NA,3,565,26,NA,NA,NA,NA,NA
NA,2022-07-24,Ratatouille,BT/KH,2,R,15,2592,12:45:00,NA,3,460,28,NA,NA,NA,NA,NA
NA,2022-07-24,Ratatouille,BT/KH,3,L,1,276,12:45:00,NA,3,638,62,NA,NA,NA,NA,NA
NA,2022-07-24,Ratatouille,BT/KH,3,R,10,1817,12:45:00,NA,3,432,29,NA,NA,NA,NA,NA
NA,2022-07-24,Ratatouille,BT/KH,3,R,14,1750,12:45:00,NA,3,527,42,NA,NA,NA,NA,NA
NA,2022-07-24,Ratatouille,LL/DVM,2,L,16,2582,12:45:00,NA,3,258,29,NA,NA,NA,NA,NA
NA,2022-07-24,Ratatouille,LL/DVM,2,L,16,2585,12:45:00,NA,3,414,36,NA,NA,NA,NA,NA
NA,2022-07-24,Ratatouille,LL/DVM,2,L,20,2551,12:45:00,NA,3,593,34,NA,NA,NA,NA,NA
NA,2022-07-24,Ratatouille,LL/DVM,2,R,13,1921,12:45:00,NA,3,231,31,NA,NA,NA,NA,NA
NA,2022-07-24,Ratatouille,LL/DVM,2,R,15,106,12:45:00,NA,3,381,46,NA,NA,NA,NA,NA
NA,2022-07-24,Ratatouille,LL/DVM,3,R,15,1952,12:45:00,NA,3,190,20,NA,NA,NA,NA,NA
NA,2022-07-24,Ratatouille,LL/DVM,3,R,16,2064,12:45:00,NA,3,NA,NA,NA,NA,NA,NA,NA
NA,2022-07-24,Ratatouille,LL/DVM,3,R,20,281,12:45:00,NA,3,445,51,NA,NA,NA,NA,NA
NA,2022-07-24,Second,BT,NA,NA,NA,1911,14:00:00,NA,3,636,62,NA,NA,NA,NA,NA
NA,2022-07-24,Second,BT,NA,NA,NA,2047,14:00:00,NA,3,NA,NA,NA,NA,NA,NA,NA
NA,2022-07-24,Second,BT,NA,NA,NA,2117,14:00:00,NA,3,537,62,NA,NA,NA,NA,NA
NA,2022-07-24,Second,BT,NA,NA,NA,2515,14:00:00,NA,3,623,71,NA,NA,NA,NA,NA
NA,2022-07-24,Second,BT,NA,NA,NA,2563,14:00:00,NA,3,586,60,NA,NA,NA,NA,NA
NA,2022-07-24,Second,DVM,NA,NA,NA,1765,14:00:00,NA,3,686,25,NA,NA,NA,NA,NA
NA,2022-07-24,Second,DVM,NA,NA,NA,1848,14:00:00,NA,3,540,28,NA,NA,NA,NA,NA
NA,2022-07-24,Second,DVM,NA,NA,NA,2549,14:00:00,NA,3,572,66,NA,NA,NA,NA,NA
NA,2022-07-24,Second,DVM,NA,NA,NA,2575,14:00:00,NA,3,561,29,NA,NA,NA,NA,NA
NA,2022-07-24,Second,DVM,NA,NA,NA,2578,14:00:00,NA,3,709,73,NA,NA,NA,NA,NA
NA,2022-07-24,Second,KH,NA,NA,NA,207,14:00:00,NA,3,791,61,NA,NA,NA,NA,NA
NA,2022-07-24,Second,KH,NA,NA,NA,220,14:00:00,NA,3,619,33,NA,NA,NA,NA,NA
NA,2022-07-24,Second,KH,NA,NA,NA,224,14:00:00,NA,3,831,59,NA,NA,NA,NA,NA
NA,2022-07-24,Second,KH,NA,NA,NA,2073,14:00:00,NA,3,765,55,NA,NA,NA,NA,NA
NA,2022-07-24,Second,KH,NA,NA,NA,2566,14:00:00,NA,3,NA,NA,NA,NA,NA,NA,NA
NA,2022-07-24,Second,LL,NA,NA,NA,204,14:00:00,y,3,582,74,NA,NA,NA,NA,NA
NA,2022-07-24,Second,LL,NA,NA,NA,213,14:00:00,y,3,601,65,NA,NA,NA,NA,NA
NA,2022-07-24,Second,LL,NA,NA,NA,222,14:00:00,y,3,628,67,NA,NA,NA,NA,NA
NA,2022-07-24,Second,LL,NA,NA,NA,1708,14:00:00,y,3,871,66,NA,NA,NA,NA,NA
NA,2022-07-24,Second,LL,NA,NA,NA,1843,14:00:00,y,3,689,95,NA,NA,NA,NA,NA
NA,2022-07-24,Triquetta,BT/KH,1,L,2,2663,9:15:00,NA,3,294,43,NA,NA,NA,NA,NA
NA,2022-07-24,Triquetta,BT/KH,1,L,10,2666,9:15:00,NA,3,NA,NA,NA,NA,NA,NA,NA
NA,2022-07-24,Triquetta,BT/KH,1,L,12,2677,9:15:00,NA,3,274,12,NA,NA,NA,NA,NA
NA,2022-07-24,Triquetta,BT/KH,1,R,5.4,2671,9:15:00,NA,3,441,46,NA,NA,NA,NA,NA
NA,2022-07-24,Triquetta,BT/KH,1,R,9,2676,9:15:00,NA,3,449,28,NA,NA,NA,NA,NA
NA,2022-07-24,Triquetta,BT/KH,1,R,16,2678,9:15:00,NA,3,529,58,NA,NA,NA,NA,NA
NA,2022-07-24,Triquetta,BT/KH,2,R,1,2669,9:15:00,NA,3,338,35,NA,NA,NA,NA,NA
NA,2022-07-24,Triquetta,BT/KH,2,R,5,2581,9:15:00,NA,3,468,54,NA,NA,NA,NA,NA
NA,2022-07-24,Triquetta,OP/DVM,3,L,9,221,9:15:00,NA,3,NA,NA,NA,NA,NA,NA,NA
NA,2022-07-24,Triquetta,OP/DVM,3,L,12.5,208,9:15:00,NA,3,265,20,NA,NA,NA,NA,NA
NA,2022-07-24,Triquetta,OP/DVM,3,R,2.5,2674,9:15:00,NA,3,299,32,NA,NA,NA,NA,NA
NA,2022-07-24,Triquetta,OP/DVM,3,R,3.7,2675,9:15:00,NA,3,456,44,NA,NA,NA,NA,NA
NA,2022-07-24,Triquetta,OP/DVM,3,R,7.7,2679,9:15:00,NA,3,519,39,NA,NA,NA,NA,NA
NA,2022-07-24,Triquetta,OP/DVM,3,R,15.2,73,9:15:00,NA,3,337,50,NA,NA,NA,NA,NA
NA,2022-07-24,Triquetta,OP/DVM,3,R,16.5,223,9:15:00,NA,3,291,38,NA,NA,NA,NA,NA
NA,2022-07-24,Triquetta,OP/DVM,3,R,20,217,9:15:00,NA,3,239,28,NA,NA,NA,NA,NA
NA,2023-07-08,North,LL,NA,NA,NA,276,12:40:00,NA,1,378,NA,10,41,54,43,0
NA,2023-07-08,North,LL,NA,NA,NA,1714,12:40:00,NA,1,309,NA,30,104,150,49,0
NA,2023-07-08,North,LL,NA,NA,NA,1891,12:40:00,NA,1,419,NA,30,82,150,54,L
NA,2023-07-08,North,LL,NA,NA,NA,1921,12:40:00,NA,1,360,NA,30,94,150,49,H
NA,2023-07-08,North,LL,NA,NA,NA,2080,12:40:00,NA,1,389,NA,15,45,136,43,0
NA,2023-07-08,North,LL,NA,NA,NA,2563,12:40:00,NA,1,215,NA,25,71,114,35,0
NA,2023-07-08,North,OP,NA,NA,NA,1799,13:00:00,NA,1,389,NA,23.5,72,55,43,0
NA,2023-07-08,North,OP,NA,NA,NA,1820,13:00:00,NA,1,226,NA,20,72,60,30,0
NA,2023-07-08,North,OP,NA,NA,NA,1952,13:00:00,NA,1,294,NA,25,85,90,34,0
NA,2023-07-08,North,OP,NA,NA,NA,2066,13:00:00,NA,1,345,NA,40,119,160,50,H
NA,2023-07-08,North,OP,NA,NA,NA,2070,13:00:00,NA,1,347,NA,30,79,95,44,L
NA,2023-07-08,North,OP,NA,NA,NA,2117,13:00:00,NA,1,350,NA,33,104,75,39,0
NA,2023-07-08,North,OP,NA,NA,NA,2544,13:00:00,NA,1,234,NA,37,122,74,47,0
NA,2023-07-08,North,OP,NA,NA,NA,2576,13:00:00,NA,1,326,NA,20,53,40,NA,0
NA,2023-07-08,North,OP,NA,NA,NA,2578,13:00:00,NA,1,227,NA,21,51,41,40,0
NA,2023-07-08,Second,LL,NA,NA,NA,73,10:00:00,NA,1,672,NA,40,118,190,39,L
NA,2023-07-08,Second,LL,NA,NA,NA,203,10:00:00,NA,1,669,NA,85,254,320,51,L
NA,2023-07-08,Second,LL,NA,NA,NA,204,10:00:00,NA,1,658,NA,40,243,161,30,0
NA,2023-07-08,Second,LL,NA,NA,NA,212,10:00:00,NA,1,697,NA,110,335,320,51,L
NA,2023-07-08,Second,LL,NA,NA,NA,213,10:00:00,NA,1,702,NA,100,288,310,52,H
NA,2023-07-08,Second,LL,NA,NA,NA,224,10:00:00,NA,1,214,NA,17,52,49,NA,0
NA,2023-07-08,Second,OP,NA,NA,NA,106,10:15:00,NA,1,244,NA,29,69,101,19,0
NA,2023-07-08,Second,OP,NA,NA,NA,201,10:15:00,NA,1,513,NA,50,144,119,28,0
NA,2023-07-08,Second,OP,NA,NA,NA,202,10:15:00,NA,1,507,NA,50,140,150,20,0
NA,2023-07-08,Second,OP,NA,NA,NA,206,10:15:00,NA,1,554,NA,30,91,354,38,L
NA,2023-07-08,Second,OP,NA,NA,NA,207,10:15:00,NA,1,473,NA,15,54,222,43,0
NA,2023-07-08,Second,OP,NA,NA,NA,208,10:15:00,NA,1,517,NA,40,137,150,40,0
NA,2023-07-08,Second,OP,NA,NA,NA,210,10:15:00,NA,1,NA,NA,45,145,150,31,0
NA,2023-07-08,Second,OP,NA,NA,NA,217,10:15:00,NA,1,557,NA,40,132,250,46,L
NA,2023-07-09,Breaker,DVM,1,L,2,2542,9:50:00,NA,1,341,NA,25,70,132,47,0
NA,2023-07-09,Breaker,DVM,1,L,5,2554,9:50:00,NA,1,530,NA,50,150,170,48,L
NA,2023-07-09,Breaker,DVM,1,L,9,1843,9:50:00,NA,1,448,NA,24,72,70,26,0
NA,2023-07-09,Breaker,DVM,1,L,19,2572,9:50:00,NA,1,556,NA,35,119,116,43,0
NA,2023-07-09,Breaker,DVM,1,L,19.5,1750,9:50:00,NA,1,572,NA,27,85,107,41,0
NA,2023-07-09,Breaker,DVM,1,R,2,2515,9:50:00,NA,1,NA,NA,14,41,105,44,L
NA,2023-07-09,Breaker,DVM,1,R,10,2565,9:50:00,NA,1,514,NA,40,179,128,45,L
NA,2023-07-09,Breaker,DVM,1,R,15,2557,9:50:00,NA,1,430,NA,26.5,81,70,NA,0
NA,2023-07-09,Breaker,DVM,1,R,17.5,2540,9:50:00,NA,1,650,NA,30,94,95,45,0
NA,2023-07-09,Breaker,OP,3,L,15,2561,9:50:00,NA,1,475,NA,34,135,160,50,H
NA,2023-07-09,Breaker,OP,3,R,15,1803,9:50:00,NA,1,411,NA,25,79,85,41,0
NA,2023-07-09,Breaker,OP,3,R,15,2504,9:50:00,NA,1,372,NA,NA,NA,39,33,NA
NA,2023-07-09,Breaker,OP,3,R,18,1825,9:50:00,NA,1,531,NA,49.5,141,150,36,L
NA,2023-07-09,Breaker,OP,3,R,18,2072,9:50:00,NA,1,NA,NA,15,41,47,35,0
NA,2023-07-09,Breaker,OP,3,R,18,2073,9:50:00,NA,1,308,NA,15,39,50,46,0
NA,2023-07-09,Ratatouille,DVM,1,L,2.5,2,12:08:00,NA,1,602,NA,100,389,320,52,L
NA,2023-07-09,Ratatouille,DVM,1,L,5,3,12:08:00,NA,1,161,NA,10,36,75,21,0
NA,2023-07-09,Ratatouille,DVM,1,L,9,1,12:08:00,NA,1,294,NA,18,70,258,33,0
NA,2023-07-09,Ratatouille,DVM,1,L,11,4,12:08:00,NA,1,230,NA,32,117,140,29,0
NA,2023-07-09,Ratatouille,DVM,1,R,3,8,12:08:00,NA,1,551,NA,115,430,300,56,L
NA,2023-07-09,Ratatouille,DVM,1,R,4,7,12:08:00,NA,1,248,NA,34,117,110,18,0
NA,2023-07-09,Ratatouille,DVM,1,R,8,6,12:08:00,NA,1,373,NA,44,208,370,26,0
NA,2023-07-09,Ratatouille,DVM,1,R,11,5,12:08:00,NA,1,443,NA,35,122,148,40,0
NA,2023-07-09,Ratatouille,DVM,1,R,15,0,12:08:00,NA,1,336,NA,50,162,255,NA,0
NA,2023-07-09,Ratatouille,OP,3,L,1,1765,12:15:00,NA,1,348,NA,32,106,95,39,0
NA,2023-07-09,Ratatouille,OP,3,R,0,1797,12:15:00,NA,1,422,NA,42,181,122,35,L
NA,2023-07-09,Ratatouille,OP,3,R,0.5,223,12:15:00,NA,1,285,NA,15,95,90,27,0
NA,2023-07-09,Ratatouille,OP,3,R,1,209,12:15:00,NA,1,231,NA,29,104,120,37,0
NA,2023-07-09,Ratatouille,OP,3,R,1.2,220,12:15:00,NA,1,485,NA,56,197,170,57,H
NA,2023-07-09,Ratatouille,OP,3,R,1.2,434,12:15:00,NA,1,426,NA,19,66,100,34,0
NA,2023-07-09,Ratatouille,OP,3,R,1.5,222,12:15:00,NA,1,213,NA,25,61,51,21,0
NA,2023-07-10,Manley,DCO,3,L,7,1946,12:12:00,NA,1,379,NA,30,111,137,33,0
NA,2023-07-10,Manley,DCO,3,R,3,2597,12:12:00,NA,1,120,NA,15,71,97,18,0
NA,2023-07-10,Manley,DCO,3,R,14,2601,12:12:00,NA,1,318,NA,10,34,141,43,0
NA,2023-07-10,Manley,DCO,3,R,17,2022,12:12:00,NA,1,365,NA,10,32,48,28,0
NA,2023-07-10,Manley,DVM,1,L,15,1697,12:12:00,NA,1,213,NA,15,58,87,8,0
NA,2023-07-10,Manley,DVM,1,L,17,2593,12:12:00,NA,1,95,NA,28,74,80,19,0
NA,2023-07-10,Manley,DVM,2,L,18,2598,12:12:00,NA,1,330,NA,71,190,185,52,L
NA,2023-07-10,Manley,DVM,2,R,10,1911,12:12:00,NA,1,118,NA,15,59,75,13,0
NA,2023-07-10,Manley,DVM,3,R,3,2596,12:12:00,NA,1,237,NA,15,45,95,20,0
NA,2023-07-10,Manley,DVM,3,R,10,2600,12:12:00,NA,1,110,NA,20,69,95,11,0
NA,2023-07-10,Manley,DVM,3,R,15,2595,12:12:00,NA,1,115,NA,11.5,50,120,14,0
NA,2023-07-10,Manley,LL,2,L,20,281,12:12:00,NA,1,150,NA,30,108,97,16,0
NA,2023-07-10,Manley,LL,2,R,10,1817,12:12:00,NA,1,248,NA,25,88,129,32,0
NA,2023-07-10,Manley,LL,3,L,6,2675,12:12:00,NA,1,150,NA,10,50,63,12,0
NA,2023-07-10,Manley,LL,3,R,3,2594,12:12:00,NA,1,168,NA,25,71,73,9,0
NA,2023-07-10,Manley,LL,3,R,17,2599,12:12:00,NA,1,104,NA,30,81,70,NA,0
NA,2023-07-10,Triquetta,DCO,1,L,0,2668,9:55:00,NA,1,163,NA,20,89,137,24,0
NA,2023-07-10,Triquetta,DCO,1,L,1,2674,9:55:00,NA,1,129,NA,25,72,72,12,0
NA,2023-07-10,Triquetta,DCO,2,L,3,2663,9:55:00,NA,1,153,NA,15,57,90,15,0
NA,2023-07-10,Triquetta,DCO,2,L,4,2664,9:55:00,NA,1,160,NA,15,58,78,15,0
NA,2023-07-10,Triquetta,DCO,3,R,1,2672,9:55:00,NA,1,400,NA,40,123,154,NA,0
NA,2023-07-10,Triquetta,DCO,3,R,5,2582,9:55:00,NA,1,173,NA,15,63,101,15,0
NA,2023-07-10,Triquetta,DCO,3,R,5,2585,9:55:00,NA,1,116,NA,15,34,64,NA,0
NA,2023-07-10,Triquetta,DVM,1,L,7,2591,9:55:00,NA,1,166,NA,18,51,70,16,0
NA,2023-07-10,Triquetta,DVM,1,R,12,2547,9:55:00,NA,1,244,NA,40,123,210,28,0
NA,2023-07-10,Triquetta,DVM,2,L,5,1708,9:55:00,NA,1,132,NA,23,91,92,8,0
NA,2023-07-10,Triquetta,DVM,2,L,6,2587,9:55:00,NA,1,192,NA,30,110,130,NA,0
NA,2023-07-10,Triquetta,DVM,3,L,2,2573,9:55:00,NA,1,NA,NA,32,100,140,NA,0
NA,2023-07-10,Triquetta,DVM,3,L,10,1784,9:55:00,NA,1,327,NA,40,143,223,42,0
NA,2023-07-10,Triquetta,LL,2,R,10,2592,9:44:00,NA,1,156,NA,30,112,115,15,0
NA,2023-07-10,Triquetta,LL,2,R,15,2579,9:44:00,NA,1,142,NA,25,82,9,17,0
NA,2023-07-10,Triquetta,LL,3,L,5,2562,9:44:00,NA,1,111,NA,25,79,78,12,0
NA,2023-07-10,Triquetta,LL,3,R,5,2551,9:44:00,NA,1,472,NA,30,74,158,45,0
NA,2023-07-12,North,LL,NA,NA,NA,276,15:40:00,NA,2,NA,39,30,53,NA,NA,NA
NA,2023-07-12,North,LL,NA,NA,NA,1714,15:40:00,NA,2,NA,47,52,135,NA,NA,NA
NA,2023-07-12,North,LL,NA,NA,NA,1891,15:40:00,NA,2,NA,53,43,104,NA,NA,NA
NA,2023-07-12,North,LL,NA,NA,NA,1921,15:40:00,NA,2,NA,61,42,67,NA,NA,NA
NA,2023-07-12,North,LL,NA,NA,NA,2080,15:40:00,NA,2,NA,66,43,49,NA,NA,NA
NA,2023-07-12,North,LL,NA,NA,NA,2563,15:40:00,NA,2,NA,42,NA,NA,NA,NA,NA
NA,2023-07-12,North,OP,NA,NA,NA,1799,15:40:00,NA,2,NA,52,40,92,NA,NA,NA
NA,2023-07-12,North,OP,NA,NA,NA,1820,15:40:00,NA,2,NA,59,37,91,NA,NA,NA
NA,2023-07-12,North,OP,NA,NA,NA,1952,15:40:00,NA,2,NA,30,42,106,NA,NA,NA
NA,2023-07-12,North,OP,NA,NA,NA,2066,15:40:00,NA,2,NA,75,64.5,144,NA,NA,NA
NA,2023-07-12,North,OP,NA,NA,NA,2070,15:40:00,NA,2,NA,39,44,94,NA,NA,NA
NA,2023-07-12,North,OP,NA,NA,NA,2117,15:40:00,NA,2,NA,47,50,125,NA,NA,NA
NA,2023-07-12,North,OP,NA,NA,NA,2544,15:40:00,NA,2,NA,37,55,141,NA,NA,NA
NA,2023-07-12,North,OP,NA,NA,NA,2576,15:40:00,NA,2,NA,NA,NA,NA,NA,NA,NA
NA,2023-07-12,North,OP,NA,NA,NA,2578,15:40:00,NA,2,NA,36,36,67,NA,NA,NA
NA,2023-07-12,Second,LL,NA,NA,NA,73,12:15:00,NA,2,NA,44,57,92,NA,NA,NA
NA,2023-07-12,Second,LL,NA,NA,NA,203,12:15:00,NA,2,NA,64,96,203,NA,NA,NA
NA,2023-07-12,Second,LL,NA,NA,NA,204,12:15:00,NA,2,NA,36,58,161,NA,NA,NA
NA,2023-07-12,Second,LL,NA,NA,NA,212,12:15:00,NA,2,NA,63,138,347,NA,NA,NA
NA,2023-07-12,Second,LL,NA,NA,NA,213,12:15:00,NA,2,NA,43,NA,NA,NA,NA,NA
NA,2023-07-12,Second,LL,NA,NA,NA,224,12:15:00,NA,2,NA,15,21,56,NA,NA,NA
NA,2023-07-12,Second,OP,NA,NA,NA,106,12:15:00,NA,2,NA,23,42,82,NA,NA,NA
NA,2023-07-12,Second,OP,NA,NA,NA,201,12:15:00,NA,2,NA,37,70,104,NA,NA,NA
NA,2023-07-12,Second,OP,NA,NA,NA,202,12:15:00,NA,2,NA,28,72,185,NA,NA,NA
NA,2023-07-12,Second,OP,NA,NA,NA,206,12:15:00,NA,2,NA,46,45,128,NA,NA,NA
NA,2023-07-12,Second,OP,NA,NA,NA,207,12:15:00,NA,2,NA,57,34,81,NA,NA,NA
NA,2023-07-12,Second,OP,NA,NA,NA,208,12:15:00,NA,2,NA,39,65,193,NA,NA,NA
NA,2023-07-12,Second,OP,NA,NA,NA,210,12:15:00,NA,2,NA,36,NA,NA,NA,NA,NA
NA,2023-07-12,Second,OP,NA,NA,NA,217,12:15:00,NA,2,NA,75,69,142,NA,NA,NA
NA,2023-07-13,Breaker,DVM,1,L,2,2542,9:41:00,NA,2,NA,20,33.5,86,NA,NA,NA
NA,2023-07-13,Breaker,DVM,1,L,5,2554,9:41:00,NA,2,NA,22,NA,NA,NA,NA,NA
NA,2023-07-13,Breaker,DVM,1,L,9,1843,9:41:00,NA,2,NA,8,36,76,NA,NA,NA
NA,2023-07-13,Breaker,DVM,1,L,19,2572,9:41:00,NA,2,NA,29,43,130,NA,NA,NA
NA,2023-07-13,Breaker,DVM,1,L,19.5,1750,9:41:00,NA,2,NA,NA,35,35,NA,NA,NA
NA,2023-07-13,Breaker,DVM,1,R,2,2515,9:41:00,NA,2,NA,7,18,46,NA,NA,NA
NA,2023-07-13,Breaker,DVM,1,R,10,2565,9:41:00,NA,2,NA,16,45,128,NA,NA,NA
NA,2023-07-13,Breaker,DVM,1,R,15,2557,9:41:00,NA,2,NA,NA,NA,NA,NA,NA,NA
NA,2023-07-13,Breaker,DVM,1,R,17.5,2540,9:41:00,NA,2,NA,19,30,73,NA,NA,NA
NA,2023-07-13,Breaker,OP,3,L,15,2561,10:30:00,NA,2,NA,40,88,186,NA,NA,NA
NA,2023-07-13,Breaker,OP,3,R,15,1803,10:30:00,NA,2,NA,34,35,74,NA,NA,NA
NA,2023-07-13,Breaker,OP,3,R,15,2504,10:30:00,NA,2,NA,35,NA,NA,NA,NA,NA
NA,2023-07-13,Breaker,OP,3,R,18,1825,10:30:00,NA,2,NA,34,NA,NA,NA,NA,NA
NA,2023-07-13,Breaker,OP,3,R,18,2072,10:30:00,NA,2,NA,20,15,29,NA,NA,NA
NA,2023-07-13,Breaker,OP,3,R,18,2073,10:30:00,NA,2,NA,16,15,37,NA,NA,NA
NA,2023-07-13,Ratatouille,DVM,1,L,2.5,2,12:44:00,NA,2,NA,50,NA,NA,NA,NA,NA
NA,2023-07-13,Ratatouille,DVM,1,L,5,3,12:44:00,NA,2,NA,21,24,54,NA,NA,NA
NA,2023-07-13,Ratatouille,DVM,1,L,9,1,12:44:00,NA,2,NA,25,25,81,NA,NA,NA
NA,2023-07-13,Ratatouille,DVM,1,L,11,4,12:44:00,NA,2,NA,23,35.5,129,NA,NA,NA
NA,2023-07-13,Ratatouille,DVM,1,R,3,8,12:44:00,NA,2,NA,69,NA,NA,NA,NA,NA
NA,2023-07-13,Ratatouille,DVM,1,R,4,7,12:44:00,NA,2,NA,17,46,113,NA,NA,NA
NA,2023-07-13,Ratatouille,DVM,1,R,8,6,12:44:00,NA,2,NA,47,76,228,NA,NA,NA
NA,2023-07-13,Ratatouille,DVM,1,R,11,5,12:44:00,NA,2,NA,28,50.5,124,NA,NA,NA
NA,2023-07-13,Ratatouille,DVM,1,R,15,0,12:44:00,NA,2,NA,NA,NA,NA,NA,NA,NA
NA,2023-07-13,Ratatouille,OP,3,L,1,1765,12:44:00,NA,2,NA,32,41,112,NA,NA,NA
NA,2023-07-13,Ratatouille,OP,3,R,0,1797,12:44:00,NA,2,NA,26,NA,NA,NA,NA,NA
NA,2023-07-13,Ratatouille,OP,3,R,0.5,223,12:44:00,NA,2,NA,27,22,97,NA,NA,NA
NA,2023-07-13,Ratatouille,OP,3,R,1,209,12:44:00,NA,2,NA,48,33,87,NA,NA,NA
NA,2023-07-13,Ratatouille,OP,3,R,1.2,220,12:44:00,NA,2,NA,70,75,218,NA,NA,NA
NA,2023-07-13,Ratatouille,OP,3,R,1.2,434,12:44:00,NA,2,NA,32,30,79,NA,NA,NA
NA,2023-07-13,Ratatouille,OP,3,R,1.5,222,12:44:00,NA,2,NA,18,31,67,NA,NA,NA
NA,2023-07-14,Manley,DCO,3,L,7,1946,12:12:00,NA,2,NA,52,50,155,NA,NA,NA
NA,2023-07-14,Manley,DCO,3,R,3,2597,12:12:00,NA,2,NA,40,30,86,NA,NA,NA
NA,2023-07-14,Manley,DCO,3,R,14,2601,12:12:00,NA,2,NA,49,23,47,NA,NA,NA
NA,2023-07-14,Manley,DCO,3,R,17,2022,12:12:00,NA,2,NA,19,11,30,NA,NA,NA
NA,2023-07-14,Manley,DVM,1,L,15,1697,13:00:00,NA,2,NA,25,24,67,NA,NA,NA
NA,2023-07-14,Manley,DVM,1,L,17,2593,13:00:00,NA,2,NA,31,42,93,NA,NA,NA
NA,2023-07-14,Manley,DVM,2,L,18,2598,13:00:00,NA,2,NA,45,130,197,NA,NA,NA
NA,2023-07-14,Manley,DVM,2,R,10,1911,13:00:00,NA,2,NA,25,26,71,NA,NA,NA
NA,2023-07-14,Manley,DVM,3,R,3,2596,13:00:00,NA,2,NA,32,24,52,NA,NA,NA
NA,2023-07-14,Manley,DVM,3,R,10,2600,13:00:00,NA,2,NA,21,33,87,NA,NA,NA
NA,2023-07-14,Manley,DVM,3,R,15,2595,13:00:00,NA,2,NA,30,25,66,NA,NA,NA
NA,2023-07-14,Manley,LL,2,L,20,281,13:00:00,NA,2,NA,26,32,86,NA,NA,NA
NA,2023-07-14,Manley,LL,2,R,10,1817,13:00:00,n,2,NA,63,NA,NA,NA,NA,NA
NA,2023-07-14,Manley,LL,3,L,6,2675,13:00:00,NA,2,NA,22,14,56,NA,NA,NA
NA,2023-07-14,Manley,LL,3,R,3,2594,13:00:00,NA,2,NA,19,31,65,NA,NA,NA
NA,2023-07-14,Manley,LL,3,R,17,2599,13:00:00,n,2,NA,NA,NA,NA,NA,NA,NA
NA,2023-07-14,Triquetta,DCO,1,L,0,2668,13:00:00,NA,2,NA,31,NA,NA,NA,NA,NA
NA,2023-07-14,Triquetta,DCO,1,L,1,2674,13:00:00,NA,2,NA,7,48,83,NA,NA,NA
NA,2023-07-14,Triquetta,DCO,2,L,3,2663,13:00:00,NA,2,NA,21,21,62,NA,NA,NA
NA,2023-07-14,Triquetta,DCO,2,L,4,2664,13:00:00,NA,2,NA,24,NA,NA,NA,NA,NA
NA,2023-07-14,Triquetta,DCO,3,R,1,2672,13:00:00,NA,2,NA,NA,NA,NA,NA,NA,NA
NA,2023-07-14,Triquetta,DCO,3,R,5,2582,13:00:00,NA,2,NA,32,26,79,NA,NA,NA
NA,2023-07-14,Triquetta,DCO,3,R,5,2585,13:00:00,NA,2,NA,NA,NA,NA,NA,NA,NA
NA,2023-07-14,Triquetta,DVM,1,L,7,2591,13:00:00,NA,2,NA,18,27,56,NA,NA,NA
NA,2023-07-14,Triquetta,DVM,1,R,12,2547,13:00:00,NA,2,NA,45,57,133,NA,NA,NA
NA,2023-07-14,Triquetta,DVM,2,L,5,1708,13:00:00,NA,2,NA,18,45,98,NA,NA,NA
NA,2023-07-14,Triquetta,DVM,2,L,6,2587,13:00:00,NA,2,NA,NA,NA,NA,NA,NA,NA
NA,2023-07-14,Triquetta,DVM,3,L,2,2573,13:00:00,NA,2,NA,NA,NA,NA,NA,NA,NA
NA,2023-07-14,Triquetta,DVM,3,L,10,1784,13:00:00,NA,2,NA,50,NA,NA,NA,NA,NA
NA,2023-07-14,Triquetta,LL,2,R,10,2592,13:00:00,NA,2,NA,22,51,123,NA,NA,NA
NA,2023-07-14,Triquetta,LL,2,R,15,2579,13:00:00,NA,2,NA,24,27,NA,NA,NA,NA
NA,2023-07-14,Triquetta,LL,3,L,5,2562,13:00:00,NA,2,NA,16,45,98,NA,NA,NA
NA,2023-07-14,Triquetta,LL,3,R,5,2551,13:00:00,NA,2,NA,68,36,87,NA,NA,NA
NA,2023-07-25,Breaker,DVM,1,L,2,2542,14:00:00,NA,3,348,30,NA,NA,NA,NA,NA
NA,2023-07-25,Breaker,DVM,1,L,5,2554,14:00:00,NA,3,558,16,NA,NA,NA,NA,NA
NA,2023-07-25,Breaker,DVM,1,L,9,1843,14:00:00,NA,3,448,5,NA,NA,NA,NA,NA
NA,2023-07-25,Breaker,DVM,1,L,19,2572,14:00:00,NA,3,561,19,NA,NA,NA,NA,NA
NA,2023-07-25,Breaker,DVM,1,L,19.5,1750,14:00:00,NA,3,NA,NA,NA,NA,NA,NA,NA
NA,2023-07-25,Breaker,DVM,1,R,2,2515,14:00:00,NA,3,461,5,NA,NA,NA,NA,NA
NA,2023-07-25,Breaker,DVM,1,R,10,2565,14:00:00,NA,3,521,9,NA,NA,NA,NA,NA
NA,2023-07-25,Breaker,DVM,1,R,15,2557,14:00:00,NA,3,528,20,NA,NA,NA,NA,NA
NA,2023-07-25,Breaker,DVM,1,R,17.5,2540,14:00:00,NA,3,652,0,NA,NA,NA,NA,NA
NA,2023-07-25,Breaker,OP,3,L,15,2561,14:00:00,NA,3,475,32,NA,NA,NA,NA,NA
NA,2023-07-25,Breaker,OP,3,R,15,1803,14:00:00,NA,3,423,36,NA,NA,NA,NA,NA
NA,2023-07-25,Breaker,OP,3,R,15,2504,14:00:00,NA,3,372,35,NA,NA,NA,NA,NA
NA,2023-07-25,Breaker,OP,3,R,18,1825,14:00:00,NA,3,537,47,NA,NA,NA,NA,NA
NA,2023-07-25,Breaker,OP,3,R,18,2072,14:00:00,NA,3,336,20,NA,NA,NA,NA,NA
NA,2023-07-25,Breaker,OP,3,R,18,2073,14:00:00,NA,3,315,27,NA,NA,NA,NA,NA
NA,2023-07-25,North,LL,NA,NA,NA,276,10:30:00,NA,3,390,46,NA,NA,NA,NA,NA
NA,2023-07-25,North,LL,NA,NA,NA,1714,10:30:00,NA,3,341,50,NA,NA,NA,NA,NA
NA,2023-07-25,North,LL,NA,NA,NA,1891,10:30:00,NA,3,434,53,NA,NA,NA,NA,NA
NA,2023-07-25,North,LL,NA,NA,NA,1921,10:30:00,NA,3,360,61,NA,NA,NA,NA,NA
NA,2023-07-25,North,LL,NA,NA,NA,2080,10:30:00,NA,3,440,79,NA,NA,NA,NA,NA
NA,2023-07-25,North,LL,NA,NA,NA,2563,10:30:00,NA,3,254,46,NA,NA,NA,NA,NA
NA,2023-07-25,North,OP,NA,NA,NA,1799,10:30:00,NA,3,396,57,NA,NA,NA,NA,NA
NA,2023-07-25,North,OP,NA,NA,NA,1820,10:30:00,NA,3,241,58,NA,NA,NA,NA,NA
NA,2023-07-25,North,OP,NA,NA,NA,1952,10:30:00,NA,3,308,45,NA,NA,NA,NA,NA
NA,2023-07-25,North,OP,NA,NA,NA,2066,10:30:00,NA,3,351,76,NA,NA,NA,NA,NA
NA,2023-07-25,North,OP,NA,NA,NA,2070,10:30:00,NA,3,347,46,NA,NA,NA,NA,NA
NA,2023-07-25,North,OP,NA,NA,NA,2117,10:30:00,NA,3,351,53,NA,NA,NA,NA,NA
NA,2023-07-25,North,OP,NA,NA,NA,2544,10:30:00,NA,3,254,43,NA,NA,NA,NA,NA
NA,2023-07-25,North,OP,NA,NA,NA,2576,10:30:00,NA,3,NA,NA,NA,NA,NA,NA,NA
NA,2023-07-25,North,OP,NA,NA,NA,2578,10:30:00,NA,3,246,39,NA,NA,NA,NA,NA
NA,2023-07-25,Ratatouille,DVM,1,L,2.5,2,12:00:00,NA,3,641,59,NA,NA,NA,NA,NA
NA,2023-07-25,Ratatouille,DVM,1,L,5,3,12:00:00,NA,3,221,29,NA,NA,NA,NA,NA
NA,2023-07-25,Ratatouille,DVM,1,L,9,1,12:00:00,NA,3,369,25,NA,NA,NA,NA,NA
NA,2023-07-25,Ratatouille,DVM,1,L,11,4,12:00:00,NA,3,321,34,NA,NA,NA,NA,NA
NA,2023-07-25,Ratatouille,DVM,1,R,3,8,12:00:00,NA,3,582,81,NA,NA,NA,NA,NA
NA,2023-07-25,Ratatouille,DVM,1,R,4,7,12:00:00,NA,3,367,33,NA,NA,NA,NA,NA
NA,2023-07-25,Ratatouille,DVM,1,R,8,6,12:00:00,NA,3,444,66,NA,NA,NA,NA,NA
NA,2023-07-25,Ratatouille,DVM,1,R,11,5,12:00:00,NA,3,493,32,NA,NA,NA,NA,NA
NA,2023-07-25,Ratatouille,DVM,1,R,15,0,12:00:00,NA,3,NA,NA,NA,NA,NA,NA,NA
NA,2023-07-25,Ratatouille,OP,3,L,1,1765,12:00:00,NA,3,379,33,NA,NA,NA,NA,NA
NA,2023-07-25,Ratatouille,OP,3,R,0,1797,12:00:00,NA,3,468,29,NA,NA,NA,NA,NA
NA,2023-07-25,Ratatouille,OP,3,R,0.5,223,12:00:00,NA,3,330,35,NA,NA,NA,NA,NA
NA,2023-07-25,Ratatouille,OP,3,R,1,209,12:00:00,NA,3,266,51,NA,NA,NA,NA,NA
NA,2023-07-25,Ratatouille,OP,3,R,1.2,220,12:00:00,NA,3,514,71,NA,NA,NA,NA,NA
NA,2023-07-25,Ratatouille,OP,3,R,1.2,434,12:00:00,NA,3,465,34,NA,NA,NA,NA,NA
NA,2023-07-25,Ratatouille,OP,3,R,1.5,222,12:00:00,NA,3,280,18,NA,NA,NA,NA,NA
NA,2023-07-25,Second,LL,NA,NA,NA,73,9:30:00,NA,3,689,48,NA,NA,NA,NA,NA
NA,2023-07-25,Second,LL,NA,NA,NA,203,9:30:00,NA,3,717,58,NA,NA,NA,NA,NA
NA,2023-07-25,Second,LL,NA,NA,NA,204,9:30:00,NA,3,678,38,NA,NA,NA,NA,NA
NA,2023-07-25,Second,LL,NA,NA,NA,212,9:30:00,NA,3,725,53,NA,NA,NA,NA,NA
NA,2023-07-25,Second,LL,NA,NA,NA,213,9:30:00,NA,3,775,21,NA,NA,NA,NA,NA
NA,2023-07-25,Second,LL,NA,NA,NA,224,9:30:00,NA,3,294,12,NA,NA,NA,NA,NA
NA,2023-07-25,Second,OP,NA,NA,NA,106,9:30:00,NA,3,306,28,NA,NA,NA,NA,NA
NA,2023-07-25,Second,OP,NA,NA,NA,201,9:30:00,NA,3,575,40,NA,NA,NA,NA,NA
NA,2023-07-25,Second,OP,NA,NA,NA,202,9:30:00,NA,3,575,34,NA,NA,NA,NA,NA
NA,2023-07-25,Second,OP,NA,NA,NA,206,9:30:00,NA,3,583,54,NA,NA,NA,NA,NA
NA,2023-07-25,Second,OP,NA,NA,NA,207,9:30:00,NA,3,545,60,NA,NA,NA,NA,NA
NA,2023-07-25,Second,OP,NA,NA,NA,208,9:30:00,NA,3,568,43,NA,NA,NA,NA,NA
NA,2023-07-25,Second,OP,NA,NA,NA,210,9:30:00,NA,3,474,29,NA,NA,NA,NA,NA
NA,2023-07-25,Second,OP,NA,NA,NA,217,9:30:00,NA,3,695,91,NA,NA,NA,NA,NA
NA,2023-07-26,Manley,DCO,3,L,7,1946,11:45:00,NA,3,380,47,NA,NA,NA,NA,NA
NA,2023-07-26,Manley,DCO,3,R,3,2597,11:45:00,NA,3,139,34,NA,NA,NA,NA,NA
NA,2023-07-26,Manley,DCO,3,R,14,2601,11:45:00,NA,3,329,46,NA,NA,NA,NA,NA
NA,2023-07-26,Manley,DCO,3,R,17,2022,11:45:00,NA,3,368,16,NA,NA,NA,NA,NA
NA,2023-07-26,Manley,DVM,1,L,15,1697,11:45:00,NA,3,219,33,NA,NA,NA,NA,NA
NA,2023-07-26,Manley,DVM,1,L,17,2593,11:45:00,NA,3,128,27,NA,NA,NA,NA,NA
NA,2023-07-26,Manley,DVM,2,L,18,2598,11:45:00,NA,3,423,31,NA,NA,NA,NA,NA
NA,2023-07-26,Manley,DVM,2,R,10,1911,11:45:00,NA,3,138,27,NA,NA,NA,NA,NA
NA,2023-07-26,Manley,DVM,3,R,3,2596,11:45:00,NA,3,275,31,NA,NA,NA,NA,NA
NA,2023-07-26,Manley,DVM,3,R,10,2600,11:45:00,NA,3,210,18,NA,NA,NA,NA,NA
NA,2023-07-26,Manley,DVM,3,R,15,2595,11:45:00,NA,3,146,34,NA,NA,NA,NA,NA
NA,2023-07-26,Manley,LL,2,L,20,281,11:45:00,NA,3,200,22,NA,NA,NA,NA,NA
NA,2023-07-26,Manley,LL,2,R,10,1817,11:45:00,NA,3,410,51,NA,NA,NA,NA,NA
NA,2023-07-26,Manley,LL,3,L,6,2675,11:45:00,NA,3,NA,NA,NA,NA,NA,NA,NA
NA,2023-07-26,Manley,LL,3,R,3,2594,11:45:00,NA,3,299,22,NA,NA,NA,NA,NA
NA,2023-07-26,Manley,LL,3,R,17,2599,11:45:00,NA,3,NA,NA,NA,NA,NA,NA,NA
NA,2023-07-26,Triquetta,DCO,1,L,0,2668,9:45:00,NA,3,222,37,NA,NA,NA,NA,NA
NA,2023-07-26,Triquetta,DCO,1,L,1,2674,9:45:00,NA,3,176,10,NA,NA,NA,NA,NA
NA,2023-07-26,Triquetta,DCO,2,L,3,2663,9:45:00,NA,3,175,30,NA,NA,NA,NA,NA
NA,2023-07-26,Triquetta,DCO,2,L,4,2664,9:45:00,NA,3,185,18,NA,NA,NA,NA,NA
NA,2023-07-26,Triquetta,DCO,3,R,1,2672,9:45:00,NA,3,NA,NA,NA,NA,NA,NA,NA
NA,2023-07-26,Triquetta,DCO,3,R,5,2582,9:45:00,NA,3,225,37,NA,NA,NA,NA,NA
NA,2023-07-26,Triquetta,DCO,3,R,5,2585,9:45:00,NA,3,NA,NA,NA,NA,NA,NA,NA
NA,2023-07-26,Triquetta,DVM,1,L,7,2591,10:00:00,NA,3,203,9,NA,NA,NA,NA,NA
NA,2023-07-26,Triquetta,DVM,1,R,12,2547,10:00:00,NA,3,274,36,NA,NA,NA,NA,NA
NA,2023-07-26,Triquetta,DVM,2,L,5,1708,10:00:00,NA,3,194,21,NA,NA,NA,NA,NA
NA,2023-07-26,Triquetta,DVM,2,L,6,2587,10:00:00,NA,3,NA,NA,NA,NA,NA,NA,NA
NA,2023-07-26,Triquetta,DVM,3,L,2,2573,10:00:00,NA,3,191,17,NA,NA,NA,NA,NA
NA,2023-07-26,Triquetta,DVM,3,L,10,1784,10:00:00,NA,3,NA,NA,NA,NA,NA,NA,NA
NA,2023-07-26,Triquetta,LL,2,R,10,2592,9:40:00,NA,3,196,36,NA,NA,NA,NA,NA
NA,2023-07-26,Triquetta,LL,2,R,15,2579,9:40:00,NA,3,193,24,NA,NA,NA,NA,NA
NA,2023-07-26,Triquetta,LL,3,L,5,2562,9:40:00,NA,3,158,13,NA,NA,NA,NA,NA
NA,2023-07-26,Triquetta,LL,3,R,5,2551,9:40:00,NA,3,474,47,NA,NA,NA,NA,NA
NA,2024-07-20,Breaker,DCO/OP,2,L,5,204.4,12:00:00,NA,1,427,NA,37,91,65,45,0
NA,2024-07-20,Breaker,DCO/OP,2,L,8.2,209.4,12:00:00,NA,1,533,NA,31.5,96,66,46,0
NA,2024-07-20,Breaker,DCO/OP,2,R,3,223.4,12:00:00,NA,1,391,NA,36,107,108,40,0
NA,2024-07-20,Breaker,DCO/OP,2,R,6.3,206.4,12:00:00,NA,1,400,NA,30,67,72,36,0
NA,2024-07-20,Breaker,DCO/OP,2,R,11.1,106.4,12:00:00,NA,1,471,NA,43,134,90,51,L
NA,2024-07-20,Breaker,DCO/OP,2,R,11.2,377.4,12:00:00,NA,1,507,NA,37,94,96,50,L
NA,2024-07-20,Breaker,DCO/OP,2,R,23,2134.4,12:00:00,NA,1,480,NA,36.5,115,107,53,0
NA,2024-07-20,Breaker,LL/DVM,2,R,2,2561.4,12:14:00,NA,1,392,NA,15,52,85,50,H
NA,2024-07-20,Breaker,LL/DVM,2,R,2,2562.4,12:14:00,NA,1,430,NA,45,120,100,49,H
NA,2024-07-20,Breaker,LL/DVM,2,R,3.4,2591.4,12:14:00,NA,1,429,NA,30,78,150,46,H
NA,2024-07-20,Breaker,LL/DVM,2,R,3.5,1833.4,12:14:00,NA,1,513,NA,10,39,98,45,L
NA,2024-07-20,Breaker,LL/DVM,3,L,1.5,2584.4,12:14:00,NA,1,438,NA,30,105,90,47,L
NA,2024-07-20,Breaker,LL/DVM,3,L,3.5,1891.4,12:14:00,NA,1,378,NA,25,70,95,42,L
NA,2024-07-20,Breaker,LL/DVM,3,R,1,1848.4,12:14:00,NA,1,408,NA,40,188,200,45,H
NA,2024-07-20,Breaker,LL/DVM,3,R,4,1820.4,12:14:00,NA,1,227,NA,15,68,78,40,L
NA,2024-07-20,Ratatouille,DCO/OP,2,L,1.8,2572.4,14:00:00,NA,1,187,NA,31.5,102,133,32,0
NA,2024-07-20,Ratatouille,DCO/OP,2,L,2.2,1817.4,14:00:00,NA,1,280,NA,59,233,270,42,L
NA,2024-07-20,Ratatouille,DCO/OP,2,L,2.6,2072.4,14:00:00,NA,1,278,NA,53,178,160,39,0
NA,2024-07-20,Ratatouille,DCO/OP,2,L,13,0.4,14:00:00,NA,1,220,NA,41.5,123,130,23,0
NA,2024-07-20,Ratatouille,DCO/OP,2,L,13,0.5,14:00:00,NA,1,480,NA,45.5,170,300,54,H
NA,2024-07-20,Ratatouille,DCO/OP,2,R,1,2565.4,14:00:00,NA,1,122,NA,32,105,96,18,0
NA,2024-07-20,Ratatouille,DCO/OP,2,R,7,1825.4,14:00:00,NA,1,562,NA,60,239,241,51,L
NA,2024-07-20,Ratatouille,DCO/OP,2,R,7.1,2001.4,14:00:00,NA,1,526,NA,36,113,128,20,0
NA,2024-07-20,Ratatouille,LL/DVM,3,L,4.3,201.2,13:48:00,NA,1,644,NA,40,187,160,48,0
NA,2024-07-20,Ratatouille,LL/DVM,3,R,1,2610,13:48:00,NA,1,224,NA,30,88,88,23,0
NA,2024-07-20,Ratatouille,LL/DVM,3,R,3,2607,13:48:00,NA,1,262,NA,30,100,124,21,0
NA,2024-07-20,Ratatouille,LL/DVM,3,R,4,2515.1,13:48:00,NA,1,226,NA,30,98,150,19,0
NA,2024-07-20,Ratatouille,LL/DVM,3,R,7,202.2,13:48:00,NA,1,190,NA,30,95,110,21,0
NA,2024-07-20,Ratatouille,LL/DVM,3,R,7,2664.2,13:48:00,NA,1,246,NA,50,200,208,24,0
NA,2024-07-20,Ratatouille,LL/DVM,3,R,7.5,2605,13:48:00,NA,1,171,NA,15,75,78,23,0
NA,2024-07-20,Triquetta,DCO/OP,3,L,3,208.4,10:00:00,NA,1,233,NA,20,60,72,22,0
NA,2024-07-20,Triquetta,DCO/OP,3,L,3,2542.4,10:00:00,NA,1,283,NA,20,56,52,24,0
NA,2024-07-20,Triquetta,DCO/OP,3,L,3,2551.4,10:00:00,NA,1,225,NA,25,64,90,23,0
NA,2024-07-20,Triquetta,DCO/OP,3,L,20,213.4,10:00:00,NA,1,91,NA,13,41,40,8,0
NA,2024-07-20,Triquetta,DCO/OP,3,L,20,217.4,10:00:00,NA,1,220,NA,30,62,70,23,0
NA,2024-07-20,Triquetta,DCO/OP,3,L,20,1797.4,10:00:00,NA,1,197,NA,20,58,55,27,0
NA,2024-07-20,Triquetta,DCO/OP,3,R,14,73.4,10:00:00,NA,1,288,NA,14.5,46,61,25,0
NA,2024-07-20,Triquetta,DCO/OP,3,R,17,2117.4,10:00:00,NA,1,248,NA,20,60,46,26,0
NA,2024-07-20,Triquetta,LL/DVM,1,L,7.5,2574.4,10:23:00,NA,1,164,NA,9,22,56,NA,0
NA,2024-07-20,Triquetta,LL/DVM,1,L,15.5,1714.4,10:23:00,NA,1,184,NA,10,27,35,NA,0
NA,2024-07-20,Triquetta,LL/DVM,1,R,14,2022.4,10:23:00,NA,1,254,NA,10,37,58,22,0
NA,2024-07-20,Triquetta,LL/DVM,2,L,0,1911.4,10:23:00,NA,1,229,NA,47,70,68,24,0
NA,2024-07-20,Triquetta,LL/DVM,2,L,2,2590.4,10:23:00,NA,1,147,NA,10,34,40,16,0
NA,2024-07-20,Triquetta,LL/DVM,2,L,17,2578.4,10:23:00,NA,1,362,NA,30,97,100,36,0
NA,2024-07-20,Triquetta,LL/DVM,2,R,20,2582.4,10:23:00,NA,1,130,NA,10,40,56,15,0
NA,2024-07-24,Breaker,DCO/OP,2,L,5,204.4,12:00:00,y,2,NA,NA,46,71,NA,NA,NA
NA,2024-07-24,Breaker,DCO/OP,2,L,5,204.4,12:00:00,y,3,424,NA,NA,NA,NA,NA,NA
NA,2024-07-24,Breaker,DCO/OP,2,L,8.2,209.4,12:00:00,y,2,NA,NA,42,102,NA,NA,NA
NA,2024-07-24,Breaker,DCO/OP,2,L,8.2,209.4,12:00:00,y,3,537,NA,NA,NA,NA,NA,NA
NA,2024-07-24,Breaker,DCO/OP,2,R,3,223.4,12:00:00,y,2,NA,NA,50,82,NA,NA,NA
NA,2024-07-24,Breaker,DCO/OP,2,R,3,223.4,12:00:00,y,3,395,NA,NA,NA,NA,NA,NA
NA,2024-07-24,Breaker,DCO/OP,2,R,6.3,206.4,12:00:00,y,2,NA,NA,41,64,NA,NA,NA
NA,2024-07-24,Breaker,DCO/OP,2,R,6.3,206.4,12:00:00,y,3,404,NA,NA,NA,NA,NA,NA
NA,2024-07-24,Breaker,DCO/OP,2,R,11.1,106.4,12:00:00,y,2,NA,NA,59,130,NA,NA,NA
NA,2024-07-24,Breaker,DCO/OP,2,R,11.1,106.4,12:00:00,y,3,474,NA,NA,NA,NA,NA,NA
NA,2024-07-24,Breaker,DCO/OP,2,R,11.2,377.4,12:00:00,y,2,NA,NA,47,82,NA,NA,NA
NA,2024-07-24,Breaker,DCO/OP,2,R,11.2,377.4,12:00:00,y,3,508,NA,NA,NA,NA,NA,NA
NA,2024-07-24,Breaker,DCO/OP,2,R,23,2134.4,12:00:00,y,2,NA,NA,50.5,100,NA,NA,NA
NA,2024-07-24,Breaker,DCO/OP,2,R,23,2134.4,12:00:00,y,3,477,NA,NA,NA,NA,NA,NA
NA,2024-07-24,Breaker,LL/DVM,2,R,2,2561.4,12:00:00,y,2,NA,NA,24,60,NA,NA,NA
NA,2024-07-24,Breaker,LL/DVM,2,R,2,2561.4,12:00:00,y,3,391,NA,NA,NA,NA,NA,NA
NA,2024-07-24,Breaker,LL/DVM,2,R,2,2562.4,12:00:00,y,2,NA,NA,52,86,NA,NA,NA
NA,2024-07-24,Breaker,LL/DVM,2,R,2,2562.4,12:00:00,y,3,526,NA,NA,NA,NA,NA,NA
NA,2024-07-24,Breaker,LL/DVM,2,R,3.4,2591.4,12:00:00,y,2,NA,NA,34,67,NA,NA,NA
NA,2024-07-24,Breaker,LL/DVM,2,R,3.4,2591.4,12:00:00,y,3,513,NA,NA,NA,NA,NA,NA
NA,2024-07-24,Breaker,LL/DVM,2,R,3.5,1833.4,12:00:00,y,2,NA,NA,14,45,NA,NA,NA
NA,2024-07-24,Breaker,LL/DVM,2,R,3.5,1833.4,12:00:00,y,3,520,NA,NA,NA,NA,NA,NA
NA,2024-07-24,Breaker,LL/DVM,3,L,1.5,2584.4,12:00:00,y,2,NA,NA,47,93,NA,NA,NA
NA,2024-07-24,Breaker,LL/DVM,3,L,1.5,2584.4,12:00:00,y,3,432,NA,NA,NA,NA,NA,NA
NA,2024-07-24,Breaker,LL/DVM,3,L,3.5,1891.4,12:00:00,y,2,NA,NA,34,68,NA,NA,NA
NA,2024-07-24,Breaker,LL/DVM,3,L,3.5,1891.4,12:00:00,y,3,381,NA,NA,NA,NA,NA,NA
NA,2024-07-24,Breaker,LL/DVM,3,R,1,1848.4,12:00:00,y,2,NA,NA,94,129,NA,NA,NA
NA,2024-07-24,Breaker,LL/DVM,3,R,1,1848.4,12:00:00,y,3,400,NA,NA,NA,NA,NA,NA
NA,2024-07-24,Breaker,LL/DVM,3,R,4,1820.4,12:00:00,y,2,NA,NA,25,62,NA,NA,NA
NA,2024-07-24,Breaker,LL/DVM,3,R,4,1820.4,12:00:00,y,3,324,NA,NA,NA,NA,NA,NA
NA,2024-07-24,Ratatouille,DCO/OP,2,L,1.8,2572.4,14:00:00,y,2,NA,NA,45,97,NA,NA,NA
NA,2024-07-24,Ratatouille,DCO/OP,2,L,1.8,2572.4,14:00:00,y,3,218,NA,NA,NA,NA,NA,NA
NA,2024-07-24,Ratatouille,DCO/OP,2,L,2.2,1817.4,14:00:00,y,2,NA,NA,82.5,133,NA,NA,NA
NA,2024-07-24,Ratatouille,DCO/OP,2,L,2.2,1817.4,14:00:00,y,3,286,NA,NA,NA,NA,NA,NA
NA,2024-07-24,Ratatouille,DCO/OP,2,L,2.6,2072.4,14:00:00,y,2,NA,NA,81,132,NA,NA,NA
NA,2024-07-24,Ratatouille,DCO/OP,2,L,2.6,2072.4,14:00:00,y,3,316,NA,NA,NA,NA,NA,NA
NA,2024-07-24,Ratatouille,DCO/OP,2,L,13,0.4,14:00:00,y,2,NA,NA,65,135,NA,NA,NA
NA,2024-07-24,Ratatouille,DCO/OP,2,L,13,0.4,14:00:00,y,3,344,NA,NA,NA,NA,NA,NA
NA,2024-07-24,Ratatouille,DCO/OP,2,L,13,0.5,14:00:00,y,2,NA,NA,72,198,NA,NA,NA
NA,2024-07-24,Ratatouille,DCO/OP,2,L,13,0.5,14:00:00,y,3,480,NA,NA,NA,NA,NA,NA
NA,2024-07-24,Ratatouille,DCO/OP,2,R,1,2565.4,14:00:00,y,2,NA,NA,42.5,58,NA,NA,NA
NA,2024-07-24,Ratatouille,DCO/OP,2,R,1,2565.4,14:00:00,y,3,140,NA,NA,NA,NA,NA,NA
NA,2024-07-24,Ratatouille,DCO/OP,2,R,7,1825.4,14:00:00,y,2,NA,NA,86,238,NA,NA,NA
NA,2024-07-24,Ratatouille,DCO/OP,2,R,7,1825.4,14:00:00,y,3,572,NA,NA,NA,NA,NA,NA
NA,2024-07-24,Ratatouille,DCO/OP,2,R,7.1,2001.4,14:00:00,y,2,NA,NA,65,140,NA,NA,NA
NA,2024-07-24,Ratatouille,DCO/OP,2,R,7.1,2001.4,14:00:00,y,3,564,NA,NA,NA,NA,NA,NA
NA,2024-07-24,Ratatouille,LL/DVM,3,L,4.3,201.2,14:00:00,y,2,NA,NA,70,204,NA,NA,NA
NA,2024-07-24,Ratatouille,LL/DVM,3,L,4.3,201.2,14:00:00,y,3,701,NA,NA,NA,NA,NA,NA
NA,2024-07-24,Ratatouille,LL/DVM,3,R,1,2610,14:00:00,y,2,NA,NA,NA,NA,NA,NA,NA
NA,2024-07-24,Ratatouille,LL/DVM,3,R,1,2610,14:00:00,y,3,280,NA,NA,NA,NA,NA,NA
NA,2024-07-24,Ratatouille,LL/DVM,3,R,3,2607,14:00:00,y,2,NA,NA,40,106,NA,NA,NA
NA,2024-07-24,Ratatouille,LL/DVM,3,R,3,2607,14:00:00,y,3,310,NA,NA,NA,NA,NA,NA
NA,2024-07-24,Ratatouille,LL/DVM,3,R,4,2515.1,14:00:00,y,2,NA,NA,48,139,NA,NA,NA
NA,2024-07-24,Ratatouille,LL/DVM,3,R,4,2515.1,14:00:00,y,3,258,NA,NA,NA,NA,NA,NA
NA,2024-07-24,Ratatouille,LL/DVM,3,R,7,202.2,14:00:00,y,2,NA,NA,50,108,NA,NA,NA
NA,2024-07-24,Ratatouille,LL/DVM,3,R,7,202.2,14:00:00,y,3,238,NA,NA,NA,NA,NA,NA
NA,2024-07-24,Ratatouille,LL/DVM,3,R,7,2664.2,14:00:00,y,2,NA,NA,83,240,NA,NA,NA
NA,2024-07-24,Ratatouille,LL/DVM,3,R,7,2664.2,14:00:00,y,3,269,NA,NA,NA,NA,NA,NA
NA,2024-07-24,Ratatouille,LL/DVM,3,R,7.5,2605,14:00:00,y,2,NA,NA,28,98,NA,NA,NA
NA,2024-07-24,Ratatouille,LL/DVM,3,R,7.5,2605,14:00:00,y,3,205,NA,NA,NA,NA,NA,NA
NA,2024-07-24,Triquetta,DCO/OP,3,L,3,208.4,10:00:00,y,2,NA,NA,26,64,NA,NA,NA
NA,2024-07-24,Triquetta,DCO/OP,3,L,3,208.4,10:00:00,y,3,234,NA,NA,NA,NA,NA,NA
NA,2024-07-24,Triquetta,DCO/OP,3,L,3,2542.4,10:00:00,y,2,NA,NA,24,50,NA,NA,NA
NA,2024-07-24,Triquetta,DCO/OP,3,L,3,2542.4,10:00:00,y,3,292,NA,NA,NA,NA,NA,NA
NA,2024-07-24,Triquetta,DCO/OP,3,L,3,2551.4,10:00:00,y,2,NA,NA,35,56,NA,NA,NA
NA,2024-07-24,Triquetta,DCO/OP,3,L,3,2551.4,10:00:00,y,3,233,NA,NA,NA,NA,NA,NA
NA,2024-07-24,Triquetta,DCO/OP,3,L,20,213.4,10:00:00,y,2,NA,NA,NA,NA,NA,NA,NA
NA,2024-07-24,Triquetta,DCO/OP,3,L,20,213.4,10:00:00,y,3,96,NA,NA,NA,NA,NA,NA
NA,2024-07-24,Triquetta,DCO/OP,3,L,20,217.4,10:00:00,y,2,NA,NA,39,64,NA,NA,NA
NA,2024-07-24,Triquetta,DCO/OP,3,L,20,217.4,10:00:00,y,3,230,NA,NA,NA,NA,NA,NA
NA,2024-07-24,Triquetta,DCO/OP,3,L,20,1797.4,10:00:00,y,2,NA,NA,29.5,62,NA,NA,NA
NA,2024-07-24,Triquetta,DCO/OP,3,L,20,1797.4,10:00:00,y,3,212,NA,NA,NA,NA,NA,NA
NA,2024-07-24,Triquetta,DCO/OP,3,R,14,73.4,10:00:00,y,2,NA,NA,20,42,NA,NA,NA
NA,2024-07-24,Triquetta,DCO/OP,3,R,14,73.4,10:00:00,y,3,297,NA,NA,NA,NA,NA,NA
NA,2024-07-24,Triquetta,DCO/OP,3,R,17,2117.4,10:00:00,y,2,NA,NA,28,58,NA,NA,NA
NA,2024-07-24,Triquetta,DCO/OP,3,R,17,2117.4,10:00:00,y,3,299,NA,NA,NA,NA,NA,NA
NA,2024-07-24,Triquetta,LL/DVM,1,L,7.5,2574.4,10:00:00,y,2,NA,NA,NA,NA,NA,NA,NA
NA,2024-07-24,Triquetta,LL/DVM,1,L,7.5,2574.4,10:00:00,y,3,NA,NA,NA,NA,NA,NA,NA
NA,2024-07-24,Triquetta,LL/DVM,1,L,15.5,1714.4,10:00:00,y,2,NA,NA,NA,NA,NA,NA,NA
NA,2024-07-24,Triquetta,LL/DVM,1,L,15.5,1714.4,10:00:00,y,3,NA,NA,NA,NA,NA,NA,NA
NA,2024-07-24,Triquetta,LL/DVM,1,R,14,2022.4,10:00:00,y,2,NA,NA,10,28,NA,NA,NA
NA,2024-07-24,Triquetta,LL/DVM,1,R,14,2022.4,10:00:00,y,3,252,NA,NA,NA,NA,NA,NA
NA,2024-07-24,Triquetta,LL/DVM,2,L,0,1911.4,10:00:00,y,2,NA,NA,NA,NA,NA,NA,NA
NA,2024-07-24,Triquetta,LL/DVM,2,L,0,1911.4,10:00:00,y,3,214,NA,NA,NA,NA,NA,NA
NA,2024-07-24,Triquetta,LL/DVM,2,L,2,2590.4,10:00:00,y,2,NA,NA,NA,NA,NA,NA,NA
NA,2024-07-24,Triquetta,LL/DVM,2,L,2,2590.4,10:00:00,y,3,143,NA,NA,NA,NA,NA,NA
NA,2024-07-24,Triquetta,LL/DVM,2,L,17,2578.4,10:00:00,y,2,NA,NA,38,78,NA,NA,NA
NA,2024-07-24,Triquetta,LL/DVM,2,L,17,2578.4,10:00:00,y,3,350,NA,NA,NA,NA,NA,NA
NA,2024-07-24,Triquetta,LL/DVM,2,R,20,2582.4,10:00:00,y,2,NA,NA,18,41,NA,NA,NA
NA,2024-07-24,Triquetta,LL/DVM,2,R,20,2582.4,10:00:00,y,3,146,NA,NA,NA,NA,NA,NA
NA,2025-07-03,McMullins_west,LL/DCO,NA,NA,NA,201,11:00:00,NA,1,185,NA,26,85,127,25,0
NA,2025-07-03,McMullins_west,LL/DCO,NA,NA,NA,204,11:00:00,NA,1,357,NA,30,82.5,150,28,0
NA,2025-07-03,McMullins_west,LL/DCO,NA,NA,NA,206,11:00:00,NA,1,180,NA,13,46,102,21,0
NA,2025-07-03,McMullins_west,LL/DCO,NA,NA,NA,207,11:00:00,NA,1,231,NA,26.5,93,123,NA,0
NA,2025-07-03,McMullins_west,LL/DCO,NA,NA,NA,208,11:00:00,NA,1,410,NA,46.5,131,230,39,0
NA,2025-07-03,McMullins_west,LL/DCO,NA,NA,NA,217,11:00:00,NA,1,342,NA,70,208,216,30,0
NA,2025-07-03,McMullins_west,LL/DCO,NA,NA,NA,223,11:00:00,NA,1,347,NA,29,109,167,NA,0
NA,2025-07-03,McMullins_west,LL/DCO,NA,NA,NA,224,11:00:00,NA,1,653,NA,63,159,180,46,0
NA,2025-07-03,McMullins_west,OP/AS,NA,NA,NA,2070,11:00:00,NA,1,183,NA,17.5,52,64,20,0
NA,2025-07-03,McMullins_west,OP/AS,NA,NA,NA,2515,11:00:00,NA,1,479,NA,57,179,255,39,0
NA,2025-07-03,McMullins_west,OP/AS,NA,NA,NA,2547,11:00:00,NA,1,218,NA,25,95,77,NA,0
NA,2025-07-03,McMullins_west,OP/AS,NA,NA,NA,2602,11:00:00,NA,1,394,NA,66,193,384,42,L
NA,2025-07-03,McMullins_west,OP/AS,NA,NA,NA,2604,11:00:00,NA,1,190,NA,16,57,92,NA,0
NA,2025-07-03,McMullins_west,OP/AS,NA,NA,NA,2677,11:00:00,NA,1,269,NA,46,137,167,39,0
NA,2025-07-03,McMullins_west,OP/AS,NA,NA,NA,2679,11:00:00,NA,1,254,NA,32,94,165,40,0
NA,2025-07-03,Robert_rocks_south,LL/DCO,NA,NA,NA,1946,13:30:00,NA,1,373,NA,35,94,150,24,0
NA,2025-07-03,Robert_rocks_south,LL/DCO,NA,NA,NA,2551,13:30:00,NA,1,275,NA,27.5,91,150,26,0
NA,2025-07-03,Robert_rocks_south,LL/DCO,NA,NA,NA,2590,13:30:00,NA,1,411,NA,34,140,150,27,0
NA,2025-07-03,Robert_rocks_south,LL/DCO,NA,NA,NA,2597,13:30:00,NA,1,377,NA,50,153,300,37,0
NA,2025-07-03,Robert_rocks_south,LL/DCO,NA,NA,NA,2600,13:30:00,NA,1,386,NA,27,97,223,39,0
NA,2025-07-03,Robert_rocks_south,LL/DCO,NA,NA,NA,2603,13:30:00,NA,1,498,NA,105,300,382,41,0
NA,2025-07-03,Robert_rocks_south,LL/DCO,NA,NA,NA,2663,13:30:00,NA,1,355,NA,27,84,150,30,0
NA,2025-07-03,Robert_rocks_south,LL/DCO,NA,NA,NA,2680,13:30:00,NA,1,342,NA,42,132,182,40,0
NA,2025-07-03,Robert_rocks_south,OP/AS,NA,NA,NA,73,13:30:00,NA,1,332,NA,71,126.5,156,NA,0
NA,2025-07-03,Robert_rocks_south,OP/AS,NA,NA,NA,213,13:30:00,NA,1,155,NA,20,56,40,12,0
NA,2025-07-03,Robert_rocks_south,OP/AS,NA,NA,NA,220,13:30:00,NA,1,278,NA,30.5,93,115,26,0
NA,2025-07-03,Robert_rocks_south,OP/AS,NA,NA,NA,222,13:30:00,NA,1,229,NA,25.5,64,90,14,0
NA,2025-07-03,Robert_rocks_south,OP/AS,NA,NA,NA,2542,13:30:00,NA,1,627,NA,200,415,480,52,L
NA,2025-07-03,Robert_rocks_south,OP/AS,NA,NA,NA,2599,13:30:00,NA,1,388,NA,60.5,180,187,33,0
NA,2025-07-03,Robert_rocks_south,OP/AS,NA,NA,NA,2601,13:30:00,NA,1,532,NA,43.5,122,172,NA,0
NA,2025-07-03,Robert_rocks_south,OP/AS,NA,NA,NA,2670,13:30:00,NA,1,525,NA,77.5,272,204,50,L
NA,2025-07-07,McMullins_west,LL/DCO,NA,NA,NA,201,13:20:00,y,2,NA,23,42.5,101,NA,NA,NA
NA,2025-07-07,McMullins_west,LL/DCO,NA,NA,NA,204,13:20:00,y,2,NA,37,49,103,NA,NA,NA
NA,2025-07-07,McMullins_west,LL/DCO,NA,NA,NA,206,13:20:00,y,2,NA,33,20,54,NA,NA,NA
NA,2025-07-07,McMullins_west,LL/DCO,NA,NA,NA,207,13:20:00,y,2,NA,NA,44,106,NA,NA,NA
NA,2025-07-07,McMullins_west,LL/DCO,NA,NA,NA,208,13:20:00,y,2,NA,61,66.5,152,NA,NA,NA
NA,2025-07-07,McMullins_west,LL/DCO,NA,NA,NA,217,13:20:00,?,2,NA,36,101,208,NA,NA,NA
NA,2025-07-07,McMullins_west,LL/DCO,NA,NA,NA,223,13:20:00,n,2,NA,NA,NA,NA,NA,NA,NA
NA,2025-07-07,McMullins_west,LL/DCO,NA,NA,NA,224,13:20:00,y,2,NA,83,89,178,NA,NA,NA
NA,2025-07-07,McMullins_west,OP/AS,NA,NA,NA,2070,13:20:00,y,2,NA,23,33,70,NA,NA,NA
NA,2025-07-07,McMullins_west,OP/AS,NA,NA,NA,2515,13:20:00,y,2,NA,52,90,207,NA,NA,NA
NA,2025-07-07,McMullins_west,OP/AS,NA,NA,NA,2547,13:20:00,y,2,NA,NA,46,115,NA,NA,NA
NA,2025-07-07,McMullins_west,OP/AS,NA,NA,NA,2602,13:20:00,y,2,NA,73,100,234,NA,NA,NA
NA,2025-07-07,McMullins_west,OP/AS,NA,NA,NA,2604,13:20:00,y,2,NA,NA,31,75,NA,NA,NA
NA,2025-07-07,McMullins_west,OP/AS,NA,NA,NA,2677,13:20:00,y,2,NA,38,71,150,NA,NA,NA
NA,2025-07-07,McMullins_west,OP/AS,NA,NA,NA,2679,13:20:00,y,2,NA,62,47,109,NA,NA,NA
NA,2025-07-08,Robert_rocks_south,LL/DCO,NA,NA,NA,1946,13:20:00,y,2,NA,16,55.5,73,NA,NA,NA
NA,2025-07-08,Robert_rocks_south,LL/DCO,NA,NA,NA,2551,13:20:00,y,2,NA,14,63,138,NA,NA,NA
NA,2025-07-08,Robert_rocks_south,LL/DCO,NA,NA,NA,2590,13:20:00,y,2,NA,6,70,164,NA,NA,NA
NA,2025-07-08,Robert_rocks_south,LL/DCO,NA,NA,NA,2597,13:20:00,y,2,NA,20,119,330,NA,NA,NA
NA,2025-07-08,Robert_rocks_south,LL/DCO,NA,NA,NA,2600,13:20:00,y,2,NA,24,56,122,NA,NA,NA
NA,2025-07-08,Robert_rocks_south,LL/DCO,NA,NA,NA,2603,13:20:00,y,2,NA,27,158,363,NA,NA,NA
NA,2025-07-08,Robert_rocks_south,LL/DCO,NA,NA,NA,2663,13:20:00,y,2,NA,29,54,74,NA,NA,NA
NA,2025-07-08,Robert_rocks_south,LL/DCO,NA,NA,NA,2680,13:20:00,y,2,NA,24,73,179,NA,NA,NA
NA,2025-07-08,Robert_rocks_south,OP/AS,NA,NA,NA,73,13:20:00,y,2,NA,NA,114,174,NA,NA,NA
NA,2025-07-08,Robert_rocks_south,OP/AS,NA,NA,NA,213,13:20:00,y,2,NA,8,35.5,72,NA,NA,NA
NA,2025-07-08,Robert_rocks_south,OP/AS,NA,NA,NA,220,13:20:00,y,2,NA,21,60.5,126,NA,NA,NA
NA,2025-07-08,Robert_rocks_south,OP/AS,NA,NA,NA,222,13:20:00,y,2,NA,10,56,94,NA,NA,NA
NA,2025-07-08,Robert_rocks_south,OP/AS,NA,NA,NA,2542,13:20:00,y,2,NA,24,263,524,NA,NA,NA
NA,2025-07-08,Robert_rocks_south,OP/AS,NA,NA,NA,2599,13:20:00,y,2,NA,36,112,239,NA,NA,NA
NA,2025-07-08,Robert_rocks_south,OP/AS,NA,NA,NA,2601,13:20:00,n,2,NA,NA,NA,NA,NA,NA,NA
NA,2025-07-08,Robert_rocks_south,OP/AS,NA,NA,NA,2670,13:20:00,y,2,NA,35,116,314,NA,NA,NA
NA,2025-07-10,Breaker,DVM/AS,2,R,1.5,208,12:30:00,NA,1,5002,NA,15.5,50,65,NA,NA
NA,2025-07-10,Breaker,DVM/AS,3,L,0,2594,12:30:00,NA,1,136,NA,19.5,70,70,36,NA
NA,2025-07-10,Breaker,DVM/AS,3,L,2.5,222,12:30:00,NA,1,321,NA,12,55,65,29,NA
NA,2025-07-10,Breaker,DVM/AS,3,R,2.7,207,12:30:00,NA,1,306,NA,17,44,50,30,NA
NA,2025-07-10,Breaker,DVM/AS,3,R,9,2590,12:30:00,NA,1,375,NA,16,73,60,44,NA
NA,2025-07-10,Breaker,DVM/AS,3,R,11,206,12:30:00,NA,1,388,NA,11,32,32,26,NA
NA,2025-07-10,Breaker,DVM/AS,3,R,12,2547,12:30:00,NA,1,500,NA,21,68,78,49,NA
NA,2025-07-10,Breaker,OP/DCO,1,L,1.7,2515,12:30:00,NA,1,390,NA,39,98,90,50,H
NA,2025-07-10,Breaker,OP/DCO,1,L,1.7,2542,12:30:00,NA,1,301,NA,25,63,63,42,0
NA,2025-07-10,Breaker,OP/DCO,1,R,0.7,217,12:30:00,NA,1,378,NA,18,49,54,45,0
NA,2025-07-10,Breaker,OP/DCO,1,NA,1.3,1708,12:30:00,NA,1,317,NA,22,65,75,39,0
NA,2025-07-10,Breaker,OP/DCO,1,NA,1.9,223,12:30:00,NA,1,468,NA,46,120,80,52,H
NA,2025-07-10,Breaker,OP/DCO,1,NA,5.1,2073,12:30:00,NA,1,382,NA,25,64,50,42,H
NA,2025-07-10,Breaker,OP/DCO,1,NA,5.8,1765,12:30:00,NA,1,309,NA,40,93,70,35,H
NA,2025-07-10,Breaker,OP/DCO,1,NA,6.2,281,12:30:00,NA,1,305,NA,26,60,60,35,0
NA,2025-07-10,North,OP/DCO,1,L,0,204,14:30:00,NA,1,456,NA,49.5,164,180,60,L
NA,2025-07-10,North,OP/DCO,1,L,0,2579,14:30:00,NA,1,336,NA,51,152,224,36,L
NA,2025-07-10,North,OP/DCO,1,R,7,2022,14:30:00,NA,1,290,NA,34,110,130,18,0
NA,2025-07-10,North,OP/DCO,1,R,8,1714,14:30:00,NA,1,330,NA,22,74,160,24,0
NA,2025-07-10,North,OP/DCO,1,R,8,2013,14:30:00,NA,1,298,NA,34,79,153,33,0
NA,2025-07-10,North,OP/DCO,2,L,7,2670,14:30:00,NA,1,188,NA,31,77,145,22,0
NA,2025-07-10,North,OP/DCO,2,L,7,7784,14:30:00,NA,1,384,NA,41.5,131,160,34,0
NA,2025-07-10,North,OP/DCO,2,R,1.5,2667,14:30:00,NA,1,393,NA,85,251,250,65,0
NA,2025-07-10,North,OP/DCO,2,R,4,2595,14:30:00,NA,1,244,NA,21.5,70,47,25,0
NA,2025-07-10,North,OP/DCO,3,L,1,1803,14:30:00,NA,1,138,NA,56,123,110,26,0
NA,2025-07-10,North,OP/DCO,3,L,2.7,2596,14:30:00,NA,1,290,NA,33.5,68,45,13,0
NA,2025-07-10,North,OP/DCO,3,R,1.8,2551,14:30:00,NA,1,318,NA,71,242,220,38,0
NA,2025-07-10,North,OP/DCO,3,R,1.8,2665,14:30:00,NA,1,181,NA,36,105,90,11,0
NA,2025-07-10,North,OP/DCO,3,R,3,213,14:30:00,NA,1,197,NA,34,111,120,11,0
NA,2025-07-10,North,OP/DCO,3,R,4.2,2677,14:30:00,NA,1,213,NA,60,192,170,23,0
NA,2025-07-10,North,OP/DCO,3,R,9,2663,14:30:00,NA,1,362,NA,44,103,NA,32,H
NA,2025-07-10,Triquetta,DVM/AS,2,R,10,106,10:30:00,NA,1,150,NA,17,47,50,11,0
NA,2025-07-10,Triquetta,DVM/AS,2,R,10,2560,10:30:00,NA,1,267,NA,10,40,45,20,0
NA,2025-07-10,Triquetta,DVM/AS,3,L,2,2592,10:30:00,NA,1,340,NA,30,108,140,32,0
NA,2025-07-10,Triquetta,DVM/AS,3,L,3,1911,10:30:00,NA,1,440,NA,41,136,180,48,0
NA,2025-07-10,Triquetta,DVM/AS,3,L,4,1697,10:30:00,NA,1,182,NA,23,75,85,24,0
NA,2025-07-10,Triquetta,DVM/AS,3,R,0,209,10:30:00,NA,1,304,NA,29,100,118,30,0
NA,2025-07-10,Triquetta,DVM/AS,3,R,6,2134,10:30:00,NA,1,440,NA,29,105,190,37,0
NA,2025-07-10,Triquetta,DVM/AS,3,R,6,2557,10:30:00,NA,1,337,NA,31,104,130,32,0
NA,2025-07-10,Triquetta,OP/DCO,1,L,2.4,2578,10:30:00,NA,1,254,NA,53,139,90,32,0
NA,2025-07-10,Triquetta,OP/DCO,1,L,7,2593,10:30:00,NA,1,283,NA,29.5,89,90,32,0
NA,2025-07-10,Triquetta,OP/DCO,1,R,5,1921,10:30:00,NA,1,495,NA,NA,NA,NA,NA,NA
NA,2025-07-10,Triquetta,OP/DCO,1,R,6.9,1843,10:30:00,NA,1,377,NA,51.5,202,120,35,0
NA,2025-07-10,Triquetta,OP/DCO,2,R,0,1797,10:30:00,NA,1,324,NA,89,209,100,44,0
NA,2025-07-10,Triquetta,OP/DCO,2,R,0,2117,10:30:00,NA,1,421,NA,42,160,100,44,0
NA,2025-07-10,Triquetta,OP/DCO,2,R,0,2582,10:30:00,NA,1,259,NA,34,95,90,28,0
NA,2025-07-10,Triquetta,OP/DCO,2,R,5.5,2554,10:30:00,NA,1,249,NA,33,94,90,26,0
NA,2025-07-14,Breaker,DVM/AS,2,R,1.5,208,14:00:00,n,2,NA,NA,NA,NA,NA,NA,NA
NA,2025-07-14,Breaker,DVM/AS,3,L,0,2594,14:00:00,y,2,NA,22,25,68,NA,NA,NA
NA,2025-07-14,Breaker,DVM/AS,3,L,2.5,222,14:00:00,y,2,NA,24,17,22,NA,NA,NA
NA,2025-07-14,Breaker,DVM/AS,3,R,2.7,207,14:00:00,y,2,NA,25,20,44,NA,NA,NA
NA,2025-07-14,Breaker,DVM/AS,3,R,9,2590,14:00:00,y,2,NA,18,21,62,NA,NA,NA
NA,2025-07-14,Breaker,DVM/AS,3,R,11,206,14:00:00,y,2,NA,6,12,21,NA,NA,NA
NA,2025-07-14,Breaker,DVM/AS,3,R,12,2547,14:00:00,y,2,NA,5,24,43,NA,NA,NA
NA,2025-07-14,Breaker,OP/DCO,1,L,1.7,2515,14:00:00,y,2,NA,45,48,90,NA,NA,NA
NA,2025-07-14,Breaker,OP/DCO,1,L,1.7,2542,14:00:00,y,2,NA,28,35.5,66,NA,NA,NA
NA,2025-07-14,Breaker,OP/DCO,1,R,0.7,217,14:00:00,y,2,NA,50,22,51,NA,NA,NA
NA,2025-07-14,Breaker,OP/DCO,1,NA,1.3,1708,14:00:00,y,2,NA,37,29,63,NA,NA,NA
NA,2025-07-14,Breaker,OP/DCO,1,NA,1.9,223,14:00:00,y,2,NA,37,59.5,107,NA,NA,NA
NA,2025-07-14,Breaker,OP/DCO,1,NA,5.1,2073,14:00:00,y,2,NA,29,33.5,61,NA,NA,NA
NA,2025-07-14,Breaker,OP/DCO,1,NA,5.8,1765,14:00:00,y,2,NA,11,48,92,NA,NA,NA
NA,2025-07-14,Breaker,OP/DCO,1,NA,6.2,281,14:00:00,y,2,NA,32,34,59,NA,NA,NA
NA,2025-07-14,Triquetta,DVM/AS,2,R,10,106,10:00:00,y,2,NA,23,24,36,NA,NA,NA
NA,2025-07-14,Triquetta,DVM/AS,2,R,10,2560,10:00:00,y,2,NA,11,NA,NA,NA,NA,NA
NA,2025-07-14,Triquetta,DVM/AS,3,L,2,2592,10:00:00,y,2,NA,49,38,94,NA,NA,NA
NA,2025-07-14,Triquetta,DVM/AS,3,L,3,1911,10:00:00,y,2,NA,76,48.5,122,NA,NA,NA
NA,2025-07-14,Triquetta,DVM/AS,3,L,4,1697,10:00:00,y,2,NA,37,35,76,NA,NA,NA
NA,2025-07-14,Triquetta,DVM/AS,3,R,0,209,10:00:00,y,2,NA,50,35,80,NA,NA,NA
NA,2025-07-14,Triquetta,DVM/AS,3,R,6,2134,10:00:00,y,2,NA,52,40,110,NA,NA,NA
NA,2025-07-14,Triquetta,DVM/AS,3,R,6,2557,10:00:00,y,2,NA,63,39,109,NA,NA,NA
NA,2025-07-14,Triquetta,OP/DCO,1,L,2.4,2578,10:00:00,y,2,NA,77,72,135,NA,NA,NA
NA,2025-07-14,Triquetta,OP/DCO,1,L,7,2593,10:00:00,y,2,NA,52,40,82,NA,NA,NA
NA,2025-07-14,Triquetta,OP/DCO,1,R,5,1921,10:00:00,y,2,NA,NA,NA,NA,NA,NA,NA
NA,2025-07-14,Triquetta,OP/DCO,1,R,6.9,1843,10:00:00,y,2,NA,68,NA,NA,NA,NA,NA
NA,2025-07-14,Triquetta,OP/DCO,2,R,0,1797,10:00:00,y,2,NA,67,110,212,NA,NA,NA
NA,2025-07-14,Triquetta,OP/DCO,2,R,0,2117,10:00:00,y,2,NA,62,58.5,148,NA,NA,NA
NA,2025-07-14,Triquetta,OP/DCO,2,R,0,2582,10:00:00,y,2,NA,34,43,95,NA,NA,NA
NA,2025-07-14,Triquetta,OP/DCO,2,R,5.5,2554,10:00:00,y,2,NA,67,43,95,NA,NA,NA
NA,2025-07-15,North,OP/DCO,1,L,0,204,13:00:00,y,2,NA,46,76,160,NA,NA,NA
NA,2025-07-15,North,OP/DCO,1,L,0,2579,13:00:00,y,2,NA,58,78,164,NA,NA,NA
NA,2025-07-15,North,OP/DCO,1,R,7,2022,13:00:00,y,2,NA,17,67,140,NA,NA,NA
NA,2025-07-15,North,OP/DCO,1,R,8,1714,13:00:00,y,2,NA,38,61,113,NA,NA,NA
NA,2025-07-15,North,OP/DCO,1,R,8,2043,13:00:00,y,2,NA,43,60,87,NA,NA,NA
NA,2025-07-15,North,OP/DCO,2,L,7,1784,13:00:00,y,2,NA,52,74,156,NA,NA,NA
NA,2025-07-15,North,OP/DCO,2,L,7,2670,13:00:00,y,2,NA,22,66,113,NA,NA,NA
NA,2025-07-15,North,OP/DCO,2,R,1.5,2667,13:00:00,y,2,NA,73,119,252,NA,NA,NA
NA,2025-07-15,North,OP/DCO,2,R,4,2595,13:00:00,y,2,NA,26,58,100,NA,NA,NA
NA,2025-07-15,North,OP/DCO,3,L,1,1803,13:00:00,y,2,NA,35,90,127,NA,NA,NA
NA,2025-07-15,North,OP/DCO,3,L,2.7,2596,13:00:00,y,2,NA,36,NA,NA,NA,NA,NA
NA,2025-07-15,North,OP/DCO,3,R,1.8,2554,13:00:00,y,2,NA,46,91,234,NA,NA,NA
NA,2025-07-15,North,OP/DCO,3,R,1.8,2665,13:00:00,y,2,NA,21,62,100,NA,NA,NA
NA,2025-07-15,North,OP/DCO,3,R,3,213,13:00:00,y,2,NA,33,68,112,NA,NA,NA
NA,2025-07-15,North,OP/DCO,3,R,4.2,2677,13:00:00,y,2,NA,26,100,157,NA,NA,NA
NA,2025-07-15,North,OP/DCO,3,R,9,2663,13:00:00,y,2,NA,44,79,139,NA,NA,NA
NA,2025-07-21,Breaker,DVM/AS,2,R,1.5,208,10:00:00,n,3,511,21,NA,NA,NA,NA,NA
NA,2025-07-21,Breaker,DVM/AS,3,L,0,2594,10:00:00,y,3,233,19,NA,NA,NA,NA,NA
NA,2025-07-21,Breaker,DVM/AS,3,L,2.5,222,10:00:00,y,3,332,18,NA,NA,NA,NA,NA
NA,2025-07-21,Breaker,DVM/AS,3,R,2.7,207,10:00:00,y,3,308,17,NA,NA,NA,NA,NA
NA,2025-07-21,Breaker,DVM/AS,3,R,9,2590,10:00:00,y,3,378,15,NA,NA,NA,NA,NA
NA,2025-07-21,Breaker,DVM/AS,3,R,11,206,10:00:00,y,3,390,4,NA,NA,NA,NA,NA
NA,2025-07-21,Breaker,DVM/AS,3,R,12,2547,10:00:00,y,3,503,5,NA,NA,NA,NA,NA
NA,2025-07-21,Breaker,OP/DCO,1,L,1.7,2515,10:00:00,y,3,389,47,NA,NA,NA,NA,NA
NA,2025-07-21,Breaker,OP/DCO,1,L,1.7,2542,10:00:00,y,3,300,34,NA,NA,NA,NA,NA
NA,2025-07-21,Breaker,OP/DCO,1,R,0.7,217,10:00:00,y,3,381,52,NA,NA,NA,NA,NA
NA,2025-07-21,Breaker,OP/DCO,1,NA,1.3,1708,10:00:00,y,3,324,38,NA,NA,NA,NA,NA
NA,2025-07-21,Breaker,OP/DCO,1,NA,1.9,223,10:00:00,y,3,472,40,NA,NA,NA,NA,NA
NA,2025-07-21,Breaker,OP/DCO,1,NA,5.1,2073,10:00:00,y,3,388,36,NA,NA,NA,NA,NA
NA,2025-07-21,Breaker,OP/DCO,1,NA,5.8,1765,10:00:00,y,3,406,10,NA,NA,NA,NA,NA
NA,2025-07-21,Breaker,OP/DCO,1,NA,6.2,281,10:00:00,y,3,308,35,NA,NA,NA,NA,NA
NA,2025-07-21,North,OP/DCO,1,L,0,204,9:00:00,y,3,564,48,NA,NA,NA,NA,NA
NA,2025-07-21,North,OP/DCO,1,L,0,2579,9:00:00,y,3,396,62,NA,NA,NA,NA,NA
NA,2025-07-21,North,OP/DCO,1,R,7,2022,9:00:00,y,3,418,24,NA,NA,NA,NA,NA
NA,2025-07-21,North,OP/DCO,1,R,8,1714,9:00:00,y,3,432,34,NA,NA,NA,NA,NA
NA,2025-07-21,North,OP/DCO,1,R,8,2043,9:00:00,y,3,375,46,NA,NA,NA,NA,NA
NA,2025-07-21,North,OP/DCO,2,L,7,1784,9:00:00,y,3,545,62,NA,NA,NA,NA,NA
NA,2025-07-21,North,OP/DCO,2,L,7,2670,9:00:00,y,3,367,30,NA,NA,NA,NA,NA
NA,2025-07-21,North,OP/DCO,2,R,1.5,2667,9:00:00,y,3,508,64,NA,NA,NA,NA,NA
NA,2025-07-21,North,OP/DCO,2,R,4,2595,9:00:00,y,3,339,31,NA,NA,NA,NA,NA
NA,2025-07-21,North,OP/DCO,3,L,1,1803,9:00:00,y,3,323,46,NA,NA,NA,NA,NA
NA,2025-07-21,North,OP/DCO,3,L,2.7,2596,9:00:00,y,3,389,35,NA,NA,NA,NA,NA
NA,2025-07-21,North,OP/DCO,3,R,1.8,2551,9:00:00,y,3,384,67,NA,NA,NA,NA,NA
NA,2025-07-21,North,OP/DCO,3,R,1.8,2665,9:00:00,y,3,300,24,NA,NA,NA,NA,NA
NA,2025-07-21,North,OP/DCO,3,R,3,213,9:00:00,y,3,293,39,NA,NA,NA,NA,NA
NA,2025-07-21,North,OP/DCO,3,R,4.2,2677,9:00:00,y,3,308,32,NA,NA,NA,NA,NA
NA,2025-07-21,North,OP/DCO,3,R,9,2663,9:00:00,y,3,420,58,NA,NA,NA,NA,NA
NA,2025-07-21,Triquetta,DVM/AS,2,R,10,106,12:00:00,y,3,198,29,NA,NA,NA,NA,NA
NA,2025-07-21,Triquetta,DVM/AS,2,R,10,2560,12:00:00,y,3,273,0,NA,NA,NA,NA,NA
NA,2025-07-21,Triquetta,DVM/AS,3,L,2,2592,12:00:00,y,3,393,46,NA,NA,NA,NA,NA
NA,2025-07-21,Triquetta,DVM/AS,3,L,3,1911,12:00:00,y,3,475,85,NA,NA,NA,NA,NA
NA,2025-07-21,Triquetta,DVM/AS,3,L,4,1697,12:00:00,y,3,240,41,NA,NA,NA,NA,NA
NA,2025-07-21,Triquetta,DVM/AS,3,R,0,209,12:00:00,y,3,352,41,NA,NA,NA,NA,NA
NA,2025-07-21,Triquetta,DVM/AS,3,R,6,2134,12:00:00,y,3,452,51,NA,NA,NA,NA,NA
NA,2025-07-21,Triquetta,DVM/AS,3,R,6,2557,12:00:00,y,3,434,73,NA,NA,NA,NA,NA
NA,2025-07-21,Triquetta,OP/DCO,1,L,2.4,2578,12:00:00,y,3,289,90,NA,NA,NA,NA,NA
NA,2025-07-21,Triquetta,OP/DCO,1,L,7,2593,12:00:00,y,3,354,58,NA,NA,NA,NA,NA
NA,2025-07-21,Triquetta,OP/DCO,1,R,5,1921,12:00:00,n,3,NA,NA,NA,NA,NA,NA,NA
NA,2025-07-21,Triquetta,OP/DCO,1,R,6.9,1843,12:00:00,y,3,433,66,NA,NA,NA,NA,NA
NA,2025-07-21,Triquetta,OP/DCO,2,R,0,1797,12:00:00,n,3,NA,NA,NA,NA,NA,NA,NA
NA,2025-07-21,Triquetta,OP/DCO,2,R,0,2117,12:00:00,y,3,466,81,NA,NA,NA,NA,NA
NA,2025-07-21,Triquetta,OP/DCO,2,R,0,2502,12:00:00,y,3,313,40,NA,NA,NA,NA,NA
NA,2025-07-21,Triquetta,OP/DCO,2,R,5.5,2554,12:00:00,y,3,283,75,NA,NA,NA,NA,NA
NA,NA,Breaker,DVM,1,L,2,NA,NA,NA,2,NA,NA,NA,NA,NA,NA,NA
NA,NA,Breaker,DVM,1,L,2,NA,NA,NA,3,NA,NA,NA,NA,NA,NA,NA
NA,NA,Breaker,DVM,1,L,2.5,NA,NA,NA,2,NA,NA,NA,NA,NA,NA,NA
NA,NA,Breaker,DVM,1,L,2.5,NA,NA,NA,3,NA,NA,NA,NA,NA,NA,NA
NA,NA,Breaker,DVM,1,L,3,NA,NA,NA,2,NA,NA,NA,NA,NA,NA,NA
NA,NA,Breaker,DVM,1,L,3,NA,NA,NA,3,NA,NA,NA,NA,NA,NA,NA
NA,NA,Breaker,DVM,1,L,5.5,NA,NA,NA,2,NA,NA,NA,NA,NA,NA,NA
NA,NA,Breaker,DVM,1,L,5.5,NA,NA,NA,3,NA,NA,NA,NA,NA,NA,NA
NA,NA,Breaker,DVM,1,L,7,NA,NA,NA,2,NA,NA,NA,NA,NA,NA,NA
NA,NA,Breaker,DVM,1,L,7,NA,NA,NA,3,NA,NA,NA,NA,NA,NA,NA
NA,NA,Breaker,DVM,1,L,7.5,NA,NA,NA,2,NA,NA,NA,NA,NA,NA,NA
NA,NA,Breaker,DVM,1,L,7.5,NA,NA,NA,3,NA,NA,NA,NA,NA,NA,NA
NA,NA,Breaker,DVM,1,L,15.5,NA,NA,NA,2,NA,NA,NA,NA,NA,NA,NA
NA,NA,Breaker,DVM,1,L,15.5,NA,NA,NA,3,NA,NA,NA,NA,NA,NA,NA
NA,NA,Breaker,DVM,1,L,16,NA,NA,NA,2,NA,NA,NA,NA,NA,NA,NA
NA,NA,Breaker,DVM,1,L,16,NA,NA,NA,3,NA,NA,NA,NA,NA,NA,NA
NA,NA,Breaker,DVM,1,L,19,NA,NA,NA,2,NA,NA,NA,NA,NA,NA,NA
NA,NA,Breaker,DVM,1,L,19,NA,NA,NA,3,NA,NA,NA,NA,NA,NA,NA
NA,NA,Breaker,DVM,1,R,1,NA,NA,NA,2,NA,NA,NA,NA,NA,NA,NA
NA,NA,Breaker,DVM,1,R,1,NA,NA,NA,2,NA,NA,NA,NA,NA,NA,NA
NA,NA,Breaker,DVM,1,R,1,NA,NA,NA,3,NA,NA,NA,NA,NA,NA,NA
NA,NA,Breaker,DVM,1,R,1,NA,NA,NA,3,NA,NA,NA,NA,NA,NA,NA
NA,NA,Breaker,DVM,1,R,3.5,NA,NA,NA,2,NA,NA,NA,NA,NA,NA,NA
NA,NA,Breaker,DVM,1,R,3.5,NA,NA,NA,3,NA,NA,NA,NA,NA,NA,NA
NA,NA,Breaker,DVM,1,R,4.5,NA,NA,NA,2,NA,NA,NA,NA,NA,NA,NA
NA,NA,Breaker,DVM,1,R,4.5,NA,NA,NA,3,NA,NA,NA,NA,NA,NA,NA
NA,NA,Breaker,DVM,1,R,8,NA,NA,NA,2,NA,NA,NA,NA,NA,NA,NA
NA,NA,Breaker,DVM,1,R,8,NA,NA,NA,3,NA,NA,NA,NA,NA,NA,NA
NA,NA,Breaker,DVM,1,R,19,NA,NA,NA,2,NA,NA,NA,NA,NA,NA,NA
NA,NA,Breaker,DVM,1,R,19,NA,NA,NA,3,NA,NA,NA,NA,NA,NA,NA
NA,NA,Breaker,KH,1,L,0.5,NA,NA,NA,2,NA,NA,NA,NA,NA,NA,NA
NA,NA,Breaker,KH,1,L,0.5,NA,NA,NA,3,NA,NA,NA,NA,NA,NA,NA
NA,NA,Breaker,KH,1,L,3,NA,NA,NA,2,NA,NA,NA,NA,NA,NA,NA
NA,NA,Breaker,KH,1,L,3,NA,NA,NA,3,NA,NA,NA,NA,NA,NA,NA
NA,NA,Breaker,KH,1,R,0,NA,NA,NA,2,NA,NA,NA,NA,NA,NA,NA
NA,NA,Breaker,KH,1,R,0,NA,NA,NA,3,NA,NA,NA,NA,NA,NA,NA
NA,NA,Breaker,KH,1,R,2.5,NA,NA,NA,2,NA,NA,NA,NA,NA,NA,NA
NA,NA,Breaker,KH,1,R,2.5,NA,NA,NA,3,NA,NA,NA,NA,NA,NA,NA
NA,NA,Breaker,KH,1,NA,NA,NA,NA,NA,2,NA,NA,NA,NA,NA,NA,NA
NA,NA,Breaker,KH,1,NA,NA,NA,NA,NA,3,NA,NA,NA,NA,NA,NA,NA
NA,NA,Breaker,KH,2,L,0,NA,NA,NA,2,NA,NA,NA,NA,NA,NA,NA
NA,NA,Breaker,KH,2,L,0,NA,NA,NA,3,NA,NA,NA,NA,NA,NA,NA
NA,NA,Breaker,KH,2,L,8.3,NA,NA,NA,2,NA,NA,NA,NA,NA,NA,NA
NA,NA,Breaker,KH,2,L,8.3,NA,NA,NA,3,NA,NA,NA,NA,NA,NA,NA
NA,NA,Breaker,KH,2,L,8.5,NA,NA,NA,2,NA,NA,NA,NA,NA,NA,NA
NA,NA,Breaker,KH,2,L,8.5,NA,NA,NA,3,NA,NA,NA,NA,NA,NA,NA
NA,NA,Breaker,KH,2,L,9,NA,NA,NA,2,NA,NA,NA,NA,NA,NA,NA
NA,NA,Breaker,KH,2,L,9,NA,NA,NA,3,NA,NA,NA,NA,NA,NA,NA
NA,NA,Breaker,KH,2,L,10.5,NA,NA,NA,2,NA,NA,NA,NA,NA,NA,NA
NA,NA,Breaker,KH,2,L,10.5,NA,NA,NA,3,NA,NA,NA,NA,NA,NA,NA
NA,NA,Breaker,KH,2,L,11,NA,NA,NA,2,NA,NA,NA,NA,NA,NA,NA
NA,NA,Breaker,KH,2,L,11,NA,NA,NA,3,NA,NA,NA,NA,NA,NA,NA
NA,NA,Breaker,KH,2,L,11.5,NA,NA,NA,2,NA,NA,NA,NA,NA,NA,NA
NA,NA,Breaker,KH,2,L,11.5,NA,NA,NA,3,NA,NA,NA,NA,NA,NA,NA
NA,NA,Breaker,KH,2,L,15.5,NA,NA,NA,2,NA,NA,NA,NA,NA,NA,NA
NA,NA,Breaker,KH,2,L,15.5,NA,NA,NA,3,NA,NA,NA,NA,NA,NA,NA
NA,NA,Breaker,KH,2,L,19.5,NA,NA,NA,2,NA,NA,NA,NA,NA,NA,NA
NA,NA,Breaker,KH,2,L,19.5,NA,NA,NA,3,NA,NA,NA,NA,NA,NA,NA
NA,NA,Breaker,KH,2,R,0,NA,NA,NA,2,NA,NA,NA,NA,NA,NA,NA
NA,NA,Breaker,KH,2,R,0,NA,NA,NA,3,NA,NA,NA,NA,NA,NA,NA
NA,NA,Breaker,KH,2,R,2,NA,NA,NA,2,NA,NA,NA,NA,NA,NA,NA
NA,NA,Breaker,KH,2,R,2,NA,NA,NA,3,NA,NA,NA,NA,NA,NA,NA
NA,NA,Breaker,KH,2,R,3,NA,NA,NA,2,NA,NA,NA,NA,NA,NA,NA
NA,NA,Breaker,KH,2,R,3,NA,NA,NA,3,NA,NA,NA,NA,NA,NA,NA
NA,NA,Breaker,KH,2,R,14.5,NA,NA,NA,2,NA,NA,NA,NA,NA,NA,NA
NA,NA,Breaker,KH,2,R,14.5,NA,NA,NA,3,NA,NA,NA,NA,NA,NA,NA
NA,NA,Breaker,KH,2,R,14.6,NA,NA,NA,2,NA,NA,NA,NA,NA,NA,NA
NA,NA,Breaker,KH,2,R,14.6,NA,NA,NA,3,NA,NA,NA,NA,NA,NA,NA
NA,NA,Breaker,KH,2,R,19,NA,NA,NA,2,NA,NA,NA,NA,NA,NA,NA
NA,NA,Breaker,KH,2,R,19,NA,NA,NA,3,NA,NA,NA,NA,NA,NA,NA
NA,NA,Breaker,KH,3,L,0,NA,NA,NA,2,NA,NA,NA,NA,NA,NA,NA
NA,NA,Breaker,KH,3,L,0,NA,NA,NA,3,NA,NA,NA,NA,NA,NA,NA
NA,NA,Breaker,KH,3,R,2,NA,NA,NA,2,NA,NA,NA,NA,NA,NA,NA
NA,NA,Breaker,KH,3,R,2,NA,NA,NA,3,NA,NA,NA,NA,NA,NA,NA
NA,NA,Breaker,MA,1,L,7,NA,NA,NA,2,NA,NA,NA,NA,NA,NA,NA
NA,NA,Breaker,MA,1,L,7,NA,NA,NA,3,NA,NA,NA,NA,NA,NA,NA
NA,NA,Breaker,MA,1,L,8,NA,NA,NA,2,NA,NA,NA,NA,NA,NA,NA
NA,NA,Breaker,MA,1,L,8,NA,NA,NA,3,NA,NA,NA,NA,NA,NA,NA
NA,NA,Breaker,MA,1,L,13,NA,NA,NA,2,NA,NA,NA,NA,NA,NA,NA
NA,NA,Breaker,MA,1,L,13,NA,NA,NA,3,NA,NA,NA,NA,NA,NA,NA
NA,NA,Breaker,MA,1,L,15.5,NA,NA,NA,2,NA,NA,NA,NA,NA,NA,NA
NA,NA,Breaker,MA,1,L,15.5,NA,NA,NA,3,NA,NA,NA,NA,NA,NA,NA
NA,NA,Breaker,MA,1,L,19.5,NA,NA,NA,2,NA,NA,NA,NA,NA,NA,NA
NA,NA,Breaker,MA,1,L,19.5,NA,NA,NA,3,NA,NA,NA,NA,NA,NA,NA
NA,NA,Breaker,MA,1,R,6,NA,NA,NA,2,NA,NA,NA,NA,NA,NA,NA
NA,NA,Breaker,MA,1,R,6,NA,NA,NA,3,NA,NA,NA,NA,NA,NA,NA
NA,NA,Breaker,MA,1,R,8.5,NA,NA,NA,2,NA,NA,NA,NA,NA,NA,NA
NA,NA,Breaker,MA,1,R,8.5,NA,NA,NA,3,NA,NA,NA,NA,NA,NA,NA
NA,NA,Breaker,MA,1,R,10,NA,NA,NA,2,NA,NA,NA,NA,NA,NA,NA
NA,NA,Breaker,MA,1,R,10,NA,NA,NA,3,NA,NA,NA,NA,NA,NA,NA
NA,NA,Breaker,MA,1,R,13,NA,NA,NA,2,NA,NA,NA,NA,NA,NA,NA
NA,NA,Breaker,MA,1,R,13,NA,NA,NA,3,NA,NA,NA,NA,NA,NA,NA
NA,NA,Breaker,MA,1,R,15,NA,NA,NA,2,NA,NA,NA,NA,NA,NA,NA
NA,NA,Breaker,MA,1,R,15,NA,NA,NA,3,NA,NA,NA,NA,NA,NA,NA
NA,NA,Breaker,MA,1,R,95,NA,NA,NA,2,NA,NA,NA,NA,NA,NA,NA
NA,NA,Breaker,MA,1,R,95,NA,NA,NA,3,NA,NA,NA,NA,NA,NA,NA
NA,NA,Breaker,MA,2,L,0,NA,NA,NA,2,NA,NA,NA,NA,NA,NA,NA
NA,NA,Breaker,MA,2,L,0,NA,NA,NA,3,NA,NA,NA,NA,NA,NA,NA
NA,NA,Breaker,MA,2,L,11,NA,NA,NA,2,NA,NA,NA,NA,NA,NA,NA
NA,NA,Breaker,MA,2,L,11,NA,NA,NA,3,NA,NA,NA,NA,NA,NA,NA
NA,NA,Breaker,MA,2,L,14.5,NA,NA,NA,2,NA,NA,NA,NA,NA,NA,NA
NA,NA,Breaker,MA,2,L,14.5,NA,NA,NA,3,NA,NA,NA,NA,NA,NA,NA
NA,NA,Breaker,MA,2,L,15,NA,NA,NA,2,NA,NA,NA,NA,NA,NA,NA
NA,NA,Breaker,MA,2,L,15,NA,NA,NA,3,NA,NA,NA,NA,NA,NA,NA
NA,NA,Breaker,MA,2,L,15.5,NA,NA,NA,2,NA,NA,NA,NA,NA,NA,NA
NA,NA,Breaker,MA,2,L,15.5,NA,NA,NA,3,NA,NA,NA,NA,NA,NA,NA
NA,NA,Breaker,MA,2,L,16,NA,NA,NA,2,NA,NA,NA,NA,NA,NA,NA
NA,NA,Breaker,MA,2,L,16,NA,NA,NA,3,NA,NA,NA,NA,NA,NA,NA
NA,NA,Breaker,MA,2,L,17,NA,NA,NA,2,NA,NA,NA,NA,NA,NA,NA
NA,NA,Breaker,MA,2,L,17,NA,NA,NA,3,NA,NA,NA,NA,NA,NA,NA
NA,NA,Breaker,MA,2,L,18.5,NA,NA,NA,2,NA,NA,NA,NA,NA,NA,NA
NA,NA,Breaker,MA,2,L,18.5,NA,NA,NA,3,NA,NA,NA,NA,NA,NA,NA
NA,NA,Breaker,MA,2,L,20,NA,NA,NA,2,NA,NA,NA,NA,NA,NA,NA
NA,NA,Breaker,MA,2,L,20,NA,NA,NA,3,NA,NA,NA,NA,NA,NA,NA
NA,NA,Breaker,MA,2,R,2,NA,NA,NA,2,NA,NA,NA,NA,NA,NA,NA
NA,NA,Breaker,MA,2,R,2,NA,NA,NA,3,NA,NA,NA,NA,NA,NA,NA
NA,NA,Breaker,MA,2,R,8.5,NA,NA,NA,2,NA,NA,NA,NA,NA,NA,NA
NA,NA,Breaker,MA,2,R,8.5,NA,NA,NA,3,NA,NA,NA,NA,NA,NA,NA
NA,NA,Breaker,MA,2,R,9,NA,NA,NA,2,NA,NA,NA,NA,NA,NA,NA
NA,NA,Breaker,MA,2,R,9,NA,NA,NA,3,NA,NA,NA,NA,NA,NA,NA
NA,NA,Breaker,MA,2,R,12,NA,NA,NA,2,NA,NA,NA,NA,NA,NA,NA
NA,NA,Breaker,MA,2,R,12,NA,NA,NA,3,NA,NA,NA,NA,NA,NA,NA
NA,NA,Breaker,MA,2,R,17.5,NA,NA,NA,2,NA,NA,NA,NA,NA,NA,NA
NA,NA,Breaker,MA,2,R,17.5,NA,NA,NA,3,NA,NA,NA,NA,NA,NA,NA
NA,NA,Breaker,MA,2,R,18,NA,NA,NA,2,NA,NA,NA,NA,NA,NA,NA
NA,NA,Breaker,MA,2,R,18,NA,NA,NA,3,NA,NA,NA,NA,NA,NA,NA
NA,NA,Breaker,OP,3,L,2,NA,NA,NA,2,NA,NA,NA,NA,NA,NA,NA
NA,NA,Breaker,OP,3,L,2,NA,NA,NA,3,NA,NA,NA,NA,NA,NA,NA
NA,NA,Breaker,OP,3,L,2.5,NA,NA,NA,2,NA,NA,NA,NA,NA,NA,NA
NA,NA,Breaker,OP,3,L,2.5,NA,NA,NA,3,NA,NA,NA,NA,NA,NA,NA
NA,NA,Breaker,OP,3,L,3,NA,NA,NA,2,NA,NA,NA,NA,NA,NA,NA
NA,NA,Breaker,OP,3,L,3,NA,NA,NA,3,NA,NA,NA,NA,NA,NA,NA
NA,NA,Breaker,OP,3,L,3.5,NA,NA,NA,2,NA,NA,NA,NA,NA,NA,NA
NA,NA,Breaker,OP,3,L,3.5,NA,NA,NA,3,NA,NA,NA,NA,NA,NA,NA
NA,NA,Breaker,OP,3,L,6,NA,NA,NA,2,NA,NA,NA,NA,NA,NA,NA
NA,NA,Breaker,OP,3,L,6,NA,NA,NA,3,NA,NA,NA,NA,NA,NA,NA
NA,NA,Breaker,OP,3,L,10,NA,NA,NA,2,NA,NA,NA,NA,NA,NA,NA
NA,NA,Breaker,OP,3,L,10,NA,NA,NA,2,NA,NA,NA,NA,NA,NA,NA
NA,NA,Breaker,OP,3,L,10,NA,NA,NA,2,NA,NA,NA,NA,NA,NA,NA
NA,NA,Breaker,OP,3,L,10,NA,NA,NA,2,NA,NA,NA,NA,NA,NA,NA
NA,NA,Breaker,OP,3,L,10,NA,NA,NA,2,NA,NA,NA,NA,NA,NA,NA
NA,NA,Breaker,OP,3,L,10,NA,NA,NA,2,NA,NA,NA,NA,NA,NA,NA
NA,NA,Breaker,OP,3,L,10,NA,NA,NA,3,NA,NA,NA,NA,NA,NA,NA
NA,NA,Breaker,OP,3,L,10,NA,NA,NA,3,NA,NA,NA,NA,NA,NA,NA
NA,NA,Breaker,OP,3,L,10,NA,NA,NA,3,NA,NA,NA,NA,NA,NA,NA
NA,NA,Breaker,OP,3,L,10,NA,NA,NA,3,NA,NA,NA,NA,NA,NA,NA
NA,NA,Breaker,OP,3,L,10,NA,NA,NA,3,NA,NA,NA,NA,NA,NA,NA
NA,NA,Breaker,OP,3,L,10,NA,NA,NA,3,NA,NA,NA,NA,NA,NA,NA
NA,NA,Breaker,OP,3,L,14.5,NA,NA,NA,2,NA,NA,NA,NA,NA,NA,NA
NA,NA,Breaker,OP,3,L,14.5,NA,NA,NA,3,NA,NA,NA,NA,NA,NA,NA
NA,NA,Breaker,OP,3,L,15,NA,NA,NA,2,NA,NA,NA,NA,NA,NA,NA
NA,NA,Breaker,OP,3,L,15,NA,NA,NA,3,NA,NA,NA,NA,NA,NA,NA
NA,NA,Breaker,OP,3,L,17,NA,NA,NA,2,NA,NA,NA,NA,NA,NA,NA
NA,NA,Breaker,OP,3,L,17,NA,NA,NA,3,NA,NA,NA,NA,NA,NA,NA
NA,NA,Breaker,OP,3,L,19,NA,NA,NA,2,NA,NA,NA,NA,NA,NA,NA
NA,NA,Breaker,OP,3,L,19,NA,NA,NA,3,NA,NA,NA,NA,NA,NA,NA
NA,NA,Breaker,OP,3,L,20,NA,NA,NA,2,NA,NA,NA,NA,NA,NA,NA
NA,NA,Breaker,OP,3,L,20,NA,NA,NA,3,NA,NA,NA,NA,NA,NA,NA
NA,NA,Breaker,OP,3,R,6,NA,NA,NA,2,NA,NA,NA,NA,NA,NA,NA
NA,NA,Breaker,OP,3,R,6,NA,NA,NA,3,NA,NA,NA,NA,NA,NA,NA
NA,NA,Breaker,OP,3,R,8,NA,NA,NA,2,NA,NA,NA,NA,NA,NA,NA
NA,NA,Breaker,OP,3,R,8,NA,NA,NA,3,NA,NA,NA,NA,NA,NA,NA
NA,NA,Breaker,OP,3,R,14,NA,NA,NA,2,NA,NA,NA,NA,NA,NA,NA
NA,NA,Breaker,OP,3,R,14,NA,NA,NA,3,NA,NA,NA,NA,NA,NA,NA
NA,NA,Breaker,OP,3,R,14.2,NA,NA,NA,2,NA,NA,NA,NA,NA,NA,NA
NA,NA,Breaker,OP,3,R,14.2,NA,NA,NA,3,NA,NA,NA,NA,NA,NA,NA
NA,NA,Breaker,OP,3,R,15,NA,NA,NA,2,NA,NA,NA,NA,NA,NA,NA
NA,NA,Breaker,OP,3,R,15,NA,NA,NA,2,NA,NA,NA,NA,NA,NA,NA
NA,NA,Breaker,OP,3,R,15,NA,NA,NA,3,NA,NA,NA,NA,NA,NA,NA
NA,NA,Breaker,OP,3,R,15,NA,NA,NA,3,NA,NA,NA,NA,NA,NA,NA
NA,NA,Breaker,OP,3,R,17,NA,NA,NA,2,NA,NA,NA,NA,NA,NA,NA
NA,NA,Breaker,OP,3,R,17,NA,NA,NA,2,NA,NA,NA,NA,NA,NA,NA
NA,NA,Breaker,OP,3,R,17,NA,NA,NA,2,NA,NA,NA,NA,NA,NA,NA
NA,NA,Breaker,OP,3,R,17,NA,NA,NA,3,NA,NA,NA,NA,NA,NA,NA
NA,NA,Breaker,OP,3,R,17,NA,NA,NA,3,NA,NA,NA,NA,NA,NA,NA
NA,NA,Breaker,OP,3,R,17,NA,NA,NA,3,NA,NA,NA,NA,NA,NA,NA
NA,NA,Breaker,OP,3,R,20,NA,NA,NA,2,NA,NA,NA,NA,NA,NA,NA
NA,NA,Breaker,OP,3,R,20,NA,NA,NA,2,NA,NA,NA,NA,NA,NA,NA
NA,NA,Breaker,OP,3,R,20,NA,NA,NA,3,NA,NA,NA,NA,NA,NA,NA
NA,NA,Breaker,OP,3,R,20,NA,NA,NA,3,NA,NA,NA,NA,NA,NA,NA
NA,NA,Manley,GSB,1,L,10,NA,NA,NA,2,NA,NA,NA,NA,NA,NA,NA
NA,NA,Manley,GSB,1,L,10,NA,NA,NA,2,NA,NA,NA,NA,NA,NA,NA
NA,NA,Manley,GSB,1,L,10,NA,NA,NA,3,NA,NA,NA,NA,NA,NA,NA
NA,NA,Manley,GSB,1,L,10,NA,NA,NA,3,NA,NA,NA,NA,NA,NA,NA
NA,NA,Manley,GSB,1,R,7.5,NA,NA,NA,2,NA,NA,NA,NA,NA,NA,NA
NA,NA,Manley,GSB,1,R,7.5,NA,NA,NA,3,NA,NA,NA,NA,NA,NA,NA
NA,NA,Manley,GSB,1,R,8,NA,NA,NA,2,NA,NA,NA,NA,NA,NA,NA
NA,NA,Manley,GSB,1,R,8,NA,NA,NA,3,NA,NA,NA,NA,NA,NA,NA
NA,NA,Manley,GSB,1,R,10,NA,NA,NA,2,NA,NA,NA,NA,NA,NA,NA
NA,NA,Manley,GSB,1,R,10,NA,NA,NA,3,NA,NA,NA,NA,NA,NA,NA
NA,NA,Manley,GSB,2,L,13,NA,NA,NA,2,NA,NA,NA,NA,NA,NA,NA
NA,NA,Manley,GSB,2,L,13,NA,NA,NA,3,NA,NA,NA,NA,NA,NA,NA
NA,NA,Manley,GSB,2,L,20,NA,NA,NA,2,NA,NA,NA,NA,NA,NA,NA
NA,NA,Manley,GSB,2,L,20,NA,NA,NA,3,NA,NA,NA,NA,NA,NA,NA
NA,NA,Manley,GSB,2,R,7,NA,NA,NA,2,NA,NA,NA,NA,NA,NA,NA
NA,NA,Manley,GSB,2,R,7,NA,NA,NA,3,NA,NA,NA,NA,NA,NA,NA
NA,NA,Manley,KH,2.5,NA,7,NA,NA,NA,2,NA,29,NA,NA,NA,NA,NA
NA,NA,Manley,KH,2.5,NA,7,NA,NA,NA,3,NA,NA,NA,NA,NA,NA,NA
NA,NA,Manley,KH,2.5,NA,9,NA,NA,NA,2,NA,22,NA,NA,NA,NA,NA
NA,NA,Manley,KH,2.5,NA,9,NA,NA,NA,3,NA,NA,NA,NA,NA,NA,NA
NA,NA,Manley,KH,2.5,NA,13,NA,NA,NA,2,NA,32,NA,NA,NA,NA,NA
NA,NA,Manley,KH,2.5,NA,13,NA,NA,NA,3,NA,NA,NA,NA,NA,NA,NA
NA,NA,Manley,LL,1,L,0,NA,NA,NA,2,NA,NA,NA,NA,NA,NA,NA
NA,NA,Manley,LL,1,L,0,NA,NA,NA,3,NA,NA,NA,NA,NA,NA,NA
NA,NA,Manley,LL,1,L,6.9,NA,NA,NA,2,NA,NA,NA,NA,NA,NA,NA
NA,NA,Manley,LL,1,L,6.9,NA,NA,NA,3,NA,NA,NA,NA,NA,NA,NA
NA,NA,Manley,LL,1,R,3.7,NA,NA,NA,2,NA,NA,NA,NA,NA,NA,NA
NA,NA,Manley,LL,1,R,3.7,NA,NA,NA,3,NA,NA,NA,NA,NA,NA,NA
NA,NA,Manley,LL,1,R,12.4,NA,NA,NA,2,NA,NA,NA,NA,NA,NA,NA
NA,NA,Manley,LL,1,R,12.4,NA,NA,NA,3,NA,NA,NA,NA,NA,NA,NA
NA,NA,Manley,LL,2,L,6,NA,NA,NA,2,NA,NA,NA,NA,NA,NA,NA
NA,NA,Manley,LL,2,L,6,NA,NA,NA,3,NA,NA,NA,NA,NA,NA,NA
NA,NA,Manley,LL,2,L,8,NA,NA,NA,2,NA,NA,NA,NA,NA,NA,NA
NA,NA,Manley,LL,2,L,8,NA,NA,NA,2,NA,NA,NA,NA,NA,NA,NA
NA,NA,Manley,LL,2,L,8,NA,NA,NA,3,NA,NA,NA,NA,NA,NA,NA
NA,NA,Manley,LL,2,L,8,NA,NA,NA,3,NA,NA,NA,NA,NA,NA,NA
NA,NA,Manley,LL,2,L,15,NA,NA,NA,2,NA,NA,NA,NA,NA,NA,NA
NA,NA,Manley,LL,2,L,15,NA,NA,NA,3,NA,NA,NA,NA,NA,NA,NA
NA,NA,Manley,LL,2,L,16,NA,NA,NA,2,NA,NA,NA,NA,NA,NA,NA
NA,NA,Manley,LL,2,L,16,NA,NA,NA,3,NA,NA,NA,NA,NA,NA,NA
NA,NA,Manley,LL,2,R,6,NA,NA,NA,2,NA,NA,NA,NA,NA,NA,NA
NA,NA,Manley,LL,2,R,6,NA,NA,NA,3,NA,NA,NA,NA,NA,NA,NA
NA,NA,Manley,LL,2,R,12,NA,NA,NA,2,NA,NA,NA,NA,NA,NA,NA
NA,NA,Manley,LL,2,R,12,NA,NA,NA,3,NA,NA,NA,NA,NA,NA,NA
NA,NA,Manley,LL,2,R,15,NA,NA,NA,2,NA,NA,NA,NA,NA,NA,NA
NA,NA,Manley,LL,2,R,15,NA,NA,NA,3,NA,NA,NA,NA,NA,NA,NA
NA,NA,Manley,LL,2,R,17,NA,NA,NA,2,NA,NA,NA,NA,NA,NA,NA
NA,NA,Manley,LL,2,R,17,NA,NA,NA,2,NA,NA,NA,NA,NA,NA,NA
NA,NA,Manley,LL,2,R,17,NA,NA,NA,3,NA,NA,NA,NA,NA,NA,NA
NA,NA,Manley,LL,2,R,17,NA,NA,NA,3,NA,NA,NA,NA,NA,NA,NA
NA,NA,Manley,NAP,1.5,NA,8,NA,NA,NA,2,NA,33,NA,NA,NA,NA,NA
NA,NA,Manley,NAP,1.5,NA,8,NA,NA,NA,3,NA,NA,NA,NA,NA,NA,NA
NA,NA,Manley,NAP,1.5,NA,12,NA,NA,NA,2,NA,65,NA,NA,NA,NA,NA
NA,NA,Manley,NAP,1.5,NA,12,NA,NA,NA,3,NA,NA,NA,NA,NA,NA,NA
NA,NA,Manley,NAP,1.5,NA,18,NA,NA,NA,2,NA,46,NA,NA,NA,NA,NA
NA,NA,Manley,NAP,1.5,NA,18,NA,NA,NA,3,NA,NA,NA,NA,NA,NA,NA
NA,NA,Manley,OP,3,L,3,NA,NA,NA,2,NA,NA,NA,NA,NA,NA,NA
NA,NA,Manley,OP,3,L,3,NA,NA,NA,2,NA,NA,NA,NA,NA,NA,NA
NA,NA,Manley,OP,3,L,3,NA,NA,NA,3,NA,NA,NA,NA,NA,NA,NA
NA,NA,Manley,OP,3,L,3,NA,NA,NA,3,NA,NA,NA,NA,NA,NA,NA
NA,NA,Manley,OP,3,R,0,NA,NA,NA,2,NA,NA,NA,NA,NA,NA,NA
NA,NA,Manley,OP,3,R,0,NA,NA,NA,3,NA,NA,NA,NA,NA,NA,NA
NA,NA,Manley,OP,3,R,0.5,NA,NA,NA,2,NA,NA,NA,NA,NA,NA,NA
NA,NA,Manley,OP,3,R,0.5,NA,NA,NA,3,NA,NA,NA,NA,NA,NA,NA
NA,NA,Manley,OP,3,R,1,NA,NA,NA,2,NA,NA,NA,NA,NA,NA,NA
NA,NA,Manley,OP,3,R,1,NA,NA,NA,3,NA,NA,NA,NA,NA,NA,NA
NA,NA,Manley,OP,3,R,15,NA,NA,NA,2,NA,NA,NA,NA,NA,NA,NA
NA,NA,Manley,OP,3,R,15,NA,NA,NA,3,NA,NA,NA,NA,NA,NA,NA
NA,NA,McMullins_west,LL/DCO,NA,NA,NA,NA,NA,NA,3,NA,NA,NA,NA,NA,NA,NA
NA,NA,McMullins_west,LL/DCO,NA,NA,NA,NA,NA,NA,3,NA,NA,NA,NA,NA,NA,NA
NA,NA,McMullins_west,LL/DCO,NA,NA,NA,NA,NA,NA,3,NA,NA,NA,NA,NA,NA,NA
NA,NA,McMullins_west,LL/DCO,NA,NA,NA,NA,NA,NA,3,NA,NA,NA,NA,NA,NA,NA
NA,NA,McMullins_west,LL/DCO,NA,NA,NA,NA,NA,NA,3,NA,NA,NA,NA,NA,NA,NA
NA,NA,McMullins_west,LL/DCO,NA,NA,NA,NA,NA,NA,3,NA,NA,NA,NA,NA,NA,NA
NA,NA,McMullins_west,LL/DCO,NA,NA,NA,NA,NA,NA,3,NA,NA,NA,NA,NA,NA,NA
NA,NA,McMullins_west,LL/DCO,NA,NA,NA,NA,NA,NA,3,NA,NA,NA,NA,NA,NA,NA
NA,NA,McMullins_west,OP/AS,NA,NA,NA,NA,NA,NA,3,NA,NA,NA,NA,NA,NA,NA
NA,NA,McMullins_west,OP/AS,NA,NA,NA,NA,NA,NA,3,NA,NA,NA,NA,NA,NA,NA
NA,NA,McMullins_west,OP/AS,NA,NA,NA,NA,NA,NA,3,NA,NA,NA,NA,NA,NA,NA
NA,NA,McMullins_west,OP/AS,NA,NA,NA,NA,NA,NA,3,NA,NA,NA,NA,NA,NA,NA
NA,NA,McMullins_west,OP/AS,NA,NA,NA,NA,NA,NA,3,NA,NA,NA,NA,NA,NA,NA
NA,NA,McMullins_west,OP/AS,NA,NA,NA,NA,NA,NA,3,NA,NA,NA,NA,NA,NA,NA
NA,NA,McMullins_west,OP/AS,NA,NA,NA,NA,NA,NA,3,NA,NA,NA,NA,NA,NA,NA
NA,NA,North,KH,1.5,NA,0,NA,NA,NA,2,NA,57,NA,NA,NA,NA,NA
NA,NA,North,KH,1.5,NA,0,NA,NA,NA,3,NA,NA,NA,NA,NA,NA,NA
NA,NA,North,KH,1.5,NA,2,NA,NA,NA,2,NA,46,NA,NA,NA,NA,NA
NA,NA,North,KH,1.5,NA,2,NA,NA,NA,3,NA,NA,NA,NA,NA,NA,NA
NA,NA,North,KH,1.5,NA,2.8,NA,NA,NA,2,NA,69,NA,NA,NA,NA,NA
NA,NA,North,KH,1.5,NA,2.8,NA,NA,NA,3,NA,NA,NA,NA,NA,NA,NA
NA,NA,North,KH,1.5,NA,3.9,NA,NA,NA,2,NA,39,NA,NA,NA,NA,NA
NA,NA,North,KH,1.5,NA,3.9,NA,NA,NA,3,NA,NA,NA,NA,NA,NA,NA
NA,NA,North,KH,2.5,NA,4,NA,NA,NA,2,NA,58,NA,NA,NA,NA,NA
NA,NA,North,KH,2.5,NA,4,NA,NA,NA,3,NA,NA,NA,NA,NA,NA,NA
NA,NA,North,KH,2.5,NA,7,NA,NA,NA,2,NA,53,NA,NA,NA,NA,NA
NA,NA,North,KH,2.5,NA,7,NA,NA,NA,3,NA,NA,NA,NA,NA,NA,NA
NA,NA,North,KH,2.5,NA,11.5,NA,NA,NA,2,NA,50,NA,NA,NA,NA,NA
NA,NA,North,KH,2.5,NA,11.5,NA,NA,NA,3,NA,NA,NA,NA,NA,NA,NA
NA,NA,North,KH,2.5,NA,12,NA,NA,NA,2,NA,36,NA,NA,NA,NA,NA
NA,NA,North,KH,2.5,NA,12,NA,NA,NA,3,NA,NA,NA,NA,NA,NA,NA
NA,NA,North,KH,2.5,NA,12.5,NA,NA,NA,2,NA,53,NA,NA,NA,NA,NA
NA,NA,North,KH,2.5,NA,12.5,NA,NA,NA,3,NA,NA,NA,NA,NA,NA,NA
NA,NA,North,KH,2.5,NA,13,NA,NA,NA,2,NA,25,NA,NA,NA,NA,NA
NA,NA,North,KH,2.5,NA,13,NA,NA,NA,3,NA,NA,NA,NA,NA,NA,NA
NA,NA,North,KH,2.5,NA,14,NA,NA,NA,2,NA,50,NA,NA,NA,NA,NA
NA,NA,North,KH,2.5,NA,14,NA,NA,NA,3,NA,NA,NA,NA,NA,NA,NA
NA,NA,North,KH,2.5,NA,15,NA,NA,NA,2,NA,168,NA,NA,NA,NA,NA
NA,NA,North,KH,2.5,NA,15,NA,NA,NA,3,NA,NA,NA,NA,NA,NA,NA
NA,NA,North,KH,2.5,NA,15.5,NA,NA,NA,2,NA,18,NA,NA,NA,NA,NA
NA,NA,North,KH,2.5,NA,15.5,NA,NA,NA,3,NA,NA,NA,NA,NA,NA,NA
NA,NA,North,KH,2.5,NA,17,NA,NA,NA,2,NA,35,NA,NA,NA,NA,NA
NA,NA,North,KH,2.5,NA,17,NA,NA,NA,3,NA,NA,NA,NA,NA,NA,NA
NA,NA,North,KH,2.5,NA,17.5,NA,NA,NA,2,NA,30,NA,NA,NA,NA,NA
NA,NA,North,KH,2.5,NA,17.5,NA,NA,NA,3,NA,NA,NA,NA,NA,NA,NA
NA,NA,North,KH,2.5,NA,18,NA,NA,NA,2,NA,81,NA,NA,NA,NA,NA
NA,NA,North,KH,2.5,NA,18,NA,NA,NA,3,NA,NA,NA,NA,NA,NA,NA
NA,NA,North,KH,2.5,NA,18.1,NA,NA,NA,2,NA,31,NA,NA,NA,NA,NA
NA,NA,North,KH,2.5,NA,18.1,NA,NA,NA,3,NA,NA,NA,NA,NA,NA,NA
NA,NA,North,KH,2.5,NA,19,NA,NA,NA,2,NA,40,NA,NA,NA,NA,NA
NA,NA,North,KH,2.5,NA,19,NA,NA,NA,3,NA,NA,NA,NA,NA,NA,NA
NA,NA,North,KH,2.5,NA,19.1,NA,NA,NA,2,NA,37,NA,NA,NA,NA,NA
NA,NA,North,KH,2.5,NA,19.1,NA,NA,NA,3,NA,NA,NA,NA,NA,NA,NA
NA,NA,North,KH,2.5,NA,19.5,NA,NA,NA,2,NA,60,NA,NA,NA,NA,NA
NA,NA,North,KH,2.5,NA,19.5,NA,NA,NA,3,NA,NA,NA,NA,NA,NA,NA
NA,NA,North,KH,2.5,NA,19.6,NA,NA,NA,2,NA,46,NA,NA,NA,NA,NA
NA,NA,North,KH,2.5,NA,19.6,NA,NA,NA,3,NA,NA,NA,NA,NA,NA,NA
NA,NA,North,LL,1.5,NA,0,NA,NA,NA,2,NA,24,NA,NA,NA,NA,NA
NA,NA,North,LL,1.5,NA,0,NA,NA,NA,2,NA,50,NA,NA,NA,NA,NA
NA,NA,North,LL,1.5,NA,0,NA,NA,NA,2,NA,57,NA,NA,NA,NA,NA
NA,NA,North,LL,1.5,NA,0,NA,NA,NA,3,NA,NA,NA,NA,NA,NA,NA
NA,NA,North,LL,1.5,NA,0,NA,NA,NA,3,NA,NA,NA,NA,NA,NA,NA
NA,NA,North,LL,1.5,NA,0,NA,NA,NA,3,NA,NA,NA,NA,NA,NA,NA
NA,NA,North,LL,1.5,NA,2,NA,NA,NA,2,NA,43,NA,NA,NA,NA,NA
NA,NA,North,LL,1.5,NA,2,NA,NA,NA,3,NA,NA,NA,NA,NA,NA,NA
NA,NA,North,NAP,1.5,NA,0,NA,NA,NA,2,NA,38,NA,NA,NA,NA,NA
NA,NA,North,NAP,1.5,NA,0,NA,NA,NA,2,NA,46,NA,NA,NA,NA,NA
NA,NA,North,NAP,1.5,NA,0,NA,NA,NA,2,NA,70,NA,NA,NA,NA,NA
NA,NA,North,NAP,1.5,NA,0,NA,NA,NA,3,NA,NA,NA,NA,NA,NA,NA
NA,NA,North,NAP,1.5,NA,0,NA,NA,NA,3,NA,NA,NA,NA,NA,NA,NA
NA,NA,North,NAP,1.5,NA,0,NA,NA,NA,3,NA,NA,NA,NA,NA,NA,NA
NA,NA,North,NAP,1.5,NA,2,NA,NA,NA,2,NA,7,NA,NA,NA,NA,NA
NA,NA,North,NAP,1.5,NA,2,NA,NA,NA,2,NA,35,NA,NA,NA,NA,NA
NA,NA,North,NAP,1.5,NA,2,NA,NA,NA,2,NA,47,NA,NA,NA,NA,NA
NA,NA,North,NAP,1.5,NA,2,NA,NA,NA,2,NA,48,NA,NA,NA,NA,NA
NA,NA,North,NAP,1.5,NA,2,NA,NA,NA,2,NA,60,NA,NA,NA,NA,NA
NA,NA,North,NAP,1.5,NA,2,NA,NA,NA,2,NA,72,NA,NA,NA,NA,NA
NA,NA,North,NAP,1.5,NA,2,NA,NA,NA,3,NA,NA,NA,NA,NA,NA,NA
NA,NA,North,NAP,1.5,NA,2,NA,NA,NA,3,NA,NA,NA,NA,NA,NA,NA
NA,NA,North,NAP,1.5,NA,2,NA,NA,NA,3,NA,NA,NA,NA,NA,NA,NA
NA,NA,North,NAP,1.5,NA,2,NA,NA,NA,3,NA,NA,NA,NA,NA,NA,NA
NA,NA,North,NAP,1.5,NA,2,NA,NA,NA,3,NA,NA,NA,NA,NA,NA,NA
NA,NA,North,NAP,1.5,NA,2,NA,NA,NA,3,NA,NA,NA,NA,NA,NA,NA
NA,NA,North,NAP,1.5,NA,4,NA,NA,NA,2,NA,34,NA,NA,NA,NA,NA
NA,NA,North,NAP,1.5,NA,4,NA,NA,NA,2,NA,36,NA,NA,NA,NA,NA
NA,NA,North,NAP,1.5,NA,4,NA,NA,NA,2,NA,38,NA,NA,NA,NA,NA
NA,NA,North,NAP,1.5,NA,4,NA,NA,NA,2,NA,39,NA,NA,NA,NA,NA
NA,NA,North,NAP,1.5,NA,4,NA,NA,NA,2,NA,55,NA,NA,NA,NA,NA
NA,NA,North,NAP,1.5,NA,4,NA,NA,NA,2,NA,57,NA,NA,NA,NA,NA
NA,NA,North,NAP,1.5,NA,4,NA,NA,NA,2,NA,57,NA,NA,NA,NA,NA
NA,NA,North,NAP,1.5,NA,4,NA,NA,NA,2,NA,59,NA,NA,NA,NA,NA
NA,NA,North,NAP,1.5,NA,4,NA,NA,NA,3,NA,NA,NA,NA,NA,NA,NA
NA,NA,North,NAP,1.5,NA,4,NA,NA,NA,3,NA,NA,NA,NA,NA,NA,NA
NA,NA,North,NAP,1.5,NA,4,NA,NA,NA,3,NA,NA,NA,NA,NA,NA,NA
NA,NA,North,NAP,1.5,NA,4,NA,NA,NA,3,NA,NA,NA,NA,NA,NA,NA
NA,NA,North,NAP,1.5,NA,4,NA,NA,NA,3,NA,NA,NA,NA,NA,NA,NA
NA,NA,North,NAP,1.5,NA,4,NA,NA,NA,3,NA,NA,NA,NA,NA,NA,NA
NA,NA,North,NAP,1.5,NA,4,NA,NA,NA,3,NA,NA,NA,NA,NA,NA,NA
NA,NA,North,NAP,1.5,NA,4,NA,NA,NA,3,NA,NA,NA,NA,NA,NA,NA
NA,NA,North,NAP,1.5,NA,6,NA,NA,NA,2,NA,33,NA,NA,NA,NA,NA
NA,NA,North,NAP,1.5,NA,6,NA,NA,NA,2,NA,38,NA,NA,NA,NA,NA
NA,NA,North,NAP,1.5,NA,6,NA,NA,NA,2,NA,81,NA,NA,NA,NA,NA
NA,NA,North,NAP,1.5,NA,6,NA,NA,NA,3,NA,NA,NA,NA,NA,NA,NA
NA,NA,North,NAP,1.5,NA,6,NA,NA,NA,3,NA,NA,NA,NA,NA,NA,NA
NA,NA,North,NAP,1.5,NA,6,NA,NA,NA,3,NA,NA,NA,NA,NA,NA,NA
NA,NA,Ratatouille,KH,3,L,3.2,NA,NA,NA,2,NA,NA,NA,NA,NA,NA,NA
NA,NA,Ratatouille,KH,3,L,3.2,NA,NA,NA,3,NA,NA,NA,NA,NA,NA,NA
NA,NA,Ratatouille,KH,3,L,3.5,NA,NA,NA,2,NA,NA,NA,NA,NA,NA,NA
NA,NA,Ratatouille,KH,3,L,3.5,NA,NA,NA,2,NA,NA,NA,NA,NA,NA,NA
NA,NA,Ratatouille,KH,3,L,3.5,NA,NA,NA,3,NA,NA,NA,NA,NA,NA,NA
NA,NA,Ratatouille,KH,3,L,3.5,NA,NA,NA,3,NA,NA,NA,NA,NA,NA,NA
NA,NA,Ratatouille,KH,3,L,3.9,NA,NA,NA,2,NA,NA,NA,NA,NA,NA,NA
NA,NA,Ratatouille,KH,3,L,3.9,NA,NA,NA,3,NA,NA,NA,NA,NA,NA,NA
NA,NA,Ratatouille,KH,3,L,4,NA,NA,NA,2,NA,NA,NA,NA,NA,NA,NA
NA,NA,Ratatouille,KH,3,L,4,NA,NA,NA,3,NA,NA,NA,NA,NA,NA,NA
NA,NA,Ratatouille,KH,3,L,11.5,NA,NA,NA,2,NA,NA,NA,NA,NA,NA,NA
NA,NA,Ratatouille,KH,3,L,11.5,NA,NA,NA,3,NA,NA,NA,NA,NA,NA,NA
NA,NA,Ratatouille,KH,3,L,14.7,NA,NA,NA,2,NA,NA,NA,NA,NA,NA,NA
NA,NA,Ratatouille,KH,3,L,14.7,NA,NA,NA,3,NA,NA,NA,NA,NA,NA,NA
NA,NA,Ratatouille,KH,3,L,14.8,NA,NA,NA,2,NA,NA,NA,NA,NA,NA,NA
NA,NA,Ratatouille,KH,3,L,14.8,NA,NA,NA,3,NA,NA,NA,NA,NA,NA,NA
NA,NA,Ratatouille,KH,3,L,20,NA,NA,NA,2,NA,NA,NA,NA,NA,NA,NA
NA,NA,Ratatouille,KH,3,L,20,NA,NA,NA,3,NA,NA,NA,NA,NA,NA,NA
NA,NA,Ratatouille,KH,3,R,0,NA,NA,NA,2,NA,NA,NA,NA,NA,NA,NA
NA,NA,Ratatouille,KH,3,R,0,NA,NA,NA,2,NA,NA,NA,NA,NA,NA,NA
NA,NA,Ratatouille,KH,3,R,0,NA,NA,NA,3,NA,NA,NA,NA,NA,NA,NA
NA,NA,Ratatouille,KH,3,R,0,NA,NA,NA,3,NA,NA,NA,NA,NA,NA,NA
NA,NA,Ratatouille,KH,3,R,1.5,NA,NA,NA,2,NA,NA,NA,NA,NA,NA,NA
NA,NA,Ratatouille,KH,3,R,1.5,NA,NA,NA,3,NA,NA,NA,NA,NA,NA,NA
NA,NA,Ratatouille,KH,3,R,8.2,NA,NA,NA,2,NA,NA,NA,NA,NA,NA,NA
NA,NA,Ratatouille,KH,3,R,8.2,NA,NA,NA,3,NA,NA,NA,NA,NA,NA,NA
NA,NA,Ratatouille,KH,3,R,8.3,NA,NA,NA,2,NA,NA,NA,NA,NA,NA,NA
NA,NA,Ratatouille,KH,3,R,8.3,NA,NA,NA,3,NA,NA,NA,NA,NA,NA,NA
NA,NA,Ratatouille,KH,3,R,8.5,NA,NA,NA,2,NA,NA,NA,NA,NA,NA,NA
NA,NA,Ratatouille,KH,3,R,8.5,NA,NA,NA,3,NA,NA,NA,NA,NA,NA,NA
NA,NA,Ratatouille,KH,3,R,9.5,NA,NA,NA,2,NA,NA,NA,NA,NA,NA,NA
NA,NA,Ratatouille,KH,3,R,9.5,NA,NA,NA,3,NA,NA,NA,NA,NA,NA,NA
NA,NA,Ratatouille,KH,3,R,11,NA,NA,NA,2,NA,NA,NA,NA,NA,NA,NA
NA,NA,Ratatouille,KH,3,R,11,NA,NA,NA,3,NA,NA,NA,NA,NA,NA,NA
NA,NA,Ratatouille,KH,3,R,12,NA,NA,NA,2,NA,NA,NA,NA,NA,NA,NA
NA,NA,Ratatouille,KH,3,R,12,NA,NA,NA,3,NA,NA,NA,NA,NA,NA,NA
NA,NA,Ratatouille,KH,3,R,13,NA,NA,NA,2,NA,NA,NA,NA,NA,NA,NA
NA,NA,Ratatouille,KH,3,R,13,NA,NA,NA,2,NA,NA,NA,NA,NA,NA,NA
NA,NA,Ratatouille,KH,3,R,13,NA,NA,NA,3,NA,NA,NA,NA,NA,NA,NA
NA,NA,Ratatouille,KH,3,R,13,NA,NA,NA,3,NA,NA,NA,NA,NA,NA,NA
NA,NA,Ratatouille,KH,3,R,13.5,NA,NA,NA,2,NA,NA,NA,NA,NA,NA,NA
NA,NA,Ratatouille,KH,3,R,13.5,NA,NA,NA,3,NA,NA,NA,NA,NA,NA,NA
NA,NA,Ratatouille,KH,3,R,15.5,NA,NA,NA,2,NA,NA,NA,NA,NA,NA,NA
NA,NA,Ratatouille,KH,3,R,15.5,NA,NA,NA,3,NA,NA,NA,NA,NA,NA,NA
NA,NA,Ratatouille,KH,3,R,15.7,NA,NA,NA,2,NA,NA,NA,NA,NA,NA,NA
NA,NA,Ratatouille,KH,3,R,15.7,NA,NA,NA,3,NA,NA,NA,NA,NA,NA,NA
NA,NA,Ratatouille,KH,3,R,15.8,NA,NA,NA,2,NA,NA,NA,NA,NA,NA,NA
NA,NA,Ratatouille,KH,3,R,15.8,NA,NA,NA,3,NA,NA,NA,NA,NA,NA,NA
NA,NA,Ratatouille,KH,3,R,16.5,NA,NA,NA,2,NA,NA,NA,NA,NA,NA,NA
NA,NA,Ratatouille,KH,3,R,16.5,NA,NA,NA,3,NA,NA,NA,NA,NA,NA,NA
NA,NA,Ratatouille,KH,3,R,17,NA,NA,NA,2,NA,NA,NA,NA,NA,NA,NA
NA,NA,Ratatouille,KH,3,R,17,NA,NA,NA,3,NA,NA,NA,NA,NA,NA,NA
NA,NA,Ratatouille,KH,3,R,18.8,NA,NA,NA,2,NA,NA,NA,NA,NA,NA,NA
NA,NA,Ratatouille,KH,3,R,18.8,NA,NA,NA,3,NA,NA,NA,NA,NA,NA,NA
NA,NA,Ratatouille,KH,3,R,19,NA,NA,NA,2,NA,NA,NA,NA,NA,NA,NA
NA,NA,Ratatouille,KH,3,R,19,NA,NA,NA,2,NA,NA,NA,NA,NA,NA,NA
NA,NA,Ratatouille,KH,3,R,19,NA,NA,NA,2,NA,NA,NA,NA,NA,NA,NA
NA,NA,Ratatouille,KH,3,R,19,NA,NA,NA,3,NA,NA,NA,NA,NA,NA,NA
NA,NA,Ratatouille,KH,3,R,19,NA,NA,NA,3,NA,NA,NA,NA,NA,NA,NA
NA,NA,Ratatouille,KH,3,R,19,NA,NA,NA,3,NA,NA,NA,NA,NA,NA,NA
NA,NA,Ratatouille,MA,2,L,9,NA,NA,NA,2,NA,NA,NA,NA,NA,NA,NA
NA,NA,Ratatouille,MA,2,L,9,NA,NA,NA,3,NA,NA,NA,NA,NA,NA,NA
NA,NA,Ratatouille,MA,2,L,13,NA,NA,NA,2,NA,NA,NA,NA,NA,NA,NA
NA,NA,Ratatouille,MA,2,L,13,NA,NA,NA,3,NA,NA,NA,NA,NA,NA,NA
NA,NA,Ratatouille,MA,2,L,15.5,NA,NA,NA,2,NA,NA,NA,NA,NA,NA,NA
NA,NA,Ratatouille,MA,2,L,15.5,NA,NA,NA,3,NA,NA,NA,NA,NA,NA,NA
NA,NA,Ratatouille,MA,2,L,16,NA,NA,NA,2,NA,NA,NA,NA,NA,NA,NA
NA,NA,Ratatouille,MA,2,L,16,NA,NA,NA,3,NA,NA,NA,NA,NA,NA,NA
NA,NA,Ratatouille,MA,2,L,17.5,NA,NA,NA,2,NA,NA,NA,NA,NA,NA,NA
NA,NA,Ratatouille,MA,2,L,17.5,NA,NA,NA,3,NA,NA,NA,NA,NA,NA,NA
NA,NA,Ratatouille,MA,2,L,20,NA,NA,NA,2,NA,NA,NA,NA,NA,NA,NA
NA,NA,Ratatouille,MA,2,L,20,NA,NA,NA,3,NA,NA,NA,NA,NA,NA,NA
NA,NA,Ratatouille,MA,2,R,9,NA,NA,NA,2,NA,NA,NA,NA,NA,NA,NA
NA,NA,Ratatouille,MA,2,R,9,NA,NA,NA,3,NA,NA,NA,NA,NA,NA,NA
NA,NA,Ratatouille,MA,2,R,9.5,NA,NA,NA,2,NA,NA,NA,NA,NA,NA,NA
NA,NA,Ratatouille,MA,2,R,9.5,NA,NA,NA,3,NA,NA,NA,NA,NA,NA,NA
NA,NA,Ratatouille,MA,2,R,10.5,NA,NA,NA,2,NA,NA,NA,NA,NA,NA,NA
NA,NA,Ratatouille,MA,2,R,10.5,NA,NA,NA,3,NA,NA,NA,NA,NA,NA,NA
NA,NA,Ratatouille,MA,2,R,17,NA,NA,NA,2,NA,NA,NA,NA,NA,NA,NA
NA,NA,Ratatouille,MA,2,R,17,NA,NA,NA,3,NA,NA,NA,NA,NA,NA,NA
NA,NA,Ratatouille,MA,2,R,19,NA,NA,NA,2,NA,NA,NA,NA,NA,NA,NA
NA,NA,Ratatouille,MA,2,R,19,NA,NA,NA,3,NA,NA,NA,NA,NA,NA,NA
NA,NA,Ratatouille,MA,2,NA,NA,NA,NA,NA,2,NA,NA,NA,NA,NA,NA,NA
NA,NA,Ratatouille,MA,2,NA,NA,NA,NA,NA,3,NA,NA,NA,NA,NA,NA,NA
NA,NA,Ratatouille,OP,1,L,1,NA,NA,NA,2,NA,NA,NA,NA,NA,NA,NA
NA,NA,Ratatouille,OP,1,L,1,NA,NA,NA,3,NA,NA,NA,NA,NA,NA,NA
NA,NA,Ratatouille,OP,1,L,3,NA,NA,NA,2,NA,NA,NA,NA,NA,NA,NA
NA,NA,Ratatouille,OP,1,L,3,NA,NA,NA,2,NA,NA,NA,NA,NA,NA,NA
NA,NA,Ratatouille,OP,1,L,3,NA,NA,NA,3,NA,NA,NA,NA,NA,NA,NA
NA,NA,Ratatouille,OP,1,L,3,NA,NA,NA,3,NA,NA,NA,NA,NA,NA,NA
NA,NA,Ratatouille,OP,1,L,5,NA,NA,NA,2,NA,NA,NA,NA,NA,NA,NA
NA,NA,Ratatouille,OP,1,L,5,NA,NA,NA,3,NA,NA,NA,NA,NA,NA,NA
NA,NA,Ratatouille,OP,1,L,8,NA,NA,NA,2,NA,NA,NA,NA,NA,NA,NA
NA,NA,Ratatouille,OP,1,L,8,NA,NA,NA,2,NA,NA,NA,NA,NA,NA,NA
NA,NA,Ratatouille,OP,1,L,8,NA,NA,NA,2,NA,NA,NA,NA,NA,NA,NA
NA,NA,Ratatouille,OP,1,L,8,NA,NA,NA,3,NA,NA,NA,NA,NA,NA,NA
NA,NA,Ratatouille,OP,1,L,8,NA,NA,NA,3,NA,NA,NA,NA,NA,NA,NA
NA,NA,Ratatouille,OP,1,L,8,NA,NA,NA,3,NA,NA,NA,NA,NA,NA,NA
NA,NA,Ratatouille,OP,1,L,8.5,NA,NA,NA,2,NA,NA,NA,NA,NA,NA,NA
NA,NA,Ratatouille,OP,1,L,8.5,NA,NA,NA,3,NA,NA,NA,NA,NA,NA,NA
NA,NA,Ratatouille,OP,1,L,12,NA,NA,NA,2,NA,NA,NA,NA,NA,NA,NA
NA,NA,Ratatouille,OP,1,L,12,NA,NA,NA,3,NA,NA,NA,NA,NA,NA,NA
NA,NA,Ratatouille,OP,1,L,14,NA,NA,NA,2,NA,NA,NA,NA,NA,NA,NA
NA,NA,Ratatouille,OP,1,L,14,NA,NA,NA,3,NA,NA,NA,NA,NA,NA,NA
NA,NA,Ratatouille,OP,1,R,1,NA,NA,NA,2,NA,NA,NA,NA,NA,NA,NA
NA,NA,Ratatouille,OP,1,R,1,NA,NA,NA,3,NA,NA,NA,NA,NA,NA,NA
NA,NA,Ratatouille,OP,1,R,5,NA,NA,NA,2,NA,NA,NA,NA,NA,NA,NA
NA,NA,Ratatouille,OP,1,R,5,NA,NA,NA,2,NA,NA,NA,NA,NA,NA,NA
NA,NA,Ratatouille,OP,1,R,5,NA,NA,NA,2,NA,NA,NA,NA,NA,NA,NA
NA,NA,Ratatouille,OP,1,R,5,NA,NA,NA,3,NA,NA,NA,NA,NA,NA,NA
NA,NA,Ratatouille,OP,1,R,5,NA,NA,NA,3,NA,NA,NA,NA,NA,NA,NA
NA,NA,Ratatouille,OP,1,R,5,NA,NA,NA,3,NA,NA,NA,NA,NA,NA,NA
NA,NA,Ratatouille,OP,1,R,9,NA,NA,NA,2,NA,NA,NA,NA,NA,NA,NA
NA,NA,Ratatouille,OP,1,R,9,NA,NA,NA,3,NA,NA,NA,NA,NA,NA,NA
NA,NA,Ratatouille,OP,1,R,11,NA,NA,NA,2,NA,NA,NA,NA,NA,NA,NA
NA,NA,Ratatouille,OP,1,R,11,NA,NA,NA,3,NA,NA,NA,NA,NA,NA,NA
NA,NA,Ratatouille,OP,1,R,13,NA,NA,NA,2,NA,NA,NA,NA,NA,NA,NA
NA,NA,Ratatouille,OP,1,R,13,NA,NA,NA,3,NA,NA,NA,NA,NA,NA,NA
NA,NA,Ratatouille,OP,1,R,13.5,NA,NA,NA,2,NA,NA,NA,NA,NA,NA,NA
NA,NA,Ratatouille,OP,1,R,13.5,NA,NA,NA,3,NA,NA,NA,NA,NA,NA,NA
NA,NA,Ratatouille,OP,1,R,16,NA,NA,NA,2,NA,NA,NA,NA,NA,NA,NA
NA,NA,Ratatouille,OP,1,R,16,NA,NA,NA,2,NA,NA,NA,NA,NA,NA,NA
NA,NA,Ratatouille,OP,1,R,16,NA,NA,NA,3,NA,NA,NA,NA,NA,NA,NA
NA,NA,Ratatouille,OP,1,R,16,NA,NA,NA,3,NA,NA,NA,NA,NA,NA,NA
NA,NA,Ratatouille,OP,1,R,18.5,NA,NA,NA,2,NA,NA,NA,NA,NA,NA,NA
NA,NA,Ratatouille,OP,1,R,18.5,NA,NA,NA,3,NA,NA,NA,NA,NA,NA,NA
NA,NA,Ratatouille,OP,1,R,19,NA,NA,NA,2,NA,NA,NA,NA,NA,NA,NA
NA,NA,Ratatouille,OP,1,R,19,NA,NA,NA,3,NA,NA,NA,NA,NA,NA,NA
NA,NA,Ratatouille,OP,1,R,20,NA,NA,NA,2,NA,NA,NA,NA,NA,NA,NA
NA,NA,Ratatouille,OP,1,R,20,NA,NA,NA,3,NA,NA,NA,NA,NA,NA,NA
NA,NA,Ratatouille,ZM,2,L,3.3,NA,NA,NA,2,NA,NA,NA,NA,NA,NA,NA
NA,NA,Ratatouille,ZM,2,L,3.3,NA,NA,NA,3,NA,NA,NA,NA,NA,NA,NA
NA,NA,Ratatouille,ZM,2,L,7.2,NA,NA,NA,2,NA,NA,NA,NA,NA,NA,NA
NA,NA,Ratatouille,ZM,2,L,7.2,NA,NA,NA,3,NA,NA,NA,NA,NA,NA,NA
NA,NA,Ratatouille,ZM,2,L,8.3,NA,NA,NA,2,NA,NA,NA,NA,NA,NA,NA
NA,NA,Ratatouille,ZM,2,L,8.3,NA,NA,NA,3,NA,NA,NA,NA,NA,NA,NA
NA,NA,Ratatouille,ZM,2,L,10,NA,NA,NA,2,NA,NA,NA,NA,NA,NA,NA
NA,NA,Ratatouille,ZM,2,L,10,NA,NA,NA,3,NA,NA,NA,NA,NA,NA,NA
NA,NA,Ratatouille,ZM,2,R,1,NA,NA,NA,2,NA,NA,NA,NA,NA,NA,NA
NA,NA,Ratatouille,ZM,2,R,1,NA,NA,NA,3,NA,NA,NA,NA,NA,NA,NA
NA,NA,Ratatouille,ZM,2,R,4.5,NA,NA,NA,2,NA,NA,NA,NA,NA,NA,NA
NA,NA,Ratatouille,ZM,2,R,4.5,NA,NA,NA,3,NA,NA,NA,NA,NA,NA,NA
NA,NA,Ratatouille,ZM,2,R,5.5,NA,NA,NA,2,NA,NA,NA,NA,NA,NA,NA
NA,NA,Ratatouille,ZM,2,R,5.5,NA,NA,NA,3,NA,NA,NA,NA,NA,NA,NA
NA,NA,Ratatouille,ZM,2,R,8,NA,NA,NA,2,NA,NA,NA,NA,NA,NA,NA
NA,NA,Ratatouille,ZM,2,R,8,NA,NA,NA,3,NA,NA,NA,NA,NA,NA,NA
NA,NA,Ratatouille,ZM,2,R,9.2,NA,NA,NA,2,NA,NA,NA,NA,NA,NA,NA
NA,NA,Ratatouille,ZM,2,R,9.2,NA,NA,NA,3,NA,NA,NA,NA,NA,NA,NA
NA,NA,Ratatouille,ZM,2,R,10,NA,NA,NA,2,NA,NA,NA,NA,NA,NA,NA
NA,NA,Ratatouille,ZM,2,R,10,NA,NA,NA,3,NA,NA,NA,NA,NA,NA,NA
NA,NA,Robert_rocks_south,LL/DCO,NA,NA,NA,NA,NA,NA,3,NA,NA,NA,NA,NA,NA,NA
NA,NA,Robert_rocks_south,LL/DCO,NA,NA,NA,NA,NA,NA,3,NA,NA,NA,NA,NA,NA,NA
NA,NA,Robert_rocks_south,LL/DCO,NA,NA,NA,NA,NA,NA,3,NA,NA,NA,NA,NA,NA,NA
NA,NA,Robert_rocks_south,LL/DCO,NA,NA,NA,NA,NA,NA,3,NA,NA,NA,NA,NA,NA,NA
NA,NA,Robert_rocks_south,LL/DCO,NA,NA,NA,NA,NA,NA,3,NA,NA,NA,NA,NA,NA,NA
NA,NA,Robert_rocks_south,LL/DCO,NA,NA,NA,NA,NA,NA,3,NA,NA,NA,NA,NA,NA,NA
NA,NA,Robert_rocks_south,LL/DCO,NA,NA,NA,NA,NA,NA,3,NA,NA,NA,NA,NA,NA,NA
NA,NA,Robert_rocks_south,LL/DCO,NA,NA,NA,NA,NA,NA,3,NA,NA,NA,NA,NA,NA,NA
NA,NA,Robert_rocks_south,OP/AS,NA,NA,NA,NA,NA,NA,3,NA,NA,NA,NA,NA,NA,NA
NA,NA,Robert_rocks_south,OP/AS,NA,NA,NA,NA,NA,NA,3,NA,NA,NA,NA,NA,NA,NA
NA,NA,Robert_rocks_south,OP/AS,NA,NA,NA,NA,NA,NA,3,NA,NA,NA,NA,NA,NA,NA
NA,NA,Robert_rocks_south,OP/AS,NA,NA,NA,NA,NA,NA,3,NA,NA,NA,NA,NA,NA,NA
NA,NA,Robert_rocks_south,OP/AS,NA,NA,NA,NA,NA,NA,3,NA,NA,NA,NA,NA,NA,NA
NA,NA,Robert_rocks_south,OP/AS,NA,NA,NA,NA,NA,NA,3,NA,NA,NA,NA,NA,NA,NA
NA,NA,Robert_rocks_south,OP/AS,NA,NA,NA,NA,NA,NA,3,NA,NA,NA,NA,NA,NA,NA
NA,NA,Robert_rocks_south,OP/AS,NA,NA,NA,NA,NA,NA,3,NA,NA,NA,NA,NA,NA,NA
NA,NA,Second,KH,2.5,NA,1.5,NA,NA,NA,2,NA,26,NA,NA,NA,NA,NA
NA,NA,Second,KH,2.5,NA,1.5,NA,NA,NA,3,NA,NA,NA,NA,NA,NA,NA
NA,NA,Second,KH,2.5,NA,1.6,NA,NA,NA,2,NA,29,NA,NA,NA,NA,NA
NA,NA,Second,KH,2.5,NA,1.6,NA,NA,NA,3,NA,NA,NA,NA,NA,NA,NA
NA,NA,Second,KH,2.5,NA,2.4,NA,NA,NA,2,NA,43,NA,NA,NA,NA,NA
NA,NA,Second,KH,2.5,NA,2.4,NA,NA,NA,3,NA,NA,NA,NA,NA,NA,NA
NA,NA,Second,KH,2.5,NA,2.5,NA,NA,NA,2,NA,36,NA,NA,NA,NA,NA
NA,NA,Second,KH,2.5,NA,2.5,NA,NA,NA,3,NA,NA,NA,NA,NA,NA,NA
NA,NA,Second,KH,2.5,NA,3,NA,NA,NA,2,NA,32,NA,NA,NA,NA,NA
NA,NA,Second,KH,2.5,NA,3,NA,NA,NA,3,NA,NA,NA,NA,NA,NA,NA
NA,NA,Second,KH,2.5,NA,4,NA,NA,NA,2,NA,58,NA,NA,NA,NA,NA
NA,NA,Second,KH,2.5,NA,4,NA,NA,NA,3,NA,NA,NA,NA,NA,NA,NA
NA,NA,Second,KH,2.5,NA,9,NA,NA,NA,2,NA,19,NA,NA,NA,NA,NA
NA,NA,Second,KH,2.5,NA,9,NA,NA,NA,3,NA,NA,NA,NA,NA,NA,NA
NA,NA,Second,KH,2.5,NA,9.1,NA,NA,NA,2,NA,34,NA,NA,NA,NA,NA
NA,NA,Second,KH,2.5,NA,9.1,NA,NA,NA,3,NA,NA,NA,NA,NA,NA,NA
NA,NA,Second,KH,2.5,NA,10,NA,NA,NA,2,NA,67,NA,NA,NA,NA,NA
NA,NA,Second,KH,2.5,NA,10,NA,NA,NA,3,NA,NA,NA,NA,NA,NA,NA
NA,NA,Second,KH,2.5,NA,18,NA,NA,NA,2,NA,22,NA,NA,NA,NA,NA
NA,NA,Second,KH,2.5,NA,18,NA,NA,NA,3,NA,NA,NA,NA,NA,NA,NA
NA,NA,Second,KH,2.5,NA,18.2,NA,NA,NA,2,NA,28,NA,NA,NA,NA,NA
NA,NA,Second,KH,2.5,NA,18.2,NA,NA,NA,3,NA,NA,NA,NA,NA,NA,NA
NA,NA,Second,KH,2.5,NA,18.25,NA,NA,NA,2,NA,21,NA,NA,NA,NA,NA
NA,NA,Second,KH,2.5,NA,18.25,NA,NA,NA,3,NA,NA,NA,NA,NA,NA,NA
NA,NA,Second,KH,2.5,NA,19,NA,NA,NA,2,NA,64,NA,NA,NA,NA,NA
NA,NA,Second,KH,2.5,NA,19,NA,NA,NA,3,NA,NA,NA,NA,NA,NA,NA
NA,NA,Second,NAP,1.5,NA,0,NA,NA,NA,2,NA,103,NA,NA,NA,NA,NA
NA,NA,Second,NAP,1.5,NA,0,NA,NA,NA,3,NA,NA,NA,NA,NA,NA,NA
NA,NA,Second,NAP,1.5,NA,4,NA,NA,NA,2,NA,38,NA,NA,NA,NA,NA
NA,NA,Second,NAP,1.5,NA,4,NA,NA,NA,3,NA,NA,NA,NA,NA,NA,NA
NA,NA,Second,NAP,1.5,NA,8,NA,NA,NA,2,NA,17,NA,NA,NA,NA,NA
NA,NA,Second,NAP,1.5,NA,8,NA,NA,NA,2,NA,23,NA,NA,NA,NA,NA
NA,NA,Second,NAP,1.5,NA,8,NA,NA,NA,3,NA,NA,NA,NA,NA,NA,NA
NA,NA,Second,NAP,1.5,NA,8,NA,NA,NA,3,NA,NA,NA,NA,NA,NA,NA
NA,NA,Second,NAP,1.5,NA,14,NA,NA,NA,2,NA,37,NA,NA,NA,NA,NA
NA,NA,Second,NAP,1.5,NA,14,NA,NA,NA,3,NA,NA,NA,NA,NA,NA,NA
NA,NA,Second,NAP,1.5,NA,18,NA,NA,NA,2,NA,15,NA,NA,NA,NA,NA
NA,NA,Second,NAP,1.5,NA,18,NA,NA,NA,2,NA,22,NA,NA,NA,NA,NA
NA,NA,Second,NAP,1.5,NA,18,NA,NA,NA,2,NA,28,NA,NA,NA,NA,NA
NA,NA,Second,NAP,1.5,NA,18,NA,NA,NA,2,NA,43,NA,NA,NA,NA,NA
NA,NA,Second,NAP,1.5,NA,18,NA,NA,NA,3,NA,NA,NA,NA,NA,NA,NA
NA,NA,Second,NAP,1.5,NA,18,NA,NA,NA,3,NA,NA,NA,NA,NA,NA,NA
NA,NA,Second,NAP,1.5,NA,18,NA,NA,NA,3,NA,NA,NA,NA,NA,NA,NA
NA,NA,Second,NAP,1.5,NA,18,NA,NA,NA,3,NA,NA,NA,NA,NA,NA,NA
NA,NA,Second,NAP,2.5,NA,0,NA,NA,NA,2,NA,47,NA,NA,NA,NA,NA
NA,NA,Second,NAP,2.5,NA,0,NA,NA,NA,2,NA,49,NA,NA,NA,NA,NA
NA,NA,Second,NAP,2.5,NA,0,NA,NA,NA,2,NA,55,NA,NA,NA,NA,NA
NA,NA,Second,NAP,2.5,NA,0,NA,NA,NA,2,NA,117,NA,NA,NA,NA,NA
NA,NA,Second,NAP,2.5,NA,0,NA,NA,NA,3,NA,NA,NA,NA,NA,NA,NA
NA,NA,Second,NAP,2.5,NA,0,NA,NA,NA,3,NA,NA,NA,NA,NA,NA,NA
NA,NA,Second,NAP,2.5,NA,0,NA,NA,NA,3,NA,NA,NA,NA,NA,NA,NA
NA,NA,Second,NAP,2.5,NA,0,NA,NA,NA,3,NA,NA,NA,NA,NA,NA,NA
NA,NA,Second,NAP,2.5,NA,2,NA,NA,NA,2,NA,54,NA,NA,NA,NA,NA
NA,NA,Second,NAP,2.5,NA,2,NA,NA,NA,2,NA,61,NA,NA,NA,NA,NA
NA,NA,Second,NAP,2.5,NA,2,NA,NA,NA,3,NA,NA,NA,NA,NA,NA,NA
NA,NA,Second,NAP,2.5,NA,2,NA,NA,NA,3,NA,NA,NA,NA,NA,NA,NA
NA,NA,Triquetta,DVM,2,L,4,NA,NA,NA,2,NA,NA,NA,NA,NA,NA,NA
NA,NA,Triquetta,DVM,2,L,4,NA,NA,NA,3,NA,NA,NA,NA,NA,NA,NA
NA,NA,Triquetta,DVM,2,L,4.5,NA,NA,NA,2,NA,NA,NA,NA,NA,NA,NA
NA,NA,Triquetta,DVM,2,L,4.5,NA,NA,NA,3,NA,NA,NA,NA,NA,NA,NA
NA,NA,Triquetta,DVM,2,L,8,NA,NA,NA,2,NA,NA,NA,NA,NA,NA,NA
NA,NA,Triquetta,DVM,2,L,8,NA,NA,NA,2,NA,NA,NA,NA,NA,NA,NA
NA,NA,Triquetta,DVM,2,L,8,NA,NA,NA,2,NA,NA,NA,NA,NA,NA,NA
NA,NA,Triquetta,DVM,2,L,8,NA,NA,NA,3,NA,NA,NA,NA,NA,NA,NA
NA,NA,Triquetta,DVM,2,L,8,NA,NA,NA,3,NA,NA,NA,NA,NA,NA,NA
NA,NA,Triquetta,DVM,2,L,8,NA,NA,NA,3,NA,NA,NA,NA,NA,NA,NA
NA,NA,Triquetta,DVM,2,L,8.5,NA,NA,NA,2,NA,NA,NA,NA,NA,NA,NA
NA,NA,Triquetta,DVM,2,L,8.5,NA,NA,NA,3,NA,NA,NA,NA,NA,NA,NA
NA,NA,Triquetta,DVM,2,L,9,NA,NA,NA,2,NA,NA,NA,NA,NA,NA,NA
NA,NA,Triquetta,DVM,2,L,9,NA,NA,NA,3,NA,NA,NA,NA,NA,NA,NA
NA,NA,Triquetta,DVM,2,L,12,NA,NA,NA,2,NA,NA,NA,NA,NA,NA,NA
NA,NA,Triquetta,DVM,2,L,12,NA,NA,NA,3,NA,NA,NA,NA,NA,NA,NA
NA,NA,Triquetta,DVM,2,L,18,NA,NA,NA,2,NA,NA,NA,NA,NA,NA,NA
NA,NA,Triquetta,DVM,2,L,18,NA,NA,NA,3,NA,NA,NA,NA,NA,NA,NA
NA,NA,Triquetta,DVM,2,R,1,NA,NA,NA,2,NA,NA,NA,NA,NA,NA,NA
NA,NA,Triquetta,DVM,2,R,1,NA,NA,NA,3,NA,NA,NA,NA,NA,NA,NA
NA,NA,Triquetta,DVM,2,R,2,NA,NA,NA,2,NA,NA,NA,NA,NA,NA,NA
NA,NA,Triquetta,DVM,2,R,2,NA,NA,NA,3,NA,NA,NA,NA,NA,NA,NA
NA,NA,Triquetta,DVM,2,R,3.5,NA,NA,NA,2,NA,NA,NA,NA,NA,NA,NA
NA,NA,Triquetta,DVM,2,R,3.5,NA,NA,NA,3,NA,NA,NA,NA,NA,NA,NA
NA,NA,Triquetta,DVM,2,R,5,NA,NA,NA,2,NA,NA,NA,NA,NA,NA,NA
NA,NA,Triquetta,DVM,2,R,5,NA,NA,NA,3,NA,NA,NA,NA,NA,NA,NA
NA,NA,Triquetta,DVM,2,R,5.5,NA,NA,NA,2,NA,NA,NA,NA,NA,NA,NA
NA,NA,Triquetta,DVM,2,R,5.5,NA,NA,NA,2,NA,NA,NA,NA,NA,NA,NA
NA,NA,Triquetta,DVM,2,R,5.5,NA,NA,NA,2,NA,NA,NA,NA,NA,NA,NA
NA,NA,Triquetta,DVM,2,R,5.5,NA,NA,NA,3,NA,NA,NA,NA,NA,NA,NA
NA,NA,Triquetta,DVM,2,R,5.5,NA,NA,NA,3,NA,NA,NA,NA,NA,NA,NA
NA,NA,Triquetta,DVM,2,R,5.5,NA,NA,NA,3,NA,NA,NA,NA,NA,NA,NA
NA,NA,Triquetta,DVM,2,R,6,NA,NA,NA,2,NA,NA,NA,NA,NA,NA,NA
NA,NA,Triquetta,DVM,2,R,6,NA,NA,NA,3,NA,NA,NA,NA,NA,NA,NA
NA,NA,Triquetta,DVM,2,R,6.5,NA,NA,NA,2,NA,NA,NA,NA,NA,NA,NA
NA,NA,Triquetta,DVM,2,R,6.5,NA,NA,NA,3,NA,NA,NA,NA,NA,NA,NA
NA,NA,Triquetta,DVM,2,R,8.5,NA,NA,NA,2,NA,NA,NA,NA,NA,NA,NA
NA,NA,Triquetta,DVM,2,R,8.5,NA,NA,NA,3,NA,NA,NA,NA,NA,NA,NA
NA,NA,Triquetta,DVM,2,R,9,NA,NA,NA,2,NA,NA,NA,NA,NA,NA,NA
NA,NA,Triquetta,DVM,2,R,9,NA,NA,NA,3,NA,NA,NA,NA,NA,NA,NA
NA,NA,Triquetta,DVM,2,R,10,NA,NA,NA,2,NA,NA,NA,NA,NA,NA,NA
NA,NA,Triquetta,DVM,2,R,10,NA,NA,NA,3,NA,NA,NA,NA,NA,NA,NA
NA,NA,Triquetta,DVM,2,R,10.5,NA,NA,NA,2,NA,NA,NA,NA,NA,NA,NA
NA,NA,Triquetta,DVM,2,R,10.5,NA,NA,NA,3,NA,NA,NA,NA,NA,NA,NA
NA,NA,Triquetta,DVM,2,R,11,NA,NA,NA,2,NA,NA,NA,NA,NA,NA,NA
NA,NA,Triquetta,DVM,2,R,11,NA,NA,NA,2,NA,NA,NA,NA,NA,NA,NA
NA,NA,Triquetta,DVM,2,R,11,NA,NA,NA,3,NA,NA,NA,NA,NA,NA,NA
NA,NA,Triquetta,DVM,2,R,11,NA,NA,NA,3,NA,NA,NA,NA,NA,NA,NA
NA,NA,Triquetta,DVM,2,R,12,NA,NA,NA,2,NA,NA,NA,NA,NA,NA,NA
NA,NA,Triquetta,DVM,2,R,12,NA,NA,NA,3,NA,NA,NA,NA,NA,NA,NA
NA,NA,Triquetta,DVM,2,R,14,NA,NA,NA,2,NA,NA,NA,NA,NA,NA,NA
NA,NA,Triquetta,DVM,2,R,14,NA,NA,NA,3,NA,NA,NA,NA,NA,NA,NA
NA,NA,Triquetta,DVM,2,R,16,NA,NA,NA,2,NA,NA,NA,NA,NA,NA,NA
NA,NA,Triquetta,DVM,2,R,16,NA,NA,NA,3,NA,NA,NA,NA,NA,NA,NA
NA,NA,Triquetta,DVM,2,R,18,NA,NA,NA,2,NA,NA,NA,NA,NA,NA,NA
NA,NA,Triquetta,DVM,2,R,18,NA,NA,NA,3,NA,NA,NA,NA,NA,NA,NA
NA,NA,Triquetta,DVM,2,R,19,NA,NA,NA,2,NA,NA,NA,NA,NA,NA,NA
NA,NA,Triquetta,DVM,2,R,19,NA,NA,NA,2,NA,NA,NA,NA,NA,NA,NA
NA,NA,Triquetta,DVM,2,R,19,NA,NA,NA,3,NA,NA,NA,NA,NA,NA,NA
NA,NA,Triquetta,DVM,2,R,19,NA,NA,NA,3,NA,NA,NA,NA,NA,NA,NA
NA,NA,Triquetta,GSB,1,L,2,NA,NA,NA,2,NA,NA,NA,NA,NA,NA,NA
NA,NA,Triquetta,GSB,1,L,2,NA,NA,NA,2,NA,NA,NA,NA,NA,NA,NA
NA,NA,Triquetta,GSB,1,L,2,NA,NA,NA,3,NA,NA,NA,NA,NA,NA,NA
NA,NA,Triquetta,GSB,1,L,2,NA,NA,NA,3,NA,NA,NA,NA,NA,NA,NA
NA,NA,Triquetta,GSB,1,R,1,NA,NA,NA,2,NA,NA,NA,NA,NA,NA,NA
NA,NA,Triquetta,GSB,1,R,1,NA,NA,NA,3,NA,NA,NA,NA,NA,NA,NA
NA,NA,Triquetta,GSB,1,NA,3,NA,NA,NA,2,NA,NA,NA,NA,NA,NA,NA
NA,NA,Triquetta,GSB,1,NA,3,NA,NA,NA,3,NA,NA,NA,NA,NA,NA,NA
NA,NA,Triquetta,GSB,1,NA,NA,NA,NA,NA,2,NA,NA,NA,NA,NA,NA,NA
NA,NA,Triquetta,GSB,1,NA,NA,NA,NA,NA,2,NA,NA,NA,NA,NA,NA,NA
NA,NA,Triquetta,GSB,1,NA,NA,NA,NA,NA,2,NA,NA,NA,NA,NA,NA,NA
NA,NA,Triquetta,GSB,1,NA,NA,NA,NA,NA,2,NA,NA,NA,NA,NA,NA,NA
NA,NA,Triquetta,GSB,1,NA,NA,NA,NA,NA,2,NA,NA,NA,NA,NA,NA,NA
NA,NA,Triquetta,GSB,1,NA,NA,NA,NA,NA,2,NA,NA,NA,NA,NA,NA,NA
NA,NA,Triquetta,GSB,1,NA,NA,NA,NA,NA,2,NA,NA,NA,NA,NA,NA,NA
NA,NA,Triquetta,GSB,1,NA,NA,NA,NA,NA,2,NA,NA,NA,NA,NA,NA,NA
NA,NA,Triquetta,GSB,1,NA,NA,NA,NA,NA,2,NA,NA,NA,NA,NA,NA,NA
NA,NA,Triquetta,GSB,1,NA,NA,NA,NA,NA,2,NA,NA,NA,NA,NA,NA,NA
NA,NA,Triquetta,GSB,1,NA,NA,NA,NA,NA,2,NA,NA,NA,NA,NA,NA,NA
NA,NA,Triquetta,GSB,1,NA,NA,NA,NA,NA,3,NA,NA,NA,NA,NA,NA,NA
NA,NA,Triquetta,GSB,1,NA,NA,NA,NA,NA,3,NA,NA,NA,NA,NA,NA,NA
NA,NA,Triquetta,GSB,1,NA,NA,NA,NA,NA,3,NA,NA,NA,NA,NA,NA,NA
NA,NA,Triquetta,GSB,1,NA,NA,NA,NA,NA,3,NA,NA,NA,NA,NA,NA,NA
NA,NA,Triquetta,GSB,1,NA,NA,NA,NA,NA,3,NA,NA,NA,NA,NA,NA,NA
NA,NA,Triquetta,GSB,1,NA,NA,NA,NA,NA,3,NA,NA,NA,NA,NA,NA,NA
NA,NA,Triquetta,GSB,1,NA,NA,NA,NA,NA,3,NA,NA,NA,NA,NA,NA,NA
NA,NA,Triquetta,GSB,1,NA,NA,NA,NA,NA,3,NA,NA,NA,NA,NA,NA,NA
NA,NA,Triquetta,GSB,1,NA,NA,NA,NA,NA,3,NA,NA,NA,NA,NA,NA,NA
NA,NA,Triquetta,GSB,1,NA,NA,NA,NA,NA,3,NA,NA,NA,NA,NA,NA,NA
NA,NA,Triquetta,GSB,1,NA,NA,NA,NA,NA,3,NA,NA,NA,NA,NA,NA,NA
NA,NA,Triquetta,KH,1,L,2,NA,NA,NA,2,NA,NA,NA,NA,NA,NA,NA
NA,NA,Triquetta,KH,1,L,2,NA,NA,NA,3,NA,NA,NA,NA,NA,NA,NA
NA,NA,Triquetta,KH,1,L,4,NA,NA,NA,2,NA,NA,NA,NA,NA,NA,NA
NA,NA,Triquetta,KH,1,L,4,NA,NA,NA,3,NA,NA,NA,NA,NA,NA,NA
NA,NA,Triquetta,KH,1,L,8,NA,NA,NA,2,NA,NA,NA,NA,NA,NA,NA
NA,NA,Triquetta,KH,1,L,8,NA,NA,NA,2,NA,NA,NA,NA,NA,NA,NA
NA,NA,Triquetta,KH,1,L,8,NA,NA,NA,2,NA,NA,NA,NA,NA,NA,NA
NA,NA,Triquetta,KH,1,L,8,NA,NA,NA,3,NA,NA,NA,NA,NA,NA,NA
NA,NA,Triquetta,KH,1,L,8,NA,NA,NA,3,NA,NA,NA,NA,NA,NA,NA
NA,NA,Triquetta,KH,1,L,8,NA,NA,NA,3,NA,NA,NA,NA,NA,NA,NA
NA,NA,Triquetta,KH,1,L,14,NA,NA,NA,2,NA,NA,NA,NA,NA,NA,NA
NA,NA,Triquetta,KH,1,L,14,NA,NA,NA,3,NA,NA,NA,NA,NA,NA,NA
NA,NA,Triquetta,KH,1,L,16,NA,NA,NA,2,NA,NA,NA,NA,NA,NA,NA
NA,NA,Triquetta,KH,1,L,16,NA,NA,NA,3,NA,NA,NA,NA,NA,NA,NA
NA,NA,Triquetta,KH,1,L,19.5,NA,NA,NA,2,NA,NA,NA,NA,NA,NA,NA
NA,NA,Triquetta,KH,1,L,19.5,NA,NA,NA,2,NA,NA,NA,NA,NA,NA,NA
NA,NA,Triquetta,KH,1,L,19.5,NA,NA,NA,3,NA,NA,NA,NA,NA,NA,NA
NA,NA,Triquetta,KH,1,L,19.5,NA,NA,NA,3,NA,NA,NA,NA,NA,NA,NA
NA,NA,Triquetta,KH,1,R,1,NA,NA,NA,2,NA,NA,NA,NA,NA,NA,NA
NA,NA,Triquetta,KH,1,R,1,NA,NA,NA,2,NA,NA,NA,NA,NA,NA,NA
NA,NA,Triquetta,KH,1,R,1,NA,NA,NA,3,NA,NA,NA,NA,NA,NA,NA
NA,NA,Triquetta,KH,1,R,1,NA,NA,NA,3,NA,NA,NA,NA,NA,NA,NA
NA,NA,Triquetta,KH,1,R,8,NA,NA,NA,2,NA,NA,NA,NA,NA,NA,NA
NA,NA,Triquetta,KH,1,R,8,NA,NA,NA,2,NA,NA,NA,NA,NA,NA,NA
NA,NA,Triquetta,KH,1,R,8,NA,NA,NA,2,NA,NA,NA,NA,NA,NA,NA
NA,NA,Triquetta,KH,1,R,8,NA,NA,NA,3,NA,NA,NA,NA,NA,NA,NA
NA,NA,Triquetta,KH,1,R,8,NA,NA,NA,3,NA,NA,NA,NA,NA,NA,NA
NA,NA,Triquetta,KH,1,R,8,NA,NA,NA,3,NA,NA,NA,NA,NA,NA,NA
NA,NA,Triquetta,KH,1,R,19,NA,NA,NA,2,NA,NA,NA,NA,NA,NA,NA
NA,NA,Triquetta,KH,1,R,19,NA,NA,NA,3,NA,NA,NA,NA,NA,NA,NA
NA,NA,Triquetta,KH,2,L,0.5,NA,NA,NA,2,NA,NA,NA,NA,NA,NA,NA
NA,NA,Triquetta,KH,2,L,0.5,NA,NA,NA,2,NA,NA,NA,NA,NA,NA,NA
NA,NA,Triquetta,KH,2,L,0.5,NA,NA,NA,2,NA,NA,NA,NA,NA,NA,NA
NA,NA,Triquetta,KH,2,L,0.5,NA,NA,NA,2,NA,NA,NA,NA,NA,NA,NA
NA,NA,Triquetta,KH,2,L,0.5,NA,NA,NA,2,NA,NA,NA,NA,NA,NA,NA
NA,NA,Triquetta,KH,2,L,0.5,NA,NA,NA,3,NA,NA,NA,NA,NA,NA,NA
NA,NA,Triquetta,KH,2,L,0.5,NA,NA,NA,3,NA,NA,NA,NA,NA,NA,NA
NA,NA,Triquetta,KH,2,L,0.5,NA,NA,NA,3,NA,NA,NA,NA,NA,NA,NA
NA,NA,Triquetta,KH,2,L,0.5,NA,NA,NA,3,NA,NA,NA,NA,NA,NA,NA
NA,NA,Triquetta,KH,2,L,0.5,NA,NA,NA,3,NA,NA,NA,NA,NA,NA,NA
NA,NA,Triquetta,KH,2,L,11,NA,NA,NA,2,NA,NA,NA,NA,NA,NA,NA
NA,NA,Triquetta,KH,2,L,11,NA,NA,NA,3,NA,NA,NA,NA,NA,NA,NA
NA,NA,Triquetta,KH,2,L,15,NA,NA,NA,2,NA,NA,NA,NA,NA,NA,NA
NA,NA,Triquetta,KH,2,L,15,NA,NA,NA,3,NA,NA,NA,NA,NA,NA,NA
NA,NA,Triquetta,KH,2,L,19,NA,NA,NA,2,NA,NA,NA,NA,NA,NA,NA
NA,NA,Triquetta,KH,2,L,19,NA,NA,NA,3,NA,NA,NA,NA,NA,NA,NA
NA,NA,Triquetta,KH,2,R,2,NA,NA,NA,2,NA,NA,NA,NA,NA,NA,NA
NA,NA,Triquetta,KH,2,R,2,NA,NA,NA,2,NA,NA,NA,NA,NA,NA,NA
NA,NA,Triquetta,KH,2,R,2,NA,NA,NA,2,NA,NA,NA,NA,NA,NA,NA
NA,NA,Triquetta,KH,2,R,2,NA,NA,NA,3,NA,NA,NA,NA,NA,NA,NA
NA,NA,Triquetta,KH,2,R,2,NA,NA,NA,3,NA,NA,NA,NA,NA,NA,NA
NA,NA,Triquetta,KH,2,R,2,NA,NA,NA,3,NA,NA,NA,NA,NA,NA,NA
NA,NA,Triquetta,KH,2,R,3,NA,NA,NA,2,NA,NA,NA,NA,NA,NA,NA
NA,NA,Triquetta,KH,2,R,3,NA,NA,NA,3,NA,NA,NA,NA,NA,NA,NA
NA,NA,Triquetta,KH,2,R,8,NA,NA,NA,2,NA,NA,NA,NA,NA,NA,NA
NA,NA,Triquetta,KH,2,R,8,NA,NA,NA,3,NA,NA,NA,NA,NA,NA,NA
NA,NA,Triquetta,KH,2,R,18,NA,NA,NA,2,NA,NA,NA,NA,NA,NA,NA
NA,NA,Triquetta,KH,2,R,18,NA,NA,NA,2,NA,NA,NA,NA,NA,NA,NA
NA,NA,Triquetta,KH,2,R,18,NA,NA,NA,3,NA,NA,NA,NA,NA,NA,NA
NA,NA,Triquetta,KH,2,R,18,NA,NA,NA,3,NA,NA,NA,NA,NA,NA,NA
NA,NA,Triquetta,KH,3,L,0.5,NA,NA,NA,2,NA,NA,NA,NA,NA,NA,NA
NA,NA,Triquetta,KH,3,L,0.5,NA,NA,NA,3,NA,NA,NA,NA,NA,NA,NA
NA,NA,Triquetta,KH,3,L,2.2,NA,NA,NA,2,NA,NA,NA,NA,NA,NA,NA
NA,NA,Triquetta,KH,3,L,2.2,NA,NA,NA,3,NA,NA,NA,NA,NA,NA,NA
NA,NA,Triquetta,KH,3,L,4,NA,NA,NA,2,NA,NA,NA,NA,NA,NA,NA
NA,NA,Triquetta,KH,3,L,4,NA,NA,NA,3,NA,NA,NA,NA,NA,NA,NA
NA,NA,Triquetta,KH,3,L,10,NA,NA,NA,2,NA,NA,NA,NA,NA,NA,NA
NA,NA,Triquetta,KH,3,L,10,NA,NA,NA,3,NA,NA,NA,NA,NA,NA,NA
NA,NA,Triquetta,KH,3,L,15,NA,NA,NA,2,NA,NA,NA,NA,NA,NA,NA
NA,NA,Triquetta,KH,3,L,15,NA,NA,NA,2,NA,NA,NA,NA,NA,NA,NA
NA,NA,Triquetta,KH,3,L,15,NA,NA,NA,2,NA,NA,NA,NA,NA,NA,NA
NA,NA,Triquetta,KH,3,L,15,NA,NA,NA,3,NA,NA,NA,NA,NA,NA,NA
NA,NA,Triquetta,KH,3,L,15,NA,NA,NA,3,NA,NA,NA,NA,NA,NA,NA
NA,NA,Triquetta,KH,3,L,15,NA,NA,NA,3,NA,NA,NA,NA,NA,NA,NA
NA,NA,Triquetta,KH,3,L,19.2,NA,NA,NA,2,NA,NA,NA,NA,NA,NA,NA
NA,NA,Triquetta,KH,3,L,19.2,NA,NA,NA,3,NA,NA,NA,NA,NA,NA,NA
NA,NA,Triquetta,KH,3,R,17.5,NA,NA,NA,2,NA,NA,NA,NA,NA,NA,NA
NA,NA,Triquetta,KH,3,R,17.5,NA,NA,NA,2,NA,NA,NA,NA,NA,NA,NA
NA,NA,Triquetta,KH,3,R,17.5,NA,NA,NA,3,NA,NA,NA,NA,NA,NA,NA
NA,NA,Triquetta,KH,3,R,17.5,NA,NA,NA,3,NA,NA,NA,NA,NA,NA,NA
NA,NA,Triquetta,KH,3,R,20,NA,NA,NA,2,NA,NA,NA,NA,NA,NA,NA
NA,NA,Triquetta,KH,3,R,20,NA,NA,NA,3,NA,NA,NA,NA,NA,NA,NA
NA,NA,Triquetta,OP,3,L,1.75,NA,NA,NA,2,NA,NA,NA,NA,NA,NA,NA
NA,NA,Triquetta,OP,3,L,1.75,NA,NA,NA,3,NA,NA,NA,NA,NA,NA,NA
NA,NA,Triquetta,OP,3,L,7.2,NA,NA,NA,2,NA,NA,NA,NA,NA,NA,NA
NA,NA,Triquetta,OP,3,L,7.2,NA,NA,NA,3,NA,NA,NA,NA,NA,NA,NA
NA,NA,Triquetta,OP,3,L,9.3,NA,NA,NA,2,NA,NA,NA,NA,NA,NA,NA
NA,NA,Triquetta,OP,3,L,9.3,NA,NA,NA,2,NA,NA,NA,NA,NA,NA,NA
NA,NA,Triquetta,OP,3,L,9.3,NA,NA,NA,3,NA,NA,NA,NA,NA,NA,NA
NA,NA,Triquetta,OP,3,L,9.3,NA,NA,NA,3,NA,NA,NA,NA,NA,NA,NA
NA,NA,Triquetta,OP,3,L,16.5,NA,NA,NA,2,NA,NA,NA,NA,NA,NA,NA
NA,NA,Triquetta,OP,3,L,16.5,NA,NA,NA,3,NA,NA,NA,NA,NA,NA,NA
NA,NA,Triquetta,OP,3,L,19.9,NA,NA,NA,2,NA,NA,NA,NA,NA,NA,NA
NA,NA,Triquetta,OP,3,L,19.9,NA,NA,NA,3,NA,NA,NA,NA,NA,NA,NA
NA,NA,Triquetta,OP,3,R,1,NA,NA,NA,2,NA,NA,NA,NA,NA,NA,NA
NA,NA,Triquetta,OP,3,R,1,NA,NA,NA,3,NA,NA,NA,NA,NA,NA,NA
NA,NA,Triquetta,OP,3,R,6.5,NA,NA,NA,2,NA,NA,NA,NA,NA,NA,NA
NA,NA,Triquetta,OP,3,R,6.5,NA,NA,NA,2,NA,NA,NA,NA,NA,NA,NA
NA,NA,Triquetta,OP,3,R,6.5,NA,NA,NA,3,NA,NA,NA,NA,NA,NA,NA
NA,NA,Triquetta,OP,3,R,6.5,NA,NA,NA,3,NA,NA,NA,NA,NA,NA,NA
NA,NA,Triquetta,OP,3,R,11,NA,NA,NA,2,NA,NA,NA,NA,NA,NA,NA
NA,NA,Triquetta,OP,3,R,11,NA,NA,NA,3,NA,NA,NA,NA,NA,NA,NA
NA,NA,Triquetta,OP,3,R,15,NA,NA,NA,2,NA,NA,NA,NA,NA,NA,NA
NA,NA,Triquetta,OP,3,R,15,NA,NA,NA,2,NA,NA,NA,NA,NA,NA,NA
NA,NA,Triquetta,OP,3,R,15,NA,NA,NA,3,NA,NA,NA,NA,NA,NA,NA
NA,NA,Triquetta,OP,3,R,15,NA,NA,NA,3,NA,NA,NA,NA,NA,NA,NA
NA,NA,Triquetta,OP,3,R,17,NA,NA,NA,2,NA,NA,NA,NA,NA,NA,NA
NA,NA,Triquetta,OP,3,R,17,NA,NA,NA,2,NA,NA,NA,NA,NA,NA,NA
NA,NA,Triquetta,OP,3,R,17,NA,NA,NA,3,NA,NA,NA,NA,NA,NA,NA
NA,NA,Triquetta,OP,3,R,17,NA,NA,NA,3,NA,NA,NA,NA,NA,NA,NA
NA,NA,Triquetta,OP,3,R,18.75,NA,NA,NA,2,NA,NA,NA,NA,NA,NA,NA
NA,NA,Triquetta,OP,3,R,18.75,NA,NA,NA,3,NA,NA,NA,NA,NA,NA,NA
NA,NA,Triquetta,OP,3,NA,2,NA,NA,NA,2,NA,NA,NA,NA,NA,NA,NA
NA,NA,Triquetta,OP,3,NA,2,NA,NA,NA,3,NA,NA,NA,NA,NA,NA,NA
NA,NA,Triquetta,OP,3,NA,5,NA,NA,NA,2,NA,NA,NA,NA,NA,NA,NA
NA,NA,Triquetta,OP,3,NA,5,NA,NA,NA,3,NA,NA,NA,NA,NA,NA,NA
NA,NA,Triquetta,OP,3,NA,16,NA,NA,NA,2,NA,NA,NA,NA,NA,NA,NA
NA,NA,Triquetta,OP,3,NA,16,NA,NA,NA,2,NA,NA,NA,NA,NA,NA,NA
NA,NA,Triquetta,OP,3,NA,16,NA,NA,NA,2,NA,NA,NA,NA,NA,NA,NA
NA,NA,Triquetta,OP,3,NA,16,NA,NA,NA,2,NA,NA,NA,NA,NA,NA,NA
NA,NA,Triquetta,OP,3,NA,16,NA,NA,NA,3,NA,NA,NA,NA,NA,NA,NA
NA,NA,Triquetta,OP,3,NA,16,NA,NA,NA,3,NA,NA,NA,NA,NA,NA,NA
NA,NA,Triquetta,OP,3,NA,16,NA,NA,NA,3,NA,NA,NA,NA,NA,NA,NA
NA,NA,Triquetta,OP,3,NA,16,NA,NA,NA,3,NA,NA,NA,NA,NA,NA,NA
NA,NA,Triquetta,OP,3,NA,19,NA,NA,NA,2,NA,NA,NA,NA,NA,NA,NA
NA,NA,Triquetta,OP,3,NA,19,NA,NA,NA,2,NA,NA,NA,NA,NA,NA,NA
NA,NA,Triquetta,OP,3,NA,19,NA,NA,NA,3,NA,NA,NA,NA,NA,NA,NA
NA,NA,Triquetta,OP,3,NA,19,NA,NA,NA,3,NA,NA,NA,NA,NA,NA,NA
NA,NA,Triquetta,OP,3,NA,20,NA,NA,NA,2,NA,NA,NA,NA,NA,NA,NA
NA,NA,Triquetta,OP,3,NA,20,NA,NA,NA,2,NA,NA,NA,NA,NA,NA,NA
NA,NA,Triquetta,OP,3,NA,20,NA,NA,NA,3,NA,NA,NA,NA,NA,NA,NA
NA,NA,Triquetta,OP,3,NA,20,NA,NA,NA,3,NA,NA,NA,NA,NA,NA,NA
NA,NA,Triquetta,OP/KH,1,L,1,NA,NA,NA,2,NA,NA,NA,NA,NA,NA,NA
NA,NA,Triquetta,OP/KH,1,L,1,NA,NA,NA,3,NA,NA,NA,NA,NA,NA,NA
NA,NA,Triquetta,OP/KH,1,L,4,NA,NA,NA,2,NA,NA,NA,NA,NA,NA,NA
NA,NA,Triquetta,OP/KH,1,L,4,NA,NA,NA,3,NA,NA,NA,NA,NA,NA,NA
NA,NA,Triquetta,OP/KH,1,L,7,NA,NA,NA,2,NA,NA,NA,NA,NA,NA,NA
NA,NA,Triquetta,OP/KH,1,L,7,NA,NA,NA,2,NA,NA,NA,NA,NA,NA,NA
NA,NA,Triquetta,OP/KH,1,L,7,NA,NA,NA,2,NA,NA,NA,NA,NA,NA,NA
NA,NA,Triquetta,OP/KH,1,L,7,NA,NA,NA,3,NA,NA,NA,NA,NA,NA,NA
NA,NA,Triquetta,OP/KH,1,L,7,NA,NA,NA,3,NA,NA,NA,NA,NA,NA,NA
NA,NA,Triquetta,OP/KH,1,L,7,NA,NA,NA,3,NA,NA,NA,NA,NA,NA,NA
NA,NA,Triquetta,OP/KH,1,L,15,NA,NA,NA,2,NA,NA,NA,NA,NA,NA,NA
NA,NA,Triquetta,OP/KH,1,L,15,NA,NA,NA,3,NA,NA,NA,NA,NA,NA,NA
NA,NA,Triquetta,OP/KH,1,L,19,NA,NA,NA,2,NA,NA,NA,NA,NA,NA,NA
NA,NA,Triquetta,OP/KH,1,L,19,NA,NA,NA,2,NA,NA,NA,NA,NA,NA,NA
NA,NA,Triquetta,OP/KH,1,L,19,NA,NA,NA,3,NA,NA,NA,NA,NA,NA,NA
NA,NA,Triquetta,OP/KH,1,L,19,NA,NA,NA,3,NA,NA,NA,NA,NA,NA,NA
NA,NA,Triquetta,OP/KH,1,R,2,NA,NA,NA,2,NA,NA,NA,NA,NA,NA,NA
NA,NA,Triquetta,OP/KH,1,R,2,NA,NA,NA,2,NA,NA,NA,NA,NA,NA,NA
NA,NA,Triquetta,OP/KH,1,R,2,NA,NA,NA,2,NA,NA,NA,NA,NA,NA,NA
NA,NA,Triquetta,OP/KH,1,R,2,NA,NA,NA,3,NA,NA,NA,NA,NA,NA,NA
NA,NA,Triquetta,OP/KH,1,R,2,NA,NA,NA,3,NA,NA,NA,NA,NA,NA,NA
NA,NA,Triquetta,OP/KH,1,R,2,NA,NA,NA,3,NA,NA,NA,NA,NA,NA,NA
NA,NA,Triquetta,OP/KH,1,R,6.6,NA,NA,NA,2,NA,NA,NA,NA,NA,NA,NA
NA,NA,Triquetta,OP/KH,1,R,6.6,NA,NA,NA,3,NA,NA,NA,NA,NA,NA,NA
NA,NA,Triquetta,OP/KH,1,R,9,NA,NA,NA,2,NA,NA,NA,NA,NA,NA,NA
NA,NA,Triquetta,OP/KH,1,R,9,NA,NA,NA,3,NA,NA,NA,NA,NA,NA,NA
NA,NA,Triquetta,OP/KH,2,L,4,NA,NA,NA,2,NA,NA,NA,NA,NA,NA,NA
NA,NA,Triquetta,OP/KH,2,L,4,NA,NA,NA,2,NA,NA,NA,NA,NA,NA,NA
NA,NA,Triquetta,OP/KH,2,L,4,NA,NA,NA,2,NA,NA,NA,NA,NA,NA,NA
NA,NA,Triquetta,OP/KH,2,L,4,NA,NA,NA,2,NA,NA,NA,NA,NA,NA,NA
NA,NA,Triquetta,OP/KH,2,L,4,NA,NA,NA,3,NA,NA,NA,NA,NA,NA,NA
NA,NA,Triquetta,OP/KH,2,L,4,NA,NA,NA,3,NA,NA,NA,NA,NA,NA,NA
NA,NA,Triquetta,OP/KH,2,L,4,NA,NA,NA,3,NA,NA,NA,NA,NA,NA,NA
NA,NA,Triquetta,OP/KH,2,L,4,NA,NA,NA,3,NA,NA,NA,NA,NA,NA,NA
NA,NA,Triquetta,OP/KH,2,L,9,NA,NA,NA,2,NA,NA,NA,NA,NA,NA,NA
NA,NA,Triquetta,OP/KH,2,L,9,NA,NA,NA,3,NA,NA,NA,NA,NA,NA,NA
NA,NA,Triquetta,OP/KH,2,R,2,NA,NA,NA,2,NA,NA,NA,NA,NA,NA,NA
NA,NA,Triquetta,OP/KH,2,R,2,NA,NA,NA,2,NA,NA,NA,NA,NA,NA,NA
NA,NA,Triquetta,OP/KH,2,R,2,NA,NA,NA,2,NA,NA,NA,NA,NA,NA,NA
NA,NA,Triquetta,OP/KH,2,R,2,NA,NA,NA,3,NA,NA,NA,NA,NA,NA,NA
NA,NA,Triquetta,OP/KH,2,R,2,NA,NA,NA,3,NA,NA,NA,NA,NA,NA,NA
NA,NA,Triquetta,OP/KH,2,R,2,NA,NA,NA,3,NA,NA,NA,NA,NA,NA,NA
NA,NA,Triquetta,OP/KH,2,R,3,NA,NA,NA,2,NA,NA,NA,NA,NA,NA,NA
NA,NA,Triquetta,OP/KH,2,R,3,NA,NA,NA,3,NA,NA,NA,NA,NA,NA,NA
NA,NA,Triquetta,OP/KH,2,R,4,NA,NA,NA,2,NA,NA,NA,NA,NA,NA,NA
NA,NA,Triquetta,OP/KH,2,R,4,NA,NA,NA,2,NA,NA,NA,NA,NA,NA,NA
NA,NA,Triquetta,OP/KH,2,R,4,NA,NA,NA,2,NA,NA,NA,NA,NA,NA,NA
NA,NA,Triquetta,OP/KH,2,R,4,NA,NA,NA,3,NA,NA,NA,NA,NA,NA,NA
NA,NA,Triquetta,OP/KH,2,R,4,NA,NA,NA,3,NA,NA,NA,NA,NA,NA,NA
NA,NA,Triquetta,OP/KH,2,R,4,NA,NA,NA,3,NA,NA,NA,NA,NA,NA,NA
NA,NA,Triquetta,OP/KH,2,R,4.2,NA,NA,NA,2,NA,NA,NA,NA,NA,NA,NA
NA,NA,Triquetta,OP/KH,2,R,4.2,NA,NA,NA,3,NA,NA,NA,NA,NA,NA,NA
NA,NA,Triquetta,OP/KH,2,R,6,NA,NA,NA,2,NA,NA,NA,NA,NA,NA,NA
NA,NA,Triquetta,OP/KH,2,R,6,NA,NA,NA,3,NA,NA,NA,NA,NA,NA,NA
NA,NA,Triquetta,OP/KH,2,R,16,NA,NA,NA,2,NA,NA,NA,NA,NA,NA,NA
NA,NA,Triquetta,OP/KH,2,R,16,NA,NA,NA,3,NA,NA,NA,NA,NA,NA,NA
NA,NA,Triquetta,OP/KH,3,L,1,NA,NA,NA,2,NA,NA,NA,NA,NA,NA,NA
NA,NA,Triquetta,OP/KH,3,L,1,NA,NA,NA,3,NA,NA,NA,NA,NA,NA,NA
NA,NA,Triquetta,OP/KH,3,L,5.3,NA,NA,NA,2,NA,NA,NA,NA,NA,NA,NA
NA,NA,Triquetta,OP/KH,3,L,5.3,NA,NA,NA,3,NA,NA,NA,NA,NA,NA,NA
NA,NA,Triquetta,OP/KH,3,L,7.4,NA,NA,NA,2,NA,NA,NA,NA,NA,NA,NA
NA,NA,Triquetta,OP/KH,3,L,7.4,NA,NA,NA,3,NA,NA,NA,NA,NA,NA,NA
NA,NA,Triquetta,OP/KH,3,L,8.5,NA,NA,NA,2,NA,NA,NA,NA,NA,NA,NA
NA,NA,Triquetta,OP/KH,3,L,8.5,NA,NA,NA,3,NA,NA,NA,NA,NA,NA,NA
NA,NA,Triquetta,OP/KH,3,L,14,NA,NA,NA,2,NA,NA,NA,NA,NA,NA,NA
NA,NA,Triquetta,OP/KH,3,L,14,NA,NA,NA,3,NA,NA,NA,NA,NA,NA,NA
NA,NA,Triquetta,OP/KH,3,R,1,NA,NA,NA,2,NA,NA,NA,NA,NA,NA,NA
NA,NA,Triquetta,OP/KH,3,R,1,NA,NA,NA,3,NA,NA,NA,NA,NA,NA,NA
NA,NA,Triquetta,OP/KH,3,R,2,NA,NA,NA,2,NA,NA,NA,NA,NA,NA,NA
NA,NA,Triquetta,OP/KH,3,R,2,NA,NA,NA,2,NA,NA,NA,NA,NA,NA,NA
NA,NA,Triquetta,OP/KH,3,R,2,NA,NA,NA,3,NA,NA,NA,NA,NA,NA,NA
NA,NA,Triquetta,OP/KH,3,R,2,NA,NA,NA,3,NA,NA,NA,NA,NA,NA,NA
NA,NA,Triquetta,OP/KH,3,R,4,NA,NA,NA,2,NA,NA,NA,NA,NA,NA,NA
NA,NA,Triquetta,OP/KH,3,R,4,NA,NA,NA,3,NA,NA,NA,NA,NA,NA,NA
NA,NA,Triquetta,OP/KH,3,R,7.4,NA,NA,NA,2,NA,NA,NA,NA,NA,NA,NA
NA,NA,Triquetta,OP/KH,3,R,7.4,NA,NA,NA,3,NA,NA,NA,NA,NA,NA,NA
NA,NA,Triquetta,OP/KH,3,R,8,NA,NA,NA,2,NA,NA,NA,NA,NA,NA,NA
NA,NA,Triquetta,OP/KH,3,R,8,NA,NA,NA,3,NA,NA,NA,NA,NA,NA,NA
NA,NA,Triquetta,OP/KH,3,R,9.2,NA,NA,NA,2,NA,NA,NA,NA,NA,NA,NA
NA,NA,Triquetta,OP/KH,3,R,9.2,NA,NA,NA,3,NA,NA,NA,NA,NA,NA,NA
NA,NA,Triquetta,OP/KH,3,R,11.5,NA,NA,NA,2,NA,NA,NA,NA,NA,NA,NA
NA,NA,Triquetta,OP/KH,3,R,11.5,NA,NA,NA,3,NA,NA,NA,NA,NA,NA,NA
NA,NA,Triquetta,OP/KH,3,R,13,NA,NA,NA,2,NA,NA,NA,NA,NA,NA,NA
NA,NA,Triquetta,OP/KH,3,R,13,NA,NA,NA,3,NA,NA,NA,NA,NA,NA,NA
NA,NA,Triquetta,OP/KH,3,R,15,NA,NA,NA,2,NA,NA,NA,NA,NA,NA,NA
NA,NA,Triquetta,OP/KH,3,R,15,NA,NA,NA,3,NA,NA,NA,NA,NA,NA,NA
NA,NA,Triquetta,ZM,1,L,10,NA,NA,NA,2,NA,NA,NA,NA,NA,NA,NA
NA,NA,Triquetta,ZM,1,L,10,NA,NA,NA,3,NA,NA,NA,NA,NA,NA,NA
NA,NA,Triquetta,ZM,1,L,10.5,NA,NA,NA,2,NA,NA,NA,NA,NA,NA,NA
NA,NA,Triquetta,ZM,1,L,10.5,NA,NA,NA,3,NA,NA,NA,NA,NA,NA,NA
NA,NA,Triquetta,ZM,1,L,13,NA,NA,NA,2,NA,NA,NA,NA,NA,NA,NA
NA,NA,Triquetta,ZM,1,L,13,NA,NA,NA,3,NA,NA,NA,NA,NA,NA,NA
NA,NA,Triquetta,ZM,1,L,17.5,NA,NA,NA,2,NA,NA,NA,NA,NA,NA,NA
NA,NA,Triquetta,ZM,1,L,17.5,NA,NA,NA,3,NA,NA,NA,NA,NA,NA,NA
NA,NA,Triquetta,ZM,1,L,20,NA,NA,NA,2,NA,NA,NA,NA,NA,NA,NA
NA,NA,Triquetta,ZM,1,L,20,NA,NA,NA,3,NA,NA,NA,NA,NA,NA,NA
NA,NA,Triquetta,ZM,1,R,6.5,NA,NA,NA,2,NA,NA,NA,NA,NA,NA,NA
NA,NA,Triquetta,ZM,1,R,6.5,NA,NA,NA,3,NA,NA,NA,NA,NA,NA,NA
NA,NA,Triquetta,ZM,1,R,7,NA,NA,NA,2,NA,NA,NA,NA,NA,NA,NA
NA,NA,Triquetta,ZM,1,R,7,NA,NA,NA,3,NA,NA,NA,NA,NA,NA,NA
NA,NA,Triquetta,ZM,1,R,8,NA,NA,NA,2,NA,NA,NA,NA,NA,NA,NA
NA,NA,Triquetta,ZM,1,R,8,NA,NA,NA,3,NA,NA,NA,NA,NA,NA,NA
NA,NA,Triquetta,ZM,1,R,8.5,NA,NA,NA,2,NA,NA,NA,NA,NA,NA,NA
NA,NA,Triquetta,ZM,1,R,8.5,NA,NA,NA,3,NA,NA,NA,NA,NA,NA,NA
NA,NA,Triquetta,ZM,1,R,9,NA,NA,NA,2,NA,NA,NA,NA,NA,NA,NA
NA,NA,Triquetta,ZM,1,R,9,NA,NA,NA,3,NA,NA,NA,NA,NA,NA,NA
NA,NA,Triquetta,ZM,1,R,14,NA,NA,NA,2,NA,NA,NA,NA,NA,NA,NA
NA,NA,Triquetta,ZM,1,R,14,NA,NA,NA,3,NA,NA,NA,NA,NA,NA,NA