period,date,site,diver,contour,transect,dist,area,bin,side,stipeD,depth,time,comments,
2016-May,2016-05-22,Manley,OP,na,1,na,20,na,R,10,na,na,,
2016-May,2016-05-22,Manley,OP,na,2,na,20,na,R,21,na,na,,
2016-May,2016-05-22,Manley,OP,na,3,na,20,na,R,8,na,na,,
2016-May,2016-05-23,Second,OP,na,1,na,20,na,L,2,na,na,,
2016-May,2016-05-23,Second,OP,na,2,na,20,na,L,4,na,na,,
2016-May,2016-05-23,Second,OP,na,3,na,20,na,L,3,na,na,,
2016-May,2016-05-27,North,OP,na,1,na,20,na,R,0,na,na,,
2016-May,2016-05-27,North,OP,na,2,na,20,na,R,1,na,na,,
2016-May,2016-05-27,North,OP,na,3,na,20,na,R,0,na,na,,
2016-Jun,2016-06-12,North,AM,na,1,na,20,na,R,4,na,na,,
2016-Jun,2016-06-12,North,AM,na,2,na,20,na,R,6,na,na,,
2016-Jun,2016-06-12,North,NR,na,3,na,20,na,R,17,na,na,,
2016-Jun,2016-06-15,Manley,OP,na,1,na,20,na,L,15,na,na,different side from previews interval ,
2016-Jun,2016-06-15,Manley,OP,na,2,na,20,na,L,19,na,na,different side from previews interval ,
2016-Jun,2016-06-15,Manley,OP,na,3,na,20,na,L,25,na,na,different side from previews interval ,
2016-Jun,2016-06-17,Second,OP,na,1,na,20,na,R,39,na,na,different side from previews interval ,
2016-Jun,2016-06-17,Second,OP,na,2,na,20,na,R,8,na,na,different side from previews interval ,
2016-Jun,2016-06-17,Second,OP,na,3,na,20,na,R,31,na,na,different side from previews interval ,
2016-Jul,2016-07-20,Second,OP,na,1,na,20,na,R,48,na,na,,
2016-Jul,2016-07-20,Second,OP,na,2,na,20,na,R,11,na,na,,
2016-Jul,2016-07-20,Second,OP,na,3,na,20,na,R,62,na,na,,
2016-Jul,2016-07-21,Manley,OP,na,1,na,20,na,R,25,na,na,different side from previews interval ,
2016-Jul,2016-07-21,Manley,OP,na,2,na,20,na,R,45,na,na,different side from previews interval ,
2016-Jul,2016-07-21,Manley,OP,na,3,na,20,na,R,13,na,na,different side from previews interval ,
2016-Jul,2016-07-21,North,OP,na,1,na,20,na,R,19,na,na,,
2016-Jul,2016-07-21,North,OP,na,2,na,20,na,R,34,na,na,,
2016-Jul,2016-07-21,North,OP,na,3,na,20,na,R,67,na,na,,
2016-Jul,2016-07-21,Manley,OP,na,1,na,20,na,L,33,na,na,"different side from previews interval, actually collected on july 24th ",
2016-Jul,2016-07-21,Manley,OP,na,2,na,20,na,L,26,na,na,"different side from previews interval, actually collected on july 24th ",
2016-Jul,2016-07-21,Manley,OP,na,3,na,20,na,L,35,na,na,"different side from previews interval, actually collected on july 24th ",
2016-Aug,2016-08-13,Manley,OP,na,1,na,20,na,R,5,na,na,different side from previews interval ,
2016-Aug,2016-08-13,Manley,OP,na,2,na,20,na,R,24,na,na,different side from previews interval ,
2016-Aug,2016-08-13,Manley,OP,na,3,na,20,na,R,15,na,na,different side from previews interval ,
2016-Aug,2016-08-14,North,AM,na,1,na,20,na,R,16,na,na,,
2016-Aug,2016-08-14,North,AM,na,2,na,20,na,R,43,na,na,,
2016-Aug,2016-08-14,North,AM,na,3,na,20,na,R,61,na,na,,
2016-Aug,2016-08-14,Second,OP,na,1,na,20,na,R,27,na,na,,
2016-Aug,2016-08-14,Second,OP,na,2,na,20,na,R,5,na,na,,
2016-Aug,2016-08-14,Second,OP,na,3,na,20,na,R,54,na,na,,
2016-Sep,2016-09-09,North,KH,na,1,na,20,na,R,6,na,na,,
2016-Sep,2016-09-09,North,KH,na,2,na,20,na,R,28,na,na,,
2016-Sep,2016-09-09,North,KH,na,3,na,20,na,R,41,na,na,,
2016-Sep,2016-09-10,Manley,KH,na,1,na,20,na,R,9,na,na,,
2016-Sep,2016-09-10,Manley,KH,na,2,na,20,na,R,10,na,na,,
2016-Sep,2016-09-10,Manley,KH,na,3,na,20,na,R,5,na,na,,
2016-Sep,2016-09-10,Second,KH,na,1,na,20,na,R,15,na,na,,
2016-Sep,2016-09-10,Second,KH,na,2,na,20,na,R,3,na,na,,
2016-Sep,2016-09-10,Second,KH,na,3,na,20,na,R,32,na,na,,
2016-Nov,2016-11-17,North,OP,na,1,na,20,na,R,2,na,na,,
2016-Nov,2016-11-17,North,OP,na,2,na,20,na,R,11,na,na,,
2016-Nov,2016-11-17,North,OP,na,3,na,20,na,R,20,na,na,,
2016-Nov,2016-11-18,Manley,OP,na,1,na,20,na,R,0,na,na,,
2016-Nov,2016-11-18,Manley,OP,na,2,na,20,na,R,0,na,na,,
2016-Nov,2016-11-18,Manley,OP,na,3,na,20,na,R,2,na,na,,
2016-Nov,2016-11-20,Second,OP,na,1,na,20,na,R,6,na,na,,
2016-Nov,2016-11-20,Second,OP,na,2,na,20,na,R,0,na,na,,
2016-Nov,2016-11-20,Second,OP,na,3,na,20,na,R,10,na,na,,
2017-Apr,2017-04-09,Second,OP,na,1,na,20,na,R,0,na,na,,
2017-Apr,2017-04-09,Second,OP,na,1,na,20,na,L,0,na,na,,
2017-Apr,2017-04-09,Second,OP,na,2,na,20,na,R,0,na,na,,
2017-Apr,2017-04-09,Second,OP,na,2,na,20,na,L,0,na,na,,
2017-Apr,2017-04-09,Second,OP,na,3,na,20,na,R,0,na,na,,
2017-Apr,2017-04-09,Second,OP,na,3,na,20,na,L,0,na,na,,
2017-Apr,2017-04-09,Manley,OP,na,1,na,20,na,R,1,na,na,,
2017-Apr,2017-04-09,Manley,OP,na,1,na,20,na,L,2,na,na,,
2017-Apr,2017-04-09,Manley,OP,na,2,na,20,na,R,0,na,na,,
2017-Apr,2017-04-09,Manley,OP,na,2,na,20,na,L,1,na,na,,
2017-Apr,2017-04-09,Manley,OP,na,3,na,20,na,R,0,na,na,,
2017-Apr,2017-04-09,Manley,OP,na,3,na,20,na,L,1,na,na,,
2017-Apr,2017-04-09,North,OP,na,1,na,20,na,R,3,na,na,,
2017-Apr,2017-04-09,North,OP,na,1,na,20,na,L,2,na,na,,
2017-Apr,2017-04-09,North,OP,na,2,na,20,na,R,3,na,na,,
2017-Apr,2017-04-09,North,OP,na,2,na,20,na,L,0,na,na,,
2017-Apr,2017-04-09,North,OP,na,3,na,20,na,R,2,na,na,,
2017-Apr,2017-04-09,North,OP,na,3,na,20,na,L,1,na,na,,
2017-May,2017-05-18,Second,OP,na,1,na,20,na,R,7,na,na,,
2017-May,2017-05-18,Second,OP,na,1,na,20,na,L,6,na,na,,
2017-May,2017-05-18,Second,OP,na,2,na,20,na,R,0,na,na,,
2017-May,2017-05-18,Second,OP,na,2,na,20,na,L,1,na,na,,
2017-May,2017-05-18,Second,OP,na,3,na,20,na,R,0,na,na,,
2017-May,2017-05-18,Second,OP,na,3,na,20,na,L,0,na,na,,
2017-May,2017-05-18,Manley,OP,na,1,na,20,na,R,2,na,na,,
2017-May,2017-05-18,Manley,OP,na,1,na,20,na,L,1,na,na,,
2017-May,2017-05-18,Manley,OP,na,2,na,20,na,R,4,na,na,,
2017-May,2017-05-18,Manley,OP,na,2,na,20,na,L,2,na,na,,
2017-May,2017-05-18,Manley,OP,na,3,na,20,na,R,2,na,na,,
2017-May,2017-05-18,Manley,OP,na,3,na,20,na,L,6,na,na,,
2017-May,2017-05-18,North,OP,na,1,na,20,na,R,9,na,na,,
2017-May,2017-05-18,North,OP,na,1,na,20,na,L,12,na,na,,
2017-May,2017-05-18,North,OP,na,2,na,20,na,R,7,na,na,,
2017-May,2017-05-18,North,OP,na,2,na,20,na,L,5,na,na,,
2017-May,2017-05-18,North,OP,na,3,na,20,na,R,13,na,na,,
2017-May,2017-05-18,North,OP,na,3,na,20,na,L,13,na,na,,
2017-Jun,2017-06-08,North,DVM,na,1,na,20,na,R,18,na,na,,
2017-Jun,2017-06-08,North,DVM,na,1,na,20,na,L,10,na,na,,
2017-Jun,2017-06-08,North,KH,na,2,na,20,na,R,24,na,na,,
2017-Jun,2017-06-08,North,KH,na,2,na,20,na,L,8,na,na,,
2017-Jun,2017-06-08,North,DVM,na,3,na,20,na,R,29,na,na,,
2017-Jun,2017-06-08,North,DVM,na,3,na,20,na,L,3,na,na,,
2017-Jun,2017-06-08,Manley,KH,na,1,na,20,na,R,5,na,na,,
2017-Jun,2017-06-08,Manley,KH,na,1,na,20,na,L,4,na,na,,
2017-Jun,2017-06-08,Manley,KH,na,2,na,20,na,R,8,na,na,,
2017-Jun,2017-06-08,Manley,KH,na,2,na,20,na,L,4,na,na,,
2017-Jun,2017-06-08,Manley,DVM,na,3,na,20,na,R,7,na,na,,
2017-Jun,2017-06-08,Manley,DVM,na,3,na,20,na,L,9,na,na,,
2017-Jun,2017-06-09,Second,KH,na,1,na,20,na,R,15,na,na,,
2017-Jun,2017-06-09,Second,KH,na,1,na,20,na,L,10,na,na,,
2017-Jun,2017-06-09,Second,KH,na,2,na,20,na,R,3,na,na,,
2017-Jun,2017-06-09,Second,KH,na,2,na,20,na,L,0,na,na,,
2017-Jun,2017-06-09,Second,KH,na,3,na,20,na,R,2,na,na,,
2017-Jun,2017-06-09,Second,KH,na,3,na,20,na,L,1,na,na,,
2017-Jul,2017-07-17,Second,OP,na,1,na,20,na,R,37,na,na,,
2017-Jul,2017-07-17,Second,OP,na,1,na,20,na,L,31,na,na,,
2017-Jul,2017-07-17,Second,OP,na,2,na,20,na,R,8,na,na,,
2017-Jul,2017-07-17,Second,OP,na,2,na,20,na,L,2,na,na,,
2017-Jul,2017-07-17,Second,OP,na,3,na,20,na,R,10,na,na,,
2017-Jul,2017-07-17,Second,OP,na,3,na,20,na,L,8,na,na,,
2017-Jul,2017-07-17,Manley,OP,na,1,na,20,na,R,6,na,na,,
2017-Jul,2017-07-17,Manley,OP,na,1,na,20,na,L,5,na,na,,
2017-Jul,2017-07-17,Manley,OP,na,2,na,20,na,R,5,na,na,,
2017-Jul,2017-07-17,Manley,OP,na,2,na,20,na,L,6,na,na,,
2017-Jul,2017-07-17,Manley,OP,na,3,na,20,na,R,6,na,na,,
2017-Jul,2017-07-17,Manley,OP,na,3,na,20,na,L,5,na,na,,
2017-Jul,2017-07-16,North,OP,na,1,na,20,na,R,16,na,na,,
2017-Jul,2017-07-16,North,OP,na,1,na,20,na,L,32,na,na,,
2017-Jul,2017-07-16,North,OP,na,2,na,20,na,R,18,na,na,,
2017-Jul,2017-07-16,North,OP,na,2,na,20,na,L,13,na,na,,
2017-Jul,2017-07-16,North,OP,na,3,na,20,na,R,41,na,na,,
2017-Jul,2017-07-16,North,OP,na,3,na,20,na,L,44,na,na,,
2017-Aug,2017-08-24,Manley,KH,na,1,na,20,na,R,0,na,na,,
2017-Aug,2017-08-24,Manley,KH,na,1,na,20,na,L,0,na,na,,
2017-Aug,2017-08-24,Manley,KH,na,2,na,20,na,R,1,na,na,,
2017-Aug,2017-08-24,Manley,KH,na,2,na,20,na,L,0,na,na,,
2017-Aug,2017-08-24,Manley,KH,na,3,na,20,na,R,0,na,na,,
2017-Aug,2017-08-24,Manley,KH,na,3,na,20,na,L,0,na,na,,
2017-Aug,2017-08-26,North,OP,na,1,na,20,na,R,6,na,na,,
2017-Aug,2017-08-26,North,OP,na,1,na,20,na,L,11,na,na,,
2017-Aug,2017-08-26,North,OP,na,2,na,20,na,R,12,na,na,,
2017-Aug,2017-08-26,North,OP,na,2,na,20,na,L,10,na,na,,
2017-Aug,2017-08-26,North,OP,na,3,na,20,na,R,22,na,na,,
2017-Aug,2017-08-26,North,OP,na,3,na,20,na,L,19,na,na,,
2017-Aug,2017-08-28,Second,OP,na,1,na,20,na,R,18,na,na,,
2017-Aug,2017-08-28,Second,OP,na,1,na,20,na,L,7,na,na,,
2017-Aug,2017-08-28,Second,OP,na,2,na,20,na,R,4,na,na,,
2017-Aug,2017-08-28,Second,OP,na,2,na,20,na,L,1,na,na,,
2017-Aug,2017-08-28,Second,OP,na,3,na,20,na,R,3,na,na,,
2017-Aug,2017-08-28,Second,OP,na,3,na,20,na,L,2,na,na,,
2017-Nov,2017-11-20,Manley,DVM,na,1,na,20,na,R,0,na,na,,
2017-Nov,2017-11-20,Manley,DVM,na,1,na,20,na,L,0,na,na,,
2017-Nov,2017-11-20,Manley,DVM,na,2,na,20,na,R,0,na,na,,
2017-Nov,2017-11-20,Manley,DVM,na,2,na,20,na,L,0,na,na,,
2017-Nov,2017-11-20,Manley,DVM,na,3,na,20,na,R,0,na,na,,
2017-Nov,2017-11-20,Manley,DVM,na,3,na,20,na,L,0,na,na,,
2017-Nov,2017-11-23,North,DVM,na,1,na,20,na,R,1,na,na,,
2017-Nov,2017-11-23,North,DVM,na,1,na,20,na,L,2,na,na,,
2017-Nov,2017-11-23,North,DVM,na,2,na,20,na,R,2,na,na,,
2017-Nov,2017-11-23,North,DVM,na,2,na,20,na,L,2,na,na,,
2017-Nov,2017-11-23,North,DVM,na,3,na,20,na,R,2,na,na,,
2017-Nov,2017-11-23,North,DVM,na,3,na,20,na,L,1,na,na,,
2017-Nov,2017-11-17,Second,DVM,na,1,na,20,na,R,1,na,na,,
2017-Nov,2017-11-17,Second,DVM,na,1,na,20,na,L,0,na,na,,
2017-Nov,2017-11-17,Second,DVM,na,2,na,20,na,R,1,na,na,,
2017-Nov,2017-11-17,Second,DVM,na,2,na,20,na,L,0,na,na,,
2017-Nov,2017-11-17,Second,DVM,na,3,na,20,na,R,0,na,na,,
2017-Nov,2017-11-17,Second,DVM,na,3,na,20,na,L,2,na,na,,
2018-Feb,2018-02-17,Manley,DVM,na,1,na,20,na,R,0,na,na,,
2018-Feb,2018-02-17,Manley,DVM,na,1,na,20,na,L,0,na,na,,
2018-Feb,2018-02-17,Manley,DVM,na,2,na,20,na,R,0,na,na,,
2018-Feb,2018-02-17,Manley,DVM,na,2,na,20,na,L,0,na,na,,
2018-Feb,2018-02-17,Manley,DVM,na,3,na,20,na,R,0,na,na,,
2018-Feb,2018-02-17,Manley,DVM,na,3,na,20,na,L,0,na,na,,
2018-Feb,2018-02-17,North,DVM,na,1,na,20,na,R,0,na,na,,
2018-Feb,2018-02-17,North,DVM,na,1,na,20,na,L,0,na,na,,
2018-Feb,2018-02-17,North,DVM,na,2,na,20,na,R,0,na,na,,
2018-Feb,2018-02-17,North,DVM,na,2,na,20,na,L,0,na,na,,
2018-Feb,2018-02-17,North,DVM,na,3,na,20,na,R,0,na,na,,
2018-Feb,2018-02-17,North,DVM,na,3,na,20,na,L,1,na,na,,
2018-Feb,2018-02-15,Second,DVM,na,1,na,20,na,R,1,na,na,,
2018-Feb,2018-02-15,Second,DVM,na,1,na,20,na,L,0,na,na,,
2018-Feb,2018-02-15,Second,DVM,na,2,na,20,na,R,0,na,na,,
2018-Feb,2018-02-15,Second,DVM,na,2,na,20,na,L,0,na,na,,
2018-Feb,2018-02-15,Second,DVM,na,3,na,20,na,R,0,na,na,,
2018-Feb,2018-02-15,Second,DVM,na,3,na,20,na,L,0,na,na,,
2018-Aug,2018-08-19,McMullins,NAP,na,2,0,10,0_2,na,5,na,na,,
2018-Aug,2018-08-19,McMullins,NAP,na,2,2,10,2_4,na,11,na,na,,
2018-Aug,2018-08-19,McMullins,NAP,na,2,4,10,4_6,na,6,na,na,,
2018-Aug,2018-08-19,McMullins,NAP,na,2,6,10,6_8,na,0,na,na,,
2018-Aug,2018-08-19,McMullins,NAP,na,2,8,10,8_10,na,4,na,na,,
2018-Aug,2018-08-19,McMullins,NAP,na,2,10,10,10_12,na,4,na,na,,
2018-Aug,2018-08-19,McMullins,NAP,na,2,12,10,12_14,na,2,na,na,,
2018-Aug,2018-08-19,McMullins,NAP,na,2,14,10,14_16,na,1,na,na,,
2018-Aug,2018-08-19,McMullins,NAP,na,2,16,10,16_18,na,10,na,na,,
2018-Aug,2018-08-19,McMullins,NAP,na,2,18,10,18_20,na,1,na,na,,
2018-Aug,2018-08-19,McMullins,OP,na,3,0,10,0_2,na,3,na,na,,
2018-Aug,2018-08-19,McMullins,OP,na,3,2,10,2_4,na,2,na,na,,
2018-Aug,2018-08-19,McMullins,OP,na,3,4,10,4_6,na,5,na,na,,
2018-Aug,2018-08-19,McMullins,OP,na,3,6,10,6_8,na,5,na,na,,
2018-Aug,2018-08-19,McMullins,OP,na,3,8,10,8_10,na,7,na,na,,
2018-Aug,2018-08-19,McMullins,OP,na,3,10,10,10_12,na,2,na,na,,
2018-Aug,2018-08-19,McMullins,OP,na,3,12,10,12_14,na,5,na,na,,
2018-Aug,2018-08-19,McMullins,OP,na,3,14,10,14_16,na,1,na,na,,
2018-Aug,2018-08-19,McMullins,OP,na,3,16,10,16_18,na,2,na,na,,
2018-Aug,2018-08-19,McMullins,OP,na,3,18,10,18_20,na,0,na,na,,
2018-Aug,2018-08-19,McMullins,KH,na,4,0,10,0_2,na,2,na,na,,
2018-Aug,2018-08-19,McMullins,KH,na,4,2,10,2_4,na,3,na,na,,
2018-Aug,2018-08-19,McMullins,KH,na,4,4,10,4_6,na,12,na,na,,
2018-Aug,2018-08-19,McMullins,KH,na,4,6,10,6_8,na,4,na,na,,
2018-Aug,2018-08-19,McMullins,KH,na,4,8,10,8_10,na,4,na,na,,
2018-Aug,2018-08-19,McMullins,KH,na,4,10,10,10_12,na,4,na,na,,
2018-Aug,2018-08-19,McMullins,KH,na,4,12,10,12_14,na,2,na,na,,
2018-Aug,2018-08-19,McMullins,KH,na,4,14,10,14_16,na,2,na,na,,
2018-Aug,2018-08-19,McMullins,KH,na,4,16,10,16_18,na,1,na,na,,
2018-Aug,2018-08-19,McMullins,KH,na,4,18,10,18_20,na,5,na,na,,
2018-Aug,2018-08-19,Gosling,BMM,na,2,0,10,0_2,na,3,na,na,,
2018-Aug,2018-08-19,Gosling,BMM,na,2,2,10,2_4,na,6,na,na,,
2018-Aug,2018-08-19,Gosling,BMM,na,2,4,10,4_6,na,7,na,na,,
2018-Aug,2018-08-19,Gosling,BMM,na,2,6,10,6_8,na,15,na,na,,
2018-Aug,2018-08-19,Gosling,BMM,na,2,8,10,8_10,na,4,na,na,,
2018-Aug,2018-08-19,Gosling,BMM,na,2,10,10,10_12,na,3,na,na,,
2018-Aug,2018-08-19,Gosling,BMM,na,2,12,10,12_14,na,0,na,na,,
2018-Aug,2018-08-19,Gosling,BMM,na,2,14,10,14_16,na,0,na,na,,
2018-Aug,2018-08-19,Gosling,BMM,na,2,16,10,16_18,na,0,na,na,,
2018-Aug,2018-08-19,Gosling,BMM,na,2,18,10,18_20,na,0,na,na,,
2018-Aug,2018-08-19,Gosling,OP,na,3,0,10,0_2,na,6,na,na,,
2018-Aug,2018-08-19,Gosling,OP,na,3,2,10,2_4,na,4,na,na,,
2018-Aug,2018-08-19,Gosling,OP,na,3,4,10,4_6,na,7,na,na,,
2018-Aug,2018-08-19,Gosling,OP,na,3,6,10,6_8,na,8,na,na,,
2018-Aug,2018-08-19,Gosling,OP,na,3,8,10,8_10,na,13,na,na,,
2018-Aug,2018-08-19,Gosling,OP,na,3,10,10,10_12,na,3,na,na,,
2018-Aug,2018-08-19,Gosling,OP,na,3,12,10,12_14,na,0,na,na,,
2018-Aug,2018-08-19,Gosling,OP,na,3,14,10,14_16,na,0,na,na,,
2018-Aug,2018-08-19,Gosling,OP,na,3,16,10,16_18,na,0,na,na,,
2018-Aug,2018-08-19,Gosling,OP,na,3,18,10,18_20,na,0,na,na,,
2018-Aug,2018-08-19,Gosling,OP,na,4,0,10,0_2,na,11,na,na,,
2018-Aug,2018-08-19,Gosling,OP,na,4,2,10,2_4,na,2,na,na,,
2018-Aug,2018-08-19,Gosling,OP,na,4,4,10,4_6,na,8,na,na,,
2018-Aug,2018-08-19,Gosling,OP,na,4,6,10,6_8,na,8,na,na,,
2018-Aug,2018-08-19,Gosling,OP,na,4,8,10,8_10,na,21,na,na,,
2018-Aug,2018-08-19,Gosling,OP,na,4,10,10,10_12,na,18,na,na,,
2018-Aug,2018-08-19,Gosling,OP,na,4,12,10,12_14,na,2,na,na,,
2018-Aug,2018-08-19,Gosling,OP,na,4,14,10,14_16,na,1,na,na,,
2018-Aug,2018-08-19,Gosling,OP,na,4,16,10,16_18,na,9,na,na,,
2018-Aug,2018-08-19,Gosling,OP,na,4,18,10,18_20,na,4,na,na,,
2018-May,2018-05-18,Manley,KH,na,1,0,2,0_2,L,1,na,na,,
2018-May,2018-05-18,Manley,KH,na,1,2,2,2_4,L,0,na,na,,
2018-May,2018-05-18,Manley,KH,na,1,4,2,4_6,L,1,na,na,,
2018-May,2018-05-18,Manley,KH,na,1,6,2,6_8,L,0,na,na,,
2018-May,2018-05-18,Manley,KH,na,1,8,2,8_10,L,2,na,na,,
2018-May,2018-05-18,Manley,KH,na,1,10,2,10_12,L,0,na,na,,
2018-May,2018-05-18,Manley,KH,na,1,12,2,12_14,L,0,na,na,,
2018-May,2018-05-18,Manley,KH,na,1,14,2,14_16,L,0,na,na,,
2018-May,2018-05-18,Manley,KH,na,1,16,2,16_18,L,0,na,na,,
2018-May,2018-05-18,Manley,KH,na,1,18,2,18_20,L,0,na,na,,
2018-May,2018-05-18,Manley,KH,na,1,0,2,0_2,R,1,na,na,,
2018-May,2018-05-18,Manley,KH,na,1,2,2,2_4,R,0,na,na,,
2018-May,2018-05-18,Manley,KH,na,1,4,2,4_6,R,0,na,na,,
2018-May,2018-05-18,Manley,KH,na,1,6,2,6_8,R,0,na,na,,
2018-May,2018-05-18,Manley,KH,na,1,8,2,8_10,R,0,na,na,,
2018-May,2018-05-18,Manley,KH,na,1,10,2,10_12,R,4,na,na,,
2018-May,2018-05-18,Manley,KH,na,1,12,2,12_14,R,3,na,na,,
2018-May,2018-05-18,Manley,KH,na,1,14,2,14_16,R,0,na,na,,
2018-May,2018-05-18,Manley,KH,na,1,16,2,16_18,R,0,na,na,,
2018-May,2018-05-18,Manley,KH,na,1,18,2,18_20,R,0,na,na,,
2018-May,2018-05-18,Manley,KH,na,2,0,2,0_2,L,0,na,na,,
2018-May,2018-05-18,Manley,KH,na,2,2,2,2_4,L,0,na,na,,
2018-May,2018-05-18,Manley,KH,na,2,4,2,4_6,L,0,na,na,,
2018-May,2018-05-18,Manley,KH,na,2,6,2,6_8,L,0,na,na,,
2018-May,2018-05-18,Manley,KH,na,2,8,2,8_10,L,0,na,na,,
2018-May,2018-05-18,Manley,KH,na,2,10,2,10_12,L,0,na,na,,
2018-May,2018-05-18,Manley,KH,na,2,12,2,12_14,L,0,na,na,,
2018-May,2018-05-18,Manley,KH,na,2,14,2,14_16,L,0,na,na,,
2018-May,2018-05-18,Manley,KH,na,2,16,2,16_18,L,0,na,na,,
2018-May,2018-05-18,Manley,KH,na,2,18,2,18_20,L,0,na,na,,
2018-May,2018-05-18,Manley,KH,na,2,0,2,0_2,R,0,na,na,,
2018-May,2018-05-18,Manley,KH,na,2,2,2,2_4,R,0,na,na,,
2018-May,2018-05-18,Manley,KH,na,2,4,2,4_6,R,0,na,na,,
2018-May,2018-05-18,Manley,KH,na,2,6,2,6_8,R,0,na,na,,
2018-May,2018-05-18,Manley,KH,na,2,8,2,8_10,R,1,na,na,,
2018-May,2018-05-18,Manley,KH,na,2,10,2,10_12,R,1,na,na,,
2018-May,2018-05-18,Manley,KH,na,2,12,2,12_14,R,0,na,na,,
2018-May,2018-05-18,Manley,KH,na,2,14,2,14_16,R,0,na,na,,
2018-May,2018-05-18,Manley,KH,na,2,16,2,16_18,R,1,na,na,,
2018-May,2018-05-18,Manley,KH,na,2,18,2,18_20,R,0,na,na,,
2018-May,2018-05-18,Manley,TP,na,3,0,2,0_2,L,0,na,na,,
2018-May,2018-05-18,Manley,TP,na,3,2,2,2_4,L,0,na,na,,
2018-May,2018-05-18,Manley,TP,na,3,4,2,4_6,L,0,na,na,,
2018-May,2018-05-18,Manley,TP,na,3,6,2,6_8,L,0,na,na,,
2018-May,2018-05-18,Manley,TP,na,3,8,2,8_10,L,0,na,na,,
2018-May,2018-05-18,Manley,TP,na,3,10,2,10_12,L,0,na,na,,
2018-May,2018-05-18,Manley,TP,na,3,12,2,12_14,L,0,na,na,,
2018-May,2018-05-18,Manley,TP,na,3,14,2,14_16,L,0,na,na,,
2018-May,2018-05-18,Manley,TP,na,3,16,2,16_18,L,0,na,na,,
2018-May,2018-05-18,Manley,TP,na,3,18,2,18_20,L,0,na,na,,
2018-May,2018-05-18,Manley,TP,na,3,0,2,0_2,R,0,na,na,,
2018-May,2018-05-18,Manley,TP,na,3,2,2,2_4,R,0,na,na,,
2018-May,2018-05-18,Manley,TP,na,3,4,2,4_6,R,0,na,na,,
2018-May,2018-05-18,Manley,TP,na,3,6,2,6_8,R,0,na,na,,
2018-May,2018-05-18,Manley,TP,na,3,8,2,8_10,R,1,na,na,,
2018-May,2018-05-18,Manley,TP,na,3,10,2,10_12,R,0,na,na,,
2018-May,2018-05-18,Manley,TP,na,3,12,2,12_14,R,0,na,na,,
2018-May,2018-05-18,Manley,TP,na,3,14,2,14_16,R,0,na,na,,
2018-May,2018-05-18,Manley,TP,na,3,16,2,16_18,R,0,na,na,,
2018-May,2018-05-18,Manley,TP,na,3,18,2,18_20,R,0,na,na,,
2018-May,2018-05-22,Second,KH,na,1,0,2,0_2,L,0,na,na,,
2018-May,2018-05-22,Second,KH,na,1,2,2,2_4,L,0,na,na,,
2018-May,2018-05-22,Second,KH,na,1,4,2,4_6,L,0,na,na,,
2018-May,2018-05-22,Second,KH,na,1,6,2,6_8,L,0,na,na,,
2018-May,2018-05-22,Second,KH,na,1,8,2,8_10,L,1,na,na,,
2018-May,2018-05-22,Second,KH,na,1,10,2,10_12,L,1,na,na,,
2018-May,2018-05-22,Second,KH,na,1,12,2,12_14,L,4,na,na,,
2018-May,2018-05-22,Second,KH,na,1,14,2,14_16,L,0,na,na,,
2018-May,2018-05-22,Second,KH,na,1,16,2,16_18,L,1,na,na,,
2018-May,2018-05-22,Second,KH,na,1,18,2,18_20,L,1,na,na,,
2018-May,2018-05-22,Second,KH,na,1,0,2,0_2,R,0,na,na,,
2018-May,2018-05-22,Second,KH,na,1,2,2,2_4,R,0,na,na,,
2018-May,2018-05-22,Second,KH,na,1,4,2,4_6,R,0,na,na,,
2018-May,2018-05-22,Second,KH,na,1,6,2,6_8,R,1,na,na,,
2018-May,2018-05-22,Second,KH,na,1,8,2,8_10,R,0,na,na,,
2018-May,2018-05-22,Second,KH,na,1,10,2,10_12,R,0,na,na,,
2018-May,2018-05-22,Second,KH,na,1,12,2,12_14,R,0,na,na,,
2018-May,2018-05-22,Second,KH,na,1,14,2,14_16,R,0,na,na,,
2018-May,2018-05-22,Second,KH,na,1,16,2,16_18,R,1,na,na,,
2018-May,2018-05-22,Second,KH,na,1,18,2,18_20,R,0,na,na,,
2018-May,2018-05-22,Second,KH,na,2,0,2,0_2,L,0,na,na,,
2018-May,2018-05-22,Second,KH,na,2,2,2,2_4,L,0,na,na,,
2018-May,2018-05-22,Second,KH,na,2,4,2,4_6,L,0,na,na,,
2018-May,2018-05-22,Second,KH,na,2,6,2,6_8,L,0,na,na,,
2018-May,2018-05-22,Second,KH,na,2,8,2,8_10,L,0,na,na,,
2018-May,2018-05-22,Second,KH,na,2,10,2,10_12,L,0,na,na,,
2018-May,2018-05-22,Second,KH,na,2,12,2,12_14,L,0,na,na,,
2018-May,2018-05-22,Second,KH,na,2,14,2,14_16,L,0,na,na,,
2018-May,2018-05-22,Second,KH,na,2,16,2,16_18,L,0,na,na,,
2018-May,2018-05-22,Second,KH,na,2,18,2,18_20,L,0,na,na,,
2018-May,2018-05-22,Second,KH,na,2,0,2,0_2,R,0,na,na,,
2018-May,2018-05-22,Second,KH,na,2,2,2,2_4,R,2,na,na,,
2018-May,2018-05-22,Second,KH,na,2,4,2,4_6,R,0,na,na,,
2018-May,2018-05-22,Second,KH,na,2,6,2,6_8,R,0,na,na,,
2018-May,2018-05-22,Second,KH,na,2,8,2,8_10,R,0,na,na,,
2018-May,2018-05-22,Second,KH,na,2,10,2,10_12,R,0,na,na,,
2018-May,2018-05-22,Second,KH,na,2,12,2,12_14,R,0,na,na,,
2018-May,2018-05-22,Second,KH,na,2,14,2,14_16,R,0,na,na,,
2018-May,2018-05-22,Second,KH,na,2,16,2,16_18,R,0,na,na,,
2018-May,2018-05-22,Second,KH,na,2,18,2,18_20,R,0,na,na,,
2018-May,2018-05-22,Second,TP,na,3,0,2,0_2,L,0,na,na,,
2018-May,2018-05-22,Second,TP,na,3,2,2,2_4,L,0,na,na,,
2018-May,2018-05-22,Second,TP,na,3,4,2,4_6,L,0,na,na,,
2018-May,2018-05-22,Second,TP,na,3,6,2,6_8,L,0,na,na,,
2018-May,2018-05-22,Second,TP,na,3,8,2,8_10,L,0,na,na,,
2018-May,2018-05-22,Second,TP,na,3,10,2,10_12,L,0,na,na,,
2018-May,2018-05-22,Second,TP,na,3,12,2,12_14,L,0,na,na,,
2018-May,2018-05-22,Second,TP,na,3,14,2,14_16,L,0,na,na,,
2018-May,2018-05-22,Second,TP,na,3,16,2,16_18,L,0,na,na,,
2018-May,2018-05-22,Second,TP,na,3,18,2,18_20,L,0,na,na,,
2018-May,2018-05-22,Second,TP,na,3,0,2,0_2,R,0,na,na,,
2018-May,2018-05-22,Second,TP,na,3,2,2,2_4,R,0,na,na,,
2018-May,2018-05-22,Second,TP,na,3,4,2,4_6,R,0,na,na,,
2018-May,2018-05-22,Second,TP,na,3,6,2,6_8,R,0,na,na,,
2018-May,2018-05-22,Second,TP,na,3,8,2,8_10,R,0,na,na,,
2018-May,2018-05-22,Second,TP,na,3,10,2,10_12,R,0,na,na,,
2018-May,2018-05-22,Second,TP,na,3,12,2,12_14,R,0,na,na,,
2018-May,2018-05-22,Second,TP,na,3,14,2,14_16,R,0,na,na,,
2018-May,2018-05-22,Second,TP,na,3,16,2,16_18,R,0,na,na,,
2018-May,2018-05-22,Second,TP,na,3,18,2,18_20,R,0,na,na,,
2018-May,2018-05-23,North,KH,na,2,0,2,0_2,L,0,na,na,,
2018-May,2018-05-23,North,KH,na,2,2,2,2_4,L,2,na,na,,
2018-May,2018-05-23,North,KH,na,2,4,2,4_6,L,0,na,na,,
2018-May,2018-05-23,North,KH,na,2,6,2,6_8,L,0,na,na,,
2018-May,2018-05-23,North,KH,na,2,8,2,8_10,L,0,na,na,,
2018-May,2018-05-23,North,KH,na,2,10,2,10_12,L,0,na,na,,
2018-May,2018-05-23,North,KH,na,2,12,2,12_14,L,0,na,na,,
2018-May,2018-05-23,North,KH,na,2,14,2,14_16,L,0,na,na,,
2018-May,2018-05-23,North,KH,na,2,16,2,16_18,L,0,na,na,,
2018-May,2018-05-23,North,KH,na,2,18,2,18_20,L,0,na,na,,
2018-May,2018-05-23,North,KH,na,2,0,2,0_2,R,0,na,na,,
2018-May,2018-05-23,North,KH,na,2,2,2,2_4,R,0,na,na,,
2018-May,2018-05-23,North,KH,na,2,4,2,4_6,R,0,na,na,,
2018-May,2018-05-23,North,KH,na,2,6,2,6_8,R,0,na,na,,
2018-May,2018-05-23,North,KH,na,2,8,2,8_10,R,0,na,na,,
2018-May,2018-05-23,North,KH,na,2,10,2,10_12,R,0,na,na,,
2018-May,2018-05-23,North,KH,na,2,12,2,12_14,R,1,na,na,,
2018-May,2018-05-23,North,KH,na,2,14,2,14_16,R,1,na,na,,
2018-May,2018-05-23,North,KH,na,2,16,2,16_18,R,0,na,na,,
2018-May,2018-05-23,North,KH,na,2,18,2,18_20,R,1,na,na,,
2018-May,2018-05-23,North,KH,na,1,0,2,0_2,L,0,na,na,,
2018-May,2018-05-23,North,KH,na,1,2,2,2_4,L,3,na,na,,
2018-May,2018-05-23,North,KH,na,1,4,2,4_6,L,0,na,na,,
2018-May,2018-05-23,North,KH,na,1,6,2,6_8,L,0,na,na,,
2018-May,2018-05-23,North,KH,na,1,8,2,8_10,L,0,na,na,,
2018-May,2018-05-23,North,KH,na,1,10,2,10_12,L,0,na,na,,
2018-May,2018-05-23,North,KH,na,1,12,2,12_14,L,0,na,na,,
2018-May,2018-05-23,North,KH,na,1,14,2,14_16,L,0,na,na,,
2018-May,2018-05-23,North,KH,na,1,16,2,16_18,L,0,na,na,,
2018-May,2018-05-23,North,KH,na,1,18,2,18_20,L,0,na,na,,
2018-May,2018-05-23,North,KH,na,1,0,2,0_2,R,0,na,na,,
2018-May,2018-05-23,North,KH,na,1,2,2,2_4,R,0,na,na,,
2018-May,2018-05-23,North,KH,na,1,4,2,4_6,R,0,na,na,,
2018-May,2018-05-23,North,KH,na,1,6,2,6_8,R,0,na,na,,
2018-May,2018-05-23,North,KH,na,1,8,2,8_10,R,0,na,na,,
2018-May,2018-05-23,North,KH,na,1,10,2,10_12,R,0,na,na,,
2018-May,2018-05-23,North,KH,na,1,12,2,12_14,R,0,na,na,,
2018-May,2018-05-23,North,KH,na,1,14,2,14_16,R,0,na,na,,
2018-May,2018-05-23,North,KH,na,1,16,2,16_18,R,0,na,na,,
2018-May,2018-05-23,North,KH,na,1,18,2,18_20,R,0,na,na,,
2018-May,2018-05-23,North,KH,na,3,0,2,0_2,L,1,na,na,,
2018-May,2018-05-23,North,KH,na,3,2,2,2_4,L,1,na,na,,
2018-May,2018-05-23,North,KH,na,3,4,2,4_6,L,1,na,na,,
2018-May,2018-05-23,North,KH,na,3,6,2,6_8,L,0,na,na,,
2018-May,2018-05-23,North,KH,na,3,8,2,8_10,L,0,na,na,,
2018-May,2018-05-23,North,KH,na,3,10,2,10_12,L,0,na,na,,
2018-May,2018-05-23,North,KH,na,3,12,2,12_14,L,0,na,na,,
2018-May,2018-05-23,North,KH,na,3,14,2,14_16,L,0,na,na,,
2018-May,2018-05-23,North,KH,na,3,16,2,16_18,L,0,na,na,,
2018-May,2018-05-23,North,KH,na,3,18,2,18_20,L,0,na,na,,
2018-May,2018-05-23,North,KH,na,3,0,2,0_2,R,1,na,na,,
2018-May,2018-05-23,North,KH,na,3,2,2,2_4,R,0,na,na,,
2018-May,2018-05-23,North,KH,na,3,4,2,4_6,R,1,na,na,,
2018-May,2018-05-23,North,KH,na,3,6,2,6_8,R,0,na,na,,
2018-May,2018-05-23,North,KH,na,3,8,2,8_10,R,0,na,na,,
2018-May,2018-05-23,North,KH,na,3,10,2,10_12,R,0,na,na,,
2018-May,2018-05-23,North,KH,na,3,12,2,12_14,R,0,na,na,,
2018-May,2018-05-23,North,KH,na,3,14,2,14_16,R,0,na,na,,
2018-May,2018-05-23,North,KH,na,3,16,2,16_18,R,0,na,na,,
2018-May,2018-05-23,North,KH,na,3,18,2,18_20,R,0,na,na,,
2018-Aug,2018-08-26,Second,BMM,na,1,0,2,0_2,R,0,na,na,,
2018-Aug,2018-08-26,Second,BMM,na,1,2,2,2_4,R,0,na,na,,
2018-Aug,2018-08-26,Second,BMM,na,1,4,2,4_6,R,0,na,na,,
2018-Aug,2018-08-26,Second,BMM,na,1,6,2,6_8,R,0,na,na,,
2018-Aug,2018-08-26,Second,BMM,na,1,8,2,8_10,R,0,na,na,,
2018-Aug,2018-08-26,Second,BMM,na,1,10,2,10_12,R,0,na,na,,
2018-Aug,2018-08-26,Second,BMM,na,1,12,2,12_14,R,0,na,na,,
2018-Aug,2018-08-26,Second,BMM,na,1,14,2,14_16,R,0,na,na,,
2018-Aug,2018-08-26,Second,BMM,na,1,16,2,16_18,R,0,na,na,,
2018-Aug,2018-08-26,Second,BMM,na,1,18,2,18_20,R,0,na,na,,
2018-Aug,2018-08-26,Second,BMM,na,2,0,2,0_2,R,0,na,na,,
2018-Aug,2018-08-26,Second,BMM,na,2,2,2,2_4,R,1,na,na,,
2018-Aug,2018-08-26,Second,BMM,na,2,4,2,4_6,R,0,na,na,,
2018-Aug,2018-08-26,Second,BMM,na,2,6,2,6_8,R,0,na,na,,
2018-Aug,2018-08-26,Second,BMM,na,2,8,2,8_10,R,0,na,na,,
2018-Aug,2018-08-26,Second,BMM,na,2,10,2,10_12,R,0,na,na,,
2018-Aug,2018-08-26,Second,BMM,na,2,12,2,12_14,R,0,na,na,,
2018-Aug,2018-08-26,Second,BMM,na,2,14,2,14_16,R,0,na,na,,
2018-Aug,2018-08-26,Second,BMM,na,2,16,2,16_18,R,0,na,na,,
2018-Aug,2018-08-26,Second,BMM,na,2,18,2,18_20,R,0,na,na,,
2018-Aug,2018-08-26,Second,BMM,na,3,0,2,0_2,R,0,na,na,,
2018-Aug,2018-08-26,Second,BMM,na,3,2,2,2_4,R,0,na,na,,
2018-Aug,2018-08-26,Second,BMM,na,3,4,2,4_6,R,0,na,na,,
2018-Aug,2018-08-26,Second,BMM,na,3,6,2,6_8,R,3,na,na,,
2018-Aug,2018-08-26,Second,BMM,na,3,8,2,8_10,R,0,na,na,,
2018-Aug,2018-08-26,Second,BMM,na,3,10,2,10_12,R,0,na,na,,
2018-Aug,2018-08-26,Second,BMM,na,3,12,2,12_14,R,0,na,na,,
2018-Aug,2018-08-26,Second,BMM,na,3,14,2,14_16,R,0,na,na,,
2018-Aug,2018-08-26,Second,BMM,na,3,16,2,16_18,R,0,na,na,,
2018-Aug,2018-08-26,Second,BMM,na,3,18,2,18_20,R,0,na,na,,
2018-Aug,2018-08-26,Second,BMM,na,1,0,2,0_2,L,0,na,na,,
2018-Aug,2018-08-26,Second,BMM,na,1,2,2,2_4,L,0,na,na,,
2018-Aug,2018-08-26,Second,BMM,na,1,4,2,4_6,L,0,na,na,,
2018-Aug,2018-08-26,Second,BMM,na,1,6,2,6_8,L,0,na,na,,
2018-Aug,2018-08-26,Second,BMM,na,1,8,2,8_10,L,0,na,na,,
2018-Aug,2018-08-26,Second,BMM,na,1,10,2,10_12,L,4,na,na,,
2018-Aug,2018-08-26,Second,BMM,na,1,12,2,12_14,L,3,na,na,,
2018-Aug,2018-08-26,Second,BMM,na,1,14,2,14_16,L,1,na,na,,
2018-Aug,2018-08-26,Second,BMM,na,1,16,2,16_18,L,1,na,na,,
2018-Aug,2018-08-26,Second,BMM,na,1,18,2,18_20,L,1,na,na,,
2018-Aug,2018-08-26,Second,BMM,na,2,0,2,0_2,L,0,na,na,,
2018-Aug,2018-08-26,Second,BMM,na,2,2,2,2_4,L,0,na,na,,
2018-Aug,2018-08-26,Second,BMM,na,2,4,2,4_6,L,0,na,na,,
2018-Aug,2018-08-26,Second,BMM,na,2,6,2,6_8,L,0,na,na,,
2018-Aug,2018-08-26,Second,BMM,na,2,8,2,8_10,L,0,na,na,,
2018-Aug,2018-08-26,Second,BMM,na,2,10,2,10_12,L,0,na,na,,
2018-Aug,2018-08-26,Second,BMM,na,2,12,2,12_14,L,0,na,na,,
2018-Aug,2018-08-26,Second,BMM,na,2,14,2,14_16,L,0,na,na,,
2018-Aug,2018-08-26,Second,BMM,na,2,16,2,16_18,L,2,na,na,,
2018-Aug,2018-08-26,Second,BMM,na,2,18,2,18_20,L,1,na,na,,
2018-Aug,2018-08-26,Second,BMM,na,3,0,2,0_2,L,0,na,na,,
2018-Aug,2018-08-26,Second,BMM,na,3,2,2,2_4,L,0,na,na,,
2018-Aug,2018-08-26,Second,BMM,na,3,4,2,4_6,L,0,na,na,,
2018-Aug,2018-08-26,Second,BMM,na,3,6,2,6_8,L,0,na,na,,
2018-Aug,2018-08-26,Second,BMM,na,3,8,2,8_10,L,0,na,na,,
2018-Aug,2018-08-26,Second,BMM,na,3,10,2,10_12,L,0,na,na,,
2018-Aug,2018-08-26,Second,BMM,na,3,12,2,12_14,L,0,na,na,,
2018-Aug,2018-08-26,Second,BMM,na,3,14,2,14_16,L,0,na,na,,
2018-Aug,2018-08-26,Second,BMM,na,3,16,2,16_18,L,0,na,na,,
2018-Aug,2018-08-26,Second,BMM,na,3,18,2,18_20,L,2,na,na,,
2018-Aug,2018-08-26,North,NAP,na,2,0,6,0_2,na,9,na,na,,
2018-Aug,2018-08-26,North,NAP,na,2,2,6,2_4,na,6,na,na,,
2018-Aug,2018-08-26,North,NAP,na,2,4,6,4_6,na,6,na,na,,
2018-Aug,2018-08-26,North,NAP,na,2,6,6,6_8,na,10,na,na,,
2018-Aug,2018-08-26,North,NAP,na,2,8,6,8_10,na,1,na,na,,
2018-Aug,2018-08-26,North,NAP,na,2,10,6,10_12,na,0,na,na,,
2018-Aug,2018-08-26,North,NAP,na,2,12,6,12_14,na,1,na,na,,
2018-Aug,2018-08-26,North,NAP,na,2,14,6,14_16,na,0,na,na,,
2018-Aug,2018-08-26,North,NAP,na,2,16,6,16_18,na,2,na,na,,
2018-Aug,2018-08-26,North,NAP,na,2,18,6,18_20,na,2,na,na,,
2018-Aug,2018-08-26,North,NAP,na,3,0,6,0_2,na,2,na,na,,
2018-Aug,2018-08-26,North,NAP,na,3,2,6,2_4,na,4,na,na,,
2018-Aug,2018-08-26,North,NAP,na,3,4,6,4_6,na,5,na,na,,
2018-Aug,2018-08-26,North,NAP,na,3,6,6,6_8,na,5,na,na,,
2018-Aug,2018-08-26,North,NAP,na,3,8,6,8_10,na,0,na,na,,
2018-Aug,2018-08-26,North,NAP,na,3,10,6,10_12,na,2,na,na,,
2018-Aug,2018-08-26,North,NAP,na,3,12,6,12_14,na,4,na,na,,
2018-Aug,2018-08-26,North,NAP,na,3,14,6,14_16,na,4,na,na,,
2018-Aug,2018-08-26,North,NAP,na,3,16,6,16_18,na,4,na,na,,
2018-Aug,2018-08-26,North,NAP,na,3,18,6,18_20,na,7,na,na,,
2018-Aug,2018-08-26,Second,BMM,na,2,0,6,0_2,na,1,na,na,,
2018-Aug,2018-08-26,Second,BMM,na,2,2,6,2_4,na,0,na,na,,
2018-Aug,2018-08-26,Second,BMM,na,2,4,6,4_6,na,1,na,na,,
2018-Aug,2018-08-26,Second,BMM,na,2,6,6,6_8,na,1,na,na,,
2018-Aug,2018-08-26,Second,BMM,na,2,8,6,8_10,na,0,na,na,,
2018-Aug,2018-08-26,Second,BMM,na,2,10,6,10_12,na,0,na,na,,
2018-Aug,2018-08-26,Second,BMM,na,2,12,6,12_14,na,0,na,na,,
2018-Aug,2018-08-26,Second,BMM,na,2,14,6,14_16,na,1,na,na,,
2018-Aug,2018-08-26,Second,BMM,na,2,16,6,16_18,na,2,na,na,,
2018-Aug,2018-08-26,Second,BMM,na,2,18,6,18_20,na,10,na,na,,
2018-Aug,2018-08-26,Second,BMM,na,3,0,6,0_2,na,2,na,na,,
2018-Aug,2018-08-26,Second,BMM,na,3,2,6,2_4,na,1,na,na,,
2018-Aug,2018-08-26,Second,BMM,na,3,4,6,4_6,na,0,na,na,,
2018-Aug,2018-08-26,Second,BMM,na,3,6,6,6_8,na,4,na,na,,
2018-Aug,2018-08-26,Second,BMM,na,3,8,6,8_10,na,2,na,na,,
2018-Aug,2018-08-26,Second,BMM,na,3,10,6,10_12,na,0,na,na,,
2018-Aug,2018-08-26,Second,BMM,na,3,12,6,12_14,na,1,na,na,,
2018-Aug,2018-08-26,Second,BMM,na,3,14,6,14_16,na,0,na,na,,
2018-Aug,2018-08-26,Second,BMM,na,3,16,6,16_18,na,0,na,na,,
2018-Aug,2018-08-26,Second,BMM,na,3,18,6,18_20,na,0,na,na,,
2018-Aug,2018-08-26,Manley,OP,na,1,0,4,0_2,L/R,2,na,na,,
2018-Aug,2018-08-26,Manley,OP,na,1,2,4,2_4,L/R,0,na,na,,
2018-Aug,2018-08-26,Manley,OP,na,1,4,4,4_6,L/R,2,na,na,,
2018-Aug,2018-08-26,Manley,OP,na,1,6,4,6_8,L/R,0,na,na,,
2018-Aug,2018-08-26,Manley,OP,na,1,8,4,8_10,L/R,0,na,na,,
2018-Aug,2018-08-26,Manley,OP,na,1,10,4,10_12,L/R,4,na,na,,
2018-Aug,2018-08-26,Manley,OP,na,1,12,4,12_14,L/R,0,na,na,,
2018-Aug,2018-08-26,Manley,OP,na,1,14,4,14_16,L/R,0,na,na,,
2018-Aug,2018-08-26,Manley,OP,na,1,16,4,16_18,L/R,0,na,na,,
2018-Aug,2018-08-26,Manley,OP,na,1,18,4,18_20,L/R,0,na,na,,
2018-Aug,2018-08-26,Manley,OP,na,2,0,4,0_2,L/R,0,na,na,,
2018-Aug,2018-08-26,Manley,OP,na,2,2,4,2_4,L/R,0,na,na,,
2018-Aug,2018-08-26,Manley,OP,na,2,4,4,4_6,L/R,0,na,na,,
2018-Aug,2018-08-26,Manley,OP,na,2,6,4,6_8,L/R,1,na,na,,
2018-Aug,2018-08-26,Manley,OP,na,2,8,4,8_10,L/R,0,na,na,,
2018-Aug,2018-08-26,Manley,OP,na,2,10,4,10_12,L/R,1,na,na,,
2018-Aug,2018-08-26,Manley,OP,na,2,12,4,12_14,L/R,0,na,na,,
2018-Aug,2018-08-26,Manley,OP,na,2,14,4,14_16,L/R,0,na,na,,
2018-Aug,2018-08-26,Manley,OP,na,2,16,4,16_18,L/R,0,na,na,,
2018-Aug,2018-08-26,Manley,OP,na,2,18,4,18_20,L/R,0,na,na,,
2018-Aug,2018-08-26,Manley,OP,na,3,0,4,0_2,L/R,0,na,na,,
2018-Aug,2018-08-26,Manley,OP,na,3,2,4,2_4,L/R,0,na,na,,
2018-Aug,2018-08-26,Manley,OP,na,3,4,4,4_6,L/R,0,na,na,,
2018-Aug,2018-08-26,Manley,OP,na,3,6,4,6_8,L/R,0,na,na,,
2018-Aug,2018-08-26,Manley,OP,na,3,8,4,8_10,L/R,1,na,na,,
2018-Aug,2018-08-26,Manley,OP,na,3,10,4,10_12,L/R,0,na,na,,
2018-Aug,2018-08-26,Manley,OP,na,3,12,4,12_14,L/R,0,na,na,,
2018-Aug,2018-08-26,Manley,OP,na,3,14,4,14_16,L/R,0,na,na,,
2018-Aug,2018-08-26,Manley,OP,na,3,16,4,16_18,L/R,0,na,na,,
2018-Aug,2018-08-26,Manley,OP,na,3,18,4,18_20,L/R,0,na,na,,
2018-Aug,2018-08-26,North,NAP,na,1,0,2,0_2,L,0,na,na,,
2018-Aug,2018-08-26,North,NAP,na,1,2,2,2_4,L,2,na,na,,
2018-Aug,2018-08-26,North,NAP,na,1,4,2,4_6,L,0,na,na,,
2018-Aug,2018-08-26,North,NAP,na,1,6,2,6_8,L,6,na,na,,
2018-Aug,2018-08-26,North,NAP,na,1,8,2,8_10,L,0,na,na,,
2018-Aug,2018-08-26,North,NAP,na,1,10,2,10_12,L,0,na,na,,
2018-Aug,2018-08-26,North,NAP,na,1,12,2,12_14,L,0,na,na,,
2018-Aug,2018-08-26,North,NAP,na,1,14,2,14_16,L,0,na,na,,
2018-Aug,2018-08-26,North,NAP,na,1,16,2,16_18,L,0,na,na,,
2018-Aug,2018-08-26,North,NAP,na,1,18,2,18_20,L,0,na,na,,
2018-Aug,2018-08-26,North,NAP,na,2,0,2,0_2,L,0,na,na,,
2018-Aug,2018-08-26,North,NAP,na,2,2,2,2_4,L,0,na,na,,
2018-Aug,2018-08-26,North,NAP,na,2,4,2,4_6,L,2,na,na,,
2018-Aug,2018-08-26,North,NAP,na,2,6,2,6_8,L,0,na,na,,
2018-Aug,2018-08-26,North,NAP,na,2,8,2,8_10,L,0,na,na,,
2018-Aug,2018-08-26,North,NAP,na,2,10,2,10_12,L,0,na,na,,
2018-Aug,2018-08-26,North,NAP,na,2,12,2,12_14,L,1,na,na,,
2018-Aug,2018-08-26,North,NAP,na,2,14,2,14_16,L,0,na,na,,
2018-Aug,2018-08-26,North,NAP,na,2,16,2,16_18,L,0,na,na,,
2018-Aug,2018-08-26,North,NAP,na,2,18,2,18_20,L,0,na,na,,
2018-Aug,2018-08-26,North,NAP,na,3,0,2,0_2,L,0,na,na,,
2018-Aug,2018-08-26,North,NAP,na,3,2,2,2_4,L,1,na,na,,
2018-Aug,2018-08-26,North,NAP,na,3,4,2,4_6,L,2,na,na,,
2018-Aug,2018-08-26,North,NAP,na,3,6,2,6_8,L,1,na,na,,
2018-Aug,2018-08-26,North,NAP,na,3,8,2,8_10,L,0,na,na,,
2018-Aug,2018-08-26,North,NAP,na,3,10,2,10_12,L,2,na,na,,
2018-Aug,2018-08-26,North,NAP,na,3,12,2,12_14,L,2,na,na,,
2018-Aug,2018-08-26,North,NAP,na,3,14,2,14_16,L,2,na,na,,
2018-Aug,2018-08-26,North,NAP,na,3,16,2,16_18,L,1,na,na,,
2018-Aug,2018-08-26,North,NAP,na,3,18,2,18_20,L,1,na,na,,
2018-Aug,2018-08-26,North,NAP,na,1,0,2,0_2,R,0,na,na,,
2018-Aug,2018-08-26,North,NAP,na,1,2,2,2_4,R,0,na,na,,
2018-Aug,2018-08-26,North,NAP,na,1,4,2,4_6,R,0,na,na,,
2018-Aug,2018-08-26,North,NAP,na,1,6,2,6_8,R,0,na,na,,
2018-Aug,2018-08-26,North,NAP,na,1,8,2,8_10,R,1,na,na,,
2018-Aug,2018-08-26,North,NAP,na,1,10,2,10_12,R,0,na,na,,
2018-Aug,2018-08-26,North,NAP,na,1,12,2,12_14,R,0,na,na,,
2018-Aug,2018-08-26,North,NAP,na,1,14,2,14_16,R,0,na,na,,
2018-Aug,2018-08-26,North,NAP,na,1,16,2,16_18,R,0,na,na,,
2018-Aug,2018-08-26,North,NAP,na,1,18,2,18_20,R,0,na,na,,
2018-Aug,2018-08-26,North,NAP,na,2,0,2,0_2,R,0,na,na,,
2018-Aug,2018-08-26,North,NAP,na,2,2,2,2_4,R,3,na,na,,
2018-Aug,2018-08-26,North,NAP,na,2,4,2,4_6,R,1,na,na,,
2018-Aug,2018-08-26,North,NAP,na,2,6,2,6_8,R,3,na,na,,
2018-Aug,2018-08-26,North,NAP,na,2,8,2,8_10,R,0,na,na,,
2018-Aug,2018-08-26,North,NAP,na,2,10,2,10_12,R,0,na,na,,
2018-Aug,2018-08-26,North,NAP,na,2,12,2,12_14,R,1,na,na,,
2018-Aug,2018-08-26,North,NAP,na,2,14,2,14_16,R,0,na,na,,
2018-Aug,2018-08-26,North,NAP,na,2,16,2,16_18,R,2,na,na,,
2018-Aug,2018-08-26,North,NAP,na,2,18,2,18_20,R,2,na,na,,
2018-Aug,2018-08-26,North,NAP,na,3,0,2,0_2,R,0,na,na,,
2018-Aug,2018-08-26,North,NAP,na,3,2,2,2_4,R,1,na,na,,
2018-Aug,2018-08-26,North,NAP,na,3,4,2,4_6,R,2,na,na,,
2018-Aug,2018-08-26,North,NAP,na,3,6,2,6_8,R,1,na,na,,
2018-Aug,2018-08-26,North,NAP,na,3,8,2,8_10,R,0,na,na,,
2018-Aug,2018-08-26,North,NAP,na,3,10,2,10_12,R,2,na,na,,
2018-Aug,2018-08-26,North,NAP,na,3,12,2,12_14,R,2,na,na,,
2018-Aug,2018-08-26,North,NAP,na,3,14,2,14_16,R,2,na,na,,
2018-Aug,2018-08-26,North,NAP,na,3,16,2,16_18,R,1,na,na,,
2018-Aug,2018-08-26,North,NAP,na,3,18,2,18_20,R,1,na,na,,
2018-Jul,2018-07-19,North,HS,na,1,0,4,0_2,L/R,0,na,na,,
2018-Jul,2018-07-19,North,HS,na,1,2,4,2_4,L/R,0,na,na,,
2018-Jul,2018-07-19,North,HS,na,1,4,4,4_6,L/R,0,na,na,,
2018-Jul,2018-07-19,North,HS,na,1,6,4,6_8,L/R,0,na,na,,
2018-Jul,2018-07-19,North,HS,na,1,8,4,8_10,L/R,0,na,na,,
2018-Jul,2018-07-19,North,HS,na,1,10,4,10_12,L/R,1,na,na,,
2018-Jul,2018-07-19,North,HS,na,1,12,4,12_14,L/R,5,na,na,,
2018-Jul,2018-07-19,North,HS,na,1,14,4,14_16,L/R,0,na,na,,
2018-Jul,2018-07-19,North,HS,na,1,16,4,16_18,L/R,3,na,na,,
2018-Jul,2018-07-19,North,HS,na,1,18,4,18_20,L/R,0,na,na,,
2018-Jul,2018-07-19,North,NAP,na,3,0,4,0_2,L/R,3,na,na,,
2018-Jul,2018-07-19,North,NAP,na,3,2,4,2_4,L/R,0,na,na,,
2018-Jul,2018-07-19,North,NAP,na,3,4,4,4_6,L/R,4,na,na,,
2018-Jul,2018-07-19,North,NAP,na,3,6,4,6_8,L/R,4,na,na,,
2018-Jul,2018-07-19,North,NAP,na,3,8,4,8_10,L/R,0,na,na,,
2018-Jul,2018-07-19,North,NAP,na,3,10,4,10_12,L/R,1,na,na,,
2018-Jul,2018-07-19,North,NAP,na,3,12,4,12_14,L/R,4,na,na,,
2018-Jul,2018-07-19,North,NAP,na,3,14,4,14_16,L/R,0,na,na,,
2018-Jul,2018-07-19,North,NAP,na,3,16,4,16_18,L/R,2,na,na,,
2018-Jul,2018-07-19,North,NAP,na,3,18,4,18_20,L/R,2,na,na,,
2018-Jul,2018-07-19,North,DVM,na,2,0,4,0_2,L/R,0,na,na,,
2018-Jul,2018-07-19,North,DVM,na,2,2,4,2_4,L/R,4,na,na,,
2018-Jul,2018-07-19,North,DVM,na,2,4,4,4_6,L/R,2,na,na,,
2018-Jul,2018-07-19,North,DVM,na,2,6,4,6_8,L/R,5,na,na,,
2018-Jul,2018-07-19,North,DVM,na,2,8,4,8_10,L/R,0,na,na,,
2018-Jul,2018-07-19,North,DVM,na,2,10,4,10_12,L/R,0,na,na,,
2018-Jul,2018-07-19,North,DVM,na,2,12,4,12_14,L/R,1,na,na,,
2018-Jul,2018-07-19,North,DVM,na,2,14,4,14_16,L/R,0,na,na,,
2018-Jul,2018-07-19,North,DVM,na,2,16,4,16_18,L/R,2,na,na,,
2018-Jul,2018-07-19,North,DVM,na,2,18,4,18_20,L/R,0,na,na,,
2018-Jul,2018-07-19,Second,NAP,na,3,0,4,0_2,L/R,2,na,na,,
2018-Jul,2018-07-19,Second,NAP,na,3,2,4,2_4,L/R,0,na,na,,
2018-Jul,2018-07-19,Second,NAP,na,3,4,4,4_6,L/R,0,na,na,,
2018-Jul,2018-07-19,Second,NAP,na,3,6,4,6_8,L/R,0,na,na,,
2018-Jul,2018-07-19,Second,NAP,na,3,8,4,8_10,L/R,3,na,na,,
2018-Jul,2018-07-19,Second,NAP,na,3,10,4,10_12,L/R,1,na,na,,
2018-Jul,2018-07-19,Second,NAP,na,3,12,4,12_14,L/R,0,na,na,,
2018-Jul,2018-07-19,Second,NAP,na,3,14,4,14_16,L/R,0,na,na,,
2018-Jul,2018-07-19,Second,NAP,na,3,16,4,16_18,L/R,4,na,na,,
2018-Jul,2018-07-19,Second,NAP,na,3,18,4,18_20,L/R,3,na,na,,
2018-Jul,2018-07-19,Second,HS,na,1,0,4,0_2,L/R,0,na,na,,
2018-Jul,2018-07-19,Second,HS,na,1,2,4,2_4,L/R,0,na,na,,
2018-Jul,2018-07-19,Second,HS,na,1,4,4,4_6,L/R,0,na,na,,
2018-Jul,2018-07-19,Second,HS,na,1,6,4,6_8,L/R,0,na,na,,
2018-Jul,2018-07-19,Second,HS,na,1,8,4,8_10,L/R,0,na,na,,
2018-Jul,2018-07-19,Second,HS,na,1,10,4,10_12,L/R,1,na,na,,
2018-Jul,2018-07-19,Second,HS,na,1,12,4,12_14,L/R,5,na,na,,
2018-Jul,2018-07-19,Second,HS,na,1,14,4,14_16,L/R,0,na,na,,
2018-Jul,2018-07-19,Second,HS,na,1,16,4,16_18,L/R,0,na,na,,
2018-Jul,2018-07-19,Second,HS,na,1,18,4,18_20,L/R,0,na,na,,
2018-Jul,2018-07-19,Second,DVM,na,2,0,4,0_2,L/R,2,na,na,,
2018-Jul,2018-07-19,Second,DVM,na,2,2,4,2_4,L/R,1,na,na,,
2018-Jul,2018-07-19,Second,DVM,na,2,4,4,4_6,L/R,5,na,na,,
2018-Jul,2018-07-19,Second,DVM,na,2,6,4,6_8,L/R,0,na,na,,
2018-Jul,2018-07-19,Second,DVM,na,2,8,4,8_10,L/R,0,na,na,,
2018-Jul,2018-07-19,Second,DVM,na,2,10,4,10_12,L/R,0,na,na,,
2018-Jul,2018-07-19,Second,DVM,na,2,12,4,12_14,L/R,3,na,na,,
2018-Jul,2018-07-19,Second,DVM,na,2,14,4,14_16,L/R,7,na,na,,
2018-Jul,2018-07-19,Second,DVM,na,2,16,4,16_18,L/R,0,na,na,,
2018-Jul,2018-07-19,Second,DVM,na,2,18,4,18_20,L/R,0,na,na,,
2018-Jul,2018-07-19,Manley,HS,na,3,0,4,0_2,L/R,0,na,na,,
2018-Jul,2018-07-19,Manley,HS,na,3,2,4,2_4,L/R,0,na,na,,
2018-Jul,2018-07-19,Manley,HS,na,3,4,4,4_6,L/R,0,na,na,,
2018-Jul,2018-07-19,Manley,HS,na,3,6,4,6_8,L/R,0,na,na,,
2018-Jul,2018-07-19,Manley,HS,na,3,8,4,8_10,L/R,1,na,na,,
2018-Jul,2018-07-19,Manley,HS,na,3,10,4,10_12,L/R,2,na,na,,
2018-Jul,2018-07-19,Manley,HS,na,3,12,4,12_14,L/R,0,na,na,,
2018-Jul,2018-07-19,Manley,HS,na,3,14,4,14_16,L/R,0,na,na,,
2018-Jul,2018-07-19,Manley,HS,na,3,16,4,16_18,L/R,0,na,na,,
2018-Jul,2018-07-19,Manley,HS,na,3,18,4,18_20,L/R,0,na,na,,
2018-Jul,2018-07-19,Manley,KH,na,1,0,4,0_2,L/R,4,na,na,,
2018-Jul,2018-07-19,Manley,KH,na,1,2,4,2_4,L/R,2,na,na,,
2018-Jul,2018-07-19,Manley,KH,na,1,4,4,4_6,L/R,0,na,na,,
2018-Jul,2018-07-19,Manley,KH,na,1,6,4,6_8,L/R,0,na,na,,
2018-Jul,2018-07-19,Manley,KH,na,1,8,4,8_10,L/R,1,na,na,,
2018-Jul,2018-07-19,Manley,KH,na,1,10,4,10_12,L/R,3,na,na,,
2018-Jul,2018-07-19,Manley,KH,na,1,12,4,12_14,L/R,2,na,na,,
2018-Jul,2018-07-19,Manley,KH,na,1,14,4,14_16,L/R,0,na,na,,
2018-Jul,2018-07-19,Manley,KH,na,1,16,4,16_18,L/R,0,na,na,,
2018-Jul,2018-07-19,Manley,KH,na,1,18,4,18_20,L/R,0,na,na,,
2018-Jul,2018-07-19,Manley,DVM,na,2,0,4,0_2,L/R,0,na,na,,
2018-Jul,2018-07-19,Manley,DVM,na,2,2,4,2_4,L/R,0,na,na,,
2018-Jul,2018-07-19,Manley,DVM,na,2,4,4,4_6,L/R,0,na,na,,
2018-Jul,2018-07-19,Manley,DVM,na,2,6,4,6_8,L/R,1,na,na,,
2018-Jul,2018-07-19,Manley,DVM,na,2,8,4,8_10,L/R,1,na,na,,
2018-Jul,2018-07-19,Manley,DVM,na,2,10,4,10_12,L/R,2,na,na,,
2018-Jul,2018-07-19,Manley,DVM,na,2,12,4,12_14,L/R,1,na,na,,
2018-Jul,2018-07-19,Manley,DVM,na,2,14,4,14_16,L/R,0,na,na,,
2018-Jul,2018-07-19,Manley,DVM,na,2,16,4,16_18,L/R,1,na,na,,
2018-Jul,2018-07-19,Manley,DVM,na,2,18,4,18_20,L/R,0,na,na,,
2018-Jul,2018-07-19,North,NAP,na,2,0,6,0_2,na,7,na,na,,
2018-Jul,2018-07-19,North,NAP,na,2,2,6,2_4,na,10,na,na,,
2018-Jul,2018-07-19,North,NAP,na,2,4,6,4_6,na,8,na,na,,
2018-Jul,2018-07-19,North,NAP,na,2,6,6,6_8,na,3,na,na,,
2018-Jul,2018-07-19,North,NAP,na,2,8,6,8_10,na,0,na,na,,
2018-Jul,2018-07-19,North,NAP,na,2,10,6,10_12,na,0,na,na,,
2018-Jul,2018-07-19,North,NAP,na,2,12,6,12_14,na,0,na,na,,
2018-Jul,2018-07-19,North,NAP,na,2,14,6,14_16,na,0,na,na,,
2018-Jul,2018-07-19,North,NAP,na,2,16,6,16_18,na,0,na,na,,
2018-Jul,2018-07-19,North,NAP,na,2,18,6,18_20,na,0,na,na,,
2018-Jul,2018-07-19,Second,NAP,na,2,0,6,0_2,na,1,na,na,,
2018-Jul,2018-07-19,Second,NAP,na,2,2,6,2_4,na,0,na,na,,
2018-Jul,2018-07-19,Second,NAP,na,2,4,6,4_6,na,1,na,na,,
2018-Jul,2018-07-19,Second,NAP,na,2,6,6,6_8,na,0,na,na,,
2018-Jul,2018-07-19,Second,NAP,na,2,8,6,8_10,na,2,na,na,,
2018-Jul,2018-07-19,Second,NAP,na,2,10,6,10_12,na,0,na,na,,
2018-Jul,2018-07-19,Second,NAP,na,2,12,6,12_14,na,0,na,na,,
2018-Jul,2018-07-19,Second,NAP,na,2,14,6,14_16,na,1,na,na,,
2018-Jul,2018-07-19,Second,NAP,na,2,16,6,16_18,na,0,na,na,,
2018-Jul,2018-07-19,Second,NAP,na,2,18,6,18_20,na,4,na,na,,
2018-Jul,2018-07-19,Manley,NAP,na,2,0,6,0_2,na,0,na,na,,
2018-Jul,2018-07-19,Manley,NAP,na,2,2,6,2_4,na,0,na,na,,
2018-Jul,2018-07-19,Manley,NAP,na,2,4,6,4_6,na,0,na,na,,
2018-Jul,2018-07-19,Manley,NAP,na,2,6,6,6_8,na,0,na,na,,
2018-Jul,2018-07-19,Manley,NAP,na,2,8,6,8_10,na,1,na,na,,
2018-Jul,2018-07-19,Manley,NAP,na,2,10,6,10_12,na,0,na,na,,
2018-Jul,2018-07-19,Manley,NAP,na,2,12,6,12_14,na,1,na,na,,
2018-Jul,2018-07-19,Manley,NAP,na,2,14,6,14_16,na,0,na,na,,
2018-Jul,2018-07-19,Manley,NAP,na,2,16,6,16_18,na,0,na,na,,
2018-Jul,2018-07-19,Manley,NAP,na,2,18,6,18_20,na,1,na,na,,
2018-Jul,2018-07-19,North,KH,na,3,0,6,0_2,na,0,na,na,,
2018-Jul,2018-07-19,North,KH,na,3,2,6,2_4,na,1,na,na,,
2018-Jul,2018-07-19,North,KH,na,3,4,6,4_6,na,0,na,na,,
2018-Jul,2018-07-19,North,KH,na,3,6,6,6_8,na,1,na,na,,
2018-Jul,2018-07-19,North,KH,na,3,8,6,8_10,na,0,na,na,,
2018-Jul,2018-07-19,North,KH,na,3,10,6,10_12,na,2,na,na,,
2018-Jul,2018-07-19,North,KH,na,3,12,6,12_14,na,2,na,na,,
2018-Jul,2018-07-19,North,KH,na,3,14,6,14_16,na,3,na,na,,
2018-Jul,2018-07-19,North,KH,na,3,16,6,16_18,na,3,na,na,,
2018-Jul,2018-07-19,North,KH,na,3,18,6,18_20,na,5,na,na,,
2018-Jul,2018-07-19,Second,KH,na,3,0,6,0_2,na,6,na,na,,
2018-Jul,2018-07-19,Second,KH,na,3,2,6,2_4,na,6,na,na,,
2018-Jul,2018-07-19,Second,KH,na,3,4,6,4_6,na,0,na,na,,
2018-Jul,2018-07-19,Second,KH,na,3,6,6,6_8,na,0,na,na,,
2018-Jul,2018-07-19,Second,KH,na,3,8,6,8_10,na,3,na,na,,
2018-Jul,2018-07-19,Second,KH,na,3,10,6,10_12,na,0,na,na,,
2018-Jul,2018-07-19,Second,KH,na,3,12,6,12_14,na,0,na,na,,
2018-Jul,2018-07-19,Second,KH,na,3,14,6,14_16,na,0,na,na,,
2018-Jul,2018-07-19,Second,KH,na,3,16,6,16_18,na,0,na,na,,
2018-Jul,2018-07-19,Second,KH,na,3,18,6,18_20,na,4,na,na,,
2018-Jul,2018-07-19,Manley,KH,na,3,0,6,0_2,na,0,na,na,,
2018-Jul,2018-07-19,Manley,KH,na,3,2,6,2_4,na,0,na,na,,
2018-Jul,2018-07-19,Manley,KH,na,3,4,6,4_6,na,0,na,na,,
2018-Jul,2018-07-19,Manley,KH,na,3,6,6,6_8,na,1,na,na,,
2018-Jul,2018-07-19,Manley,KH,na,3,8,6,8_10,na,1,na,na,,
2018-Jul,2018-07-19,Manley,KH,na,3,10,6,10_12,na,0,na,na,,
2018-Jul,2018-07-19,Manley,KH,na,3,12,6,12_14,na,1,na,na,,
2018-Jul,2018-07-19,Manley,KH,na,3,14,6,14_16,na,0,na,na,,
2018-Jul,2018-07-19,Manley,KH,na,3,16,6,16_18,na,0,na,na,,
2018-Jul,2018-07-19,Manley,KH,na,3,18,6,18_20,na,0,na,na,,
2018-Aug,2018-08-26,Manley,OP,na,2,0,6,0_2,na,0,na,na,,
2018-Aug,2018-08-26,Manley,OP,na,2,2,6,2_4,na,0,na,na,,
2018-Aug,2018-08-26,Manley,OP,na,2,4,6,4_6,na,0,na,na,,
2018-Aug,2018-08-26,Manley,OP,na,2,6,6,6_8,na,0,na,na,,
2018-Aug,2018-08-26,Manley,OP,na,2,8,6,8_10,na,0,na,na,,
2018-Aug,2018-08-26,Manley,OP,na,2,10,6,10_12,na,0,na,na,,
2018-Aug,2018-08-26,Manley,OP,na,2,12,6,12_14,na,0,na,na,,
2018-Aug,2018-08-26,Manley,OP,na,2,14,6,14_16,na,0,na,na,,
2018-Aug,2018-08-26,Manley,OP,na,2,16,6,16_18,na,0,na,na,,
2018-Aug,2018-08-26,Manley,OP,na,2,18,6,18_20,na,0,na,na,,
2018-Aug,2018-08-26,Manley,OP,na,3,0,6,0_2,na,0,na,na,,
2018-Aug,2018-08-26,Manley,OP,na,3,2,6,2_4,na,0,na,na,,
2018-Aug,2018-08-26,Manley,OP,na,3,4,6,4_6,na,0,na,na,,
2018-Aug,2018-08-26,Manley,OP,na,3,6,6,6_8,na,0,na,na,,
2018-Aug,2018-08-26,Manley,OP,na,3,8,6,8_10,na,1,na,na,,
2018-Aug,2018-08-26,Manley,OP,na,3,10,6,10_12,na,0,na,na,,
2018-Aug,2018-08-26,Manley,OP,na,3,12,6,12_14,na,0,na,na,,
2018-Aug,2018-08-26,Manley,OP,na,3,14,6,14_16,na,0,na,na,,
2018-Aug,2018-08-26,Manley,OP,na,3,16,6,16_18,na,0,na,na,,
2018-Aug,2018-08-26,Manley,OP,na,3,18,6,18_20,na,0,na,na,,
2019-Jul,2019-07-14,Meay_nereo,OP,na,1,0,2,0_2,L,7,9.5,10:03,,
2019-Jul,2019-07-14,Meay_nereo,OP,na,1,2,2,2_4,L,23,9.3,10:03,,
2019-Jul,2019-07-14,Meay_nereo,OP,na,1,4,2,4_6,L,31,9.4,10:03,,
2019-Jul,2019-07-14,Meay_nereo,OP,na,1,6,2,6_8,L,30,9.1,10:03,,
2019-Jul,2019-07-14,Meay_nereo,OP,na,1,8,2,8_10,L,40,9.6,10:03,,
2019-Jul,2019-07-14,Meay_nereo,OP,na,1,10,2,10_12,L,40,9.6,10:03,,
2019-Jul,2019-07-14,Meay_nereo,OP,na,1,12,2,12_14,L,13,9.8,10:03,,
2019-Jul,2019-07-14,Meay_nereo,OP,na,1,14,2,14_16,L,14,9.8,10:13,,
2019-Jul,2019-07-14,Meay_nereo,OP,na,1,16,2,16_18,L,5,10,10:13,,
2019-Jul,2019-07-14,Meay_nereo,OP,na,1,18,2,18_20,L,3,10.1,10:13,,
2019-Jul,2019-07-14,Meay_nereo,OP,na,1,20,2,20_22,L,18,10.1,10:13,,
2019-Jul,2019-07-14,Meay_nereo,OP,na,1,22,2,22_24,L,8,10.2,10:13,,
2019-Jul,2019-07-14,Meay_nereo,OP,na,1,24,2,24_26,L,10,10.4,10:13,,
2019-Jul,2019-07-14,Meay_nereo,OP,na,1,26,2,26_28,L,5,10.7,10:13,,
2019-Jul,2019-07-14,Meay_nereo,OP,na,1,28,2,28_30,L,2,10.9,10:18,,
2019-Jul,2019-07-14,Meay_nereo,OP,na,1,30,2,30_32,L,8,10.7,10:19,,
2019-Jul,2019-07-14,Meay_nereo,OP,na,1,32,2,32_34,L,29,10.7,10:19,,
2019-Jul,2019-07-14,Meay_nereo,OP,na,1,34,2,34_36,L,10,10.8,10:19,,
2019-Jul,2019-07-14,Meay_nereo,OP,na,1,36,2,36_38,L,15,10.8,10:19,,
2019-Jul,2019-07-14,Meay_nereo,OP,na,1,38,2,38_40,L,0,10.9,10:22,,
2019-Jul,2019-07-14,Meay_nereo,HS,na,1,0,2,0_2,R,10,9,10:10,,
2019-Jul,2019-07-14,Meay_nereo,HS,na,1,2,2,2_4,R,22,8.7,10:10,,
2019-Jul,2019-07-14,Meay_nereo,HS,na,1,4,2,4_6,R,25,8.7,10:11,,
2019-Jul,2019-07-14,Meay_nereo,HS,na,1,6,2,6_8,R,27,8.7,10:13,,
2019-Jul,2019-07-14,Meay_nereo,HS,na,1,8,2,8_10,R,30,8.8,10:14,,
2019-Jul,2019-07-14,Meay_nereo,HS,na,1,10,2,10_12,R,40,8.8,10:15,,
2019-Jul,2019-07-14,Meay_nereo,HS,na,1,12,2,12_14,R,32,9,10:16,,
2019-Jul,2019-07-14,Meay_nereo,HS,na,1,14,2,14_16,R,16,9.2,10:17,,
2019-Jul,2019-07-14,Meay_nereo,HS,na,1,16,2,16_18,R,11,9.4,10:18,,
2019-Jul,2019-07-14,Meay_nereo,HS,na,1,18,2,18_20,R,29,9.4,10:18,,
2019-Jul,2019-07-14,Meay_nereo,HS,na,1,20,2,20_22,R,12,9.5,10:19,,
2019-Jul,2019-07-14,Meay_nereo,HS,na,1,22,2,22_24,R,12,9.7,10:20,,
2019-Jul,2019-07-14,Meay_nereo,HS,na,1,24,2,24_26,R,11,9.7,10:20,,
2019-Jul,2019-07-14,Meay_nereo,HS,na,1,26,2,26_28,R,22,9.9,10:21,,
2019-Jul,2019-07-14,Meay_nereo,HS,na,1,28,2,28_30,R,2,9.6,10:21,,
2019-Jul,2019-07-14,Meay_nereo,HS,na,1,30,2,30_32,R,17,10.1,10:23,,
2019-Jul,2019-07-14,Meay_nereo,HS,na,1,32,2,32_34,R,6,10.2,10:24,,
2019-Jul,2019-07-14,Meay_nereo,HS,na,1,34,2,34_36,R,14,10.2,10:25,,
2019-Jul,2019-07-14,Meay_nereo,HS,na,1,36,2,36_38,R,18,10.1,10:25,,
2019-Jul,2019-07-14,Meay_nereo,HS,na,1,38,2,38_40,R,7,10.2,10:26,,
2019-Jul,2019-07-14,Adam_fringe,HS,na,1,0,2,0_2,R,1,4,12:26,,
2019-Jul,2019-07-14,Adam_fringe,HS,na,1,2,2,2_4,R,2,4.4,12:26,,
2019-Jul,2019-07-14,Adam_fringe,HS,na,1,4,2,4_6,R,2,5,12:27,,
2019-Jul,2019-07-14,Adam_fringe,HS,na,1,6,2,6_8,R,3,5.4,12:28,,
2019-Jul,2019-07-14,Adam_fringe,HS,na,1,8,2,8_10,R,2,5,12:28,,
2019-Jul,2019-07-14,Adam_fringe,HS,na,1,10,2,10_12,R,2,4.1,12:29,,
2019-Jul,2019-07-14,Adam_fringe,HS,na,1,12,2,12_14,R,6,3.9,12:30,,
2019-Jul,2019-07-14,Adam_fringe,HS,na,1,14,2,14_16,R,1,4.1,12:30,,
2019-Jul,2019-07-14,Adam_fringe,HS,na,1,16,2,16_18,R,4,4.2,12:31,,
2019-Jul,2019-07-14,Adam_fringe,HS,na,1,18,2,18_20,R,6,4.9,12:31,,
2019-Jul,2019-07-14,Adam_fringe,HS,na,1,20,2,20_22,R,0,5.9,12:32,,
2019-Jul,2019-07-14,Adam_fringe,HS,na,1,22,2,22_24,R,0,6.5,12:32,,
2019-Jul,2019-07-14,Adam_fringe,HS,na,1,24,2,24_26,R,8,4.3,12:33,,
2019-Jul,2019-07-14,Adam_fringe,HS,na,1,26,2,26_28,R,4,5.3,12:34,,
2019-Jul,2019-07-14,Adam_fringe,HS,na,1,28,2,28_30,R,3,6.1,12:35,,
2019-Jul,2019-07-14,Adam_fringe,HS,na,1,30,2,30_32,R,0,5.8,12:35,,
2019-Jul,2019-07-14,Adam_fringe,HS,na,1,32,2,32_34,R,6,5.8,12:36,,
2019-Jul,2019-07-14,Adam_fringe,HS,na,1,34,2,34_36,R,3,5.4,12:36,,
2019-Jul,2019-07-14,Adam_fringe,HS,na,1,36,2,36_38,R,0,5.4,12:37,,
2019-Jul,2019-07-14,Adam_fringe,HS,na,1,38,2,38_40,R,2,4.9,12:38,,
2019-Jul,2019-07-14,Adam_fringe,HS,na,1,40,2,40_42,R,3,4.5,12:39,,
2019-Jul,2019-07-14,Adam_fringe,HS,na,1,42,2,42_44,R,6,4.1,12:40,,
2019-Jul,2019-07-14,Adam_fringe,KH,na,1,0,2,0_2,L,3,4.5,12:27,,
2019-Jul,2019-07-14,Adam_fringe,KH,na,1,2,2,2_4,L,2,5,12:28,,
2019-Jul,2019-07-14,Adam_fringe,KH,na,1,4,2,4_6,L,5,5.5,12:28,,
2019-Jul,2019-07-14,Adam_fringe,KH,na,1,6,2,6_8,L,3,5.3,12:29,,
2019-Jul,2019-07-14,Adam_fringe,KH,na,1,8,2,8_10,L,3,5.8,12:29,,
2019-Jul,2019-07-14,Adam_fringe,KH,na,1,10,2,10_12,L,3,4.3,12:30,,
2019-Jul,2019-07-14,Adam_fringe,KH,na,1,12,2,12_14,L,3,3.8,12:31,,
2019-Jul,2019-07-14,Adam_fringe,KH,na,1,14,2,14_16,L,0,4.1,12:31,,
2019-Jul,2019-07-14,Adam_fringe,KH,na,1,16,2,16_18,L,14,4.3,12:32,,
2019-Jul,2019-07-14,Adam_fringe,KH,na,1,18,2,18_20,L,2,5,12:33,,
2019-Jul,2019-07-14,Adam_fringe,KH,na,1,20,2,20_22,L,1,5.9,12:33,,
2019-Jul,2019-07-14,Adam_fringe,KH,na,1,22,2,22_24,L,0,6.2,12:34,,
2019-Jul,2019-07-14,Adam_fringe,KH,na,1,24,2,24_26,L,3,4.5,12:35,,
2019-Jul,2019-07-14,Adam_fringe,KH,na,1,26,2,26_28,L,1,5.2,12:35,,
2019-Jul,2019-07-14,Adam_fringe,KH,na,1,28,2,28_30,L,4,5.5,12:36,,
2019-Jul,2019-07-14,Adam_fringe,KH,na,1,30,2,30_32,L,1,5.4,12:37,,
2019-Jul,2019-07-14,Adam_fringe,KH,na,1,32,2,32_34,L,1,5.9,12:37,,
2019-Jul,2019-07-14,Adam_fringe,KH,na,1,34,2,34_36,L,0,5.5,12:38,,
2019-Jul,2019-07-14,Adam_fringe,KH,na,1,36,2,36_38,L,2,5.2,12:39,,
2019-Jul,2019-07-14,Adam_fringe,KH,na,1,38,2,38_40,L,6,5.2,12:40,,
2019-Jul,2019-07-14,Adam_fringe,KH,na,1,40,2,40_42,L,3,4.5,12:41,,
2019-Jul,2019-07-14,Adam_fringe,KH,na,1,42,2,42_44,L,5,4.7,12:41,,
2019-Jul,2019-07-14,North_dense,HS,na,1,0,2,0_2,R,0,5.3,11:48,,
2019-Jul,2019-07-14,North_dense,HS,na,1,2,2,2_4,R,0,5.3,11:48,,
2019-Jul,2019-07-14,North_dense,HS,na,1,4,2,4_6,R,0,5.3,11:49,,
2019-Jul,2019-07-14,North_dense,HS,na,1,6,2,6_8,R,3,5.3,11:50,,
2019-Jul,2019-07-14,North_dense,HS,na,1,8,2,8_10,R,1,4.8,11:50,,
2019-Jul,2019-07-14,North_dense,HS,na,1,10,2,10_12,R,1,4.4,11:51,,
2019-Jul,2019-07-14,North_dense,HS,na,1,12,2,12_14,R,5,4.3,11:52,,
2019-Jul,2019-07-14,North_dense,HS,na,1,14,2,14_16,R,6,4.3,11:53,,
2019-Jul,2019-07-14,North_dense,HS,na,1,16,2,16_18,R,7,4.2,11:54,,
2019-Jul,2019-07-14,North_dense,HS,na,1,18,2,18_20,R,6,3.9,11:55,,
2019-Jul,2019-07-14,North_dense,HS,na,1,20,2,20_22,R,3,4,11:56,,
2019-Jul,2019-07-14,North_dense,HS,na,1,22,2,22_24,R,9,3.8,11:57,,
2019-Jul,2019-07-14,North_dense,HS,na,1,24,2,24_26,R,10,3.9,11:58,,
2019-Jul,2019-07-14,North_dense,HS,na,1,26,2,26_28,R,2,4.2,11:59,,
2019-Jul,2019-07-14,North_dense,HS,na,1,28,2,28_30,R,4,4.3,11:59,,
2019-Jul,2019-07-14,North_dense,HS,na,1,30,2,30_32,R,0,4.3,12:00,,
2019-Jul,2019-07-14,North_dense,HS,na,1,32,2,32_34,R,1,4.3,12:00,,
2019-Jul,2019-07-14,North_dense,HS,na,1,34,2,34_36,R,2,4.2,12:01,,
2019-Jul,2019-07-14,North_dense,HS,na,1,36,2,36_38,R,4,4.3,12:02,,
2019-Jul,2019-07-14,North_dense,HS,na,1,38,2,38_40,R,4,4,12:02,,
2019-Jul,2019-07-14,North_dense,HS,na,1,40,2,40_42,R,0,4.1,12:03,,
2019-Jul,2019-07-14,North_dense,HS,na,1,42,2,42_44,R,5,4.6,12:04,,
2019-Jul,2019-07-14,North_dense,HS,na,1,44,2,44_46,R,0,4.4,12:05,,
2019-Jul,2019-07-14,North_dense,HS,na,1,46,2,46_48,R,3,4.8,12:05,,
2019-Jul,2019-07-14,North_dense,HS,na,1,48,2,48_50,R,4,5.1,12:05,,
2019-Jul,2019-07-14,North_dense,HS,na,1,50,2,50_52,R,2,5.4,12:06,,
2019-Jul,2019-07-14,North_dense,HS,na,1,52,2,52_54,R,0,6,12:07,,
2019-Jul,2019-07-14,North_dense,HS,na,1,54,2,54_56,R,3,6.5,12:07,,
2019-Jul,2019-07-14,North_dense,KH,na,1,0,2,0_2,L,4,5.9,11:49,,
2019-Jul,2019-07-14,North_dense,KH,na,1,2,2,2_4,L,0,5.7,11:50,,
2019-Jul,2019-07-14,North_dense,KH,na,1,4,2,4_6,L,0,5.7,11:50,,
2019-Jul,2019-07-14,North_dense,KH,na,1,6,2,6_8,L,0,5.1,11:51,,
2019-Jul,2019-07-14,North_dense,KH,na,1,8,2,8_10,L,0,5,11:52,,
2019-Jul,2019-07-14,North_dense,KH,na,1,10,2,10_12,L,8,5.1,11:52,,
2019-Jul,2019-07-14,North_dense,KH,na,1,12,2,12_14,L,4,4.9,11:54,,
2019-Jul,2019-07-14,North_dense,KH,na,1,14,2,14_16,L,7,4.7,11:54,,
2019-Jul,2019-07-14,North_dense,KH,na,1,16,2,16_18,L,17,4.6,11:55,,
2019-Jul,2019-07-14,North_dense,KH,na,1,18,2,18_20,L,12,4.3,11:56,,
2019-Jul,2019-07-14,North_dense,KH,na,1,20,2,20_22,L,1,4.3,11:57,,
2019-Jul,2019-07-14,North_dense,KH,na,1,22,2,22_24,L,9,4.7,11:58,,
2019-Jul,2019-07-14,North_dense,KH,na,1,24,2,24_26,L,0,4.8,11:59,,
2019-Jul,2019-07-14,North_dense,KH,na,1,26,2,26_28,L,1,4.5,12:00,,
2019-Jul,2019-07-14,North_dense,KH,na,1,28,2,28_30,L,0,4.9,12:00,,
2019-Jul,2019-07-14,North_dense,KH,na,1,30,2,30_32,L,0,5.2,12:00,,
2019-Jul,2019-07-14,North_dense,KH,na,1,32,2,32_34,L,9,4.9,12:02,,
2019-Jul,2019-07-14,North_dense,KH,na,1,34,2,34_36,L,0,4.8,12:02,,
2019-Jul,2019-07-14,North_dense,KH,na,1,36,2,36_38,L,5,4.8,12:03,,
2019-Jul,2019-07-14,North_dense,KH,na,1,38,2,38_40,L,6,4.8,12:04,,
2019-Jul,2019-07-14,North_dense,KH,na,1,40,2,40_42,L,3,5,12:05,,
2019-Jul,2019-07-14,North_dense,KH,na,1,42,2,42_44,L,1,5,12:06,,
2019-Jul,2019-07-14,North_dense,KH,na,1,44,2,44_46,L,2,5.3,12:06,,
2019-Jul,2019-07-14,North_dense,KH,na,1,46,2,46_48,L,0,5.5,12:06,,
2019-Jul,2019-07-14,North_dense,KH,na,1,48,2,48_50,L,2,5.8,12:07,,
2019-Jul,2019-07-14,North_dense,KH,na,1,50,2,50_52,L,1,6.2,12:07,,
2019-Jul,2019-07-14,North_dense,KH,na,1,52,2,52_54,L,1,6.5,12:08,,
2019-Jul,2019-07-14,North_dense,KH,na,1,54,2,54_56,L,0,6.8,12:08,,
2019-Jul,2019-07-14,North_sparse,KH,na,1,0,2,0_2,L,0,7.2,12:54,,
2019-Jul,2019-07-14,North_sparse,KH,na,1,2,2,2_4,L,0,7.1,12:54,,
2019-Jul,2019-07-14,North_sparse,KH,na,1,4,2,4_6,L,0,7.1,12:55,,
2019-Jul,2019-07-14,North_sparse,KH,na,1,6,2,6_8,L,0,6.5,12:56,,
2019-Jul,2019-07-14,North_sparse,KH,na,1,8,2,8_10,L,0,6.5,12:56,,
2019-Jul,2019-07-14,North_sparse,KH,na,1,10,2,10_12,L,2,6.2,12:57,,
2019-Jul,2019-07-14,North_sparse,KH,na,1,12,2,12_14,L,1,6.2,12:57,,
2019-Jul,2019-07-14,North_sparse,KH,na,1,14,2,14_16,L,0,5.9,12:58,,
2019-Jul,2019-07-14,North_sparse,KH,na,1,16,2,16_18,L,0,6,12:58,,
2019-Jul,2019-07-14,North_sparse,KH,na,1,18,2,18_20,L,0,6,12:59,,
2019-Jul,2019-07-14,North_sparse,KH,na,1,20,2,20_22,L,0,6,12:59,,
2019-Jul,2019-07-14,North_sparse,KH,na,1,22,2,22_24,L,0,5.9,13:00,,
2019-Jul,2019-07-14,North_sparse,KH,na,1,24,2,24_26,L,0,5.7,13:00,,
2019-Jul,2019-07-14,North_sparse,KH,na,1,26,2,26_28,L,0,6.1,13:01,,
2019-Jul,2019-07-14,North_sparse,KH,na,1,28,2,28_30,L,2,6,13:01,,
2019-Jul,2019-07-14,North_sparse,KH,na,2,0,2,0_2,L,1,5.9,13:10,,
2019-Jul,2019-07-14,North_sparse,KH,na,2,2,2,2_4,L,0,5.9,13:10,,
2019-Jul,2019-07-14,North_sparse,KH,na,2,4,2,4_6,L,0,5.8,13:11,,
2019-Jul,2019-07-14,North_sparse,KH,na,2,6,2,6_8,L,0,5.3,13:11,,
2019-Jul,2019-07-14,North_sparse,KH,na,2,8,2,8_10,L,1,5.2,13:12,,
2019-Jul,2019-07-14,North_sparse,KH,na,2,10,2,10_12,L,0,4.9,13:13,,
2019-Jul,2019-07-14,North_sparse,KH,na,2,12,2,12_14,L,4,5,13:14,,
2019-Jul,2019-07-14,North_sparse,KH,na,2,14,2,14_16,L,1,5.3,13:14,,
2019-Jul,2019-07-14,North_sparse,KH,na,2,16,2,16_18,L,2,5,13:14,,
2019-Jul,2019-07-14,North_sparse,KH,na,2,18,2,18_20,L,1,5.2,13:15,,
2019-Jul,2019-07-14,North_sparse,KH,na,2,20,2,20_22,L,3,5.6,13:15,,
2019-Jul,2019-07-14,North_sparse,KH,na,2,22,2,22_24,L,0,5.7,13:16,,
2019-Jul,2019-07-14,North_sparse,KH,na,2,24,2,24_26,L,0,6.3,13:17,,
2019-Jul,2019-07-14,North_sparse,KH,na,2,26,2,26_28,L,1,6.6,13:17,,
2019-Jul,2019-07-14,North_sparse,HS,na,1,0,2,0_2,R,0,6.7,12:53,,
2019-Jul,2019-07-14,North_sparse,HS,na,1,2,2,2_4,R,0,6.7,12:53,,
2019-Jul,2019-07-14,North_sparse,HS,na,1,4,2,4_6,R,0,6.7,12:54,,
2019-Jul,2019-07-14,North_sparse,HS,na,1,6,2,6_8,R,0,6.4,12:55,,
2019-Jul,2019-07-14,North_sparse,HS,na,1,8,2,8_10,R,0,6.1,12:56,,
2019-Jul,2019-07-14,North_sparse,HS,na,1,10,2,10_12,R,0,6,12:56,,
2019-Jul,2019-07-14,North_sparse,HS,na,1,12,2,12_14,R,0,6,12:56,,
2019-Jul,2019-07-14,North_sparse,HS,na,1,14,2,14_16,R,0,6,12:56,,
2019-Jul,2019-07-14,North_sparse,HS,na,1,16,2,16_18,R,1,5.6,12:57,,
2019-Jul,2019-07-14,North_sparse,HS,na,1,18,2,18_20,R,0,5.6,12:57,,
2019-Jul,2019-07-14,North_sparse,HS,na,1,20,2,20_22,R,0,5.8,12:58,,
2019-Jul,2019-07-14,North_sparse,HS,na,1,22,2,22_24,R,0,5.7,12:58,,
2019-Jul,2019-07-14,North_sparse,HS,na,1,24,2,24_26,R,1,5.4,12:59,,
2019-Jul,2019-07-14,North_sparse,HS,na,1,26,2,26_28,R,0,5.4,12:59,,
2019-Jul,2019-07-14,North_sparse,HS,na,1,28,2,28_30,R,3,5.6,12:59,,
2019-Jul,2019-07-14,North_sparse,HS,na,2,0,2,0_2,R,0,5.4,13:09,,
2019-Jul,2019-07-14,North_sparse,HS,na,2,2,2,2_4,R,0,5.3,13:09,,
2019-Jul,2019-07-14,North_sparse,HS,na,2,4,2,4_6,R,0,5.3,13:10,,
2019-Jul,2019-07-14,North_sparse,HS,na,2,6,2,6_8,R,3,4.8,13:10,,
2019-Jul,2019-07-14,North_sparse,HS,na,2,8,2,8_10,R,0,4.9,13:11,,
2019-Jul,2019-07-14,North_sparse,HS,na,2,10,2,10_12,R,0,5,13:11,,
2019-Jul,2019-07-14,North_sparse,HS,na,2,12,2,12_14,R,1,5.1,13:12,,
2019-Jul,2019-07-14,North_sparse,HS,na,2,14,2,14_16,R,0,5.1,13:12,,
2019-Jul,2019-07-14,North_sparse,HS,na,2,16,2,16_18,R,0,5.1,13:13,,
2019-Jul,2019-07-14,North_sparse,HS,na,2,18,2,18_20,R,0,4.8,13:14,,
2019-Jul,2019-07-14,North_sparse,HS,na,2,20,2,20_22,R,0,5,13:14,,
2019-Jul,2019-07-14,North_sparse,HS,na,2,22,2,22_24,R,1,5.2,13:14,,
2019-Jul,2019-07-14,North_sparse,HS,na,2,24,2,24_26,R,4,5.5,13:15,,
2019-Jul,2019-07-14,North_sparse,HS,na,2,26,2,26_28,R,3,6,13:16,,
2019-Jul,2019-07-16,Surf_islands,ZM,deep,1,0,2,0_2,L,1,4.8,9:23,,
2019-Jul,2019-07-16,Surf_islands,ZM,deep,1,2,2,2_4,L,6,4.6,9:23,,
2019-Jul,2019-07-16,Surf_islands,ZM,deep,1,4,2,4_6,L,0,4.6,9:23,,
2019-Jul,2019-07-16,Surf_islands,ZM,deep,1,6,2,6_8,L,0,4.6,9:23,,
2019-Jul,2019-07-16,Surf_islands,ZM,deep,1,8,2,8_10,L,14,4.6,9:24,,
2019-Jul,2019-07-16,Surf_islands,ZM,deep,1,10,2,10_12,L,10,4.4,9:25,,
2019-Jul,2019-07-16,Surf_islands,ZM,deep,1,12,2,12_14,L,16,4,9:26,,
2019-Jul,2019-07-16,Surf_islands,ZM,deep,1,14,2,14_16,L,20,4,9:27,,
2019-Jul,2019-07-16,Surf_islands,ZM,deep,1,16,2,16_18,L,0,4,9:27,,
2019-Jul,2019-07-16,Surf_islands,ZM,deep,1,18,2,18_20,L,2,4,9:28,,
2019-Jul,2019-07-16,Surf_islands,ZM,deep,1,20,2,20_22,L,6,3.8,9:28,,
2019-Jul,2019-07-16,Surf_islands,ZM,deep,1,22,2,22_24,L,8,4.6,9:29,,
2019-Jul,2019-07-16,Surf_islands,ZM,deep,1,24,2,24_26,L,4,4.3,9:33,,
2019-Jul,2019-07-16,Surf_islands,ZM,deep,1,26,2,26_28,L,2,5,9:34,,
2019-Jul,2019-07-16,Surf_islands,ZM,deep,1,28,2,28_30,L,3,5,9:34,,
2019-Jul,2019-07-16,Surf_islands,ZM,deep,1,30,2,30_32,L,11,5.1,9:35,,
2019-Jul,2019-07-16,Surf_islands,ZM,deep,1,32,2,32_34,L,6,5,9:36,,
2019-Jul,2019-07-16,Surf_islands,ZM,deep,1,34,2,34_36,L,8,4.9,9:37,,
2019-Jul,2019-07-16,Surf_islands,ZM,deep,1,36,2,36_38,L,11,5.4,9:38,,
2019-Jul,2019-07-16,Surf_islands,ZM,deep,1,38,2,38_40,L,6,6,9:38,,
2019-Jul,2019-07-16,Surf_islands,DVM,deep,1,0,2,0_2,R,4,4.8,9:35,,
2019-Jul,2019-07-16,Surf_islands,DVM,deep,1,2,2,2_4,R,0,4.8,9:35,,
2019-Jul,2019-07-16,Surf_islands,DVM,deep,1,4,2,4_6,R,0,4.6,9:35,,
2019-Jul,2019-07-16,Surf_islands,DVM,deep,1,6,2,6_8,R,0,4.6,9:35,,
2019-Jul,2019-07-16,Surf_islands,DVM,deep,1,8,2,8_10,R,0,4.6,9:35,,
2019-Jul,2019-07-16,Surf_islands,DVM,deep,1,10,2,10_12,R,0,4.1,9:35,,
2019-Jul,2019-07-16,Surf_islands,DVM,deep,1,12,2,12_14,R,0,3.9,9:35,,
2019-Jul,2019-07-16,Surf_islands,DVM,deep,1,14,2,14_16,R,3,4.1,9:35,,
2019-Jul,2019-07-16,Surf_islands,DVM,deep,1,16,2,16_18,R,26,3.9,9:35,,
2019-Jul,2019-07-16,Surf_islands,DVM,deep,1,18,2,18_20,R,15,4.4,9:36,,
2019-Jul,2019-07-16,Surf_islands,DVM,deep,1,20,2,20_22,R,13,4.5,9:36,,
2019-Jul,2019-07-16,Surf_islands,DVM,deep,1,22,2,22_24,R,0,4.6,9:36,,
2019-Jul,2019-07-16,Surf_islands,DVM,deep,1,24,2,24_26,R,6,4.9,9:36,,
2019-Jul,2019-07-16,Surf_islands,DVM,deep,1,26,2,26_28,R,10,4.8,9:36,,
2019-Jul,2019-07-16,Surf_islands,DVM,deep,1,28,2,28_30,R,20,5.1,9:37,,
2019-Jul,2019-07-16,Surf_islands,DVM,deep,1,30,2,30_32,R,0,5.1,9:37,,
2019-Jul,2019-07-16,Surf_islands,DVM,deep,1,32,2,32_34,R,5,5.3,9:37,,
2019-Jul,2019-07-16,Surf_islands,DVM,deep,1,34,2,34_36,R,5,5.3,9:37,,
2019-Jul,2019-07-16,Surf_islands,DVM,deep,1,36,2,36_38,R,6,5.4,9:37,,
2019-Jul,2019-07-16,Surf_islands,DVM,deep,1,38,2,38_40,R,0,5.7,9:37,,
2019-Jul,2019-07-16,Surf_islands,ZM,shallow,2,0,2,0_2,L,1,4.6,10:00,,
2019-Jul,2019-07-16,Surf_islands,ZM,shallow,2,2,2,2_4,L,0,4,10:00,,
2019-Jul,2019-07-16,Surf_islands,ZM,shallow,2,4,2,4_6,L,6,4,10:01,,
2019-Jul,2019-07-16,Surf_islands,ZM,shallow,2,6,2,6_8,L,1,3.4,10:01,,
2019-Jul,2019-07-16,Surf_islands,ZM,shallow,2,8,2,8_10,L,0,3,10:02,,
2019-Jul,2019-07-16,Surf_islands,ZM,shallow,2,10,2,10_12,L,1,2.7,10:03,,
2019-Jul,2019-07-16,Surf_islands,ZM,shallow,2,12,2,12_14,L,0,3.1,10:04,,
2019-Jul,2019-07-16,Surf_islands,ZM,shallow,2,14,2,14_16,L,2,2.6,10:04,,
2019-Jul,2019-07-16,Surf_islands,ZM,shallow,2,16,2,16_18,L,4,2.6,10:05,,
2019-Jul,2019-07-16,Surf_islands,ZM,shallow,2,18,2,18_20,L,0,2.6,10:05,,
2019-Jul,2019-07-16,Surf_islands,ZM,shallow,2,20,2,20_22,L,1,2.4,10:05,,
2019-Jul,2019-07-16,Surf_islands,ZM,shallow,2,22,2,22_24,L,4,2.1,10:06,,
2019-Jul,2019-07-16,Surf_islands,ZM,shallow,2,24,2,24_26,L,3,2.3,10:07,,
2019-Jul,2019-07-16,Surf_islands,ZM,shallow,2,26,2,26_28,L,1,2.4,10:08,,
2019-Jul,2019-07-16,Surf_islands,ZM,shallow,2,28,2,28_30,L,2,2.2,10:10,,
2019-Jul,2019-07-16,Surf_islands,ZM,shallow,2,30,2,30_32,L,10,2.2,10:10,,
2019-Jul,2019-07-16,Surf_islands,ZM,shallow,2,32,2,32_34,L,4,2.7,10:11,,
2019-Jul,2019-07-16,Surf_islands,ZM,shallow,2,34,2,34_36,L,0,2.7,10:11,,
2019-Jul,2019-07-16,Surf_islands,ZM,shallow,2,36,2,36_38,L,22,3.4,10:12,,
2019-Jul,2019-07-16,Surf_islands,ZM,shallow,2,38,2,38_40,L,0,3.4,10:12,,
2019-Jul,2019-07-16,Surf_islands,ZM,shallow,2,40,2,40_42,L,12,4.1,10:13,,
2019-Jul,2019-07-16,Surf_islands,ZM,shallow,2,42,2,42_44,L,1,4.5,10:13,,
2019-Jul,2019-07-16,Surf_islands,ZM,shallow,2,44,2,44_46,L,4,4.4,10:14,,
2019-Jul,2019-07-16,Surf_islands,ZM,shallow,2,46,2,46_48,L,14,4.9,10:15,,
2019-Jul,2019-07-16,Surf_islands,ZM,shallow,2,48,2,48_50,L,4,5.6,10:15,,
2019-Jul,2019-07-16,Surf_islands,ZM,shallow,2,50,2,50_52,L,0,5.6,10:15,,
2019-Jul,2019-07-16,Surf_islands,DVM,shallow,2,0,2,0_2,R,1,3.8,9:58,,
2019-Jul,2019-07-16,Surf_islands,DVM,shallow,2,2,2,2_4,R,2,3.7,9:58,,
2019-Jul,2019-07-16,Surf_islands,DVM,shallow,2,4,2,4_6,R,6,3.2,9:58,,
2019-Jul,2019-07-16,Surf_islands,DVM,shallow,2,6,2,6_8,R,26,3.1,9:59,,
2019-Jul,2019-07-16,Surf_islands,DVM,shallow,2,8,2,8_10,R,10,2.7,9:59,,
2019-Jul,2019-07-16,Surf_islands,DVM,shallow,2,10,2,10_12,R,4,2.4,10:01,,
2019-Jul,2019-07-16,Surf_islands,DVM,shallow,2,12,2,12_14,R,4,1.9,10:01,,
2019-Jul,2019-07-16,Surf_islands,DVM,shallow,2,14,2,14_16,R,8,2.3,10:01,,
2019-Jul,2019-07-16,Surf_islands,DVM,shallow,2,16,2,16_18,R,6,2.2,10:01,,
2019-Jul,2019-07-16,Surf_islands,DVM,shallow,2,18,2,18_20,R,1,2.6,10:02,,
2019-Jul,2019-07-16,Surf_islands,DVM,shallow,2,20,2,20_22,R,3,2.5,10:02,,
2019-Jul,2019-07-16,Surf_islands,DVM,shallow,2,22,2,22_24,R,6,2.6,10:02,,
2019-Jul,2019-07-16,Surf_islands,DVM,shallow,2,24,2,24_26,R,5,2.5,10:02,,
2019-Jul,2019-07-16,Surf_islands,DVM,shallow,2,26,2,26_28,R,5,2.5,10:02,,
2019-Jul,2019-07-16,Surf_islands,DVM,shallow,2,28,2,28_30,R,15,2.5,10:04,,
2019-Jul,2019-07-16,Surf_islands,DVM,shallow,2,30,2,30_32,R,8,2.5,10:04,,
2019-Jul,2019-07-16,Surf_islands,DVM,shallow,2,32,2,32_34,R,15,2.6,10:04,,
2019-Jul,2019-07-16,Surf_islands,DVM,shallow,2,34,2,34_36,R,5,3,10:04,,
2019-Jul,2019-07-16,Surf_islands,DVM,shallow,2,36,2,36_38,R,7,3.6,10:06,,
2019-Jul,2019-07-16,Surf_islands,DVM,shallow,2,38,2,38_40,R,7,4.1,10:06,,
2019-Jul,2019-07-16,Surf_islands,DVM,shallow,2,40,2,40_42,R,12,4.3,10:06,,
2019-Jul,2019-07-16,Surf_islands,DVM,shallow,2,42,2,42_44,R,3,4.5,10:06,,
2019-Jul,2019-07-16,Surf_islands,DVM,shallow,2,44,2,44_46,R,7,4.5,10:07,,
2019-Jul,2019-07-16,Surf_islands,DVM,shallow,2,46,2,46_48,R,3,4.5,10:07,,
2019-Jul,2019-07-16,Surf_islands,DVM,shallow,2,48,2,48_50,R,0,5.1,10:07,,
2019-Jul,2019-07-16,Surf_islands,DVM,shallow,2,50,2,50_52,R,0,5.3,10:08,,
2019-Jul,2019-07-16,Choked_south,ZM,shallow,2,0,2,0_2,L,3,5,11:31,,
2019-Jul,2019-07-16,Choked_south,ZM,shallow,2,2,2,2_4,L,3,4.6,11:31,,
2019-Jul,2019-07-16,Choked_south,ZM,shallow,2,4,2,4_6,L,4,5,11:31,,
2019-Jul,2019-07-16,Choked_south,ZM,shallow,2,6,2,6_8,L,6,5.3,11:31,,
2019-Jul,2019-07-16,Choked_south,ZM,shallow,2,8,2,8_10,L,5,5.3,11:31,,
2019-Jul,2019-07-16,Choked_south,ZM,shallow,2,10,2,10_12,L,9,5.6,11:31,,
2019-Jul,2019-07-16,Choked_south,ZM,shallow,2,12,2,12_14,L,7,5.4,11:31,,
2019-Jul,2019-07-16,Choked_south,ZM,shallow,2,14,2,14_16,L,3,5,11:34,,
2019-Jul,2019-07-16,Choked_south,ZM,shallow,2,16,2,16_18,L,3,5.1,11:34,,
2019-Jul,2019-07-16,Choked_south,ZM,shallow,2,18,2,18_20,L,13,5.5,11:34,,
2019-Jul,2019-07-16,Choked_south,ZM,shallow,2,20,2,20_22,L,3,5.5,11:34,,
2019-Jul,2019-07-16,Choked_south,ZM,shallow,2,22,2,22_24,L,1,5.3,11:34,,
2019-Jul,2019-07-16,Choked_south,ZM,shallow,2,24,2,24_26,L,1,6.2,11:34,,
2019-Jul,2019-07-16,Choked_south,ZM,shallow,2,26,2,26_28,L,0,6.1,11:34,,
2019-Jul,2019-07-16,Choked_south,ZM,shallow,2,28,2,28_30,L,6,5.9,11:37,,
2019-Jul,2019-07-16,Choked_south,DVM,shallow,2,0,2,0_2,R,0,4.5,11:29,,
2019-Jul,2019-07-16,Choked_south,DVM,shallow,2,2,2,2_4,R,1,3.7,11:29,,
2019-Jul,2019-07-16,Choked_south,DVM,shallow,2,4,2,4_6,R,3,4.2,11:29,,
2019-Jul,2019-07-16,Choked_south,DVM,shallow,2,6,2,6_8,R,11,4.2,11:30,,
2019-Jul,2019-07-16,Choked_south,DVM,shallow,2,8,2,8_10,R,15,4.2,11:30,,
2019-Jul,2019-07-16,Choked_south,DVM,shallow,2,10,2,10_12,R,4,4.2,11:30,,
2019-Jul,2019-07-16,Choked_south,DVM,shallow,2,12,2,12_14,R,1,4.2,11:30,,
2019-Jul,2019-07-16,Choked_south,DVM,shallow,2,14,2,14_16,R,2,4.1,11:31,,
2019-Jul,2019-07-16,Choked_south,DVM,shallow,2,16,2,16_18,R,5,4,11:31,,
2019-Jul,2019-07-16,Choked_south,DVM,shallow,2,18,2,18_20,R,20,4,11:31,,
2019-Jul,2019-07-16,Choked_south,DVM,shallow,2,20,2,20_22,R,6,3.8,11:33,,
2019-Jul,2019-07-16,Choked_south,DVM,shallow,2,22,2,22_24,R,2,3.9,11:33,,
2019-Jul,2019-07-16,Choked_south,DVM,shallow,2,24,2,24_26,R,0,3.6,11:33,,
2019-Jul,2019-07-16,Choked_south,DVM,shallow,2,26,2,26_28,R,1,3.6,11:33,,
2019-Jul,2019-07-16,Choked_south,DVM,shallow,2,28,2,28_30,R,1,3.5,11:33,,
2019-Jul,2019-07-16,Choked_south,ZM,deep,1,0,2,0_2,L,0,9,11:55,,
2019-Jul,2019-07-16,Choked_south,ZM,deep,1,2,2,2_4,L,0,8.8,11:55,,
2019-Jul,2019-07-16,Choked_south,ZM,deep,1,4,2,4_6,L,0,8.6,11:55,,
2019-Jul,2019-07-16,Choked_south,ZM,deep,1,6,2,6_8,L,0,8.2,11:55,,
2019-Jul,2019-07-16,Choked_south,ZM,deep,1,8,2,8_10,L,1,8,11:55,,
2019-Jul,2019-07-16,Choked_south,ZM,deep,1,10,2,10_12,L,2,9,11:55,,
2019-Jul,2019-07-16,Choked_south,ZM,deep,1,12,2,12_14,L,0,9.1,11:55,,
2019-Jul,2019-07-16,Choked_south,ZM,deep,1,14,2,14_16,L,0,8.8,11:55,,
2019-Jul,2019-07-16,Choked_south,ZM,deep,1,16,2,16_18,L,3,9.1,11:55,,
2019-Jul,2019-07-16,Choked_south,ZM,deep,1,18,2,18_20,L,0,9,11:57,,
2019-Jul,2019-07-16,Choked_south,ZM,deep,1,20,2,20_22,L,0,8.7,11:57,,
2019-Jul,2019-07-16,Choked_south,ZM,deep,1,22,2,22_24,L,2,8.4,11:57,,
2019-Jul,2019-07-16,Choked_south,ZM,deep,1,24,2,24_26,L,0,8.9,11:57,,
2019-Jul,2019-07-16,Choked_south,ZM,deep,1,26,2,26_28,L,0,8.8,11:57,,
2019-Jul,2019-07-16,Choked_south,ZM,deep,1,28,2,28_30,L,0,8.8,11:58,,
2019-Jul,2019-07-16,Choked_south,ZM,deep,1,30,2,30_32,L,0,9.1,12:13,,
2019-Jul,2019-07-16,Choked_south,ZM,deep,1,32,2,32_34,L,1,9.2,12:13,,
2019-Jul,2019-07-16,Choked_south,ZM,deep,1,34,2,34_36,L,0,9.3,12:13,,
2019-Jul,2019-07-16,Choked_south,ZM,deep,1,36,2,36_38,L,0,9,12:13,,
2019-Jul,2019-07-16,Choked_south,ZM,deep,1,38,2,38_40,L,1,9.1,12:13,,
2019-Jul,2019-07-16,Choked_south,ZM,deep,1,40,2,40_42,L,0,9,12:13,,
2019-Jul,2019-07-16,Choked_south,ZM,deep,1,42,2,42_44,L,0,9.2,12:13,,
2019-Jul,2019-07-16,Choked_south,ZM,deep,1,44,2,44_46,L,0,9,12:13,,
2019-Jul,2019-07-16,Choked_south,ZM,deep,1,46,2,46_48,L,2,8.6,12:15,,
2019-Jul,2019-07-16,Choked_south,ZM,deep,1,48,2,48_50,L,0,9.4,12:15,,
2019-Jul,2019-07-16,Choked_south,ZM,deep,1,50,2,50_52,L,0,9.6,12:15,,
2019-Jul,2019-07-16,Choked_south,ZM,deep,1,52,2,52_54,L,0,9.7,12:15,,
2019-Jul,2019-07-16,Choked_south,ZM,deep,1,54,2,54_56,L,0,9.6,12:15,,
2019-Jul,2019-07-16,Choked_south,ZM,deep,1,56,2,56_58,L,0,9.5,12:15,,
2019-Jul,2019-07-16,Choked_south,ZM,deep,1,58,2,58_60,L,0,10,12:16,,
2019-Jul,2019-07-16,Choked_south,DVM,deep,1,0,2,0_2,R,0,8.3,11:53,,
2019-Jul,2019-07-16,Choked_south,DVM,deep,1,2,2,2_4,R,1,7.9,11:53,,
2019-Jul,2019-07-16,Choked_south,DVM,deep,1,4,2,4_6,R,1,7.9,11:53,,
2019-Jul,2019-07-16,Choked_south,DVM,deep,1,6,2,6_8,R,0,8,11:53,,
2019-Jul,2019-07-16,Choked_south,DVM,deep,1,8,2,8_10,R,0,7.5,11:53,,
2019-Jul,2019-07-16,Choked_south,DVM,deep,1,10,2,10_12,R,0,7.6,11:53,,
2019-Jul,2019-07-16,Choked_south,DVM,deep,1,12,2,12_14,R,0,7.6,11:53,,
2019-Jul,2019-07-16,Choked_south,DVM,deep,1,14,2,14_16,R,0,7.9,11:53,,
2019-Jul,2019-07-16,Choked_south,DVM,deep,1,16,2,16_18,R,3,8.2,11:55,,
2019-Jul,2019-07-16,Choked_south,DVM,deep,1,18,2,18_20,R,0,8.1,11:55,,
2019-Jul,2019-07-16,Choked_south,DVM,deep,1,20,2,20_22,R,0,8,11:55,,
2019-Jul,2019-07-16,Choked_south,DVM,deep,1,22,2,22_24,R,0,8.1,11:55,,
2019-Jul,2019-07-16,Choked_south,DVM,deep,1,24,2,24_26,R,1,8.3,11:55,,
2019-Jul,2019-07-16,Choked_south,DVM,deep,1,26,2,26_28,R,1,8.4,11:55,,
2019-Jul,2019-07-16,Choked_south,DVM,deep,1,28,2,28_30,R,1,8.4,11:56,,
2019-Jul,2019-07-16,Choked_south,DVM,deep,1,30,2,30_32,R,0,8.9,12:10,,
2019-Jul,2019-07-16,Choked_south,DVM,deep,1,32,2,32_34,R,1,8.2,12:10,,
2019-Jul,2019-07-16,Choked_south,DVM,deep,1,34,2,34_36,R,1,8.3,12:10,,
2019-Jul,2019-07-16,Choked_south,DVM,deep,1,36,2,36_38,R,1,8.3,12:10,,
2019-Jul,2019-07-16,Choked_south,DVM,deep,1,38,2,38_40,R,0,8.5,12:10,,
2019-Jul,2019-07-16,Choked_south,DVM,deep,1,40,2,40_42,R,1,8.6,12:10,,
2019-Jul,2019-07-16,Choked_south,DVM,deep,1,42,2,42_44,R,2,8.5,12:10,,
2019-Jul,2019-07-16,Choked_south,DVM,deep,1,44,2,44_46,R,0,8.4,12:12,,
2019-Jul,2019-07-16,Choked_south,DVM,deep,1,46,2,46_48,R,1,8.3,12:12,,
2019-Jul,2019-07-16,Choked_south,DVM,deep,1,48,2,48_50,R,0,8.5,12:12,,
2019-Jul,2019-07-16,Choked_south,DVM,deep,1,50,2,50_52,R,0,8.8,12:12,,
2019-Jul,2019-07-16,Choked_south,DVM,deep,1,52,2,52_54,R,0,8.8,12:12,,
2019-Jul,2019-07-16,Choked_south,DVM,deep,1,54,2,54_56,R,0,8.9,12:12,,
2019-Jul,2019-07-16,Choked_south,DVM,deep,1,56,2,56_58,R,0,8.9,12:12,,
2019-Jul,2019-07-16,Choked_south,DVM,deep,1,58,2,58_60,R,0,8.9,12:14,,
2019-Jul,2019-07-17,Boas_channel,DVM,na,1,0,2,0_2,L,4,8.3,11:52,,
2019-Jul,2019-07-17,Boas_channel,DVM,na,1,2,2,2_4,L,5,8.3,11:52,,
2019-Jul,2019-07-17,Boas_channel,DVM,na,1,4,2,4_6,L,0,8.5,11:52,,
2019-Jul,2019-07-17,Boas_channel,DVM,na,1,6,2,6_8,L,5,8.6,11:54,,
2019-Jul,2019-07-17,Boas_channel,DVM,na,1,8,2,8_10,L,7,8.6,11:54,,
2019-Jul,2019-07-17,Boas_channel,DVM,na,1,10,2,10_12,L,21,8.3,11:54,,
2019-Jul,2019-07-17,Boas_channel,DVM,na,1,12,2,12_14,L,9,7.9,11:54,,
2019-Jul,2019-07-17,Boas_channel,DVM,na,1,14,2,14_16,L,2,7.8,11:54,,
2019-Jul,2019-07-17,Boas_channel,DVM,na,1,16,2,16_18,L,3,7.3,11:56,,
2019-Jul,2019-07-17,Boas_channel,DVM,na,1,18,2,18_20,L,1,7,11:57,,
2019-Jul,2019-07-17,Boas_channel,DVM,na,1,20,2,20_22,L,19,6.7,11:57,,
2019-Jul,2019-07-17,Boas_channel,DVM,na,1,22,2,22_24,L,10,7.4,11:57,,
2019-Jul,2019-07-17,Boas_channel,DVM,na,1,24,2,24_26,L,0,8.2,11:57,,
2019-Jul,2019-07-17,Boas_channel,DVM,na,1,26,2,26_28,L,0,8.3,11:57,,
2019-Jul,2019-07-17,Boas_channel,DVM,na,1,28,2,28_30,L,0,8.5,11:57,,
2019-Jul,2019-07-17,Boas_channel,DVM,na,2,0,2,0_2,L,3,9.1,12:04,,
2019-Jul,2019-07-17,Boas_channel,DVM,na,2,2,2,2_4,L,6,8.9,12:04,,
2019-Jul,2019-07-17,Boas_channel,DVM,na,2,4,2,4_6,L,5,9.1,12:04,,
2019-Jul,2019-07-17,Boas_channel,DVM,na,2,6,2,6_8,L,3,10.5,12:05,,
2019-Jul,2019-07-17,Boas_channel,DVM,na,2,8,2,8_10,L,1,10.5,12:05,,
2019-Jul,2019-07-17,Boas_channel,DVM,na,2,10,2,10_12,L,0,10.6,12:05,,
2019-Jul,2019-07-17,Boas_channel,DVM,na,2,12,2,12_14,L,7,9.7,12:05,,
2019-Jul,2019-07-17,Boas_channel,DVM,na,2,14,2,14_16,L,4,9.3,12:05,,
2019-Jul,2019-07-17,Boas_channel,DVM,na,2,16,2,16_18,L,9,9.5,12:07,,
2019-Jul,2019-07-17,Boas_channel,DVM,na,2,18,2,18_20,L,0,10.3,12:07,,
2019-Jul,2019-07-17,Boas_channel,DVM,na,2,20,2,20_22,L,2,10.6,12:07,,
2019-Jul,2019-07-17,Boas_channel,DVM,na,2,22,2,22_24,L,4,10.8,12:09,,
2019-Jul,2019-07-17,Boas_channel,DVM,na,2,24,2,24_26,L,6,10.5,12:09,,
2019-Jul,2019-07-17,Boas_channel,DVM,na,2,26,2,26_28,L,0,10.5,12:09,,
2019-Jul,2019-07-17,Boas_channel,DVM,na,2,28,2,28_30,L,0,10.5,12:09,,
2019-Jul,2019-07-17,Boas_channel,ZM,na,1,0,2,0_2,R,4,8.5,11:55,,
2019-Jul,2019-07-17,Boas_channel,ZM,na,1,2,2,2_4,R,6,8.6,11:55,,
2019-Jul,2019-07-17,Boas_channel,ZM,na,1,4,2,4_6,R,0,10,11:55,,
2019-Jul,2019-07-17,Boas_channel,ZM,na,1,6,2,6_8,R,6,8.9,11:55,,
2019-Jul,2019-07-17,Boas_channel,ZM,na,1,8,2,8_10,R,18,9,11:55,,
2019-Jul,2019-07-17,Boas_channel,ZM,na,1,10,2,10_12,R,17,9.2,11:55,,
2019-Jul,2019-07-17,Boas_channel,ZM,na,1,12,2,12_14,R,8,8.7,11:55,,
2019-Jul,2019-07-17,Boas_channel,ZM,na,1,14,2,14_16,R,0,8.6,11:55,,
2019-Jul,2019-07-17,Boas_channel,ZM,na,1,16,2,16_18,R,7,7.8,11:55,,
2019-Jul,2019-07-17,Boas_channel,ZM,na,1,18,2,18_20,R,9,7.2,11:55,,
2019-Jul,2019-07-17,Boas_channel,ZM,na,1,20,2,20_22,R,1,7.8,11:55,,
2019-Jul,2019-07-17,Boas_channel,ZM,na,1,22,2,22_24,R,0,9,11:55,,
2019-Jul,2019-07-17,Boas_channel,ZM,na,1,24,2,24_26,R,0,8.5,11:55,,
2019-Jul,2019-07-17,Boas_channel,ZM,na,1,26,2,26_28,R,13,8.8,11:55,,
2019-Jul,2019-07-17,Boas_channel,ZM,na,1,28,2,28_30,R,14,8.7,12:03,,
2019-Jul,2019-07-17,Boas_channel,ZM,na,2,0,2,0_2,R,0,10.3,12:06,,
2019-Jul,2019-07-17,Boas_channel,ZM,na,2,2,2,2_4,R,1,9.3,12:06,,
2019-Jul,2019-07-17,Boas_channel,ZM,na,2,4,2,4_6,R,4,9.3,12:06,,
2019-Jul,2019-07-17,Boas_channel,ZM,na,2,6,2,6_8,R,1,9.2,12:06,,
2019-Jul,2019-07-17,Boas_channel,ZM,na,2,8,2,8_10,R,3,10.1,12:06,,
2019-Jul,2019-07-17,Boas_channel,ZM,na,2,10,2,10_12,R,1,10.6,12:06,,
2019-Jul,2019-07-17,Boas_channel,ZM,na,2,12,2,12_14,R,0,10.4,12:06,,
2019-Jul,2019-07-17,Boas_channel,ZM,na,2,14,2,14_16,R,2,11,12:06,,
2019-Jul,2019-07-17,Boas_channel,ZM,na,2,16,2,16_18,R,5,10,12:06,,
2019-Jul,2019-07-17,Boas_channel,ZM,na,2,18,2,18_20,R,3,10,12:10,,
2019-Jul,2019-07-17,Boas_channel,ZM,na,2,20,2,20_22,R,3,10.8,12:10,,
2019-Jul,2019-07-17,Boas_channel,ZM,na,2,22,2,22_24,R,0,10.8,12:10,,
2019-Jul,2019-07-17,Boas_channel,ZM,na,2,24,2,24_26,R,0,11.2,12:10,,
2019-Jul,2019-07-17,Boas_channel,ZM,na,2,26,2,26_28,R,0,11.1,12:12,,
2019-Jul,2019-07-17,Boas_channel,ZM,na,2,28,2,28_30,R,0,11.1,12:12,,
2019-Jul,2019-07-16,Choked_south,ZM,mid,3,0,2,0_2,L,0,5.5,11:08,survey performed on the 17th,
2019-Jul,2019-07-16,Choked_south,ZM,mid,3,2,2,2_4,L,4,5.5,11:08,survey performed on the 17th,
2019-Jul,2019-07-16,Choked_south,ZM,mid,3,4,2,4_6,L,8,5.3,11:08,survey performed on the 17th,
2019-Jul,2019-07-16,Choked_south,ZM,mid,3,6,2,6_8,L,4,5.5,11:08,survey performed on the 17th,
2019-Jul,2019-07-16,Choked_south,ZM,mid,3,8,2,8_10,L,4,5.7,11:08,survey performed on the 17th,
2019-Jul,2019-07-16,Choked_south,ZM,mid,3,10,2,10_12,L,5,5.6,11:08,survey performed on the 17th,
2019-Jul,2019-07-16,Choked_south,ZM,mid,3,12,2,12_14,L,0,5.3,11:08,survey performed on the 17th,
2019-Jul,2019-07-16,Choked_south,ZM,mid,3,14,2,14_16,L,17,4.6,11:08,survey performed on the 17th,
2019-Jul,2019-07-16,Choked_south,ZM,mid,3,16,2,16_18,L,0,4.7,11:08,survey performed on the 17th,
2019-Jul,2019-07-16,Choked_south,ZM,mid,3,18,2,18_20,L,9,5.3,11:08,survey performed on the 17th,
2019-Jul,2019-07-16,Choked_south,ZM,mid,3,20,2,20_22,L,4,5.1,11:08,survey performed on the 17th,
2019-Jul,2019-07-16,Choked_south,ZM,mid,3,22,2,22_24,L,3,5.3,11:08,survey performed on the 17th,
2019-Jul,2019-07-16,Choked_south,ZM,mid,3,24,2,24_26,L,3,5.1,11:08,survey performed on the 17th,
2019-Jul,2019-07-16,Choked_south,ZM,mid,3,26,2,26_28,L,10,5.1,11:15,survey performed on the 17th,
2019-Jul,2019-07-16,Choked_south,ZM,mid,3,28,2,28_30,L,1,5.7,11:16,survey performed on the 17th,
2019-Jul,2019-07-16,Choked_south,ZM,mid,3,30,2,30_32,L,7,5.7,11:16,survey performed on the 17th,
2019-Jul,2019-07-16,Choked_south,ZM,mid,3,32,2,32_34,L,2,5.2,11:16,survey performed on the 17th,
2019-Jul,2019-07-16,Choked_south,ZM,mid,3,34,2,34_36,L,2,4.8,11:16,survey performed on the 17th,
2019-Jul,2019-07-16,Choked_south,ZM,mid,3,36,2,36_38,L,1,5,11:16,survey performed on the 17th,
2019-Jul,2019-07-16,Choked_south,ZM,mid,3,38,2,38_40,L,7,5,11:16,survey performed on the 17th,
2019-Jul,2019-07-16,Choked_south,ZM,mid,3,40,2,40_42,L,5,5,11:16,survey performed on the 17th,
2019-Jul,2019-07-16,Choked_south,ZM,mid,3,42,2,42_44,L,7,5,11:16,survey performed on the 17th,
2019-Jul,2019-07-16,Choked_south,ZM,mid,3,44,2,44_46,L,7,5.2,11:16,survey performed on the 17th,
2019-Jul,2019-07-16,Choked_south,ZM,mid,3,46,2,46_48,L,0,4.9,11:16,survey performed on the 17th,
2019-Jul,2019-07-16,Choked_south,ZM,mid,3,48,2,48_50,L,8,4.8,11:16,survey performed on the 17th,
2019-Jul,2019-07-16,Choked_south,ZM,mid,3,50,2,50_52,L,13,4.6,11:16,survey performed on the 17th,
2019-Jul,2019-07-16,Choked_south,ZM,mid,3,52,2,52_54,L,1,4.4,11:16,survey performed on the 17th,
2019-Jul,2019-07-16,Choked_south,ZM,mid,3,54,2,54_56,L,1,4.5,11:23,survey performed on the 17th,
2019-Jul,2019-07-16,Choked_south,ZM,mid,3,56,2,56_58,L,2,4.4,11:23,survey performed on the 17th,
2019-Jul,2019-07-16,Choked_south,ZM,mid,3,58,2,58_60,L,2,4.2,11:24,survey performed on the 17th,
2019-Jul,2019-07-16,Choked_south,DVM,mid,3,0,2,0_2,R,4,5.2,11:05,survey performed on the 17th,
2019-Jul,2019-07-16,Choked_south,DVM,mid,3,2,2,2_4,R,9,5.2,11:05,survey performed on the 17th,
2019-Jul,2019-07-16,Choked_south,DVM,mid,3,4,2,4_6,R,9,5,11:06,survey performed on the 17th,
2019-Jul,2019-07-16,Choked_south,DVM,mid,3,6,2,6_8,R,11,4.5,11:08,survey performed on the 17th,
2019-Jul,2019-07-16,Choked_south,DVM,mid,3,8,2,8_10,R,0,4.6,11:08,survey performed on the 17th,
2019-Jul,2019-07-16,Choked_south,DVM,mid,3,10,2,10_12,R,0,4.6,11:08,survey performed on the 17th,
2019-Jul,2019-07-16,Choked_south,DVM,mid,3,12,2,12_14,R,17,4.5,11:08,survey performed on the 17th,
2019-Jul,2019-07-16,Choked_south,DVM,mid,3,14,2,14_16,R,16,4.6,11:09,survey performed on the 17th,
2019-Jul,2019-07-16,Choked_south,DVM,mid,3,16,2,16_18,R,8,4.5,11:10,survey performed on the 17th,
2019-Jul,2019-07-16,Choked_south,DVM,mid,3,18,2,18_20,R,0,4.5,11:10,survey performed on the 17th,
2019-Jul,2019-07-16,Choked_south,DVM,mid,3,20,2,20_22,R,11,4.2,11:11,survey performed on the 17th,
2019-Jul,2019-07-16,Choked_south,DVM,mid,3,22,2,22_24,R,0,4.2,11:11,survey performed on the 17th,
2019-Jul,2019-07-16,Choked_south,DVM,mid,3,24,2,24_26,R,8,4.5,11:12,survey performed on the 17th,
2019-Jul,2019-07-16,Choked_south,DVM,mid,3,26,2,26_28,R,0,4.2,11:13,survey performed on the 17th,
2019-Jul,2019-07-16,Choked_south,DVM,mid,3,28,2,28_30,R,0,4.2,11:13,survey performed on the 17th,
2019-Jul,2019-07-16,Choked_south,DVM,mid,3,30,2,30_32,R,0,4.5,11:14,survey performed on the 17th,
2019-Jul,2019-07-16,Choked_south,DVM,mid,3,32,2,32_34,R,4,4.3,11:15,survey performed on the 17th,
2019-Jul,2019-07-16,Choked_south,DVM,mid,3,34,2,34_36,R,3,4.2,11:15,survey performed on the 17th,
2019-Jul,2019-07-16,Choked_south,DVM,mid,3,36,2,36_38,R,1,4.2,11:16,survey performed on the 17th,
2019-Jul,2019-07-16,Choked_south,DVM,mid,3,38,2,38_40,R,14,4.2,11:17,survey performed on the 17th,
2019-Jul,2019-07-16,Choked_south,DVM,mid,3,40,2,40_42,R,3,4,11:17,survey performed on the 17th,
2019-Jul,2019-07-16,Choked_south,DVM,mid,3,42,2,42_44,R,2,4.4,11:18,survey performed on the 17th,
2019-Jul,2019-07-16,Choked_south,DVM,mid,3,44,2,44_46,R,11,3.9,11:18,survey performed on the 17th,
2019-Jul,2019-07-16,Choked_south,DVM,mid,3,46,2,46_48,R,8,4,11:19,survey performed on the 17th,
2019-Jul,2019-07-16,Choked_south,DVM,mid,3,48,2,48_50,R,4,3.7,11:20,survey performed on the 17th,
2019-Jul,2019-07-16,Choked_south,DVM,mid,3,50,2,50_52,R,7,4,11:20,survey performed on the 17th,
2019-Jul,2019-07-16,Choked_south,DVM,mid,3,52,2,52_54,R,2,4,11:20,survey performed on the 17th,
2019-Jul,2019-07-16,Choked_south,DVM,mid,3,54,2,54_56,R,8,3.7,11:20,survey performed on the 17th,
2019-Jul,2019-07-16,Choked_south,DVM,mid,3,56,2,56_58,R,1,3.7,11:21,survey performed on the 17th,
2019-Jul,2019-07-16,Choked_south,DVM,mid,3,58,2,58_60,R,7,3.4,11:22,survey performed on the 17th,
2019-Jul,2019-07-17,Starfish_fringe,DVM,deep,1,0,2,0_2,R,0,4.1,9:44,,
2019-Jul,2019-07-17,Starfish_fringe,DVM,deep,1,2,2,2_4,R,3,4.7,9:44,,
2019-Jul,2019-07-17,Starfish_fringe,DVM,deep,1,4,2,4_6,R,6,4.3,9:45,,
2019-Jul,2019-07-17,Starfish_fringe,DVM,deep,1,6,2,6_8,R,3,4.7,9:45,,
2019-Jul,2019-07-17,Starfish_fringe,DVM,deep,1,8,2,8_10,R,8,4.7,9:45,,
2019-Jul,2019-07-17,Starfish_fringe,DVM,deep,1,10,2,10_12,R,3,4.5,9:46,,
2019-Jul,2019-07-17,Starfish_fringe,DVM,deep,1,12,2,12_14,R,8,4.4,9:46,,
2019-Jul,2019-07-17,Starfish_fringe,DVM,deep,1,14,2,14_16,R,8,4.5,9:47,,
2019-Jul,2019-07-17,Starfish_fringe,DVM,deep,1,16,2,16_18,R,0,4.7,9:48,,
2019-Jul,2019-07-17,Starfish_fringe,DVM,deep,1,18,2,18_20,R,0,4.5,9:48,,
2019-Jul,2019-07-17,Starfish_fringe,DVM,deep,1,20,2,20_22,R,0,4.6,9:48,,
2019-Jul,2019-07-17,Starfish_fringe,DVM,deep,1,22,2,22_24,R,1,4.6,9:48,,
2019-Jul,2019-07-17,Starfish_fringe,DVM,deep,1,24,2,24_26,R,2,4.7,9:49,,
2019-Jul,2019-07-17,Starfish_fringe,DVM,deep,1,26,2,26_28,R,1,4.5,9:49,,
2019-Jul,2019-07-17,Starfish_fringe,DVM,deep,1,28,2,28_30,R,0,4.6,9:50,,
2019-Jul,2019-07-17,Starfish_fringe,DVM,deep,1,30,2,30_32,R,2,4.5,9:50,,
2019-Jul,2019-07-17,Starfish_fringe,DVM,deep,1,32,2,32_34,R,1,4.4,9:51,,
2019-Jul,2019-07-17,Starfish_fringe,DVM,deep,1,34,2,34_36,R,1,4.1,9:51,,
2019-Jul,2019-07-17,Starfish_fringe,DVM,deep,1,36,2,36_38,R,0,4.1,9:52,,
2019-Jul,2019-07-17,Starfish_fringe,DVM,deep,1,38,2,38_40,R,0,4.1,9:52,,
2019-Jul,2019-07-17,Starfish_fringe,DVM,deep,1,40,2,40_42,R,0,4.2,9:52,,
2019-Jul,2019-07-17,Starfish_fringe,ZM,deep,1,0,2,0_2,L,0,4.6,9:45,,
2019-Jul,2019-07-17,Starfish_fringe,ZM,deep,1,2,2,2_4,L,0,4.9,9:45,,
2019-Jul,2019-07-17,Starfish_fringe,ZM,deep,1,4,2,4_6,L,0,4.9,9:45,,
2019-Jul,2019-07-17,Starfish_fringe,ZM,deep,1,6,2,6_8,L,4,5.3,9:45,,
2019-Jul,2019-07-17,Starfish_fringe,ZM,deep,1,8,2,8_10,L,2,5.3,9:45,,
2019-Jul,2019-07-17,Starfish_fringe,ZM,deep,1,10,2,10_12,L,0,5.1,9:45,,
2019-Jul,2019-07-17,Starfish_fringe,ZM,deep,1,12,2,12_14,L,4,4.9,9:49,,
2019-Jul,2019-07-17,Starfish_fringe,ZM,deep,1,14,2,14_16,L,12,4.8,9:49,,
2019-Jul,2019-07-17,Starfish_fringe,ZM,deep,1,16,2,16_18,L,0,5.1,9:49,,
2019-Jul,2019-07-17,Starfish_fringe,ZM,deep,1,18,2,18_20,L,0,5.2,9:49,,
2019-Jul,2019-07-17,Starfish_fringe,ZM,deep,1,20,2,20_22,L,1,5,9:49,,
2019-Jul,2019-07-17,Starfish_fringe,ZM,deep,1,22,2,22_24,L,1,4.9,9:49,,
2019-Jul,2019-07-17,Starfish_fringe,ZM,deep,1,24,2,24_26,L,1,5.1,9:49,,
2019-Jul,2019-07-17,Starfish_fringe,ZM,deep,1,26,2,26_28,L,0,4.8,9:49,,
2019-Jul,2019-07-17,Starfish_fringe,ZM,deep,1,28,2,28_30,L,0,4.9,9:52,,
2019-Jul,2019-07-17,Starfish_fringe,ZM,deep,1,30,2,30_32,L,0,4,9:52,,
2019-Jul,2019-07-17,Starfish_fringe,ZM,deep,1,32,2,32_34,L,1,4.8,9:52,,
2019-Jul,2019-07-17,Starfish_fringe,ZM,deep,1,34,2,34_36,L,0,4.8,9:52,,
2019-Jul,2019-07-17,Starfish_fringe,ZM,deep,1,36,2,36_38,L,1,4.8,9:52,,
2019-Jul,2019-07-17,Starfish_fringe,ZM,deep,1,38,2,38_40,L,0,4.8,9:52,,
2019-Jul,2019-07-17,Starfish_fringe,ZM,deep,1,40,2,40_42,L,4,4.7,9:53,,
2019-Jul,2019-07-17,Starfish_fringe,DVM,shallow,2,0,2,0_2,R,13,1.9,10:09,,
2019-Jul,2019-07-17,Starfish_fringe,DVM,shallow,2,2,2,2_4,R,6,1.8,10:10,,
2019-Jul,2019-07-17,Starfish_fringe,DVM,shallow,2,4,2,4_6,R,0,1.6,10:10,,
2019-Jul,2019-07-17,Starfish_fringe,DVM,shallow,2,6,2,6_8,R,2,2.2,10:12,,
2019-Jul,2019-07-17,Starfish_fringe,DVM,shallow,2,8,2,8_10,R,0,2,10:12,,
2019-Jul,2019-07-17,Starfish_fringe,DVM,shallow,2,10,2,10_12,R,25,2,10:13,,
2019-Jul,2019-07-17,Starfish_fringe,DVM,shallow,2,12,2,12_14,R,0,2.1,10:13,,
2019-Jul,2019-07-17,Starfish_fringe,DVM,shallow,2,14,2,14_16,R,4,2.2,10:14,,
2019-Jul,2019-07-17,Starfish_fringe,DVM,shallow,2,16,2,16_18,R,5,1.5,10:14,,
2019-Jul,2019-07-17,Starfish_fringe,DVM,shallow,2,18,2,18_20,R,1,1.5,10:14,,
2019-Jul,2019-07-17,Starfish_fringe,DVM,shallow,2,20,2,20_22,R,2,1.5,10:15,,
2019-Jul,2019-07-17,Starfish_fringe,DVM,shallow,2,22,2,22_24,R,9,1.3,10:16,,
2019-Jul,2019-07-17,Starfish_fringe,DVM,shallow,2,24,2,24_26,R,28,1.3,10:17,,
2019-Jul,2019-07-17,Starfish_fringe,DVM,shallow,2,26,2,26_28,R,0,1.4,10:17,,
2019-Jul,2019-07-17,Starfish_fringe,DVM,shallow,2,28,2,28_30,R,0,1.4,10:17,,
2019-Jul,2019-07-17,Starfish_fringe,DVM,shallow,2,30,2,30_32,R,14,2.2,10:18,,
2019-Jul,2019-07-17,Starfish_fringe,DVM,shallow,2,32,2,32_34,R,38,2.7,10:19,,
2019-Jul,2019-07-17,Starfish_fringe,DVM,shallow,2,34,2,34_36,R,18,2.2,10:20,,
2019-Jul,2019-07-17,Starfish_fringe,DVM,shallow,2,36,2,36_38,R,0,2.2,10:20,,
2019-Jul,2019-07-17,Starfish_fringe,DVM,shallow,2,38,2,38_40,R,4,2.1,10:21,,
2019-Jul,2019-07-17,Starfish_fringe,DVM,shallow,2,40,2,40_42,R,10,1.7,10:22,,
2019-Jul,2019-07-17,Starfish_fringe,DVM,shallow,2,42,2,42_44,R,1,1.8,10:23,,
2019-Jul,2019-07-17,Starfish_fringe,DVM,shallow,2,44,2,44_46,R,12,1.5,10:23,,
2019-Jul,2019-07-17,Starfish_fringe,DVM,shallow,2,46,2,46_48,R,4,1.9,10:24,,
2019-Jul,2019-07-17,Starfish_fringe,DVM,shallow,2,48,2,48_50,R,0,1.8,10:24,,
2019-Jul,2019-07-17,Starfish_fringe,ZM,shallow,2,0,2,0_2,L,4,2.5,10:12,,
2019-Jul,2019-07-17,Starfish_fringe,DVM,shallow,2,2,2,2_4,L,3,1.8,10:12,,
2019-Jul,2019-07-17,Starfish_fringe,DVM,shallow,2,4,2,4_6,L,3,1.5,10:12,,
2019-Jul,2019-07-17,Starfish_fringe,DVM,shallow,2,6,2,6_8,L,0,2.6,10:12,,
2019-Jul,2019-07-17,Starfish_fringe,DVM,shallow,2,8,2,8_10,L,0,2.2,10:12,,
2019-Jul,2019-07-17,Starfish_fringe,DVM,shallow,2,10,2,10_12,L,18,2.3,10:12,,
2019-Jul,2019-07-17,Starfish_fringe,DVM,shallow,2,12,2,12_14,L,4,2.3,10:12,,
2019-Jul,2019-07-17,Starfish_fringe,DVM,shallow,2,14,2,14_16,L,1,2.3,10:12,,
2019-Jul,2019-07-17,Starfish_fringe,DVM,shallow,2,16,2,16_18,L,1,2.1,10:12,,
2019-Jul,2019-07-17,Starfish_fringe,DVM,shallow,2,18,2,18_20,L,0,1.6,10:12,,
2019-Jul,2019-07-17,Starfish_fringe,DVM,shallow,2,20,2,20_22,L,1,1.5,10:12,,
2019-Jul,2019-07-17,Starfish_fringe,DVM,shallow,2,22,2,22_24,L,0,1.5,10:12,,
2019-Jul,2019-07-17,Starfish_fringe,DVM,shallow,2,24,2,24_26,L,9,1.6,10:18,,
2019-Jul,2019-07-17,Starfish_fringe,DVM,shallow,2,26,2,26_28,L,0,1.5,10:18,,
2019-Jul,2019-07-17,Starfish_fringe,DVM,shallow,2,28,2,28_30,L,0,1.9,10:19,,
2019-Jul,2019-07-17,Starfish_fringe,DVM,shallow,2,30,2,30_32,L,2,2,10:20,,
2019-Jul,2019-07-17,Starfish_fringe,DVM,shallow,2,32,2,32_34,L,19,2.4,10:20,,
2019-Jul,2019-07-17,Starfish_fringe,DVM,shallow,2,34,2,34_36,L,16,2.4,10:20,,
2019-Jul,2019-07-17,Starfish_fringe,DVM,shallow,2,36,2,36_38,L,0,2.3,10:20,,
2019-Jul,2019-07-17,Starfish_fringe,DVM,shallow,2,38,2,38_40,L,2,2.3,10:20,,
2019-Jul,2019-07-17,Starfish_fringe,DVM,shallow,2,40,2,40_42,L,9,1.8,10:20,,
2019-Jul,2019-07-17,Starfish_fringe,DVM,shallow,2,42,2,42_44,L,2,2.1,10:25,,
2019-Jul,2019-07-17,Starfish_fringe,DVM,shallow,2,44,2,44_46,L,16,1.7,10:25,,
2019-Jul,2019-07-17,Starfish_fringe,DVM,shallow,2,46,2,46_48,L,4,1.4,10:25,,
2019-Jul,2019-07-17,Starfish_fringe,DVM,shallow,2,48,2,48_50,L,0,2,10:27,,
2019-Jul,2019-07-18,Odlum,DVM,deep,1,0,2,0_2,R,6,6.7,10:19,,
2019-Jul,2019-07-18,Odlum,DVM,deep,1,2,2,2_4,R,4,5.6,10:19,,
2019-Jul,2019-07-18,Odlum,DVM,deep,1,4,2,4_6,R,12,4.8,10:19,,
2019-Jul,2019-07-18,Odlum,DVM,deep,1,6,2,6_8,R,8,4.2,10:19,,
2019-Jul,2019-07-18,Odlum,DVM,deep,1,8,2,8_10,R,9,4,10:19,,
2019-Jul,2019-07-18,Odlum,DVM,deep,1,10,2,10_12,R,5,4.4,10:19,,
2019-Jul,2019-07-18,Odlum,DVM,deep,1,12,2,12_14,R,2,4.2,10:19,,
2019-Jul,2019-07-18,Odlum,DVM,deep,1,14,2,14_16,R,10,4.2,10:19,,
2019-Jul,2019-07-18,Odlum,DVM,deep,1,16,2,16_18,R,2,4.1,10:19,,
2019-Jul,2019-07-18,Odlum,DVM,deep,1,18,2,18_20,R,4,4.1,10:19,,
2019-Jul,2019-07-18,Odlum,DVM,deep,1,20,2,20_22,R,5,4.4,10:19,,
2019-Jul,2019-07-18,Odlum,DVM,deep,1,22,2,22_24,R,7,4.6,10:19,,
2019-Jul,2019-07-18,Odlum,DVM,deep,1,24,2,24_26,R,4,4.7,10:19,,
2019-Jul,2019-07-18,Odlum,DVM,deep,1,26,2,26_28,R,2,4.8,10:19,,
2019-Jul,2019-07-18,Odlum,DVM,deep,1,28,2,28_30,R,2,4.9,10:24,,
2019-Jul,2019-07-18,Odlum,KH,deep,1,0,2,0_2,L,0,6.7,10:20,,
2019-Jul,2019-07-18,Odlum,KH,deep,1,2,2,2_4,L,4,6,10:21,,
2019-Jul,2019-07-18,Odlum,KH,deep,1,4,2,4_6,L,8,5.4,10:21,,
2019-Jul,2019-07-18,Odlum,KH,deep,1,6,2,6_8,L,6,4.9,10:21,,
2019-Jul,2019-07-18,Odlum,KH,deep,1,8,2,8_10,L,7,4,10:23,,
2019-Jul,2019-07-18,Odlum,KH,deep,1,10,2,10_12,L,16,3.3,10:23,,
2019-Jul,2019-07-18,Odlum,KH,deep,1,12,2,12_14,L,16,3.6,10:23,,
2019-Jul,2019-07-18,Odlum,KH,deep,1,14,2,14_16,L,8,4,10:25,,
2019-Jul,2019-07-18,Odlum,KH,deep,1,16,2,16_18,L,10,4.1,10:25,,
2019-Jul,2019-07-18,Odlum,KH,deep,1,18,2,18_20,L,1,4.2,10:25,,
2019-Jul,2019-07-18,Odlum,KH,deep,1,20,2,20_22,L,2,4.3,10:25,,
2019-Jul,2019-07-18,Odlum,KH,deep,1,22,2,22_24,L,2,4.3,10:25,,
2019-Jul,2019-07-18,Odlum,KH,deep,1,24,2,24_26,L,8,4.8,10:26,,
2019-Jul,2019-07-18,Odlum,KH,deep,1,26,2,26_28,L,2,4.8,10:26,,
2019-Jul,2019-07-18,Odlum,KH,deep,1,28,2,28_30,L,15,4.8,10:27,,
2019-Jul,2019-07-18,Odlum,DVM,shallow,2,0,2,0_2,R,11,3.1,10:29,,
2019-Jul,2019-07-18,Odlum,DVM,shallow,2,2,2,2_4,R,13,2.4,10:30,,
2019-Jul,2019-07-18,Odlum,DVM,shallow,2,4,2,4_6,R,10,1.8,10:31,,
2019-Jul,2019-07-18,Odlum,DVM,shallow,2,6,2,6_8,R,19,1.6,10:31,,
2019-Jul,2019-07-18,Odlum,DVM,shallow,2,8,2,8_10,R,8,1.5,10:32,,
2019-Jul,2019-07-18,Odlum,DVM,shallow,2,10,2,10_12,R,10,1.4,10:33,,
2019-Jul,2019-07-18,Odlum,DVM,shallow,2,12,2,12_14,R,27,1.7,10:34,,
2019-Jul,2019-07-18,Odlum,DVM,shallow,2,14,2,14_16,R,33,2.6,10:35,,
2019-Jul,2019-07-18,Odlum,DVM,shallow,2,16,2,16_18,R,18,3.5,10:36,,
2019-Jul,2019-07-18,Odlum,DVM,shallow,2,18,2,18_20,R,6,4,10:36,,
2019-Jul,2019-07-18,Odlum,DVM,shallow,2,20,2,20_22,R,10,4.3,10:36,,
2019-Jul,2019-07-18,Odlum,KH,shallow,2,0,2,0_2,L,13,2.5,10:29,,
2019-Jul,2019-07-18,Odlum,KH,shallow,2,2,2,2_4,L,18,2.3,10:30,,
2019-Jul,2019-07-18,Odlum,KH,shallow,2,4,2,4_6,L,20,1.8,10:31,,
2019-Jul,2019-07-18,Odlum,KH,shallow,2,6,2,6_8,L,7,1.9,10:31,,
2019-Jul,2019-07-18,Odlum,KH,shallow,2,8,2,8_10,L,9,2,10:32,,
2019-Jul,2019-07-18,Odlum,KH,shallow,2,10,2,10_12,L,9,1.4,10:33,,
2019-Jul,2019-07-18,Odlum,KH,shallow,2,12,2,12_14,L,17,1.5,10:34,,
2019-Jul,2019-07-18,Odlum,KH,shallow,2,14,2,14_16,L,27,1.6,10:35,,
2019-Jul,2019-07-18,Odlum,KH,shallow,2,16,2,16_18,L,14,2.3,10:36,,
2019-Jul,2019-07-18,Odlum,KH,shallow,2,18,2,18_20,L,10,3.1,10:36,,
2019-Jul,2019-07-18,Odlum,KH,shallow,2,20,2,20_22,L,9,3.3,10:36,,
2019-Jul,2019-07-18,Boas_fringe,DVM,deep,1,0,2,0_2,R,9,5.6,11:50,,
2019-Jul,2019-07-18,Boas_fringe,DVM,deep,1,2,2,2_4,R,12,4.6,11:50,,
2019-Jul,2019-07-18,Boas_fringe,DVM,deep,1,4,2,4_6,R,9,4.4,11:50,,
2019-Jul,2019-07-18,Boas_fringe,DVM,deep,1,6,2,6_8,R,26,3.9,11:50,,
2019-Jul,2019-07-18,Boas_fringe,DVM,deep,1,8,2,8_10,R,7,4.2,11:50,,
2019-Jul,2019-07-18,Boas_fringe,DVM,deep,1,10,2,10_12,R,3,4.4,11:53,,
2019-Jul,2019-07-18,Boas_fringe,DVM,deep,1,12,2,12_14,R,4,4.2,11:53,,
2019-Jul,2019-07-18,Boas_fringe,DVM,deep,1,14,2,14_16,R,37,3.9,11:53,,
2019-Jul,2019-07-18,Boas_fringe,DVM,deep,1,16,2,16_18,R,27,4,11:53,,
2019-Jul,2019-07-18,Boas_fringe,DVM,deep,1,18,2,18_20,R,7,4.1,11:53,,
2019-Jul,2019-07-18,Boas_fringe,DVM,deep,1,20,2,20_22,R,5,4.4,11:53,,
2019-Jul,2019-07-18,Boas_fringe,DVM,deep,1,22,2,22_24,R,10,4.2,11:53,,
2019-Jul,2019-07-18,Boas_fringe,DVM,deep,1,24,2,24_26,R,13,4.3,11:53,,
2019-Jul,2019-07-18,Boas_fringe,DVM,deep,1,26,2,26_28,R,10,4.3,11:53,,
2019-Jul,2019-07-18,Boas_fringe,DVM,deep,1,28,2,28_30,R,1,4.4,11:56,,
2019-Jul,2019-07-18,Boas_fringe,KH,deep,1,0,2,0_2,L,7,5.7,11:49,,
2019-Jul,2019-07-18,Boas_fringe,KH,deep,1,2,2,2_4,L,5,4.6,11:49,,
2019-Jul,2019-07-18,Boas_fringe,KH,deep,1,4,2,4_6,L,26,4.6,11:49,,
2019-Jul,2019-07-18,Boas_fringe,KH,deep,1,6,2,6_8,L,7,4.6,11:49,,
2019-Jul,2019-07-18,Boas_fringe,KH,deep,1,8,2,8_10,L,9,4.1,11:54,,
2019-Jul,2019-07-18,Boas_fringe,KH,deep,1,10,2,10_12,L,10,4.2,11:55,,
2019-Jul,2019-07-18,Boas_fringe,KH,deep,1,12,2,12_14,L,25,4,11:55,,
2019-Jul,2019-07-18,Boas_fringe,KH,deep,1,14,2,14_16,L,12,4.2,11:55,,
2019-Jul,2019-07-18,Boas_fringe,KH,deep,1,16,2,16_18,L,17,4,11:57,,
2019-Jul,2019-07-18,Boas_fringe,KH,deep,1,18,2,18_20,L,11,4,11:57,,
2019-Jul,2019-07-18,Boas_fringe,KH,deep,1,20,2,20_22,L,14,4.1,11:58,,
2019-Jul,2019-07-18,Boas_fringe,KH,deep,1,22,2,22_24,L,11,4.2,11:58,,
2019-Jul,2019-07-18,Boas_fringe,KH,deep,1,24,2,24_26,L,24,4.2,11:58,,
2019-Jul,2019-07-18,Boas_fringe,KH,deep,1,26,2,26_28,L,7,4.6,11:58,,
2019-Jul,2019-07-18,Boas_fringe,KH,deep,1,28,2,28_30,L,2,4.6,11:58,,
2019-Jul,2019-07-18,Boas_fringe,DVM,shallow,2,0,2,0_2,R,20,2.2,12:06,,
2019-Jul,2019-07-18,Boas_fringe,DVM,shallow,2,2,2,2_4,R,24,1.9,12:06,,
2019-Jul,2019-07-18,Boas_fringe,DVM,shallow,2,4,2,4_6,R,3,2,12:06,,
2019-Jul,2019-07-18,Boas_fringe,DVM,shallow,2,6,2,6_8,R,17,2,12:06,,
2019-Jul,2019-07-18,Boas_fringe,DVM,shallow,2,8,2,8_10,R,36,2.1,12:10,,
2019-Jul,2019-07-18,Boas_fringe,DVM,shallow,2,10,2,10_12,R,16,2,12:10,,
2019-Jul,2019-07-18,Boas_fringe,DVM,shallow,2,12,2,12_14,R,19,1.8,12:10,,
2019-Jul,2019-07-18,Boas_fringe,DVM,shallow,2,14,2,14_16,R,32,1.6,12:10,,
2019-Jul,2019-07-18,Boas_fringe,DVM,shallow,2,16,2,16_18,R,33,1.7,12:10,,
2019-Jul,2019-07-18,Boas_fringe,DVM,shallow,2,18,2,18_20,R,10,1.8,12:12,,
2019-Jul,2019-07-18,Boas_fringe,DVM,shallow,2,20,2,20_22,R,22,1.8,12:12,,
2019-Jul,2019-07-18,Boas_fringe,DVM,shallow,2,22,2,22_24,R,13,1.8,12:12,,
2019-Jul,2019-07-18,Boas_fringe,DVM,shallow,2,24,2,24_26,R,3,2.4,12:12,,
2019-Jul,2019-07-18,Boas_fringe,DVM,shallow,2,26,2,26_28,R,1,2.5,12:12,,
2019-Jul,2019-07-18,Boas_fringe,DVM,shallow,2,28,2,28_30,R,1,2.6,12:14,,
2019-Jul,2019-07-18,Boas_fringe,KH,shallow,2,0,2,0_2,L,16,2.8,12:08,,
2019-Jul,2019-07-18,Boas_fringe,KH,shallow,2,2,2,2_4,L,10,2.7,12:09,,
2019-Jul,2019-07-18,Boas_fringe,KH,shallow,2,4,2,4_6,L,3,2.5,12:10,,
2019-Jul,2019-07-18,Boas_fringe,KH,shallow,2,6,2,6_8,L,9,2.5,12:11,,
2019-Jul,2019-07-18,Boas_fringe,KH,shallow,2,8,2,8_10,L,1,2.4,12:11,,
2019-Jul,2019-07-18,Boas_fringe,KH,shallow,2,10,2,10_12,L,8,2.2,12:11,,
2019-Jul,2019-07-18,Boas_fringe,KH,shallow,2,12,2,12_14,L,26,2.5,12:12,,
2019-Jul,2019-07-18,Boas_fringe,KH,shallow,2,14,2,14_16,L,19,2.2,12:13,,
2019-Jul,2019-07-18,Boas_fringe,KH,shallow,2,16,2,16_18,L,5,2.5,12:14,,
2019-Jul,2019-07-18,Boas_fringe,KH,shallow,2,18,2,18_20,L,1,2.5,12:14,,
2019-Jul,2019-07-18,Boas_fringe,KH,shallow,2,20,2,20_22,L,33,2.3,12:16,,
2019-Jul,2019-07-18,Boas_fringe,KH,shallow,2,22,2,22_24,L,13,2.5,12:17,,
2019-Jul,2019-07-18,Boas_fringe,KH,shallow,2,24,2,24_26,L,1,2.7,12:17,,
2019-Jul,2019-07-18,Boas_fringe,KH,shallow,2,26,2,26_28,L,0,3,12:18,,
2019-Jul,2019-07-18,Boas_fringe,KH,shallow,2,28,2,28_30,L,0,3,12:18,,
2019-Jul,2019-07-21,Stirling,HS,na,1,0,2,0_2,L,2,1.5,9:18,,
2019-Jul,2019-07-21,Stirling,HS,na,1,2,2,2_4,L,2,1.5,9:18,,
2019-Jul,2019-07-21,Stirling,HS,na,1,4,2,4_6,L,1,1.5,9:18,,
2019-Jul,2019-07-21,Stirling,HS,na,1,6,2,6_8,L,2,1.2,9:18,,
2019-Jul,2019-07-21,Stirling,HS,na,1,8,2,8_10,L,0,1,9:18,,
2019-Jul,2019-07-21,Stirling,HS,na,1,10,2,10_12,L,11,1.4,9:20,,
2019-Jul,2019-07-21,Stirling,HS,na,1,12,2,12_14,L,2,1.4,9:20,,
2019-Jul,2019-07-21,Stirling,HS,na,1,14,2,14_16,L,3,1.2,9:20,,
2019-Jul,2019-07-21,Stirling,HS,na,1,16,2,16_18,L,1,1.5,9:20,,
2019-Jul,2019-07-21,Stirling,HS,na,1,18,2,18_20,L,2,2,9:20,,
2019-Jul,2019-07-21,Stirling,HS,na,1,20,2,20_22,L,5,1.5,9:20,,
2019-Jul,2019-07-21,Stirling,HS,na,1,22,2,22_24,L,5,1.5,9:23,,
2019-Jul,2019-07-21,Stirling,HS,na,1,24,2,24_26,L,7,1.4,9:23,,
2019-Jul,2019-07-21,Stirling,HS,na,1,26,2,26_28,L,1,1.6,9:23,,
2019-Jul,2019-07-21,Stirling,HS,na,1,28,2,28_30,L,13,1.8,9:23,,
2019-Jul,2019-07-21,Stirling,HS,na,1,30,2,30_32,L,22,2,9:24,,
2019-Jul,2019-07-21,Stirling,HS,na,1,32,2,32_34,L,10,1.8,9:24,,
2019-Jul,2019-07-21,Stirling,HS,na,1,34,2,34_36,L,6,1.8,9:24,,
2019-Jul,2019-07-21,Stirling,HS,na,1,36,2,36_38,L,3,2,9:26,,
2019-Jul,2019-07-21,Stirling,HS,na,1,38,2,38_40,L,8,2,9:26,,
2019-Jul,2019-07-21,Stirling,HS,na,1,40,2,40_42,L,9,2,9:26,,
2019-Jul,2019-07-21,Stirling,HS,na,1,42,2,42_44,L,27,1.4,9:26,,
2019-Jul,2019-07-21,Stirling,HS,na,1,44,2,44_46,L,22,2,9:26,,
2019-Jul,2019-07-21,Stirling,HS,na,1,46,2,46_48,L,12,1.8,9:26,,
2019-Jul,2019-07-21,Stirling,HS,na,1,48,2,48_50,L,2,1.5,9:30,,
2019-Jul,2019-07-21,Stirling,HS,na,1,50,2,50_52,L,0,1,9:30,,
2019-Jul,2019-07-21,Stirling,HS,na,1,52,2,52_54,L,8,1,9:30,,
2019-Jul,2019-07-21,Stirling,HS,na,1,54,2,54_56,L,6,1.8,9:30,,
2019-Jul,2019-07-21,Stirling,HS,na,1,56,2,56_58,L,16,2,9:30,,
2019-Jul,2019-07-21,Stirling,HS,na,1,58,2,58_60,L,1,2,9:30,,
2019-Jul,2019-07-21,Breaker,HS,na,1,0,2,0_2,L,90,3.6,10:24,"*not permanent plot, 2 30m transect tape surveys where permanent plot was installed the year after",
2019-Jul,2019-07-21,Breaker,HS,na,1,2,2,2_4,L,6,3.2,10:26,,
2019-Jul,2019-07-21,Breaker,HS,na,1,4,2,4_6,L,26,2.8,10:26,,
2019-Jul,2019-07-21,Breaker,HS,na,1,6,2,6_8,L,32,2.8,10:26,,
2019-Jul,2019-07-21,Breaker,HS,na,1,8,2,8_10,L,6,2.8,10:26,,
2019-Jul,2019-07-21,Breaker,HS,na,1,10,2,10_12,L,24,2.8,10:26,,
2019-Jul,2019-07-21,Breaker,HS,na,1,12,2,12_14,L,5,2.8,10:26,,
2019-Jul,2019-07-21,Breaker,HS,na,1,14,2,14_16,L,0,2.8,10:26,,
2019-Jul,2019-07-21,Breaker,HS,na,1,16,2,16_18,L,21,2.4,10:26,,
2019-Jul,2019-07-21,Breaker,HS,na,1,18,2,18_20,L,16,2,10:26,,
2019-Jul,2019-07-21,Breaker,HS,na,1,20,2,20_22,L,0,2,10:26,,
2019-Jul,2019-07-21,Breaker,HS,na,1,22,2,22_24,L,31,2,10:26,,
2019-Jul,2019-07-21,Breaker,HS,na,1,24,2,24_26,L,45,2.3,10:26,,
2019-Jul,2019-07-21,Breaker,HS,na,1,26,2,26_28,L,0,3,10:26,,
2019-Jul,2019-07-21,Breaker,HS,na,1,28,2,28_30,L,91,2.5,10:26,,
2019-Jul,2019-07-21,Breaker,HS,na,2,0,2,0_2,L,2,2.2,10:39,"*not permanent plot, 2 30m transect tape surveys where permanent plot was installed the year after",
2019-Jul,2019-07-21,Breaker,HS,na,2,2,2,2_4,L,32,2,10:39,,
2019-Jul,2019-07-21,Breaker,HS,na,2,4,2,4_6,L,18,2.2,10:39,,
2019-Jul,2019-07-21,Breaker,HS,na,2,6,2,6_8,L,4,2.3,10:39,,
2019-Jul,2019-07-21,Breaker,HS,na,2,8,2,8_10,L,1,2.6,10:42,,
2019-Jul,2019-07-21,Breaker,HS,na,2,10,2,10_12,L,0,2.6,10:42,,
2019-Jul,2019-07-21,Breaker,HS,na,2,12,2,12_14,L,29,2.8,10:42,,
2019-Jul,2019-07-21,Breaker,HS,na,2,14,2,14_16,L,4,2.6,10:44,,
2019-Jul,2019-07-21,Breaker,HS,na,2,16,2,16_18,L,7,2.4,10:45,,
2019-Jul,2019-07-21,Breaker,HS,na,2,18,2,18_20,L,21,2.4,10:45,,
2019-Jul,2019-07-21,Breaker,HS,na,2,20,2,20_22,L,0,2.8,10:45,,
2019-Jul,2019-07-21,Breaker,HS,na,2,22,2,22_24,L,13,3.5,10:45,,
2019-Jul,2019-07-21,Breaker,HS,na,2,24,2,24_26,L,21,3,10:45,,
2019-Jul,2019-07-21,Breaker,HS,na,2,26,2,26_28,L,15,2.9,10:45,,
2019-Jul,2019-07-21,Breaker,HS,na,2,28,2,28_30,L,20,2.5,10:45,,
2019-Jul,2019-07-21,Stirling,DVM,na,1,0,2,0_2,R,6,1.5,9:19,,
2019-Jul,2019-07-21,Stirling,DVM,na,1,2,2,2_4,R,1,1.3,9:19,,
2019-Jul,2019-07-21,Stirling,DVM,na,1,4,2,4_6,R,4,1.3,9:19,,
2019-Jul,2019-07-21,Stirling,DVM,na,1,6,2,6_8,R,10,1.4,9:19,,
2019-Jul,2019-07-21,Stirling,DVM,na,1,8,2,8_10,R,0,1.4,9:19,,
2019-Jul,2019-07-21,Stirling,DVM,na,1,10,2,10_12,R,10,1.5,9:21,,
2019-Jul,2019-07-21,Stirling,DVM,na,1,12,2,12_14,R,4,1.6,9:21,,
2019-Jul,2019-07-21,Stirling,DVM,na,1,14,2,14_16,R,6,1.4,9:21,,
2019-Jul,2019-07-21,Stirling,DVM,na,1,16,2,16_18,R,17,1.2,9:21,,
2019-Jul,2019-07-21,Stirling,DVM,na,1,18,2,18_20,R,0,1.5,9:21,,
2019-Jul,2019-07-21,Stirling,DVM,na,1,20,2,20_22,R,7,1.4,9:22,,
2019-Jul,2019-07-21,Stirling,DVM,na,1,22,2,22_24,R,8,1.6,9:22,,
2019-Jul,2019-07-21,Stirling,DVM,na,1,24,2,24_26,R,25,1.3,9:22,,
2019-Jul,2019-07-21,Stirling,DVM,na,1,26,2,26_28,R,2,1.6,9:22,,
2019-Jul,2019-07-21,Stirling,DVM,na,1,28,2,28_30,R,5,1.6,9:25,,
2019-Jul,2019-07-21,Stirling,DVM,na,1,30,2,30_32,R,3,2.2,9:25,,
2019-Jul,2019-07-21,Stirling,DVM,na,1,32,2,32_34,R,3,1.9,9:25,,
2019-Jul,2019-07-21,Stirling,DVM,na,1,34,2,34_36,R,16,1.8,9:25,,
2019-Jul,2019-07-21,Stirling,DVM,na,1,36,2,36_38,R,3,1.7,9:25,,
2019-Jul,2019-07-21,Stirling,DVM,na,1,38,2,38_40,R,2,1.7,9:25,,
2019-Jul,2019-07-21,Stirling,DVM,na,1,40,2,40_42,R,1,1.9,9:28,,
2019-Jul,2019-07-21,Stirling,DVM,na,1,42,2,42_44,R,5,1.6,9:28,,
2019-Jul,2019-07-21,Stirling,DVM,na,1,44,2,44_46,R,6,1.6,9:28,,
2019-Jul,2019-07-21,Stirling,DVM,na,1,46,2,46_48,R,11,1.4,9:28,,
2019-Jul,2019-07-21,Stirling,DVM,na,1,48,2,48_50,R,5,1.4,9:30,,
2019-Jul,2019-07-21,Stirling,DVM,na,1,50,2,50_52,R,7,1.4,9:30,,
2019-Jul,2019-07-21,Stirling,DVM,na,1,52,2,52_54,R,0,1,9:30,,
2019-Jul,2019-07-21,Stirling,DVM,na,1,54,2,54_56,R,3,1.2,9:30,,
2019-Jul,2019-07-21,Stirling,DVM,na,1,56,2,56_58,R,11,1.5,9:30,,
2019-Jul,2019-07-21,Stirling,DVM,na,1,58,2,58_60,R,2,1.8,9:33,,
2019-Jul,2019-07-21,Breaker,DVM,na,1,0,2,0_2,R,13,3.8,10:24,"*not permanent plot, 2 30m transect tape surveys where permanent plot was installed the year after",
2019-Jul,2019-07-21,Breaker,DVM,na,1,2,2,2_4,R,23,3.6,10:24,,
2019-Jul,2019-07-21,Breaker,DVM,na,1,4,2,4_6,R,14,3.1,10:24,,
2019-Jul,2019-07-21,Breaker,DVM,na,1,6,2,6_8,R,2,3,10:28,,
2019-Jul,2019-07-21,Breaker,DVM,na,1,8,2,8_10,R,0,3,10:28,,
2019-Jul,2019-07-21,Breaker,DVM,na,1,10,2,10_12,R,7,3.1,10:28,,
2019-Jul,2019-07-21,Breaker,DVM,na,1,12,2,12_14,R,0,2.8,10:28,,
2019-Jul,2019-07-21,Breaker,DVM,na,1,14,2,14_16,R,17,2.8,10:28,,
2019-Jul,2019-07-21,Breaker,DVM,na,1,16,2,16_18,R,13,3.1,10:28,,
2019-Jul,2019-07-21,Breaker,DVM,na,1,18,2,18_20,R,11,2.4,10:28,,
2019-Jul,2019-07-21,Breaker,DVM,na,1,20,2,20_22,R,14,1.7,10:28,,
2019-Jul,2019-07-21,Breaker,DVM,na,1,22,2,22_24,R,13,1.8,10:28,,
2019-Jul,2019-07-21,Breaker,DVM,na,1,24,2,24_26,R,13,2.6,10:28,,
2019-Jul,2019-07-21,Breaker,DVM,na,1,26,2,26_28,R,0,2.3,10:28,,
2019-Jul,2019-07-21,Breaker,DVM,na,1,28,2,28_30,R,39,2.7,10:36,,
2019-Jul,2019-07-21,Breaker,DVM,na,2,0,2,0_2,R,9,2,10:40,"*not permanent plot, 2 30m transect tape surveys where permanent plot was installed the year after",
2019-Jul,2019-07-21,Breaker,DVM,na,2,2,2,2_4,R,27,2,10:40,,
2019-Jul,2019-07-21,Breaker,DVM,na,2,4,2,4_6,R,8,2,10:40,,
2019-Jul,2019-07-21,Breaker,DVM,na,2,6,2,6_8,R,9,2,10:40,,
2019-Jul,2019-07-21,Breaker,DVM,na,2,8,2,8_10,R,0,2.4,10:40,,
2019-Jul,2019-07-21,Breaker,DVM,na,2,10,2,10_12,R,0,2.4,10:43,,
2019-Jul,2019-07-21,Breaker,DVM,na,2,12,2,12_14,R,1,2.4,10:43,,
2019-Jul,2019-07-21,Breaker,DVM,na,2,14,2,14_16,R,36,2.6,10:43,,
2019-Jul,2019-07-21,Breaker,DVM,na,2,16,2,16_18,R,0,2.8,10:43,,
2019-Jul,2019-07-21,Breaker,DVM,na,2,18,2,18_20,R,29,2.7,10:43,,
2019-Jul,2019-07-21,Breaker,DVM,na,2,20,2,20_22,R,36,2.6,10:43,,
2019-Jul,2019-07-21,Breaker,DVM,na,2,22,2,22_24,R,8,2.6,10:45,,
2019-Jul,2019-07-21,Breaker,DVM,na,2,24,2,24_26,R,3,2.6,10:45,,
2019-Jul,2019-07-21,Breaker,DVM,na,2,26,2,26_28,R,12,2.6,10:45,,
2019-Jul,2019-07-21,Breaker,DVM,na,2,28,2,28_30,R,4,2.7,10:45,,
2019-Jul,2019-07-21,Adam_rock,DVM,na,1,0,2,0_2,R,0,5.5,13:03,,
2019-Jul,2019-07-21,Adam_rock,DVM,na,1,2,2,2_4,R,47,4.6,13:03,,
2019-Jul,2019-07-21,Adam_rock,DVM,na,1,4,2,4_6,R,3,3.8,13:03,,
2019-Jul,2019-07-21,Adam_rock,DVM,na,1,6,2,6_8,R,7,3.8,13:03,,
2019-Jul,2019-07-21,Adam_rock,DVM,na,1,8,2,8_10,R,5,3.7,13:03,,
2019-Jul,2019-07-21,Adam_rock,DVM,na,1,10,2,10_12,R,28,3.8,13:03,,
2019-Jul,2019-07-21,Adam_rock,DVM,na,1,12,2,12_14,R,0,3.3,13:03,,
2019-Jul,2019-07-21,Adam_rock,DVM,na,1,14,2,14_16,R,6,3.3,13:08,,
2019-Jul,2019-07-21,Adam_rock,DVM,na,1,16,2,16_18,R,2,3,13:08,,
2019-Jul,2019-07-21,Adam_rock,DVM,na,1,18,2,18_20,R,14,2.6,13:08,,
2019-Jul,2019-07-21,Adam_rock,DVM,na,1,20,2,20_22,R,30,2.2,13:08,,
2019-Jul,2019-07-21,Adam_rock,DVM,na,1,22,2,22_24,R,10,2,13:10,,
2019-Jul,2019-07-21,Adam_rock,DVM,na,1,24,2,24_26,R,6,1.9,13:10,,
2019-Jul,2019-07-21,Adam_rock,DVM,na,1,26,2,26_28,R,1,2.2,13:10,,
2019-Jul,2019-07-21,Adam_rock,DVM,na,1,28,2,28_30,R,12,2.4,13:12,,
2019-Jul,2019-07-21,Adam_rock,DVM,na,1,30,2,30_32,R,6,2,13:13,,
2019-Jul,2019-07-21,Adam_rock,DVM,na,1,32,2,32_34,R,8,2,13:13,,
2019-Jul,2019-07-21,Adam_rock,DVM,na,1,34,2,34_36,R,1,2,13:13,,
2019-Jul,2019-07-21,Adam_rock,DVM,na,1,36,2,36_38,R,0,1.3,13:13,,
2019-Jul,2019-07-21,Adam_rock,DVM,na,1,38,2,38_40,R,9,1.4,13:15,,
2019-Jul,2019-07-21,Adam_rock,DVM,na,1,40,2,40_42,R,8,1.3,13:15,,
2019-Jul,2019-07-21,Adam_rock,DVM,na,1,42,2,42_44,R,12,1.6,13:15,,
2019-Jul,2019-07-21,Adam_rock,DVM,na,1,44,2,44_46,R,13,1.9,13:15,,
2019-Jul,2019-07-21,Adam_rock,HS,na,1,0,2,0_2,L,1,5.5,13:02,,
2019-Jul,2019-07-21,Adam_rock,HS,na,1,2,2,2_4,L,3,4.8,13:03,,
2019-Jul,2019-07-21,Adam_rock,HS,na,1,4,2,4_6,L,13,4,13:03,,
2019-Jul,2019-07-21,Adam_rock,HS,na,1,6,2,6_8,L,19,3.9,13:05,,
2019-Jul,2019-07-21,Adam_rock,HS,na,1,8,2,8_10,L,44,4.1,13:05,,
2019-Jul,2019-07-21,Adam_rock,HS,na,1,10,2,10_12,L,21,3.7,13:05,,
2019-Jul,2019-07-21,Adam_rock,HS,na,1,12,2,12_14,L,11,3.5,13:05,,
2019-Jul,2019-07-21,Adam_rock,HS,na,1,14,2,14_16,L,21,3,13:05,,
2019-Jul,2019-07-21,Adam_rock,HS,na,1,16,2,16_18,L,10,2.9,13:05,,
2019-Jul,2019-07-21,Adam_rock,HS,na,1,18,2,18_20,L,13,2.2,13:05,,
2019-Jul,2019-07-21,Adam_rock,HS,na,1,20,2,20_22,L,19,2.1,13:05,,
2019-Jul,2019-07-21,Adam_rock,HS,na,1,22,2,22_24,L,14,2.1,13:10,,
2019-Jul,2019-07-21,Adam_rock,HS,na,1,24,2,24_26,L,3,2.7,13:10,,
2019-Jul,2019-07-21,Adam_rock,HS,na,1,26,2,26_28,L,2,2.8,13:10,,
2019-Jul,2019-07-21,Adam_rock,HS,na,1,28,2,28_30,L,0,2.9,13:10,,
2019-Jul,2019-07-21,Adam_rock,HS,na,1,30,2,30_32,L,0,2.9,13:11,,
2019-Jul,2019-07-21,Adam_rock,HS,na,1,32,2,32_34,L,9,2.7,13:11,,
2019-Jul,2019-07-21,Adam_rock,HS,na,1,34,2,34_36,L,7,1.9,13:11,,
2019-Jul,2019-07-21,Adam_rock,HS,na,1,36,2,36_38,L,2,1.6,13:13,,
2019-Jul,2019-07-21,Adam_rock,HS,na,1,38,2,38_40,L,11,1.9,13:13,,
2019-Jul,2019-07-21,Adam_rock,HS,na,1,40,2,40_42,L,6,1.8,13:13,,
2019-Jul,2019-07-21,Adam_rock,HS,na,1,42,2,42_44,L,2,2.3,13:13,,
2019-Jul,2019-07-21,Adam_rock,HS,na,1,44,2,44_46,L,8,2.4,13:13,,
2019-Jul,2019-07-21,North_outside_fringe,OP,na,1,0,2,0_2,R,7,3.4,11:00,,
2019-Jul,2019-07-21,North_outside_fringe,OP,na,1,2,2,2_4,R,8,3.4,11:00,,
2019-Jul,2019-07-21,North_outside_fringe,OP,na,1,4,2,4_6,R,10,3.4,11:00,,
2019-Jul,2019-07-21,North_outside_fringe,OP,na,1,6,2,6_8,R,2,3.2,11:00,,
2019-Jul,2019-07-21,North_outside_fringe,OP,na,1,8,2,8_10,R,1,3.2,11:00,,
2019-Jul,2019-07-21,North_outside_fringe,OP,na,1,10,2,10_12,R,9,3.2,11:00,,
2019-Jul,2019-07-21,North_outside_fringe,OP,na,1,12,2,12_14,R,3,3.2,11:00,,
2019-Jul,2019-07-21,North_outside_fringe,OP,na,1,14,2,14_16,R,8,3.2,11:00,,
2019-Jul,2019-07-21,North_outside_fringe,OP,na,1,16,2,16_18,R,2,3.2,11:00,,
2019-Jul,2019-07-21,North_outside_fringe,OP,na,1,18,2,18_20,R,10,3,11:00,,
2019-Jul,2019-07-21,North_outside_fringe,OP,na,1,20,2,20_22,R,6,3,11:00,,
2019-Jul,2019-07-21,North_outside_fringe,OP,na,1,22,2,22_24,R,9,3,11:00,,
2019-Jul,2019-07-21,North_outside_fringe,OP,na,1,24,2,24_26,R,9,3,11:00,,
2019-Jul,2019-07-21,North_outside_fringe,OP,na,1,26,2,26_28,R,6,3,11:00,,
2019-Jul,2019-07-21,North_outside_fringe,OP,na,1,28,2,28_30,R,11,3,11:00,,
2019-Jul,2019-07-21,North_outside_fringe,OP,na,1,0,2,0_2,L,2,3.4,11:00,,
2019-Jul,2019-07-21,North_outside_fringe,OP,na,1,2,2,2_4,L,9,3.4,11:00,,
2019-Jul,2019-07-21,North_outside_fringe,OP,na,1,4,2,4_6,L,7,3.4,11:00,,
2019-Jul,2019-07-21,North_outside_fringe,OP,na,1,6,2,6_8,L,2,3.2,11:00,,
2019-Jul,2019-07-21,North_outside_fringe,OP,na,1,8,2,8_10,L,15,3.2,11:00,,
2019-Jul,2019-07-21,North_outside_fringe,OP,na,1,10,2,10_12,L,12,3.2,11:00,,
2019-Jul,2019-07-21,North_outside_fringe,OP,na,1,12,2,12_14,L,9,3.2,11:00,,
2019-Jul,2019-07-21,North_outside_fringe,OP,na,1,14,2,14_16,L,10,3.2,11:00,,
2019-Jul,2019-07-21,North_outside_fringe,OP,na,1,16,2,16_18,L,3,3.2,11:00,,
2019-Jul,2019-07-21,North_outside_fringe,OP,na,1,18,2,18_20,L,5,3,11:00,,
2019-Jul,2019-07-21,North_outside_fringe,OP,na,1,20,2,20_22,L,4,3,11:00,,
2019-Jul,2019-07-21,North_outside_fringe,OP,na,1,22,2,22_24,L,13,3,11:00,,
2019-Jul,2019-07-21,North_outside_fringe,OP,na,1,24,2,24_26,L,0,3,11:00,,
2019-Jul,2019-07-21,North_outside_fringe,OP,na,1,26,2,26_28,L,7,3,11:00,,
2019-Jul,2019-07-21,North_outside_fringe,OP,na,1,28,2,28_30,L,3,3,11:00,,
2019-Jul,2019-07-02,Second,DVM,na,1,0,2,0_2,R,0,na,na,,
2019-Jul,2019-07-02,Second,DVM,na,1,2,2,2_4,R,3,na,na,,
2019-Jul,2019-07-02,Second,DVM,na,1,4,2,4_6,R,3,na,na,,
2019-Jul,2019-07-02,Second,DVM,na,1,6,2,6_8,R,0,na,na,,
2019-Jul,2019-07-02,Second,DVM,na,1,8,2,8_10,R,4,na,na,,
2019-Jul,2019-07-02,Second,DVM,na,1,10,2,10_12,R,0,na,na,,
2019-Jul,2019-07-02,Second,DVM,na,1,12,2,12_14,R,4,na,na,,
2019-Jul,2019-07-02,Second,DVM,na,1,14,2,14_16,R,2,na,na,,
2019-Jul,2019-07-02,Second,DVM,na,1,16,2,16_18,R,0,na,na,,
2019-Jul,2019-07-02,Second,DVM,na,1,18,2,18_20,R,0,na,na,,
2019-Jul,2019-07-02,Second,DVM,na,1,0,2,0_2,L,0,na,na,,
2019-Jul,2019-07-02,Second,DVM,na,1,2,2,2_4,L,2,na,na,,
2019-Jul,2019-07-02,Second,DVM,na,1,4,2,4_6,L,0,na,na,,
2019-Jul,2019-07-02,Second,DVM,na,1,6,2,6_8,L,1,na,na,,
2019-Jul,2019-07-02,Second,DVM,na,1,8,2,8_10,L,0,na,na,,
2019-Jul,2019-07-02,Second,DVM,na,1,10,2,10_12,L,2,na,na,,
2019-Jul,2019-07-02,Second,DVM,na,1,12,2,12_14,L,1,na,na,,
2019-Jul,2019-07-02,Second,DVM,na,1,14,2,14_16,L,4,na,na,,
2019-Jul,2019-07-02,Second,DVM,na,1,16,2,16_18,L,0,na,na,,
2019-Jul,2019-07-02,Second,DVM,na,1,18,2,18_20,L,1,na,na,,
2019-Jul,2019-07-02,Second,DVM,na,2,0,2,0_2,R,3,na,na,,
2019-Jul,2019-07-02,Second,DVM,na,2,2,2,2_4,R,10,na,na,,
2019-Jul,2019-07-02,Second,DVM,na,2,4,2,4_6,R,0,na,na,,
2019-Jul,2019-07-02,Second,DVM,na,2,6,2,6_8,R,2,na,na,,
2019-Jul,2019-07-02,Second,DVM,na,2,8,2,8_10,R,0,na,na,,
2019-Jul,2019-07-02,Second,DVM,na,2,10,2,10_12,R,0,na,na,,
2019-Jul,2019-07-02,Second,DVM,na,2,12,2,12_14,R,1,na,na,,
2019-Jul,2019-07-02,Second,DVM,na,2,14,2,14_16,R,0,na,na,,
2019-Jul,2019-07-02,Second,DVM,na,2,16,2,16_18,R,0,na,na,,
2019-Jul,2019-07-02,Second,DVM,na,2,18,2,18_20,R,3,na,na,,
2019-Jul,2019-07-02,Second,DVM,na,2,0,2,0_2,L,5,na,na,,
2019-Jul,2019-07-02,Second,DVM,na,2,2,2,2_4,L,0,na,na,,
2019-Jul,2019-07-02,Second,DVM,na,2,4,2,4_6,L,1,na,na,,
2019-Jul,2019-07-02,Second,DVM,na,2,6,2,6_8,L,0,na,na,,
2019-Jul,2019-07-02,Second,DVM,na,2,8,2,8_10,L,3,na,na,,
2019-Jul,2019-07-02,Second,DVM,na,2,10,2,10_12,L,0,na,na,,
2019-Jul,2019-07-02,Second,DVM,na,2,12,2,12_14,L,1,na,na,,
2019-Jul,2019-07-02,Second,DVM,na,2,14,2,14_16,L,0,na,na,,
2019-Jul,2019-07-02,Second,DVM,na,2,16,2,16_18,L,3,na,na,,
2019-Jul,2019-07-02,Second,DVM,na,2,18,2,18_20,L,1,na,na,,
2019-Jul,2019-07-02,Second,DVM,na,3,0,2,0_2,R,1,na,na,,
2019-Jul,2019-07-02,Second,DVM,na,3,2,2,2_4,R,0,na,na,,
2019-Jul,2019-07-02,Second,DVM,na,3,4,2,4_6,R,1,na,na,,
2019-Jul,2019-07-02,Second,DVM,na,3,6,2,6_8,R,1,na,na,,
2019-Jul,2019-07-02,Second,DVM,na,3,8,2,8_10,R,0,na,na,,
2019-Jul,2019-07-02,Second,DVM,na,3,10,2,10_12,R,0,na,na,,
2019-Jul,2019-07-02,Second,DVM,na,3,12,2,12_14,R,1,na,na,,
2019-Jul,2019-07-02,Second,DVM,na,3,14,2,14_16,R,0,na,na,,
2019-Jul,2019-07-02,Second,DVM,na,3,16,2,16_18,R,0,na,na,,
2019-Jul,2019-07-02,Second,DVM,na,3,18,2,18_20,R,2,na,na,,
2019-Jul,2019-07-02,Second,DVM,na,3,0,2,0_2,L,0,na,na,,
2019-Jul,2019-07-02,Second,DVM,na,3,2,2,2_4,L,0,na,na,,
2019-Jul,2019-07-02,Second,DVM,na,3,4,2,4_6,L,0,na,na,,
2019-Jul,2019-07-02,Second,DVM,na,3,6,2,6_8,L,0,na,na,,
2019-Jul,2019-07-02,Second,DVM,na,3,8,2,8_10,L,0,na,na,,
2019-Jul,2019-07-02,Second,DVM,na,3,10,2,10_12,L,0,na,na,,
2019-Jul,2019-07-02,Second,DVM,na,3,12,2,12_14,L,0,na,na,,
2019-Jul,2019-07-02,Second,DVM,na,3,14,2,14_16,L,0,na,na,,
2019-Jul,2019-07-02,Second,DVM,na,3,16,2,16_18,L,0,na,na,,
2019-Jul,2019-07-02,Second,DVM,na,3,18,2,18_20,L,2,na,na,,
2019-Jul,2019-07-02,North,DVM,na,1,0,2,0_2,R,1,na,na,,
2019-Jul,2019-07-02,North,DVM,na,1,2,2,2_4,R,6,na,na,,
2019-Jul,2019-07-02,North,DVM,na,1,4,2,4_6,R,7,na,na,,
2019-Jul,2019-07-02,North,DVM,na,1,6,2,6_8,R,0,na,na,,
2019-Jul,2019-07-02,North,DVM,na,1,8,2,8_10,R,1,na,na,,
2019-Jul,2019-07-02,North,DVM,na,1,10,2,10_12,R,0,na,na,,
2019-Jul,2019-07-02,North,DVM,na,1,12,2,12_14,R,0,na,na,,
2019-Jul,2019-07-02,North,DVM,na,1,14,2,14_16,R,0,na,na,,
2019-Jul,2019-07-02,North,DVM,na,1,16,2,16_18,R,0,na,na,,
2019-Jul,2019-07-02,North,DVM,na,1,18,2,18_20,R,1,na,na,,
2019-Jul,2019-07-02,North,DVM,na,1,0,2,0_2,L,0,na,na,,
2019-Jul,2019-07-02,North,DVM,na,1,2,2,2_4,L,10,na,na,,
2019-Jul,2019-07-02,North,DVM,na,1,4,2,4_6,L,7,na,na,,
2019-Jul,2019-07-02,North,DVM,na,1,6,2,6_8,L,0,na,na,,
2019-Jul,2019-07-02,North,DVM,na,1,8,2,8_10,L,0,na,na,,
2019-Jul,2019-07-02,North,DVM,na,1,10,2,10_12,L,0,na,na,,
2019-Jul,2019-07-02,North,DVM,na,1,12,2,12_14,L,0,na,na,,
2019-Jul,2019-07-02,North,DVM,na,1,14,2,14_16,L,0,na,na,,
2019-Jul,2019-07-02,North,DVM,na,1,16,2,16_18,L,0,na,na,,
2019-Jul,2019-07-02,North,DVM,na,1,18,2,18_20,L,1,na,na,,
2019-Jul,2019-07-02,North,DVM,na,2,0,2,0_2,R,3,na,na,,
2019-Jul,2019-07-02,North,DVM,na,2,2,2,2_4,R,7,na,na,,
2019-Jul,2019-07-02,North,DVM,na,2,4,2,4_6,R,4,na,na,,
2019-Jul,2019-07-02,North,DVM,na,2,6,2,6_8,R,1,na,na,,
2019-Jul,2019-07-02,North,DVM,na,2,8,2,8_10,R,0,na,na,,
2019-Jul,2019-07-02,North,DVM,na,2,10,2,10_12,R,0,na,na,,
2019-Jul,2019-07-02,North,DVM,na,2,12,2,12_14,R,1,na,na,,
2019-Jul,2019-07-02,North,DVM,na,2,14,2,14_16,R,0,na,na,,
2019-Jul,2019-07-02,North,DVM,na,2,16,2,16_18,R,2,na,na,,
2019-Jul,2019-07-02,North,DVM,na,2,18,2,18_20,R,0,na,na,,
2019-Jul,2019-07-02,North,DVM,na,2,0,2,0_2,L,2,na,na,,
2019-Jul,2019-07-02,North,DVM,na,2,2,2,2_4,L,3,na,na,,
2019-Jul,2019-07-02,North,DVM,na,2,4,2,4_6,L,1,na,na,,
2019-Jul,2019-07-02,North,DVM,na,2,6,2,6_8,L,0,na,na,,
2019-Jul,2019-07-02,North,DVM,na,2,8,2,8_10,L,1,na,na,,
2019-Jul,2019-07-02,North,DVM,na,2,10,2,10_12,L,0,na,na,,
2019-Jul,2019-07-02,North,DVM,na,2,12,2,12_14,L,0,na,na,,
2019-Jul,2019-07-02,North,DVM,na,2,14,2,14_16,L,0,na,na,,
2019-Jul,2019-07-02,North,DVM,na,2,16,2,16_18,L,0,na,na,,
2019-Jul,2019-07-02,North,DVM,na,2,18,2,18_20,L,2,na,na,,
2019-Jul,2019-07-02,North,DVM,na,3,0,2,0_2,R,0,na,na,,
2019-Jul,2019-07-02,North,DVM,na,3,2,2,2_4,R,0,na,na,,
2019-Jul,2019-07-02,North,DVM,na,3,4,2,4_6,R,0,na,na,,
2019-Jul,2019-07-02,North,DVM,na,3,6,2,6_8,R,1,na,na,,
2019-Jul,2019-07-02,North,DVM,na,3,8,2,8_10,R,0,na,na,,
2019-Jul,2019-07-02,North,DVM,na,3,10,2,10_12,R,2,na,na,,
2019-Jul,2019-07-02,North,DVM,na,3,12,2,12_14,R,1,na,na,,
2019-Jul,2019-07-02,North,DVM,na,3,14,2,14_16,R,0,na,na,,
2019-Jul,2019-07-02,North,DVM,na,3,16,2,16_18,R,1,na,na,,
2019-Jul,2019-07-02,North,DVM,na,3,18,2,18_20,R,1,na,na,,
2019-Jul,2019-07-02,North,DVM,na,3,0,2,0_2,L,0,na,na,,
2019-Jul,2019-07-02,North,DVM,na,3,2,2,2_4,L,3,na,na,,
2019-Jul,2019-07-02,North,DVM,na,3,4,2,4_6,L,0,na,na,,
2019-Jul,2019-07-02,North,DVM,na,3,6,2,6_8,L,1,na,na,,
2019-Jul,2019-07-02,North,DVM,na,3,8,2,8_10,L,3,na,na,,
2019-Jul,2019-07-02,North,DVM,na,3,10,2,10_12,L,7,na,na,,
2019-Jul,2019-07-02,North,DVM,na,3,12,2,12_14,L,2,na,na,,
2019-Jul,2019-07-02,North,DVM,na,3,14,2,14_16,L,3,na,na,,
2019-Jul,2019-07-02,North,DVM,na,3,16,2,16_18,L,0,na,na,,
2019-Jul,2019-07-02,North,DVM,na,3,18,2,18_20,L,2,na,na,,
2019-Jul,2019-07-07,Triquetta,ZM,na,1,0,2,0_2,R,5,na,na,,
2019-Jul,2019-07-07,Triquetta,ZM,na,1,2,2,2_4,R,7,na,na,,
2019-Jul,2019-07-07,Triquetta,ZM,na,1,4,2,4_6,R,2,na,na,,
2019-Jul,2019-07-07,Triquetta,ZM,na,1,6,2,6_8,R,2,na,na,,
2019-Jul,2019-07-07,Triquetta,ZM,na,1,8,2,8_10,R,8,na,na,,
2019-Jul,2019-07-07,Triquetta,ZM,na,1,10,2,10_12,R,3,na,na,,
2019-Jul,2019-07-07,Triquetta,ZM,na,1,12,2,12_14,R,2,na,na,,
2019-Jul,2019-07-07,Triquetta,ZM,na,1,14,2,14_16,R,5,na,na,,
2019-Jul,2019-07-07,Triquetta,ZM,na,1,16,2,16_18,R,10,na,na,,
2019-Jul,2019-07-07,Triquetta,ZM,na,1,18,2,18_20,R,1,na,na,,
2019-Jul,2019-07-07,Triquetta,ZM,na,1,0,2,0_2,L,14,na,na,,
2019-Jul,2019-07-07,Triquetta,ZM,na,1,2,2,2_4,L,10,na,na,,
2019-Jul,2019-07-07,Triquetta,ZM,na,1,4,2,4_6,L,6,na,na,,
2019-Jul,2019-07-07,Triquetta,ZM,na,1,6,2,6_8,L,5,na,na,,
2019-Jul,2019-07-07,Triquetta,ZM,na,1,8,2,8_10,L,10,na,na,,
2019-Jul,2019-07-07,Triquetta,ZM,na,1,10,2,10_12,L,12,na,na,,
2019-Jul,2019-07-07,Triquetta,ZM,na,1,12,2,12_14,L,4,na,na,,
2019-Jul,2019-07-07,Triquetta,ZM,na,1,14,2,14_16,L,11,na,na,,
2019-Jul,2019-07-07,Triquetta,ZM,na,1,16,2,16_18,L,4,na,na,,
2019-Jul,2019-07-07,Triquetta,ZM,na,1,18,2,18_20,L,8,na,na,,
2019-Jul,2019-07-07,Triquetta,ZM,na,2,0,2,0_2,R,17,na,na,,
2019-Jul,2019-07-07,Triquetta,ZM,na,2,2,2,2_4,R,5,na,na,,
2019-Jul,2019-07-07,Triquetta,ZM,na,2,4,2,4_6,R,17,na,na,,
2019-Jul,2019-07-07,Triquetta,ZM,na,2,6,2,6_8,R,16,na,na,,
2019-Jul,2019-07-07,Triquetta,ZM,na,2,8,2,8_10,R,9,na,na,,
2019-Jul,2019-07-07,Triquetta,ZM,na,2,10,2,10_12,R,9,na,na,,
2019-Jul,2019-07-07,Triquetta,ZM,na,2,12,2,12_14,R,3,na,na,,
2019-Jul,2019-07-07,Triquetta,ZM,na,2,14,2,14_16,R,10,na,na,,
2019-Jul,2019-07-07,Triquetta,ZM,na,2,16,2,16_18,R,12,na,na,,
2019-Jul,2019-07-07,Triquetta,ZM,na,2,18,2,18_20,R,1,na,na,,
2019-Jul,2019-07-07,Triquetta,ZM,na,2,0,2,0_2,L,25,na,na,,
2019-Jul,2019-07-07,Triquetta,ZM,na,2,2,2,2_4,L,15,na,na,,
2019-Jul,2019-07-07,Triquetta,ZM,na,2,4,2,4_6,L,4,na,na,,
2019-Jul,2019-07-07,Triquetta,ZM,na,2,6,2,6_8,L,5,na,na,,
2019-Jul,2019-07-07,Triquetta,ZM,na,2,8,2,8_10,L,11,na,na,,
2019-Jul,2019-07-07,Triquetta,ZM,na,2,10,2,10_12,L,4,na,na,,
2019-Jul,2019-07-07,Triquetta,ZM,na,2,12,2,12_14,L,5,na,na,,
2019-Jul,2019-07-07,Triquetta,ZM,na,2,14,2,14_16,L,7,na,na,,
2019-Jul,2019-07-07,Triquetta,ZM,na,2,16,2,16_18,L,8,na,na,,
2019-Jul,2019-07-07,Triquetta,ZM,na,2,18,2,18_20,L,18,na,na,,
2019-Jul,2019-07-07,Triquetta,ZM,na,3,0,2,0_2,R,11,na,na,,
2019-Jul,2019-07-07,Triquetta,ZM,na,3,2,2,2_4,R,6,na,na,,
2019-Jul,2019-07-07,Triquetta,ZM,na,3,4,2,4_6,R,6,na,na,,
2019-Jul,2019-07-07,Triquetta,ZM,na,3,6,2,6_8,R,19,na,na,,
2019-Jul,2019-07-07,Triquetta,ZM,na,3,8,2,8_10,R,4,na,na,,
2019-Jul,2019-07-07,Triquetta,ZM,na,3,10,2,10_12,R,14,na,na,,
2019-Jul,2019-07-07,Triquetta,ZM,na,3,12,2,12_14,R,23,na,na,,
2019-Jul,2019-07-07,Triquetta,ZM,na,3,14,2,14_16,R,0,na,na,,
2019-Jul,2019-07-07,Triquetta,ZM,na,3,16,2,16_18,R,7,na,na,,
2019-Jul,2019-07-07,Triquetta,ZM,na,3,18,2,18_20,R,14,na,na,,
2019-Jul,2019-07-07,Triquetta,ZM,na,3,0,2,0_2,L,3,na,na,,
2019-Jul,2019-07-07,Triquetta,ZM,na,3,2,2,2_4,L,3,na,na,,
2019-Jul,2019-07-07,Triquetta,ZM,na,3,4,2,4_6,L,7,na,na,,
2019-Jul,2019-07-07,Triquetta,ZM,na,3,6,2,6_8,L,17,na,na,,
2019-Jul,2019-07-07,Triquetta,ZM,na,3,8,2,8_10,L,17,na,na,,
2019-Jul,2019-07-07,Triquetta,ZM,na,3,10,2,10_12,L,6,na,na,,
2019-Jul,2019-07-07,Triquetta,ZM,na,3,12,2,12_14,L,15,na,na,,
2019-Jul,2019-07-07,Triquetta,ZM,na,3,14,2,14_16,L,8,na,na,,
2019-Jul,2019-07-07,Triquetta,ZM,na,3,16,2,16_18,L,9,na,na,,
2019-Jul,2019-07-07,Triquetta,ZM,na,3,18,2,18_20,L,7,na,na,,
2019-Jul,2019-07-03,Manley,ZM,na,1,0,2,0_2,R,0,na,na,,
2019-Jul,2019-07-03,Manley,ZM,na,1,2,2,2_4,R,1,na,na,,
2019-Jul,2019-07-03,Manley,ZM,na,1,4,2,4_6,R,0,na,na,,
2019-Jul,2019-07-03,Manley,ZM,na,1,6,2,6_8,R,0,na,na,,
2019-Jul,2019-07-03,Manley,ZM,na,1,8,2,8_10,R,1,na,na,,
2019-Jul,2019-07-03,Manley,ZM,na,1,10,2,10_12,R,2,na,na,,
2019-Jul,2019-07-03,Manley,ZM,na,1,12,2,12_14,R,0,na,na,,
2019-Jul,2019-07-03,Manley,ZM,na,1,14,2,14_16,R,0,na,na,,
2019-Jul,2019-07-03,Manley,ZM,na,1,16,2,16_18,R,0,na,na,,
2019-Jul,2019-07-03,Manley,ZM,na,1,18,2,18_20,R,8,na,na,,
2019-Jul,2019-07-03,Manley,ZM,na,1,0,2,0_2,L,1,na,na,,
2019-Jul,2019-07-03,Manley,ZM,na,1,2,2,2_4,L,0,na,na,,
2019-Jul,2019-07-03,Manley,ZM,na,1,4,2,4_6,L,0,na,na,,
2019-Jul,2019-07-03,Manley,ZM,na,1,6,2,6_8,L,0,na,na,,
2019-Jul,2019-07-03,Manley,ZM,na,1,8,2,8_10,L,0,na,na,,
2019-Jul,2019-07-03,Manley,ZM,na,1,10,2,10_12,L,0,na,na,,
2019-Jul,2019-07-03,Manley,ZM,na,1,12,2,12_14,L,0,na,na,,
2019-Jul,2019-07-03,Manley,ZM,na,1,14,2,14_16,L,1,na,na,,
2019-Jul,2019-07-03,Manley,ZM,na,1,16,2,16_18,L,0,na,na,,
2019-Jul,2019-07-03,Manley,ZM,na,1,18,2,18_20,L,5,na,na,,
2019-Jul,2019-07-03,Manley,ZM,na,2,0,2,0_2,R,0,na,na,,
2019-Jul,2019-07-03,Manley,ZM,na,2,2,2,2_4,R,0,na,na,,
2019-Jul,2019-07-03,Manley,ZM,na,2,4,2,4_6,R,0,na,na,,
2019-Jul,2019-07-03,Manley,ZM,na,2,6,2,6_8,R,0,na,na,,
2019-Jul,2019-07-03,Manley,ZM,na,2,8,2,8_10,R,0,na,na,,
2019-Jul,2019-07-03,Manley,ZM,na,2,10,2,10_12,R,0,na,na,,
2019-Jul,2019-07-03,Manley,ZM,na,2,12,2,12_14,R,0,na,na,,
2019-Jul,2019-07-03,Manley,ZM,na,2,14,2,14_16,R,2,na,na,,
2019-Jul,2019-07-03,Manley,ZM,na,2,16,2,16_18,R,0,na,na,,
2019-Jul,2019-07-03,Manley,ZM,na,2,18,2,18_20,R,0,na,na,,
2019-Jul,2019-07-03,Manley,ZM,na,2,0,2,0_2,L,0,na,na,,
2019-Jul,2019-07-03,Manley,ZM,na,2,2,2,2_4,L,0,na,na,,
2019-Jul,2019-07-03,Manley,ZM,na,2,4,2,4_6,L,0,na,na,,
2019-Jul,2019-07-03,Manley,ZM,na,2,6,2,6_8,L,0,na,na,,
2019-Jul,2019-07-03,Manley,ZM,na,2,8,2,8_10,L,3,na,na,,
2019-Jul,2019-07-03,Manley,ZM,na,2,10,2,10_12,L,0,na,na,,
2019-Jul,2019-07-03,Manley,ZM,na,2,12,2,12_14,L,4,na,na,,
2019-Jul,2019-07-03,Manley,ZM,na,2,14,2,14_16,L,1,na,na,,
2019-Jul,2019-07-03,Manley,ZM,na,2,16,2,16_18,L,3,na,na,,
2019-Jul,2019-07-03,Manley,ZM,na,2,18,2,18_20,L,0,na,na,,
2019-Jul,2019-07-03,Manley,ZM,na,3,0,2,0_2,R,0,na,na,,
2019-Jul,2019-07-03,Manley,ZM,na,3,2,2,2_4,R,0,na,na,,
2019-Jul,2019-07-03,Manley,ZM,na,3,4,2,4_6,R,1,na,na,,
2019-Jul,2019-07-03,Manley,ZM,na,3,6,2,6_8,R,0,na,na,,
2019-Jul,2019-07-03,Manley,ZM,na,3,8,2,8_10,R,0,na,na,,
2019-Jul,2019-07-03,Manley,ZM,na,3,10,2,10_12,R,0,na,na,,
2019-Jul,2019-07-03,Manley,ZM,na,3,12,2,12_14,R,0,na,na,,
2019-Jul,2019-07-03,Manley,ZM,na,3,14,2,14_16,R,0,na,na,,
2019-Jul,2019-07-03,Manley,ZM,na,3,16,2,16_18,R,0,na,na,,
2019-Jul,2019-07-03,Manley,ZM,na,3,18,2,18_20,R,0,na,na,,
2019-Jul,2019-07-03,Manley,ZM,na,3,0,2,0_2,L,0,na,na,,
2019-Jul,2019-07-03,Manley,ZM,na,3,2,2,2_4,L,0,na,na,,
2019-Jul,2019-07-03,Manley,ZM,na,3,4,2,4_6,L,1,na,na,,
2019-Jul,2019-07-03,Manley,ZM,na,3,6,2,6_8,L,0,na,na,,
2019-Jul,2019-07-03,Manley,ZM,na,3,8,2,8_10,L,0,na,na,,
2019-Jul,2019-07-03,Manley,ZM,na,3,10,2,10_12,L,0,na,na,,
2019-Jul,2019-07-03,Manley,ZM,na,3,12,2,12_14,L,0,na,na,,
2019-Jul,2019-07-03,Manley,ZM,na,3,14,2,14_16,L,0,na,na,,
2019-Jul,2019-07-03,Manley,ZM,na,3,16,2,16_18,L,0,na,na,,
2019-Jul,2019-07-03,Manley,ZM,na,3,18,2,18_20,L,0,na,na,,
2019-Jul,2019-07-20,Second_intertidal,OP,na,1,0,2,0_2,R,27,1.6,9:40,,
2019-Jul,2019-07-20,Second_intertidal,OP,na,1,2,2,2_4,R,23,1.4,9:40,,
2019-Jul,2019-07-20,Second_intertidal,OP,na,1,4,2,4_6,R,4,1.2,9:40,,
2019-Jul,2019-07-20,Second_intertidal,OP,na,1,6,2,6_8,R,22,1.2,9:40,,
2019-Jul,2019-07-20,Second_intertidal,OP,na,1,8,2,8_10,R,16,1.6,9:40,,
2019-Jul,2019-07-20,Second_intertidal,OP,na,1,0,2,0_2,L,24,1.6,9:40,,
2019-Jul,2019-07-20,Second_intertidal,OP,na,1,2,2,2_4,L,7,1.4,9:40,,
2019-Jul,2019-07-20,Second_intertidal,OP,na,1,4,2,4_6,L,18,1.2,9:40,,
2019-Jul,2019-07-20,Second_intertidal,OP,na,1,6,2,6_8,L,25,1.2,9:40,,
2019-Jul,2019-07-20,Second_intertidal,OP,na,1,8,2,8_10,L,7,1.6,9:40,,
2019-Aug,2019-08-22,McMullins,LL,na,1,0,2,0_2,L,1,10.4,12:47,,
2019-Aug,2019-08-22,McMullins,LL,na,1,2,2,2_4,L,1,10.3,12:48,,
2019-Aug,2019-08-22,McMullins,LL,na,1,4,2,4_6,L,0,10.4,12:49,,
2019-Aug,2019-08-22,McMullins,LL,na,1,6,2,6_8,L,1,10.1,12:50,,
2019-Aug,2019-08-22,McMullins,LL,na,1,8,2,8_10,L,2,10.2,12:50,,
2019-Aug,2019-08-22,McMullins,LL,na,1,10,2,10_12,L,0,10.2,12:50,,
2019-Aug,2019-08-22,McMullins,LL,na,1,12,2,12_14,L,1,10,12:50,,
2019-Aug,2019-08-22,McMullins,LL,na,1,14,2,14_16,L,8,10,12:51,,
2019-Aug,2019-08-22,McMullins,LL,na,1,16,2,16_18,L,1,9.9,12:52,,
2019-Aug,2019-08-22,McMullins,LL,na,1,18,2,18_20,L,0,9.9,12:54,,
2019-Aug,2019-08-22,McMullins,LL,na,1,20,2,20_22,L,0,9.7,12:54,,
2019-Aug,2019-08-22,McMullins,LL,na,1,22,2,22_24,L,0,9.7,12:54,,
2019-Aug,2019-08-22,McMullins,LL,na,1,24,2,24_26,L,0,9,12:55,,
2019-Aug,2019-08-22,McMullins,LL,na,1,26,2,26_28,L,0,7.4,12:55,,
2019-Aug,2019-08-22,McMullins,LL,na,1,28,2,28_30,L,0,7.7,12:55,,
2019-Aug,2019-08-22,McMullins,LL,na,2,0,2,0_2,L,1,11.6,13:25,,
2019-Aug,2019-08-22,McMullins,LL,na,2,2,2,2_4,L,1,11.4,13:25,,
2019-Aug,2019-08-22,McMullins,LL,na,2,4,2,4_6,L,0,11.4,13:26,,
2019-Aug,2019-08-22,McMullins,LL,na,2,6,2,6_8,L,0,11.2,13:26,,
2019-Aug,2019-08-22,McMullins,LL,na,2,8,2,8_10,L,0,11.1,13:26,,
2019-Aug,2019-08-22,McMullins,LL,na,2,10,2,10_12,L,0,11.1,13:27,,
2019-Aug,2019-08-22,McMullins,LL,na,2,12,2,12_14,L,1,11,13:27,,
2019-Aug,2019-08-22,McMullins,LL,na,2,14,2,14_16,L,0,10.8,13:28,,
2019-Aug,2019-08-22,McMullins,LL,na,2,16,2,16_18,L,0,10.8,13:28,,
2019-Aug,2019-08-22,McMullins,LL,na,2,18,2,18_20,L,4,10.8,13:28,,
2019-Aug,2019-08-22,McMullins,LL,na,2,20,2,20_22,L,0,10.2,13:29,,
2019-Aug,2019-08-22,McMullins,LL,na,2,22,2,22_24,L,2,9.3,13:29,,
2019-Aug,2019-08-22,McMullins,LL,na,2,24,2,24_26,L,0,8.8,13:30,,
2019-Aug,2019-08-22,McMullins,LL,na,2,26,2,26_28,L,0,8.4,13:30,,
2019-Aug,2019-08-22,McMullins,LL,na,2,28,2,28_30,L,0,8.1,13:30,,
2019-Aug,2019-08-22,McMullins,LL,na,3,0,2,0_2,L,0,12.5,12:58,,
2019-Aug,2019-08-22,McMullins,LL,na,3,2,2,2_4,L,0,12.3,12:59,,
2019-Aug,2019-08-22,McMullins,LL,na,3,4,2,4_6,L,1,12.3,12:59,,
2019-Aug,2019-08-22,McMullins,LL,na,3,6,2,6_8,L,1,12.1,13:00,,
2019-Aug,2019-08-22,McMullins,LL,na,3,8,2,8_10,L,0,11.7,13:00,,
2019-Aug,2019-08-22,McMullins,LL,na,3,10,2,10_12,L,0,12,13:00,,
2019-Aug,2019-08-22,McMullins,LL,na,3,12,2,12_14,L,1,11.9,13:01,,
2019-Aug,2019-08-22,McMullins,LL,na,3,14,2,14_16,L,1,11.8,13:02,,
2019-Aug,2019-08-22,McMullins,LL,na,3,16,2,16_18,L,0,10,13:02,,
2019-Aug,2019-08-22,McMullins,LL,na,3,18,2,18_20,L,1,9.7,13:03,,
2019-Aug,2019-08-22,McMullins,LL,na,3,20,2,20_22,L,0,9.8,13:04,,
2019-Aug,2019-08-22,McMullins,LL,na,3,22,2,22_24,L,0,10,13:04,,
2019-Aug,2019-08-22,McMullins,LL,na,3,24,2,24_26,L,0,8.5,13:04,,
2019-Aug,2019-08-22,McMullins,LL,na,3,26,2,26_28,L,0,9.5,13:05,,
2019-Aug,2019-08-22,McMullins,LL,na,3,28,2,28_30,L,1,9.5,13:05,,
2019-Aug,2019-08-22,McMullins,KH,na,1,0,2,0_2,R,0,10.1,12:41,,
2019-Aug,2019-08-22,McMullins,KH,na,1,2,2,2_4,R,3,10.2,12:42,,
2019-Aug,2019-08-22,McMullins,KH,na,1,4,2,4_6,R,0,9.8,12:42,,
2019-Aug,2019-08-22,McMullins,KH,na,1,6,2,6_8,R,0,9.8,12:42,,
2019-Aug,2019-08-22,McMullins,KH,na,1,8,2,8_10,R,0,9.8,12:42,,
2019-Aug,2019-08-22,McMullins,KH,na,1,10,2,10_12,R,0,9.4,12:43,,
2019-Aug,2019-08-22,McMullins,KH,na,1,12,2,12_14,R,0,9.4,12:43,,
2019-Aug,2019-08-22,McMullins,KH,na,1,14,2,14_16,R,2,9.6,12:44,,
2019-Aug,2019-08-22,McMullins,KH,na,1,16,2,16_18,R,1,9.5,12:45,,
2019-Aug,2019-08-22,McMullins,KH,na,1,18,2,18_20,R,7,9.3,12:46,,
2019-Aug,2019-08-22,McMullins,KH,na,1,20,2,20_22,R,2,9.4,12:47,,
2019-Aug,2019-08-22,McMullins,KH,na,1,22,2,22_24,R,0,9.2,12:48,,
2019-Aug,2019-08-22,McMullins,KH,na,1,24,2,24_26,R,0,8.7,12:48,,
2019-Aug,2019-08-22,McMullins,KH,na,1,26,2,26_28,R,0,7.3,12:48,,
2019-Aug,2019-08-22,McMullins,KH,na,1,28,2,28_30,R,0,7.4,12:49,,
2019-Aug,2019-08-22,McMullins,KH,na,2,0,2,0_2,R,0,11,13:11,,
2019-Aug,2019-08-22,McMullins,KH,na,2,2,2,2_4,R,0,11,13:11,,
2019-Aug,2019-08-22,McMullins,KH,na,2,4,2,4_6,R,2,10.8,13:12,,
2019-Aug,2019-08-22,McMullins,KH,na,2,6,2,6_8,R,0,10.8,13:12,,
2019-Aug,2019-08-22,McMullins,KH,na,2,8,2,8_10,R,2,10.5,13:13,,
2019-Aug,2019-08-22,McMullins,KH,na,2,10,2,10_12,R,0,10.6,13:14,,
2019-Aug,2019-08-22,McMullins,KH,na,2,12,2,12_14,R,1,10.6,13:14,,
2019-Aug,2019-08-22,McMullins,KH,na,2,14,2,14_16,R,1,10.7,13:14,,
2019-Aug,2019-08-22,McMullins,KH,na,2,16,2,16_18,R,0,10.4,13:15,,
2019-Aug,2019-08-22,McMullins,KH,na,2,18,2,18_20,R,3,10.5,13:15,,
2019-Aug,2019-08-22,McMullins,KH,na,2,20,2,20_22,R,0,10.2,13:16,,
2019-Aug,2019-08-22,McMullins,KH,na,2,22,2,22_24,R,0,10,13:16,,
2019-Aug,2019-08-22,McMullins,KH,na,2,24,2,24_26,R,0,9.1,13:16,,
2019-Aug,2019-08-22,McMullins,KH,na,2,26,2,26_28,R,3,8.7,13:17,,
2019-Aug,2019-08-22,McMullins,KH,na,2,28,2,28_30,R,0,7.9,13:17,,
2019-Aug,2019-08-22,McMullins,KH,na,3,0,2,0_2,R,0,11.4,12:53,,
2019-Aug,2019-08-22,McMullins,KH,na,3,2,2,2_4,R,0,11.4,12:53,,
2019-Aug,2019-08-22,McMullins,KH,na,3,4,2,4_6,R,0,11.4,12:53,,
2019-Aug,2019-08-22,McMullins,KH,na,3,6,2,6_8,R,0,11.4,12:53,,
2019-Aug,2019-08-22,McMullins,KH,na,3,8,2,8_10,R,0,11.4,12:53,,
2019-Aug,2019-08-22,McMullins,KH,na,3,10,2,10_12,R,0,11.3,12:53,,
2019-Aug,2019-08-22,McMullins,KH,na,3,12,2,12_14,R,0,11.3,12:53,,
2019-Aug,2019-08-22,McMullins,KH,na,3,14,2,14_16,R,1,11,12:54,,
2019-Aug,2019-08-22,McMullins,KH,na,3,16,2,16_18,R,1,11,12:54,,
2019-Aug,2019-08-22,McMullins,KH,na,3,18,2,18_20,R,3,9.8,12:55,,
2019-Aug,2019-08-22,McMullins,KH,na,3,20,2,20_22,R,0,9.2,12:56,,
2019-Aug,2019-08-22,McMullins,KH,na,3,22,2,22_24,R,0,9.2,12:56,,
2019-Aug,2019-08-22,McMullins,KH,na,3,24,2,24_26,R,1,8.9,12:56,,
2019-Aug,2019-08-22,McMullins,KH,na,3,26,2,26_28,R,0,9,12:57,,
2019-Aug,2019-08-22,McMullins,KH,na,3,28,2,28_30,R,0,9,12:57,,
2020-Jul,2020-07-06,Second,KH,na,3,0,2,0_2,R,0,na,na,,
2020-Jul,2020-07-06,Second,KH,na,3,2,2,2_4,R,0,na,na,,
2020-Jul,2020-07-06,Second,KH,na,3,4,2,4_6,R,0,na,na,,
2020-Jul,2020-07-06,Second,KH,na,3,6,2,6_8,R,0,na,na,,
2020-Jul,2020-07-06,Second,KH,na,3,8,2,8_10,R,0,na,na,,
2020-Jul,2020-07-06,Second,KH,na,3,10,2,10_12,R,0,na,na,,
2020-Jul,2020-07-06,Second,KH,na,3,12,2,12_14,R,0,na,na,,
2020-Jul,2020-07-06,Second,KH,na,3,14,2,14_16,R,0,na,na,,
2020-Jul,2020-07-06,Second,KH,na,3,16,2,16_18,R,0,na,na,,
2020-Jul,2020-07-06,Second,KH,na,3,18,2,18_20,R,0,na,na,,
2020-Jul,2020-07-06,Second,KH,na,3,0,2,0_2,L,0,na,na,,
2020-Jul,2020-07-06,Second,KH,na,3,2,2,2_4,L,0,na,na,,
2020-Jul,2020-07-06,Second,KH,na,3,4,2,4_6,L,0,na,na,,
2020-Jul,2020-07-06,Second,KH,na,3,6,2,6_8,L,0,na,na,,
2020-Jul,2020-07-06,Second,KH,na,3,8,2,8_10,L,0,na,na,,
2020-Jul,2020-07-06,Second,KH,na,3,10,2,10_12,L,0,na,na,,
2020-Jul,2020-07-06,Second,KH,na,3,12,2,12_14,L,0,na,na,,
2020-Jul,2020-07-06,Second,KH,na,3,14,2,14_16,L,0,na,na,,
2020-Jul,2020-07-06,Second,KH,na,3,16,2,16_18,L,0,na,na,,
2020-Jul,2020-07-06,Second,KH,na,3,18,2,18_20,L,0,na,na,,
2020-Jul,2020-07-06,Second,OP,na,2,0,2,0_2,R,0,na,na,,
2020-Jul,2020-07-06,Second,OP,na,2,2,2,2_4,R,0,na,na,,
2020-Jul,2020-07-06,Second,OP,na,2,4,2,4_6,R,0,na,na,,
2020-Jul,2020-07-06,Second,OP,na,2,6,2,6_8,R,0,na,na,,
2020-Jul,2020-07-06,Second,OP,na,2,8,2,8_10,R,0,na,na,,
2020-Jul,2020-07-06,Second,OP,na,2,10,2,10_12,R,0,na,na,,
2020-Jul,2020-07-06,Second,OP,na,2,12,2,12_14,R,0,na,na,,
2020-Jul,2020-07-06,Second,OP,na,2,14,2,14_16,R,0,na,na,,
2020-Jul,2020-07-06,Second,OP,na,2,16,2,16_18,R,0,na,na,,
2020-Jul,2020-07-06,Second,OP,na,2,18,2,18_20,R,0,na,na,,
2020-Jul,2020-07-06,Second,OP,na,2,0,2,0_2,L,0,na,na,,
2020-Jul,2020-07-06,Second,OP,na,2,2,2,2_4,L,0,na,na,,
2020-Jul,2020-07-06,Second,OP,na,2,4,2,4_6,L,0,na,na,,
2020-Jul,2020-07-06,Second,OP,na,2,6,2,6_8,L,0,na,na,,
2020-Jul,2020-07-06,Second,OP,na,2,8,2,8_10,L,0,na,na,,
2020-Jul,2020-07-06,Second,OP,na,2,10,2,10_12,L,0,na,na,,
2020-Jul,2020-07-06,Second,OP,na,2,12,2,12_14,L,0,na,na,,
2020-Jul,2020-07-06,Second,OP,na,2,14,2,14_16,L,0,na,na,,
2020-Jul,2020-07-06,Second,OP,na,2,16,2,16_18,L,0,na,na,,
2020-Jul,2020-07-06,Second,OP,na,2,18,2,18_20,L,0,na,na,,
2020-Jul,2020-07-06,Second,OP,na,1,0,2,0_2,R,0,na,na,,
2020-Jul,2020-07-06,Second,OP,na,1,2,2,2_4,R,0,na,na,,
2020-Jul,2020-07-06,Second,OP,na,1,4,2,4_6,R,0,na,na,,
2020-Jul,2020-07-06,Second,OP,na,1,6,2,6_8,R,0,na,na,,
2020-Jul,2020-07-06,Second,OP,na,1,8,2,8_10,R,0,na,na,,
2020-Jul,2020-07-06,Second,OP,na,1,10,2,10_12,R,0,na,na,,
2020-Jul,2020-07-06,Second,OP,na,1,12,2,12_14,R,0,na,na,,
2020-Jul,2020-07-06,Second,OP,na,1,14,2,14_16,R,0,na,na,,
2020-Jul,2020-07-06,Second,OP,na,1,16,2,16_18,R,0,na,na,,
2020-Jul,2020-07-06,Second,OP,na,1,18,2,18_20,R,0,na,na,,
2020-Jul,2020-07-06,Second,OP,na,1,0,2,0_2,L,0,na,na,,
2020-Jul,2020-07-06,Second,OP,na,1,2,2,2_4,L,0,na,na,,
2020-Jul,2020-07-06,Second,OP,na,1,4,2,4_6,L,0,na,na,,
2020-Jul,2020-07-06,Second,OP,na,1,6,2,6_8,L,0,na,na,,
2020-Jul,2020-07-06,Second,OP,na,1,8,2,8_10,L,0,na,na,,
2020-Jul,2020-07-06,Second,OP,na,1,10,2,10_12,L,0,na,na,,
2020-Jul,2020-07-06,Second,OP,na,1,12,2,12_14,L,0,na,na,,
2020-Jul,2020-07-06,Second,OP,na,1,14,2,14_16,L,0,na,na,,
2020-Jul,2020-07-06,Second,OP,na,1,16,2,16_18,L,0,na,na,,
2020-Jul,2020-07-06,Second,OP,na,1,18,2,18_20,L,0,na,na,,
2020-Jul,2020-07-06,North,KH/OP,na,3,0,2,0_2,R,0,na,na,,
2020-Jul,2020-07-06,North,KH/OP,na,3,2,2,2_4,R,0,na,na,,
2020-Jul,2020-07-06,North,KH/OP,na,3,4,2,4_6,R,0,na,na,,
2020-Jul,2020-07-06,North,KH/OP,na,3,6,2,6_8,R,0,na,na,,
2020-Jul,2020-07-06,North,KH/OP,na,3,8,2,8_10,R,0,na,na,,
2020-Jul,2020-07-06,North,KH/OP,na,3,10,2,10_12,R,0,na,na,,
2020-Jul,2020-07-06,North,KH/OP,na,3,12,2,12_14,R,0,na,na,,
2020-Jul,2020-07-06,North,KH/OP,na,3,14,2,14_16,R,0,na,na,,
2020-Jul,2020-07-06,North,KH/OP,na,3,16,2,16_18,R,0,na,na,,
2020-Jul,2020-07-06,North,KH/OP,na,3,18,2,18_20,R,0,na,na,,
2020-Jul,2020-07-06,North,KH/OP,na,3,0,2,0_2,L,0,na,na,,
2020-Jul,2020-07-06,North,KH/OP,na,3,2,2,2_4,L,0,na,na,,
2020-Jul,2020-07-06,North,KH/OP,na,3,4,2,4_6,L,0,na,na,,
2020-Jul,2020-07-06,North,KH/OP,na,3,6,2,6_8,L,0,na,na,,
2020-Jul,2020-07-06,North,KH/OP,na,3,8,2,8_10,L,0,na,na,,
2020-Jul,2020-07-06,North,KH/OP,na,3,10,2,10_12,L,0,na,na,,
2020-Jul,2020-07-06,North,KH/OP,na,3,12,2,12_14,L,0,na,na,,
2020-Jul,2020-07-06,North,KH/OP,na,3,14,2,14_16,L,0,na,na,,
2020-Jul,2020-07-06,North,KH/OP,na,3,16,2,16_18,L,0,na,na,,
2020-Jul,2020-07-06,North,KH/OP,na,3,18,2,18_20,L,0,na,na,,
2020-Jul,2020-07-06,North,KH/OP,na,2,0,2,0_2,R,0,na,na,,
2020-Jul,2020-07-06,North,KH/OP,na,2,2,2,2_4,R,0,na,na,,
2020-Jul,2020-07-06,North,KH/OP,na,2,4,2,4_6,R,0,na,na,,
2020-Jul,2020-07-06,North,KH/OP,na,2,6,2,6_8,R,0,na,na,,
2020-Jul,2020-07-06,North,KH/OP,na,2,8,2,8_10,R,0,na,na,,
2020-Jul,2020-07-06,North,KH/OP,na,2,10,2,10_12,R,0,na,na,,
2020-Jul,2020-07-06,North,KH/OP,na,2,12,2,12_14,R,0,na,na,,
2020-Jul,2020-07-06,North,KH/OP,na,2,14,2,14_16,R,0,na,na,,
2020-Jul,2020-07-06,North,KH/OP,na,2,16,2,16_18,R,0,na,na,,
2020-Jul,2020-07-06,North,KH/OP,na,2,18,2,18_20,R,0,na,na,,
2020-Jul,2020-07-06,North,KH/OP,na,2,0,2,0_2,L,0,na,na,,
2020-Jul,2020-07-06,North,KH/OP,na,2,2,2,2_4,L,0,na,na,,
2020-Jul,2020-07-06,North,KH/OP,na,2,4,2,4_6,L,0,na,na,,
2020-Jul,2020-07-06,North,KH/OP,na,2,6,2,6_8,L,0,na,na,,
2020-Jul,2020-07-06,North,KH/OP,na,2,8,2,8_10,L,0,na,na,,
2020-Jul,2020-07-06,North,KH/OP,na,2,10,2,10_12,L,0,na,na,,
2020-Jul,2020-07-06,North,KH/OP,na,2,12,2,12_14,L,0,na,na,,
2020-Jul,2020-07-06,North,KH/OP,na,2,14,2,14_16,L,0,na,na,,
2020-Jul,2020-07-06,North,KH/OP,na,2,16,2,16_18,L,0,na,na,,
2020-Jul,2020-07-06,North,KH/OP,na,2,18,2,18_20,L,0,na,na,,
2020-Jul,2020-07-06,North,KH/OP,na,1,0,2,0_2,R,0,na,na,,
2020-Jul,2020-07-06,North,KH/OP,na,1,2,2,2_4,R,0,na,na,,
2020-Jul,2020-07-06,North,KH/OP,na,1,4,2,4_6,R,0,na,na,,
2020-Jul,2020-07-06,North,KH/OP,na,1,6,2,6_8,R,0,na,na,,
2020-Jul,2020-07-06,North,KH/OP,na,1,8,2,8_10,R,0,na,na,,
2020-Jul,2020-07-06,North,KH/OP,na,1,10,2,10_12,R,0,na,na,,
2020-Jul,2020-07-06,North,KH/OP,na,1,12,2,12_14,R,0,na,na,,
2020-Jul,2020-07-06,North,KH/OP,na,1,14,2,14_16,R,0,na,na,,
2020-Jul,2020-07-06,North,KH/OP,na,1,16,2,16_18,R,0,na,na,,
2020-Jul,2020-07-06,North,KH/OP,na,1,18,2,18_20,R,0,na,na,,
2020-Jul,2020-07-06,North,KH/OP,na,1,0,2,0_2,L,0,na,na,,
2020-Jul,2020-07-06,North,KH/OP,na,1,2,2,2_4,L,0,na,na,,
2020-Jul,2020-07-06,North,KH/OP,na,1,4,2,4_6,L,0,na,na,,
2020-Jul,2020-07-06,North,KH/OP,na,1,6,2,6_8,L,0,na,na,,
2020-Jul,2020-07-06,North,KH/OP,na,1,8,2,8_10,L,0,na,na,,
2020-Jul,2020-07-06,North,KH/OP,na,1,10,2,10_12,L,0,na,na,,
2020-Jul,2020-07-06,North,KH/OP,na,1,12,2,12_14,L,0,na,na,,
2020-Jul,2020-07-06,North,KH/OP,na,1,14,2,14_16,L,0,na,na,,
2020-Jul,2020-07-06,North,KH/OP,na,1,16,2,16_18,L,0,na,na,,
2020-Jul,2020-07-06,North,KH/OP,na,1,18,2,18_20,L,0,na,na,,
2020-Jul,2020-07-06,Triquetta,KH/OP,na,3,0,2,0_2,R,5,na,na,,
2020-Jul,2020-07-06,Triquetta,KH/OP,na,3,2,2,2_4,R,3,na,na,,
2020-Jul,2020-07-06,Triquetta,KH/OP,na,3,4,2,4_6,R,4,na,na,,
2020-Jul,2020-07-06,Triquetta,KH/OP,na,3,6,2,6_8,R,3,na,na,,
2020-Jul,2020-07-06,Triquetta,KH/OP,na,3,8,2,8_10,R,4,na,na,,
2020-Jul,2020-07-06,Triquetta,KH/OP,na,3,10,2,10_12,R,2,na,na,,
2020-Jul,2020-07-06,Triquetta,KH/OP,na,3,12,2,12_14,R,6,na,na,,
2020-Jul,2020-07-06,Triquetta,KH/OP,na,3,14,2,14_16,R,7,na,na,,
2020-Jul,2020-07-06,Triquetta,KH/OP,na,3,16,2,16_18,R,4,na,na,,
2020-Jul,2020-07-06,Triquetta,KH/OP,na,3,18,2,18_20,R,4,na,na,,
2020-Jul,2020-07-06,Triquetta,KH/OP,na,3,0,2,0_2,L,2,na,na,,
2020-Jul,2020-07-06,Triquetta,KH/OP,na,3,2,2,2_4,L,3,na,na,,
2020-Jul,2020-07-06,Triquetta,KH/OP,na,3,4,2,4_6,L,3,na,na,,
2020-Jul,2020-07-06,Triquetta,KH/OP,na,3,6,2,6_8,L,6,na,na,,
2020-Jul,2020-07-06,Triquetta,KH/OP,na,3,8,2,8_10,L,0,na,na,,
2020-Jul,2020-07-06,Triquetta,KH/OP,na,3,10,2,10_12,L,0,na,na,,
2020-Jul,2020-07-06,Triquetta,KH/OP,na,3,12,2,12_14,L,17,na,na,,
2020-Jul,2020-07-06,Triquetta,KH/OP,na,3,14,2,14_16,L,3,na,na,,
2020-Jul,2020-07-06,Triquetta,KH/OP,na,3,16,2,16_18,L,5,na,na,,
2020-Jul,2020-07-06,Triquetta,KH/OP,na,3,18,2,18_20,L,20,na,na,,
2020-Jul,2020-07-06,Triquetta,KH/OP,na,2,0,2,0_2,R,0,na,na,,
2020-Jul,2020-07-06,Triquetta,KH/OP,na,2,2,2,2_4,R,3,na,na,,
2020-Jul,2020-07-06,Triquetta,KH/OP,na,2,4,2,4_6,R,8,na,na,,
2020-Jul,2020-07-06,Triquetta,KH/OP,na,2,6,2,6_8,R,2,na,na,,
2020-Jul,2020-07-06,Triquetta,KH/OP,na,2,8,2,8_10,R,0,na,na,,
2020-Jul,2020-07-06,Triquetta,KH/OP,na,2,10,2,10_12,R,1,na,na,,
2020-Jul,2020-07-06,Triquetta,KH/OP,na,2,12,2,12_14,R,0,na,na,,
2020-Jul,2020-07-06,Triquetta,KH/OP,na,2,14,2,14_16,R,1,na,na,,
2020-Jul,2020-07-06,Triquetta,KH/OP,na,2,16,2,16_18,R,2,na,na,,
2020-Jul,2020-07-06,Triquetta,KH/OP,na,2,18,2,18_20,R,4,na,na,,
2020-Jul,2020-07-06,Triquetta,KH/OP,na,2,0,2,0_2,L,1,na,na,,
2020-Jul,2020-07-06,Triquetta,KH/OP,na,2,2,2,2_4,L,0,na,na,,
2020-Jul,2020-07-06,Triquetta,KH/OP,na,2,4,2,4_6,L,7,na,na,,
2020-Jul,2020-07-06,Triquetta,KH/OP,na,2,6,2,6_8,L,3,na,na,,
2020-Jul,2020-07-06,Triquetta,KH/OP,na,2,8,2,8_10,L,1,na,na,,
2020-Jul,2020-07-06,Triquetta,KH/OP,na,2,10,2,10_12,L,3,na,na,,
2020-Jul,2020-07-06,Triquetta,KH/OP,na,2,12,2,12_14,L,0,na,na,,
2020-Jul,2020-07-06,Triquetta,KH/OP,na,2,14,2,14_16,L,7,na,na,,
2020-Jul,2020-07-06,Triquetta,KH/OP,na,2,16,2,16_18,L,7,na,na,,
2020-Jul,2020-07-06,Triquetta,KH/OP,na,2,18,2,18_20,L,5,na,na,,
2020-Jul,2020-07-06,Triquetta,KH/OP,na,1,0,2,0_2,R,0,na,na,,
2020-Jul,2020-07-06,Triquetta,KH/OP,na,1,2,2,2_4,R,0,na,na,,
2020-Jul,2020-07-06,Triquetta,KH/OP,na,1,4,2,4_6,R,0,na,na,,
2020-Jul,2020-07-06,Triquetta,KH/OP,na,1,6,2,6_8,R,1,na,na,,
2020-Jul,2020-07-06,Triquetta,KH/OP,na,1,8,2,8_10,R,0,na,na,,
2020-Jul,2020-07-06,Triquetta,KH/OP,na,1,10,2,10_12,R,1,na,na,,
2020-Jul,2020-07-06,Triquetta,KH/OP,na,1,12,2,12_14,R,0,na,na,,
2020-Jul,2020-07-06,Triquetta,KH/OP,na,1,14,2,14_16,R,0,na,na,,
2020-Jul,2020-07-06,Triquetta,KH/OP,na,1,16,2,16_18,R,0,na,na,,
2020-Jul,2020-07-06,Triquetta,KH/OP,na,1,18,2,18_20,R,1,na,na,,
2020-Jul,2020-07-06,Triquetta,KH/OP,na,1,0,2,0_2,L,2,na,na,,
2020-Jul,2020-07-06,Triquetta,KH/OP,na,1,2,2,2_4,L,1,na,na,,
2020-Jul,2020-07-06,Triquetta,KH/OP,na,1,4,2,4_6,L,0,na,na,,
2020-Jul,2020-07-06,Triquetta,KH/OP,na,1,6,2,6_8,L,5,na,na,,
2020-Jul,2020-07-06,Triquetta,KH/OP,na,1,8,2,8_10,L,0,na,na,,
2020-Jul,2020-07-06,Triquetta,KH/OP,na,1,10,2,10_12,L,0,na,na,,
2020-Jul,2020-07-06,Triquetta,KH/OP,na,1,12,2,12_14,L,1,na,na,,
2020-Jul,2020-07-06,Triquetta,KH/OP,na,1,14,2,14_16,L,2,na,na,,
2020-Jul,2020-07-06,Triquetta,KH/OP,na,1,16,2,16_18,L,0,na,na,,
2020-Jul,2020-07-06,Triquetta,KH/OP,na,1,18,2,18_20,L,3,na,na,,
2020-Jul,2020-07-06,Second_intertidal,KH/OP,na,1,0,2,0_2,R,5,1.3,9:13,,
2020-Jul,2020-07-06,Second_intertidal,KH/OP,na,1,2,2,2_4,R,5,1.3,9:13,,
2020-Jul,2020-07-06,Second_intertidal,KH/OP,na,1,4,2,4_6,R,5,1.3,9:13,,
2020-Jul,2020-07-06,Second_intertidal,KH/OP,na,1,6,2,6_8,R,0,1.3,9:13,,
2020-Jul,2020-07-06,Second_intertidal,KH/OP,na,1,8,2,8_10,R,0,1.3,9:13,,
2020-Jul,2020-07-06,Second_intertidal,KH/OP,na,1,10,2,10_12,R,1,1.3,9:13,,
2020-Jul,2020-07-06,Second_intertidal,KH/OP,na,1,12,2,12_14,R,0,1.3,9:13,,
2020-Jul,2020-07-06,Second_intertidal,KH/OP,na,1,14,2,14_16,R,1,1.3,9:13,,
2020-Jul,2020-07-06,Second_intertidal,KH/OP,na,1,16,2,16_18,R,9,1.3,9:13,,
2020-Jul,2020-07-06,Second_intertidal,KH/OP,na,1,18,2,18_20,R,5,1.3,9:13,,
2020-Jul,2020-07-06,Second_intertidal,KH/OP,na,1,0,2,0_2,L,7,1.3,9:13,,
2020-Jul,2020-07-06,Second_intertidal,KH/OP,na,1,2,2,2_4,L,10,1.3,9:13,,
2020-Jul,2020-07-06,Second_intertidal,KH/OP,na,1,4,2,4_6,L,2,1.3,9:13,,
2020-Jul,2020-07-06,Second_intertidal,KH/OP,na,1,6,2,6_8,L,0,1.3,9:13,,
2020-Jul,2020-07-06,Second_intertidal,KH/OP,na,1,8,2,8_10,L,0,1.3,9:13,24 macro stipes,
2020-Jul,2020-07-06,Second_intertidal,KH/OP,na,1,10,2,10_12,L,0,1.3,9:13,,
2020-Jul,2020-07-06,Second_intertidal,KH/OP,na,1,12,2,12_14,L,0,1.3,9:13,,
2020-Jul,2020-07-06,Second_intertidal,KH/OP,na,1,14,2,14_16,L,0,1.3,9:13,,
2020-Jul,2020-07-06,Second_intertidal,KH/OP,na,1,16,2,16_18,L,0,1.3,9:13,,
2020-Jul,2020-07-06,Second_intertidal,KH/OP,na,1,18,2,18_20,L,6,1.3,9:13,,
2020-Jul,2020-07-13,Manley,LL,na,1,0,2,0_2,L,0,na,na,,
2020-Jul,2020-07-13,Manley,LL,na,1,2,2,2_4,L,1,na,na,,
2020-Jul,2020-07-13,Manley,LL,na,1,4,2,4_6,L,0,na,na,,
2020-Jul,2020-07-13,Manley,LL,na,1,6,2,6_8,L,0,na,na,,
2020-Jul,2020-07-13,Manley,LL,na,1,8,2,8_10,L,0,na,na,,
2020-Jul,2020-07-13,Manley,LL,na,1,10,2,10_12,L,0,na,na,,
2020-Jul,2020-07-13,Manley,LL,na,1,12,2,12_14,L,1,na,na,,
2020-Jul,2020-07-13,Manley,LL,na,1,14,2,14_16,L,0,na,na,,
2020-Jul,2020-07-13,Manley,LL,na,1,16,2,16_18,L,0,na,na,,
2020-Jul,2020-07-13,Manley,LL,na,1,18,2,18_20,L,0,na,na,,
2020-Jul,2020-07-13,Manley,LL,na,1,0,2,0_2,R,1,na,na,,
2020-Jul,2020-07-13,Manley,LL,na,1,2,2,2_4,R,0,na,na,,
2020-Jul,2020-07-13,Manley,LL,na,1,4,2,4_6,R,0,na,na,,
2020-Jul,2020-07-13,Manley,LL,na,1,6,2,6_8,R,1,na,na,,
2020-Jul,2020-07-13,Manley,LL,na,1,8,2,8_10,R,0,na,na,,
2020-Jul,2020-07-13,Manley,LL,na,1,10,2,10_12,R,0,na,na,,
2020-Jul,2020-07-13,Manley,LL,na,1,12,2,12_14,R,0,na,na,,
2020-Jul,2020-07-13,Manley,LL,na,1,14,2,14_16,R,0,na,na,,
2020-Jul,2020-07-13,Manley,LL,na,1,16,2,16_18,R,0,na,na,,
2020-Jul,2020-07-13,Manley,LL,na,1,18,2,18_20,R,0,na,na,,
2020-Jul,2020-07-13,Manley,LL,na,2,0,2,0_2,L,0,na,na,,
2020-Jul,2020-07-13,Manley,LL,na,2,2,2,2_4,L,0,na,na,,
2020-Jul,2020-07-13,Manley,LL,na,2,4,2,4_6,L,0,na,na,,
2020-Jul,2020-07-13,Manley,LL,na,2,6,2,6_8,L,0,na,na,,
2020-Jul,2020-07-13,Manley,LL,na,2,8,2,8_10,L,2,na,na,,
2020-Jul,2020-07-13,Manley,LL,na,2,10,2,10_12,L,1,na,na,,
2020-Jul,2020-07-13,Manley,LL,na,2,12,2,12_14,L,0,na,na,,
2020-Jul,2020-07-13,Manley,LL,na,2,14,2,14_16,L,0,na,na,,
2020-Jul,2020-07-13,Manley,LL,na,2,16,2,16_18,L,2,na,na,,
2020-Jul,2020-07-13,Manley,LL,na,2,18,2,18_20,L,0,na,na,,
2020-Jul,2020-07-13,Manley,LL,na,2,0,2,0_2,R,0,na,na,,
2020-Jul,2020-07-13,Manley,LL,na,2,2,2,2_4,R,0,na,na,,
2020-Jul,2020-07-13,Manley,LL,na,2,4,2,4_6,R,0,na,na,,
2020-Jul,2020-07-13,Manley,LL,na,2,6,2,6_8,R,2,na,na,,
2020-Jul,2020-07-13,Manley,LL,na,2,8,2,8_10,R,0,na,na,,
2020-Jul,2020-07-13,Manley,LL,na,2,10,2,10_12,R,0,na,na,,
2020-Jul,2020-07-13,Manley,LL,na,2,12,2,12_14,R,0,na,na,,
2020-Jul,2020-07-13,Manley,LL,na,2,14,2,14_16,R,2,na,na,,
2020-Jul,2020-07-13,Manley,LL,na,2,16,2,16_18,R,0,na,na,,
2020-Jul,2020-07-13,Manley,LL,na,2,18,2,18_20,R,0,na,na,,
2020-Jul,2020-07-13,Manley,OP,na,3,0,2,0_2,L,0,na,na,,
2020-Jul,2020-07-13,Manley,OP,na,3,2,2,2_4,L,2,na,na,,
2020-Jul,2020-07-13,Manley,OP,na,3,4,2,4_6,L,0,na,na,,
2020-Jul,2020-07-13,Manley,OP,na,3,6,2,6_8,L,0,na,na,,
2020-Jul,2020-07-13,Manley,OP,na,3,8,2,8_10,L,0,na,na,,
2020-Jul,2020-07-13,Manley,OP,na,3,10,2,10_12,L,0,na,na,,
2020-Jul,2020-07-13,Manley,OP,na,3,12,2,12_14,L,0,na,na,,
2020-Jul,2020-07-13,Manley,OP,na,3,14,2,14_16,L,0,na,na,,
2020-Jul,2020-07-13,Manley,OP,na,3,16,2,16_18,L,0,na,na,,
2020-Jul,2020-07-13,Manley,OP,na,3,18,2,18_20,L,0,na,na,,
2020-Jul,2020-07-13,Manley,OP,na,3,0,2,0_2,R,3,na,na,,
2020-Jul,2020-07-13,Manley,OP,na,3,2,2,2_4,R,0,na,na,,
2020-Jul,2020-07-13,Manley,OP,na,3,4,2,4_6,R,0,na,na,,
2020-Jul,2020-07-13,Manley,OP,na,3,6,2,6_8,R,0,na,na,,
2020-Jul,2020-07-13,Manley,OP,na,3,8,2,8_10,R,0,na,na,,
2020-Jul,2020-07-13,Manley,OP,na,3,10,2,10_12,R,0,na,na,,
2020-Jul,2020-07-13,Manley,OP,na,3,12,2,12_14,R,0,na,na,,
2020-Jul,2020-07-13,Manley,OP,na,3,14,2,14_16,R,1,na,na,,
2020-Jul,2020-07-13,Manley,OP,na,3,16,2,16_18,R,0,na,na,,
2020-Jul,2020-07-13,Manley,OP,na,3,18,2,18_20,R,0,na,na,,
2020-Jul,2020-07-15,North_tombolo_sparse,DVM,na,1,0,2,0_2,R,17,4,9:32,,
2020-Jul,2020-07-15,North_tombolo_sparse,DVM,na,1,2,2,2_4,R,21,4,9:32,,
2020-Jul,2020-07-15,North_tombolo_sparse,DVM,na,1,4,2,4_6,R,0,4,9:32,,
2020-Jul,2020-07-15,North_tombolo_sparse,DVM,na,1,6,2,6_8,R,1,4,9:32,,
2020-Jul,2020-07-15,North_tombolo_sparse,DVM,na,1,8,2,8_10,R,0,4,9:32,,
2020-Jul,2020-07-15,North_tombolo_sparse,DVM,na,1,10,2,10_12,R,15,4,9:32,,
2020-Jul,2020-07-15,North_tombolo_sparse,DVM,na,1,12,2,12_14,R,0,4,9:32,,
2020-Jul,2020-07-15,North_tombolo_sparse,DVM,na,1,14,2,14_16,R,3,4,9:32,,
2020-Jul,2020-07-15,North_tombolo_sparse,DVM,na,1,16,2,16_18,R,4,4,9:32,,
2020-Jul,2020-07-15,North_tombolo_sparse,DVM,na,1,18,2,18_20,R,0,4,9:32,,
2020-Jul,2020-07-15,North_tombolo_sparse,DVM,na,1,20,2,20_22,R,2,4,9:32,,
2020-Jul,2020-07-15,North_tombolo_sparse,DVM,na,1,22,2,22_24,R,0,4,9:32,,
2020-Jul,2020-07-15,North_tombolo_sparse,DVM,na,1,24,2,24_26,R,0,3.8,9:32,,
2020-Jul,2020-07-15,North_tombolo_sparse,DVM,na,1,26,2,26_28,R,0,4.1,9:32,,
2020-Jul,2020-07-15,North_tombolo_sparse,DVM,na,1,28,2,28_30,R,7,4,9:32,,
2020-Jul,2020-07-15,North_tombolo_sparse,OP,na,1,0,2,0_2,L,0,4,9:30,,
2020-Jul,2020-07-15,North_tombolo_sparse,OP,na,1,2,2,2_4,L,0,4,9:30,,
2020-Jul,2020-07-15,North_tombolo_sparse,OP,na,1,4,2,4_6,L,0,3.9,9:30,,
2020-Jul,2020-07-15,North_tombolo_sparse,OP,na,1,6,2,6_8,L,2,3.9,9:30,,
2020-Jul,2020-07-15,North_tombolo_sparse,OP,na,1,8,2,8_10,L,0,3.9,9:30,,
2020-Jul,2020-07-15,North_tombolo_sparse,OP,na,1,10,2,10_12,L,2,3.9,9:30,,
2020-Jul,2020-07-15,North_tombolo_sparse,OP,na,1,12,2,12_14,L,0,3.9,9:30,,
2020-Jul,2020-07-15,North_tombolo_sparse,OP,na,1,14,2,14_16,L,4,4,9:30,,
2020-Jul,2020-07-15,North_tombolo_sparse,OP,na,1,16,2,16_18,L,1,4,9:30,,
2020-Jul,2020-07-15,North_tombolo_sparse,OP,na,1,18,2,18_20,L,6,4,9:30,,
2020-Jul,2020-07-15,North_tombolo_sparse,OP,na,1,20,2,20_22,L,16,4,9:30,,
2020-Jul,2020-07-15,North_tombolo_sparse,OP,na,1,22,2,22_24,L,0,3.8,9:30,,
2020-Jul,2020-07-15,North_tombolo_sparse,OP,na,1,24,2,24_26,L,0,3.8,9:30,,
2020-Jul,2020-07-15,North_tombolo_sparse,OP,na,1,26,2,26_28,L,0,3.8,9:30,,
2020-Jul,2020-07-15,North_tombolo_sparse,OP,na,1,28,2,28_30,L,0,3.8,9:30,,
2020-Jul,2020-07-15,North_tombolo_dense,DVM,na,1,0,2,0_2,R,41,3,9:52,,
2020-Jul,2020-07-15,North_tombolo_dense,DVM,na,1,2,2,2_4,R,26,3,10:52,,
2020-Jul,2020-07-15,North_tombolo_dense,DVM,na,1,4,2,4_6,R,35,2.5,11:52,,
2020-Jul,2020-07-15,North_tombolo_dense,DVM,na,1,6,2,6_8,R,64,2.5,12:52,,
2020-Jul,2020-07-15,North_tombolo_dense,DVM,na,1,8,2,8_10,R,23,2.7,13:52,,
2020-Jul,2020-07-15,North_tombolo_dense,DVM,na,1,10,2,10_12,R,55,2.7,14:52,,
2020-Jul,2020-07-15,North_tombolo_dense,DVM,na,1,12,2,12_14,R,39,2.4,15:52,,
2020-Jul,2020-07-15,North_tombolo_dense,DVM,na,1,14,2,14_16,R,21,2.4,16:52,,
2020-Jul,2020-07-15,North_tombolo_dense,DVM,na,1,16,2,16_18,R,5,2.4,17:52,,
2020-Jul,2020-07-15,North_tombolo_dense,DVM,na,1,18,2,18_20,R,21,2.3,17:52,,
2020-Jul,2020-07-15,North_tombolo_dense,DVM,na,1,20,2,20_22,R,58,2.3,17:52,,
2020-Jul,2020-07-15,North_tombolo_dense,DVM,na,1,22,2,22_24,R,20,2.5,17:52,,
2020-Jul,2020-07-15,North_tombolo_dense,DVM,na,1,24,2,24_26,R,35,2.5,17:52,,
2020-Jul,2020-07-15,North_tombolo_dense,DVM,na,1,26,2,26_28,R,41,2.7,17:52,,
2020-Jul,2020-07-15,North_tombolo_dense,DVM,na,1,28,2,28_30,R,31,2.5,17:52,,
2020-Jul,2020-07-15,North_tombolo_dense,OP,na,1,0,2,0_2,L,15,2.6,10:10,,
2020-Jul,2020-07-15,North_tombolo_dense,OP,na,1,2,2,2_4,L,25,2.5,10:10,,
2020-Jul,2020-07-15,North_tombolo_dense,OP,na,1,4,2,4_6,L,33,2.3,10:10,,
2020-Jul,2020-07-15,North_tombolo_dense,OP,na,1,6,2,6_8,L,34,2.5,10:10,,
2020-Jul,2020-07-15,North_tombolo_dense,OP,na,1,8,2,8_10,L,31,2.4,10:10,,
2020-Jul,2020-07-15,North_tombolo_dense,OP,na,1,10,2,10_12,L,30,2.4,10:10,,
2020-Jul,2020-07-15,North_tombolo_dense,OP,na,1,12,2,12_14,L,21,2.4,10:10,,
2020-Jul,2020-07-15,North_tombolo_dense,OP,na,1,14,2,14_16,L,30,2.3,10:10,,
2020-Jul,2020-07-15,North_tombolo_dense,OP,na,1,16,2,16_18,L,31,2.4,10:10,,
2020-Jul,2020-07-15,North_tombolo_dense,OP,na,1,18,2,18_20,L,35,2.6,10:10,,
2020-Jul,2020-07-15,North_tombolo_dense,OP,na,1,20,2,20_22,L,35,2.6,10:10,,
2020-Jul,2020-07-15,North_tombolo_dense,OP,na,1,22,2,22_24,L,6,2.6,10:10,,
2020-Jul,2020-07-15,North_tombolo_dense,OP,na,1,24,2,24_26,L,26,2.6,10:10,34 Macro,
2020-Jul,2020-07-15,North_tombolo_dense,OP,na,1,26,2,26_28,L,47,2.6,10:10,,
2020-Jul,2020-07-15,North_tombolo_dense,OP,na,1,28,2,28_30,L,27,2.3,10:10,,
2020-Jul,2020-07-26,Triquetta,KH,na,1,0,2,0_2,R,3,na,na,,
2020-Jul,2020-07-26,Triquetta,KH,na,1,2,2,2_4,R,0,na,na,,
2020-Jul,2020-07-26,Triquetta,KH,na,1,4,2,4_6,R,0,na,na,,
2020-Jul,2020-07-26,Triquetta,KH,na,1,6,2,6_8,R,3,na,na,,
2020-Jul,2020-07-26,Triquetta,KH,na,1,8,2,8_10,R,0,na,na,,
2020-Jul,2020-07-26,Triquetta,KH,na,1,10,2,10_12,R,1,na,na,,
2020-Jul,2020-07-26,Triquetta,KH,na,1,12,2,12_14,R,0,na,na,,
2020-Jul,2020-07-26,Triquetta,KH,na,1,14,2,14_16,R,0,na,na,,
2020-Jul,2020-07-26,Triquetta,KH,na,1,16,2,16_18,R,0,na,na,,
2020-Jul,2020-07-26,Triquetta,KH,na,1,18,2,18_20,R,1,na,na,,
2020-Jul,2020-07-26,Triquetta,KH,na,1,0,2,0_2,L,3,na,na,,
2020-Jul,2020-07-26,Triquetta,KH,na,1,2,2,2_4,L,1,na,na,,
2020-Jul,2020-07-26,Triquetta,KH,na,1,4,2,4_6,L,0,na,na,,
2020-Jul,2020-07-26,Triquetta,KH,na,1,6,2,6_8,L,3,na,na,,
2020-Jul,2020-07-26,Triquetta,KH,na,1,8,2,8_10,L,0,na,na,,
2020-Jul,2020-07-26,Triquetta,KH,na,1,10,2,10_12,L,0,na,na,,
2020-Jul,2020-07-26,Triquetta,KH,na,1,12,2,12_14,L,1,na,na,,
2020-Jul,2020-07-26,Triquetta,KH,na,1,14,2,14_16,L,2,na,na,,
2020-Jul,2020-07-26,Triquetta,KH,na,1,16,2,16_18,L,0,na,na,,
2020-Jul,2020-07-26,Triquetta,KH,na,1,18,2,18_20,L,2,na,na,,
2020-Jul,2020-07-26,Triquetta,KH,na,2,0,2,0_2,R,0,na,na,,
2020-Jul,2020-07-26,Triquetta,KH,na,2,2,2,2_4,R,7,na,na,,
2020-Jul,2020-07-26,Triquetta,KH,na,2,4,2,4_6,R,8,na,na,,
2020-Jul,2020-07-26,Triquetta,KH,na,2,6,2,6_8,R,4,na,na,,
2020-Jul,2020-07-26,Triquetta,KH,na,2,8,2,8_10,R,1,na,na,,
2020-Jul,2020-07-26,Triquetta,KH,na,2,10,2,10_12,R,2,na,na,,
2020-Jul,2020-07-26,Triquetta,KH,na,2,12,2,12_14,R,5,na,na,,
2020-Jul,2020-07-26,Triquetta,KH,na,2,14,2,14_16,R,0,na,na,,
2020-Jul,2020-07-26,Triquetta,KH,na,2,16,2,16_18,R,12,na,na,,
2020-Jul,2020-07-26,Triquetta,KH,na,2,18,2,18_20,R,3,na,na,,
2020-Jul,2020-07-26,Triquetta,KH,na,2,0,2,0_2,L,7,na,na,,
2020-Jul,2020-07-26,Triquetta,KH,na,2,2,2,2_4,L,0,na,na,,
2020-Jul,2020-07-26,Triquetta,KH,na,2,4,2,4_6,L,12,na,na,,
2020-Jul,2020-07-26,Triquetta,KH,na,2,6,2,6_8,L,2,na,na,,
2020-Jul,2020-07-26,Triquetta,KH,na,2,8,2,8_10,L,2,na,na,,
2020-Jul,2020-07-26,Triquetta,KH,na,2,10,2,10_12,L,3,na,na,,
2020-Jul,2020-07-26,Triquetta,KH,na,2,12,2,12_14,L,3,na,na,,
2020-Jul,2020-07-26,Triquetta,KH,na,2,14,2,14_16,L,5,na,na,,
2020-Jul,2020-07-26,Triquetta,KH,na,2,16,2,16_18,L,9,na,na,,
2020-Jul,2020-07-26,Triquetta,KH,na,2,18,2,18_20,L,3,na,na,,
2020-Jul,2020-07-26,Triquetta,KH,na,3,0,2,0_2,R,13,na,na,,
2020-Jul,2020-07-26,Triquetta,KH,na,3,2,2,2_4,R,6,na,na,,
2020-Jul,2020-07-26,Triquetta,KH,na,3,4,2,4_6,R,3,na,na,,
2020-Jul,2020-07-26,Triquetta,KH,na,3,6,2,6_8,R,13,na,na,,
2020-Jul,2020-07-26,Triquetta,KH,na,3,8,2,8_10,R,3,na,na,,
2020-Jul,2020-07-26,Triquetta,KH,na,3,10,2,10_12,R,2,na,na,,
2020-Jul,2020-07-26,Triquetta,KH,na,3,12,2,12_14,R,7,na,na,,
2020-Jul,2020-07-26,Triquetta,KH,na,3,14,2,14_16,R,1,na,na,,
2020-Jul,2020-07-26,Triquetta,KH,na,3,16,2,16_18,R,9,na,na,,
2020-Jul,2020-07-26,Triquetta,KH,na,3,18,2,18_20,R,4,na,na,,
2020-Jul,2020-07-26,Triquetta,KH,na,3,0,2,0_2,L,1,na,na,,
2020-Jul,2020-07-26,Triquetta,KH,na,3,2,2,2_4,L,2,na,na,,
2020-Jul,2020-07-26,Triquetta,KH,na,3,4,2,4_6,L,3,na,na,,
2020-Jul,2020-07-26,Triquetta,KH,na,3,6,2,6_8,L,2,na,na,,
2020-Jul,2020-07-26,Triquetta,KH,na,3,8,2,8_10,L,7,na,na,,
2020-Jul,2020-07-26,Triquetta,KH,na,3,10,2,10_12,L,4,na,na,,
2020-Jul,2020-07-26,Triquetta,KH,na,3,12,2,12_14,L,4,na,na,,
2020-Jul,2020-07-26,Triquetta,KH,na,3,14,2,14_16,L,21,na,na,,
2020-Jul,2020-07-26,Triquetta,KH,na,3,16,2,16_18,L,2,na,na,,
2020-Jul,2020-07-26,Triquetta,KH,na,3,18,2,18_20,L,18,na,na,,
2021-Jun,2021-06-10,Owen,KH,na,2,0,2,0_2,R,70,na,na,,
2021-Jun,2021-06-10,Owen,KH,na,2,2,2,2_4,R,84,na,na,,
2021-Jun,2021-06-10,Owen,KH,na,2,4,2,4_6,R,30,na,na,,
2021-Jun,2021-06-10,Owen,KH,na,2,6,2,6_8,R,31,na,na,,
2021-Jun,2021-06-10,Owen,KH,na,2,8,2,8_10,R,46,na,na,,
2021-Jun,2021-06-10,Owen,KH,na,2,10,2,10_12,R,33,na,na,,
2021-Jun,2021-06-10,Owen,KH,na,2,12,2,12_14,R,21,na,na,,
2021-Jun,2021-06-10,Owen,KH,na,2,14,2,14_16,R,28,na,na,,
2021-Jun,2021-06-10,Owen,KH,na,2,16,2,16_18,R,50,na,na,,
2021-Jun,2021-06-10,Owen,KH,na,2,18,2,18_20,R,52,na,na,,
2021-Jun,2021-06-10,Owen,KH,na,1,0,2,0_2,R,26,na,na,,
2021-Jun,2021-06-10,Owen,KH,na,1,2,2,2_4,R,45,na,na,,
2021-Jun,2021-06-10,Owen,KH,na,1,4,2,4_6,R,24,na,na,,
2021-Jun,2021-06-10,Owen,KH,na,1,6,2,6_8,R,42,na,na,,
2021-Jun,2021-06-10,Owen,KH,na,1,8,2,8_10,R,19,na,na,,
2021-Jun,2021-06-10,Owen,KH,na,1,10,2,10_12,R,16,na,na,,
2021-Jun,2021-06-10,Owen,KH,na,1,12,2,12_14,R,0,na,na,,
2021-Jun,2021-06-10,Owen,KH,na,1,14,2,14_16,R,20,na,na,,
2021-Jun,2021-06-10,Owen,KH,na,1,16,2,16_18,R,20,na,na,,
2021-Jun,2021-06-10,Owen,KH,na,1,18,2,18_20,R,37,na,na,,
2021-Jun,2021-06-10,Owen,KH,na,3,0,2,0_2,R,13,na,na,,
2021-Jun,2021-06-10,Owen,KH,na,3,2,2,2_4,R,10,na,na,,
2021-Jun,2021-06-10,Owen,KH,na,3,4,2,4_6,R,15,na,na,,
2021-Jun,2021-06-10,Owen,KH,na,3,6,2,6_8,R,15,na,na,,
2021-Jun,2021-06-10,Owen,KH,na,3,8,2,8_10,R,24,na,na,,
2021-Jun,2021-06-10,Owen,KH,na,3,10,2,10_12,R,14,na,na,,
2021-Jun,2021-06-10,Owen,KH,na,3,12,2,12_14,R,7,na,na,,
2021-Jun,2021-06-10,Owen,KH,na,3,14,2,14_16,R,13,na,na,,
2021-Jun,2021-06-10,Owen,KH,na,3,16,2,16_18,R,16,na,na,,
2021-Jun,2021-06-10,Owen,KH,na,3,18,2,18_20,R,28,na,na,,
2021-Jun,2021-06-10,Owen,OP,na,2,0,2,0_2,L,16,na,na,,
2021-Jun,2021-06-10,Owen,OP,na,2,2,2,2_4,L,17,na,na,,
2021-Jun,2021-06-10,Owen,OP,na,2,4,2,4_6,L,23,na,na,,
2021-Jun,2021-06-10,Owen,OP,na,2,6,2,6_8,L,39,na,na,,
2021-Jun,2021-06-10,Owen,OP,na,2,8,2,8_10,L,20,na,na,,
2021-Jun,2021-06-10,Owen,OP,na,2,10,2,10_12,L,23,na,na,,
2021-Jun,2021-06-10,Owen,OP,na,2,12,2,12_14,L,15,na,na,,
2021-Jun,2021-06-10,Owen,OP,na,2,14,2,14_16,L,12,na,na,,
2021-Jun,2021-06-10,Owen,OP,na,2,16,2,16_18,L,46,na,na,,
2021-Jun,2021-06-10,Owen,OP,na,2,18,2,18_20,L,21,na,na,,
2021-Jun,2021-06-10,Owen,OP,na,1,0,2,0_2,L,41,na,na,,
2021-Jun,2021-06-10,Owen,OP,na,1,2,2,2_4,L,31,na,na,,
2021-Jun,2021-06-10,Owen,OP,na,1,4,2,4_6,L,31,na,na,,
2021-Jun,2021-06-10,Owen,OP,na,1,6,2,6_8,L,39,na,na,,
2021-Jun,2021-06-10,Owen,OP,na,1,8,2,8_10,L,22,na,na,,
2021-Jun,2021-06-10,Owen,OP,na,1,10,2,10_12,L,23,na,na,,
2021-Jun,2021-06-10,Owen,OP,na,1,12,2,12_14,L,42,na,na,,
2021-Jun,2021-06-10,Owen,OP,na,1,14,2,14_16,L,2,na,na,,
2021-Jun,2021-06-10,Owen,OP,na,1,16,2,16_18,L,35,na,na,,
2021-Jun,2021-06-10,Owen,OP,na,1,18,2,18_20,L,30,na,na,,
2021-Jun,2021-06-10,Owen,OP,na,3,0,2,0_2,L,14,na,na,,
2021-Jun,2021-06-10,Owen,OP,na,3,2,2,2_4,L,13,na,na,,
2021-Jun,2021-06-10,Owen,OP,na,3,4,2,4_6,L,14,na,na,,
2021-Jun,2021-06-10,Owen,OP,na,3,6,2,6_8,L,11,na,na,,
2021-Jun,2021-06-10,Owen,OP,na,3,8,2,8_10,L,13,na,na,,
2021-Jun,2021-06-10,Owen,OP,na,3,10,2,10_12,L,24,na,na,,
2021-Jun,2021-06-10,Owen,OP,na,3,12,2,12_14,L,11,na,na,,
2021-Jun,2021-06-10,Owen,OP,na,3,14,2,14_16,L,7,na,na,,
2021-Jun,2021-06-10,Owen,OP,na,3,16,2,16_18,L,15,na,na,,
2021-Jun,2021-06-10,Owen,OP,na,3,18,2,18_20,L,18,na,na,,
2021-Jul,2021-07-03,Triquetta,DVM,na,2,0,2,0_2,R,4,na,na,,
2021-Jul,2021-07-03,Triquetta,DVM,na,2,2,2,2_4,R,4,na,na,,
2021-Jul,2021-07-03,Triquetta,DVM,na,2,4,2,4_6,R,5,na,na,,
2021-Jul,2021-07-03,Triquetta,DVM,na,2,6,2,6_8,R,7,na,na,,
2021-Jul,2021-07-03,Triquetta,DVM,na,2,8,2,8_10,R,2,na,na,,
2021-Jul,2021-07-03,Triquetta,DVM,na,2,10,2,10_12,R,9,na,na,,
2021-Jul,2021-07-03,Triquetta,DVM,na,2,12,2,12_14,R,3,na,na,,
2021-Jul,2021-07-03,Triquetta,DVM,na,2,14,2,14_16,R,5,na,na,,
2021-Jul,2021-07-03,Triquetta,DVM,na,2,16,2,16_18,R,7,na,na,,
2021-Jul,2021-07-03,Triquetta,DVM,na,2,18,2,18_20,R,9,na,na,,
2021-Jul,2021-07-03,Triquetta,DVM,na,2,0,2,0_2,L,3,na,na,,
2021-Jul,2021-07-03,Triquetta,DVM,na,2,2,2,2_4,L,2,na,na,,
2021-Jul,2021-07-03,Triquetta,DVM,na,2,4,2,4_6,L,4,na,na,,
2021-Jul,2021-07-03,Triquetta,DVM,na,2,6,2,6_8,L,6,na,na,,
2021-Jul,2021-07-03,Triquetta,DVM,na,2,8,2,8_10,L,9,na,na,,
2021-Jul,2021-07-03,Triquetta,DVM,na,2,10,2,10_12,L,8,na,na,,
2021-Jul,2021-07-03,Triquetta,DVM,na,2,12,2,12_14,L,0,na,na,,
2021-Jul,2021-07-03,Triquetta,DVM,na,2,14,2,14_16,L,1,na,na,,
2021-Jul,2021-07-03,Triquetta,DVM,na,2,16,2,16_18,L,5,na,na,,
2021-Jul,2021-07-03,Triquetta,DVM,na,2,18,2,18_20,L,25,na,na,,
2021-Jul,2021-07-03,Triquetta,KH,na,3,0,2,0_2,R,0,na,na,,
2021-Jul,2021-07-03,Triquetta,KH,na,3,2,2,2_4,R,0,na,na,,
2021-Jul,2021-07-03,Triquetta,KH,na,3,4,2,4_6,R,4,na,na,,
2021-Jul,2021-07-03,Triquetta,KH,na,3,6,2,6_8,R,2,na,na,,
2021-Jul,2021-07-03,Triquetta,KH,na,3,8,2,8_10,R,2,na,na,,
2021-Jul,2021-07-03,Triquetta,KH,na,3,10,2,10_12,R,6,na,na,,
2021-Jul,2021-07-03,Triquetta,KH,na,3,12,2,12_14,R,6,na,na,,
2021-Jul,2021-07-03,Triquetta,KH,na,3,14,2,14_16,R,3,na,na,,
2021-Jul,2021-07-03,Triquetta,KH,na,3,16,2,16_18,R,15,na,na,,
2021-Jul,2021-07-03,Triquetta,KH,na,3,18,2,18_20,R,8,na,na,,
2021-Jul,2021-07-03,Triquetta,KH,na,3,0,2,0_2,L,1,na,na,,
2021-Jul,2021-07-03,Triquetta,KH,na,3,2,2,2_4,L,7,na,na,,
2021-Jul,2021-07-03,Triquetta,KH,na,3,4,2,4_6,L,4,na,na,,
2021-Jul,2021-07-03,Triquetta,KH,na,3,6,2,6_8,L,3,na,na,,
2021-Jul,2021-07-03,Triquetta,KH,na,3,8,2,8_10,L,0,na,na,,
2021-Jul,2021-07-03,Triquetta,KH,na,3,10,2,10_12,L,8,na,na,,
2021-Jul,2021-07-03,Triquetta,KH,na,3,12,2,12_14,L,2,na,na,,
2021-Jul,2021-07-03,Triquetta,KH,na,3,14,2,14_16,L,4,na,na,,
2021-Jul,2021-07-03,Triquetta,KH,na,3,16,2,16_18,L,12,na,na,,
2021-Jul,2021-07-03,Triquetta,KH,na,3,18,2,18_20,L,8,na,na,,
2021-Jul,2021-07-03,Triquetta,ZM,na,1,0,2,0_2,R,9,na,na,priviewsly entered date as 2nd not 3rd,
2021-Jul,2021-07-03,Triquetta,ZM,na,1,2,2,2_4,R,8,na,na,priviewsly entered date as 2nd not 3rd,
2021-Jul,2021-07-03,Triquetta,ZM,na,1,4,2,4_6,R,8,na,na,priviewsly entered date as 2nd not 3rd,
2021-Jul,2021-07-03,Triquetta,ZM,na,1,6,2,6_8,R,6,na,na,priviewsly entered date as 2nd not 3rd,
2021-Jul,2021-07-03,Triquetta,ZM,na,1,8,2,8_10,R,8,na,na,priviewsly entered date as 2nd not 3rd,
2021-Jul,2021-07-03,Triquetta,ZM,na,1,10,2,10_12,R,8,na,na,priviewsly entered date as 2nd not 3rd,
2021-Jul,2021-07-03,Triquetta,ZM,na,1,12,2,12_14,R,0,na,na,priviewsly entered date as 2nd not 3rd,
2021-Jul,2021-07-03,Triquetta,ZM,na,1,14,2,14_16,R,3,na,na,priviewsly entered date as 2nd not 3rd,
2021-Jul,2021-07-03,Triquetta,ZM,na,1,16,2,16_18,R,3,na,na,priviewsly entered date as 2nd not 3rd,
2021-Jul,2021-07-03,Triquetta,ZM,na,1,18,2,18_20,R,1,na,na,priviewsly entered date as 2nd not 3rd,
2021-Jul,2021-07-03,Triquetta,ZM,na,1,0,2,0_2,L,4,na,na,priviewsly entered date as 2nd not 3rd,
2021-Jul,2021-07-03,Triquetta,ZM,na,1,2,2,2_4,L,6,na,na,priviewsly entered date as 2nd not 3rd,
2021-Jul,2021-07-03,Triquetta,ZM,na,1,4,2,4_6,L,1,na,na,priviewsly entered date as 2nd not 3rd,
2021-Jul,2021-07-03,Triquetta,ZM,na,1,6,2,6_8,L,4,na,na,priviewsly entered date as 2nd not 3rd,
2021-Jul,2021-07-03,Triquetta,ZM,na,1,8,2,8_10,L,2,na,na,priviewsly entered date as 2nd not 3rd,
2021-Jul,2021-07-03,Triquetta,ZM,na,1,10,2,10_12,L,0,na,na,"missed this bin, priviewsly entered date as 2nd not 3rd",
2021-Jul,2021-07-03,Triquetta,ZM,na,1,12,2,12_14,L,1,na,na,priviewsly entered date as 2nd not 3rd,
2021-Jul,2021-07-03,Triquetta,ZM,na,1,14,2,14_16,L,3,na,na,priviewsly entered date as 2nd not 3rd,
2021-Jul,2021-07-03,Triquetta,ZM,na,1,16,2,16_18,L,1,na,na,priviewsly entered date as 2nd not 3rd,
2021-Jul,2021-07-03,Triquetta,ZM,na,1,18,2,18_20,L,1,na,na,priviewsly entered date as 2nd not 3rd,
2021-Jul,2021-07-03,Manley,KH,na,3,0,2,0_2,R,0,na,na,,
2021-Jul,2021-07-03,Manley,KH,na,3,2,2,2_4,R,0,na,na,,
2021-Jul,2021-07-03,Manley,KH,na,3,4,2,4_6,R,2,na,na,,
2021-Jul,2021-07-03,Manley,KH,na,3,6,2,6_8,R,0,na,na,,
2021-Jul,2021-07-03,Manley,KH,na,3,8,2,8_10,R,0,na,na,,
2021-Jul,2021-07-03,Manley,KH,na,3,10,2,10_12,R,0,na,na,,
2021-Jul,2021-07-03,Manley,KH,na,3,12,2,12_14,R,0,na,na,,
2021-Jul,2021-07-03,Manley,KH,na,3,14,2,14_16,R,0,na,na,,
2021-Jul,2021-07-03,Manley,KH,na,3,16,2,16_18,R,0,na,na,,
2021-Jul,2021-07-03,Manley,KH,na,3,18,2,18_20,R,0,na,na,,
2021-Jul,2021-07-03,Manley,KH,na,3,0,2,0_2,L,0,na,na,,
2021-Jul,2021-07-03,Manley,KH,na,3,2,2,2_4,L,2,na,na,,
2021-Jul,2021-07-03,Manley,KH,na,3,4,2,4_6,L,0,na,na,,
2021-Jul,2021-07-03,Manley,KH,na,3,6,2,6_8,L,0,na,na,,
2021-Jul,2021-07-03,Manley,KH,na,3,8,2,8_10,L,0,na,na,,
2021-Jul,2021-07-03,Manley,KH,na,3,10,2,10_12,L,0,na,na,,
2021-Jul,2021-07-03,Manley,KH,na,3,12,2,12_14,L,1,na,na,,
2021-Jul,2021-07-03,Manley,KH,na,3,14,2,14_16,L,0,na,na,,
2021-Jul,2021-07-03,Manley,KH,na,3,16,2,16_18,L,0,na,na,,
2021-Jul,2021-07-03,Manley,KH,na,3,18,2,18_20,L,0,na,na,,
2021-Jul,2021-07-03,Manley,ZM,na,1,0,2,0_2,R,0,na,na,previewsly date entered as 2nd not 3rd,
2021-Jul,2021-07-03,Manley,ZM,na,1,2,2,2_4,R,0,na,na,previewsly date entered as 2nd not 3rd,
2021-Jul,2021-07-03,Manley,ZM,na,1,4,2,4_6,R,0,na,na,previewsly date entered as 2nd not 3rd,
2021-Jul,2021-07-03,Manley,ZM,na,1,6,2,6_8,R,0,na,na,previewsly date entered as 2nd not 3rd,
2021-Jul,2021-07-03,Manley,ZM,na,1,8,2,8_10,R,0,na,na,previewsly date entered as 2nd not 3rd,
2021-Jul,2021-07-03,Manley,ZM,na,1,10,2,10_12,R,1,na,na,previewsly date entered as 2nd not 3rd,
2021-Jul,2021-07-03,Manley,ZM,na,1,12,2,12_14,R,0,na,na,previewsly date entered as 2nd not 3rd,
2021-Jul,2021-07-03,Manley,ZM,na,1,14,2,14_16,R,1,na,na,previewsly date entered as 2nd not 3rd,
2021-Jul,2021-07-03,Manley,ZM,na,1,16,2,16_18,R,0,na,na,previewsly date entered as 2nd not 3rd,
2021-Jul,2021-07-03,Manley,ZM,na,1,18,2,18_20,R,0,na,na,previewsly date entered as 2nd not 3rd,
2021-Jul,2021-07-03,Manley,ZM,na,1,0,2,0_2,L,0,na,na,previewsly date entered as 2nd not 3rd,
2021-Jul,2021-07-03,Manley,ZM,na,1,2,2,2_4,L,0,na,na,previewsly date entered as 2nd not 3rd,
2021-Jul,2021-07-03,Manley,ZM,na,1,4,2,4_6,L,0,na,na,previewsly date entered as 2nd not 3rd,
2021-Jul,2021-07-03,Manley,ZM,na,1,6,2,6_8,L,0,na,na,previewsly date entered as 2nd not 3rd,
2021-Jul,2021-07-03,Manley,ZM,na,1,8,2,8_10,L,0,na,na,previewsly date entered as 2nd not 3rd,
2021-Jul,2021-07-03,Manley,ZM,na,1,10,2,10_12,L,0,na,na,previewsly date entered as 2nd not 3rd,
2021-Jul,2021-07-03,Manley,ZM,na,1,12,2,12_14,L,0,na,na,previewsly date entered as 2nd not 3rd,
2021-Jul,2021-07-03,Manley,ZM,na,1,14,2,14_16,L,0,na,na,previewsly date entered as 2nd not 3rd,
2021-Jul,2021-07-03,Manley,ZM,na,1,16,2,16_18,L,0,na,na,previewsly date entered as 2nd not 3rd,
2021-Jul,2021-07-03,Manley,ZM,na,1,18,2,18_20,L,1,na,na,previewsly date entered as 2nd not 3rd,
2021-Jul,2021-07-03,Manley,DVM,na,2,0,2,0_2,R,0,na,na,,
2021-Jul,2021-07-03,Manley,DVM,na,2,2,2,2_4,R,0,na,na,,
2021-Jul,2021-07-03,Manley,DVM,na,2,4,2,4_6,R,0,na,na,,
2021-Jul,2021-07-03,Manley,DVM,na,2,6,2,6_8,R,1,na,na,,
2021-Jul,2021-07-03,Manley,DVM,na,2,8,2,8_10,R,0,na,na,,
2021-Jul,2021-07-03,Manley,DVM,na,2,10,2,10_12,R,1,na,na,,
2021-Jul,2021-07-03,Manley,DVM,na,2,12,2,12_14,R,0,na,na,,
2021-Jul,2021-07-03,Manley,DVM,na,2,14,2,14_16,R,0,na,na,,
2021-Jul,2021-07-03,Manley,DVM,na,2,16,2,16_18,R,0,na,na,,
2021-Jul,2021-07-03,Manley,DVM,na,2,18,2,18_20,R,0,na,na,,
2021-Jul,2021-07-03,Manley,DVM,na,2,0,2,0_2,L,0,na,na,,
2021-Jul,2021-07-03,Manley,DVM,na,2,2,2,2_4,L,0,na,na,,
2021-Jul,2021-07-03,Manley,DVM,na,2,4,2,4_6,L,0,na,na,,
2021-Jul,2021-07-03,Manley,DVM,na,2,6,2,6_8,L,0,na,na,,
2021-Jul,2021-07-03,Manley,DVM,na,2,8,2,8_10,L,0,na,na,,
2021-Jul,2021-07-03,Manley,DVM,na,2,10,2,10_12,L,0,na,na,,
2021-Jul,2021-07-03,Manley,DVM,na,2,12,2,12_14,L,1,na,na,,
2021-Jul,2021-07-03,Manley,DVM,na,2,14,2,14_16,L,1,na,na,,
2021-Jul,2021-07-03,Manley,DVM,na,2,16,2,16_18,L,0,na,na,,
2021-Jul,2021-07-03,Manley,DVM,na,2,18,2,18_20,L,0,na,na,,
2021-Jul,2021-07-02,Second,OP,na,3,0,2,0_2,R,0,na,na,priviewsly entered date as 3rd not 2nd,
2021-Jul,2021-07-02,Second,OP,na,3,2,2,2_4,R,0,na,na,priviewsly entered date as 3rd not 2nd,
2021-Jul,2021-07-02,Second,OP,na,3,4,2,4_6,R,0,na,na,priviewsly entered date as 3rd not 2nd,
2021-Jul,2021-07-02,Second,OP,na,3,6,2,6_8,R,0,na,na,priviewsly entered date as 3rd not 2nd,
2021-Jul,2021-07-02,Second,OP,na,3,8,2,8_10,R,0,na,na,priviewsly entered date as 3rd not 2nd,
2021-Jul,2021-07-02,Second,OP,na,3,10,2,10_12,R,0,na,na,priviewsly entered date as 3rd not 2nd,
2021-Jul,2021-07-02,Second,OP,na,3,12,2,12_14,R,0,na,na,priviewsly entered date as 3rd not 2nd,
2021-Jul,2021-07-02,Second,OP,na,3,14,2,14_16,R,0,na,na,priviewsly entered date as 3rd not 2nd,
2021-Jul,2021-07-02,Second,OP,na,3,16,2,16_18,R,0,na,na,priviewsly entered date as 3rd not 2nd,
2021-Jul,2021-07-02,Second,OP,na,3,18,2,18_20,R,0,na,na,priviewsly entered date as 3rd not 2nd,
2021-Jul,2021-07-02,Second,OP,na,3,0,2,0_2,L,0,na,na,priviewsly entered date as 3rd not 2nd,
2021-Jul,2021-07-02,Second,OP,na,3,2,2,2_4,L,0,na,na,priviewsly entered date as 3rd not 2nd,
2021-Jul,2021-07-02,Second,OP,na,3,4,2,4_6,L,0,na,na,priviewsly entered date as 3rd not 2nd,
2021-Jul,2021-07-02,Second,OP,na,3,6,2,6_8,L,0,na,na,priviewsly entered date as 3rd not 2nd,
2021-Jul,2021-07-02,Second,OP,na,3,8,2,8_10,L,0,na,na,priviewsly entered date as 3rd not 2nd,
2021-Jul,2021-07-02,Second,OP,na,3,10,2,10_12,L,0,na,na,priviewsly entered date as 3rd not 2nd,
2021-Jul,2021-07-02,Second,OP,na,3,12,2,12_14,L,0,na,na,priviewsly entered date as 3rd not 2nd,
2021-Jul,2021-07-02,Second,OP,na,3,14,2,14_16,L,0,na,na,priviewsly entered date as 3rd not 2nd,
2021-Jul,2021-07-02,Second,OP,na,3,16,2,16_18,L,0,na,na,priviewsly entered date as 3rd not 2nd,
2021-Jul,2021-07-02,Second,OP,na,3,18,2,18_20,L,0,na,na,priviewsly entered date as 3rd not 2nd,
2021-Jul,2021-07-02,Second,KH,na,1,0,2,0_2,R,0,na,na,,
2021-Jul,2021-07-02,Second,KH,na,1,2,2,2_4,R,0,na,na,,
2021-Jul,2021-07-02,Second,KH,na,1,4,2,4_6,R,0,na,na,,
2021-Jul,2021-07-02,Second,KH,na,1,6,2,6_8,R,0,na,na,,
2021-Jul,2021-07-02,Second,KH,na,1,8,2,8_10,R,0,na,na,,
2021-Jul,2021-07-02,Second,KH,na,1,10,2,10_12,R,0,na,na,,
2021-Jul,2021-07-02,Second,KH,na,1,12,2,12_14,R,0,na,na,,
2021-Jul,2021-07-02,Second,KH,na,1,14,2,14_16,R,0,na,na,,
2021-Jul,2021-07-02,Second,KH,na,1,16,2,16_18,R,0,na,na,,
2021-Jul,2021-07-02,Second,KH,na,1,18,2,18_20,R,0,na,na,,
2021-Jul,2021-07-02,Second,KH,na,1,0,2,0_2,L,0,na,na,,
2021-Jul,2021-07-02,Second,KH,na,1,2,2,2_4,L,0,na,na,,
2021-Jul,2021-07-02,Second,KH,na,1,4,2,4_6,L,0,na,na,,
2021-Jul,2021-07-02,Second,KH,na,1,6,2,6_8,L,0,na,na,,
2021-Jul,2021-07-02,Second,KH,na,1,8,2,8_10,L,0,na,na,,
2021-Jul,2021-07-02,Second,KH,na,1,10,2,10_12,L,0,na,na,,
2021-Jul,2021-07-02,Second,KH,na,1,12,2,12_14,L,0,na,na,,
2021-Jul,2021-07-02,Second,KH,na,1,14,2,14_16,L,0,na,na,,
2021-Jul,2021-07-02,Second,KH,na,1,16,2,16_18,L,0,na,na,,
2021-Jul,2021-07-02,Second,KH,na,1,18,2,18_20,L,0,na,na,,
2021-Jul,2021-07-02,Second,ZM,na,2,0,2,0_2,R,0,na,na,,
2021-Jul,2021-07-02,Second,ZM,na,2,2,2,2_4,R,0,na,na,,
2021-Jul,2021-07-02,Second,ZM,na,2,4,2,4_6,R,0,na,na,,
2021-Jul,2021-07-02,Second,ZM,na,2,6,2,6_8,R,0,na,na,,
2021-Jul,2021-07-02,Second,ZM,na,2,8,2,8_10,R,0,na,na,,
2021-Jul,2021-07-02,Second,ZM,na,2,10,2,10_12,R,0,na,na,,
2021-Jul,2021-07-02,Second,ZM,na,2,12,2,12_14,R,0,na,na,,
2021-Jul,2021-07-02,Second,ZM,na,2,14,2,14_16,R,0,na,na,,
2021-Jul,2021-07-02,Second,ZM,na,2,16,2,16_18,R,0,na,na,,
2021-Jul,2021-07-02,Second,ZM,na,2,18,2,18_20,R,0,na,na,,
2021-Jul,2021-07-02,Second,ZM,na,2,0,2,0_2,L,0,na,na,,
2021-Jul,2021-07-02,Second,ZM,na,2,2,2,2_4,L,0,na,na,,
2021-Jul,2021-07-02,Second,ZM,na,2,4,2,4_6,L,0,na,na,,
2021-Jul,2021-07-02,Second,ZM,na,2,6,2,6_8,L,0,na,na,,
2021-Jul,2021-07-02,Second,ZM,na,2,8,2,8_10,L,0,na,na,,
2021-Jul,2021-07-02,Second,ZM,na,2,10,2,10_12,L,0,na,na,,
2021-Jul,2021-07-02,Second,ZM,na,2,12,2,12_14,L,0,na,na,,
2021-Jul,2021-07-02,Second,ZM,na,2,14,2,14_16,L,0,na,na,,
2021-Jul,2021-07-02,Second,ZM,na,2,16,2,16_18,L,0,na,na,,
2021-Jul,2021-07-02,Second,ZM,na,2,18,2,18_20,L,0,na,na,,
2021-Jul,2021-07-04,North,OP,na,3,0,2,0_2,R,0,na,na,,
2021-Jul,2021-07-04,North,OP,na,3,2,2,2_4,R,0,na,na,,
2021-Jul,2021-07-04,North,OP,na,3,4,2,4_6,R,0,na,na,,
2021-Jul,2021-07-04,North,OP,na,3,6,2,6_8,R,0,na,na,,
2021-Jul,2021-07-04,North,OP,na,3,8,2,8_10,R,0,na,na,,
2021-Jul,2021-07-04,North,OP,na,3,10,2,10_12,R,0,na,na,,
2021-Jul,2021-07-04,North,OP,na,3,12,2,12_14,R,0,na,na,,
2021-Jul,2021-07-04,North,OP,na,3,14,2,14_16,R,0,na,na,,
2021-Jul,2021-07-04,North,OP,na,3,16,2,16_18,R,0,na,na,,
2021-Jul,2021-07-04,North,OP,na,3,18,2,18_20,R,0,na,na,,
2021-Jul,2021-07-04,North,OP,na,3,0,2,0_2,L,0,na,na,,
2021-Jul,2021-07-04,North,OP,na,3,2,2,2_4,L,0,na,na,,
2021-Jul,2021-07-04,North,OP,na,3,4,2,4_6,L,0,na,na,,
2021-Jul,2021-07-04,North,OP,na,3,6,2,6_8,L,0,na,na,,
2021-Jul,2021-07-04,North,OP,na,3,8,2,8_10,L,0,na,na,,
2021-Jul,2021-07-04,North,OP,na,3,10,2,10_12,L,0,na,na,,
2021-Jul,2021-07-04,North,OP,na,3,12,2,12_14,L,0,na,na,,
2021-Jul,2021-07-04,North,OP,na,3,14,2,14_16,L,0,na,na,,
2021-Jul,2021-07-04,North,OP,na,3,16,2,16_18,L,0,na,na,,
2021-Jul,2021-07-04,North,OP,na,3,18,2,18_20,L,0,na,na,,
2021-Jul,2021-07-04,North,KH,na,1,0,2,0_2,R,0,na,na,,
2021-Jul,2021-07-04,North,KH,na,1,2,2,2_4,R,0,na,na,,
2021-Jul,2021-07-04,North,KH,na,1,4,2,4_6,R,0,na,na,,
2021-Jul,2021-07-04,North,KH,na,1,6,2,6_8,R,0,na,na,,
2021-Jul,2021-07-04,North,KH,na,1,8,2,8_10,R,0,na,na,,
2021-Jul,2021-07-04,North,KH,na,1,10,2,10_12,R,0,na,na,,
2021-Jul,2021-07-04,North,KH,na,1,12,2,12_14,R,0,na,na,,
2021-Jul,2021-07-04,North,KH,na,1,14,2,14_16,R,0,na,na,,
2021-Jul,2021-07-04,North,KH,na,1,16,2,16_18,R,0,na,na,,
2021-Jul,2021-07-04,North,KH,na,1,18,2,18_20,R,0,na,na,,
2021-Jul,2021-07-04,North,KH,na,1,0,2,0_2,L,0,na,na,,
2021-Jul,2021-07-04,North,KH,na,1,2,2,2_4,L,0,na,na,,
2021-Jul,2021-07-04,North,KH,na,1,4,2,4_6,L,0,na,na,,
2021-Jul,2021-07-04,North,KH,na,1,6,2,6_8,L,0,na,na,,
2021-Jul,2021-07-04,North,KH,na,1,8,2,8_10,L,0,na,na,,
2021-Jul,2021-07-04,North,KH,na,1,10,2,10_12,L,0,na,na,,
2021-Jul,2021-07-04,North,KH,na,1,12,2,12_14,L,0,na,na,,
2021-Jul,2021-07-04,North,KH,na,1,14,2,14_16,L,0,na,na,,
2021-Jul,2021-07-04,North,KH,na,1,16,2,16_18,L,0,na,na,,
2021-Jul,2021-07-04,North,KH,na,1,18,2,18_20,L,0,na,na,,
2021-Jul,2021-07-04,North,DVM,na,2,0,2,0_2,R,0,na,na,previewsly date entered as 2nd not 4th,
2021-Jul,2021-07-04,North,DVM,na,2,2,2,2_4,R,0,na,na,previewsly date entered as 2nd not 4th,
2021-Jul,2021-07-04,North,DVM,na,2,4,2,4_6,R,0,na,na,previewsly date entered as 2nd not 4th,
2021-Jul,2021-07-04,North,DVM,na,2,6,2,6_8,R,0,na,na,previewsly date entered as 2nd not 4th,
2021-Jul,2021-07-04,North,DVM,na,2,8,2,8_10,R,0,na,na,previewsly date entered as 2nd not 4th,
2021-Jul,2021-07-04,North,DVM,na,2,10,2,10_12,R,0,na,na,previewsly date entered as 2nd not 4th,
2021-Jul,2021-07-04,North,DVM,na,2,12,2,12_14,R,0,na,na,previewsly date entered as 2nd not 4th,
2021-Jul,2021-07-04,North,DVM,na,2,14,2,14_16,R,0,na,na,previewsly date entered as 2nd not 4th,
2021-Jul,2021-07-04,North,DVM,na,2,16,2,16_18,R,0,na,na,previewsly date entered as 2nd not 4th,
2021-Jul,2021-07-04,North,DVM,na,2,18,2,18_20,R,0,na,na,previewsly date entered as 2nd not 4th,
2021-Jul,2021-07-04,North,DVM,na,2,0,2,0_2,L,0,na,na,previewsly date entered as 2nd not 4th,
2021-Jul,2021-07-04,North,DVM,na,2,2,2,2_4,L,0,na,na,previewsly date entered as 2nd not 4th,
2021-Jul,2021-07-04,North,DVM,na,2,4,2,4_6,L,0,na,na,previewsly date entered as 2nd not 4th,
2021-Jul,2021-07-04,North,DVM,na,2,6,2,6_8,L,0,na,na,previewsly date entered as 2nd not 4th,
2021-Jul,2021-07-04,North,DVM,na,2,8,2,8_10,L,0,na,na,previewsly date entered as 2nd not 4th,
2021-Jul,2021-07-04,North,DVM,na,2,10,2,10_12,L,0,na,na,previewsly date entered as 2nd not 4th,
2021-Jul,2021-07-04,North,DVM,na,2,12,2,12_14,L,0,na,na,previewsly date entered as 2nd not 4th,
2021-Jul,2021-07-04,North,DVM,na,2,14,2,14_16,L,0,na,na,previewsly date entered as 2nd not 4th,
2021-Jul,2021-07-04,North,DVM,na,2,16,2,16_18,L,0,na,na,previewsly date entered as 2nd not 4th,
2021-Jul,2021-07-04,North,DVM,na,2,18,2,18_20,L,0,na,na,previewsly date entered as 2nd not 4th,
2021-Jul,2021-07-06,Ratatouille,ZM,na,2,0,2,0_2,R,14,na,na,,
2021-Jul,2021-07-06,Ratatouille,ZM,na,2,2,2,2_4,R,0,na,na,,
2021-Jul,2021-07-06,Ratatouille,ZM,na,2,4,2,4_6,R,2,na,na,,
2021-Jul,2021-07-06,Ratatouille,ZM,na,2,6,2,6_8,R,3,na,na,,
2021-Jul,2021-07-06,Ratatouille,ZM,na,2,8,2,8_10,R,5,na,na,,
2021-Jul,2021-07-06,Ratatouille,ZM,na,2,10,2,10_12,R,4,na,na,,
2021-Jul,2021-07-06,Ratatouille,ZM,na,2,12,2,12_14,R,3,na,na,,
2021-Jul,2021-07-06,Ratatouille,ZM,na,2,14,2,14_16,R,8,na,na,,
2021-Jul,2021-07-06,Ratatouille,ZM,na,2,16,2,16_18,R,2,na,na,,
2021-Jul,2021-07-06,Ratatouille,ZM,na,2,18,2,18_20,R,5,na,na,,
2021-Jul,2021-07-06,Ratatouille,ZM,na,2,0,2,0_2,L,8,na,na,,
2021-Jul,2021-07-06,Ratatouille,ZM,na,2,2,2,2_4,L,11,na,na,,
2021-Jul,2021-07-06,Ratatouille,ZM,na,2,4,2,4_6,L,5,na,na,,
2021-Jul,2021-07-06,Ratatouille,ZM,na,2,6,2,6_8,L,2,na,na,,
2021-Jul,2021-07-06,Ratatouille,ZM,na,2,8,2,8_10,L,1,na,na,,
2021-Jul,2021-07-06,Ratatouille,ZM,na,2,10,2,10_12,L,5,na,na,,
2021-Jul,2021-07-06,Ratatouille,ZM,na,2,12,2,12_14,L,4,na,na,,
2021-Jul,2021-07-06,Ratatouille,ZM,na,2,14,2,14_16,L,1,na,na,,
2021-Jul,2021-07-06,Ratatouille,ZM,na,2,16,2,16_18,L,1,na,na,,
2021-Jul,2021-07-06,Ratatouille,ZM,na,2,18,2,18_20,L,2,na,na,,
2021-Jul,2021-07-06,Ratatouille,KH,na,1,0,2,0_2,R,4,na,na,,
2021-Jul,2021-07-06,Ratatouille,KH,na,1,2,2,2_4,R,3,na,na,,
2021-Jul,2021-07-06,Ratatouille,KH,na,1,4,2,4_6,R,1,na,na,,
2021-Jul,2021-07-06,Ratatouille,KH,na,1,6,2,6_8,R,0,na,na,,
2021-Jul,2021-07-06,Ratatouille,KH,na,1,8,2,8_10,R,3,na,na,,
2021-Jul,2021-07-06,Ratatouille,KH,na,1,10,2,10_12,R,10,na,na,,
2021-Jul,2021-07-06,Ratatouille,KH,na,1,12,2,12_14,R,9,na,na,,
2021-Jul,2021-07-06,Ratatouille,KH,na,1,14,2,14_16,R,2,na,na,,
2021-Jul,2021-07-06,Ratatouille,KH,na,1,16,2,16_18,R,0,na,na,,
2021-Jul,2021-07-06,Ratatouille,KH,na,1,18,2,18_20,R,3,na,na,,
2021-Jul,2021-07-06,Ratatouille,KH,na,1,0,2,0_2,L,1,na,na,,
2021-Jul,2021-07-06,Ratatouille,KH,na,1,2,2,2_4,L,0,na,na,,
2021-Jul,2021-07-06,Ratatouille,KH,na,1,4,2,4_6,L,0,na,na,,
2021-Jul,2021-07-06,Ratatouille,KH,na,1,6,2,6_8,L,0,na,na,,
2021-Jul,2021-07-06,Ratatouille,KH,na,1,8,2,8_10,L,2,na,na,,
2021-Jul,2021-07-06,Ratatouille,KH,na,1,10,2,10_12,L,15,na,na,,
2021-Jul,2021-07-06,Ratatouille,KH,na,1,12,2,12_14,L,10,na,na,,
2021-Jul,2021-07-06,Ratatouille,KH,na,1,14,2,14_16,L,7,na,na,,
2021-Jul,2021-07-06,Ratatouille,KH,na,1,16,2,16_18,L,0,na,na,,
2021-Jul,2021-07-06,Ratatouille,KH,na,1,18,2,18_20,L,3,na,na,,
2021-Jul,2021-07-08,Breaker,OP,na,3,0,2,0_2,R,4,na,na,line 1 and 3 may be switched ,
2021-Jul,2021-07-08,Breaker,OP,na,3,2,2,2_4,R,10,na,na,,
2021-Jul,2021-07-08,Breaker,OP,na,3,4,2,4_6,R,12,na,na,,
2021-Jul,2021-07-08,Breaker,OP,na,3,6,2,6_8,R,18,na,na,,
2021-Jul,2021-07-08,Breaker,OP,na,3,8,2,8_10,R,29,na,na,,
2021-Jul,2021-07-08,Breaker,OP,na,3,10,2,10_12,R,49,na,na,,
2021-Jul,2021-07-08,Breaker,OP,na,3,12,2,12_14,R,0,na,na,,
2021-Jul,2021-07-08,Breaker,OP,na,3,14,2,14_16,R,11,na,na,,
2021-Jul,2021-07-08,Breaker,OP,na,3,16,2,16_18,R,44,na,na,,
2021-Jul,2021-07-08,Breaker,OP,na,3,18,2,18_20,R,1,na,na,,
2021-Jul,2021-07-08,Breaker,OP,na,3,0,2,0_2,L,14,na,na,,
2021-Jul,2021-07-08,Breaker,OP,na,3,2,2,2_4,L,22,na,na,,
2021-Jul,2021-07-08,Breaker,OP,na,3,4,2,4_6,L,23,na,na,,
2021-Jul,2021-07-08,Breaker,OP,na,3,6,2,6_8,L,11,na,na,,
2021-Jul,2021-07-08,Breaker,OP,na,3,8,2,8_10,L,23,na,na,,
2021-Jul,2021-07-08,Breaker,OP,na,3,10,2,10_12,L,6,na,na,,
2021-Jul,2021-07-08,Breaker,OP,na,3,12,2,12_14,L,0,na,na,,
2021-Jul,2021-07-08,Breaker,OP,na,3,14,2,14_16,L,54,na,na,,
2021-Jul,2021-07-08,Breaker,OP,na,3,16,2,16_18,L,18,na,na,,
2021-Jul,2021-07-08,Breaker,OP,na,3,18,2,18_20,L,1,na,na,,
2021-Jul,2021-07-06,Ratatouille,KH,na,3,0,2,0_2,R,11,na,na,,
2021-Jul,2021-07-06,Ratatouille,KH,na,3,2,2,2_4,R,6,na,na,,
2021-Jul,2021-07-06,Ratatouille,KH,na,3,4,2,4_6,R,4,na,na,,
2021-Jul,2021-07-06,Ratatouille,KH,na,3,6,2,6_8,R,8,na,na,,
2021-Jul,2021-07-06,Ratatouille,KH,na,3,8,2,8_10,R,6,na,na,,
2021-Jul,2021-07-06,Ratatouille,KH,na,3,10,2,10_12,R,6,na,na,,
2021-Jul,2021-07-06,Ratatouille,KH,na,3,12,2,12_14,R,10,na,na,,
2021-Jul,2021-07-06,Ratatouille,KH,na,3,14,2,14_16,R,5,na,na,,
2021-Jul,2021-07-06,Ratatouille,KH,na,3,16,2,16_18,R,5,na,na,,
2021-Jul,2021-07-06,Ratatouille,KH,na,3,18,2,18_20,R,9,na,na,,
2021-Jul,2021-07-06,Ratatouille,KH,na,3,0,2,0_2,L,10,na,na,,
2021-Jul,2021-07-06,Ratatouille,KH,na,3,2,2,2_4,L,5,na,na,,
2021-Jul,2021-07-06,Ratatouille,KH,na,3,4,2,4_6,L,5,na,na,,
2021-Jul,2021-07-06,Ratatouille,KH,na,3,6,2,6_8,L,1,na,na,,
2021-Jul,2021-07-06,Ratatouille,KH,na,3,8,2,8_10,L,24,na,na,,
2021-Jul,2021-07-06,Ratatouille,KH,na,3,10,2,10_12,L,12,na,na,,
2021-Jul,2021-07-06,Ratatouille,KH,na,3,12,2,12_14,L,1,na,na,,
2021-Jul,2021-07-06,Ratatouille,KH,na,3,14,2,14_16,L,10,na,na,,
2021-Jul,2021-07-06,Ratatouille,KH,na,3,16,2,16_18,L,2,na,na,,
2021-Jul,2021-07-06,Ratatouille,KH,na,3,18,2,18_20,L,4,na,na,,
2021-Jul,2021-07-08,Breaker,DVM,na,1,0,2,0_2,R,28,na,na,line 1 and 3 may be switched ,
2021-Jul,2021-07-08,Breaker,DVM,na,1,2,2,2_4,R,42,na,na,,
2021-Jul,2021-07-08,Breaker,DVM,na,1,4,2,4_6,R,6,na,na,,
2021-Jul,2021-07-08,Breaker,DVM,na,1,6,2,6_8,R,24,na,na,,
2021-Jul,2021-07-08,Breaker,DVM,na,1,8,2,8_10,R,5,na,na,,
2021-Jul,2021-07-08,Breaker,DVM,na,1,10,2,10_12,R,0,na,na,,
2021-Jul,2021-07-08,Breaker,DVM,na,1,12,2,12_14,R,4,na,na,,
2021-Jul,2021-07-08,Breaker,DVM,na,1,14,2,14_16,R,1,na,na,,
2021-Jul,2021-07-08,Breaker,DVM,na,1,16,2,16_18,R,41,na,na,,
2021-Jul,2021-07-08,Breaker,DVM,na,1,18,2,18_20,R,9,na,na,,
2021-Jul,2021-07-08,Breaker,DVM,na,1,0,2,0_2,L,1,na,na,,
2021-Jul,2021-07-08,Breaker,DVM,na,1,2,2,2_4,L,14,na,na,,
2021-Jul,2021-07-08,Breaker,DVM,na,1,4,2,4_6,L,23,na,na,,
2021-Jul,2021-07-08,Breaker,DVM,na,1,6,2,6_8,L,26,na,na,,
2021-Jul,2021-07-08,Breaker,DVM,na,1,8,2,8_10,L,0,na,na,,
2021-Jul,2021-07-08,Breaker,DVM,na,1,10,2,10_12,L,0,na,na,,
2021-Jul,2021-07-08,Breaker,DVM,na,1,12,2,12_14,L,0,na,na,,
2021-Jul,2021-07-08,Breaker,DVM,na,1,14,2,14_16,L,3,na,na,,
2021-Jul,2021-07-08,Breaker,DVM,na,1,16,2,16_18,L,3,na,na,,
2021-Jul,2021-07-08,Breaker,DVM,na,1,18,2,18_20,L,5,na,na,,
2021-Jul,2021-07-08,Breaker,MA,na,2,0,2,0_2,R,15,na,na,,
2021-Jul,2021-07-08,Breaker,MA,na,2,2,2,2_4,R,12,na,na,,
2021-Jul,2021-07-08,Breaker,MA,na,2,4,2,4_6,R,0,na,na,,
2021-Jul,2021-07-08,Breaker,MA,na,2,6,2,6_8,R,13,na,na,,
2021-Jul,2021-07-08,Breaker,MA,na,2,8,2,8_10,R,8,na,na,,
2021-Jul,2021-07-08,Breaker,MA,na,2,10,2,10_12,R,16,na,na,,
2021-Jul,2021-07-08,Breaker,MA,na,2,12,2,12_14,R,6,na,na,,
2021-Jul,2021-07-08,Breaker,MA,na,2,14,2,14_16,R,2,na,na,,
2021-Jul,2021-07-08,Breaker,MA,na,2,16,2,16_18,R,0,na,na,,
2021-Jul,2021-07-08,Breaker,MA,na,2,18,2,18_20,R,18,na,na,,
2021-Jul,2021-07-08,Breaker,MA,na,2,0,2,0_2,L,7,na,na,,
2021-Jul,2021-07-08,Breaker,MA,na,2,2,2,2_4,L,10,na,na,,
2021-Jul,2021-07-08,Breaker,MA,na,2,4,2,4_6,L,0,na,na,,
2021-Jul,2021-07-08,Breaker,MA,na,2,6,2,6_8,L,5,na,na,,
2021-Jul,2021-07-08,Breaker,MA,na,2,8,2,8_10,L,8,na,na,,
2021-Jul,2021-07-08,Breaker,MA,na,2,10,2,10_12,L,27,na,na,,
2021-Jul,2021-07-08,Breaker,MA,na,2,12,2,12_14,L,2,na,na,,
2021-Jul,2021-07-08,Breaker,MA,na,2,14,2,14_16,L,15,na,na,,
2021-Jul,2021-07-08,Breaker,MA,na,2,16,2,16_18,L,0,na,na,,
2021-Jul,2021-07-08,Breaker,MA,na,2,18,2,18_20,L,11,na,na,,
2021-Jul,2021-07-19,Breaker,OP,na,3,0,2,0_2,R,6,na,na,,
2021-Jul,2021-07-19,Breaker,OP,na,3,2,2,2_4,R,7,na,na,,
2021-Jul,2021-07-19,Breaker,OP,na,3,4,2,4_6,R,9,na,na,,
2021-Jul,2021-07-19,Breaker,OP,na,3,6,2,6_8,R,18,na,na,,
2021-Jul,2021-07-19,Breaker,OP,na,3,8,2,8_10,R,37,na,na,,
2021-Jul,2021-07-19,Breaker,OP,na,3,10,2,10_12,R,47,na,na,,
2021-Jul,2021-07-19,Breaker,OP,na,3,12,2,12_14,R,0,na,na,,
2021-Jul,2021-07-19,Breaker,OP,na,3,14,2,14_16,R,11,na,na,,
2021-Jul,2021-07-19,Breaker,OP,na,3,16,2,16_18,R,32,na,na,,
2021-Jul,2021-07-19,Breaker,OP,na,3,18,2,18_20,R,2,na,na,,
2021-Jul,2021-07-19,Breaker,OP,na,3,0,2,0_2,L,8,na,na,,
2021-Jul,2021-07-19,Breaker,OP,na,3,2,2,2_4,L,24,na,na,,
2021-Jul,2021-07-19,Breaker,OP,na,3,4,2,4_6,L,21,na,na,,
2021-Jul,2021-07-19,Breaker,OP,na,3,6,2,6_8,L,9,na,na,,
2021-Jul,2021-07-19,Breaker,OP,na,3,8,2,8_10,L,21,na,na,,
2021-Jul,2021-07-19,Breaker,OP,na,3,10,2,10_12,L,5,na,na,,
2021-Jul,2021-07-19,Breaker,OP,na,3,12,2,12_14,L,0,na,na,,
2021-Jul,2021-07-19,Breaker,OP,na,3,14,2,14_16,L,51,na,na,,
2021-Jul,2021-07-19,Breaker,OP,na,3,16,2,16_18,L,19,na,na,,
2021-Jul,2021-07-19,Breaker,OP,na,3,18,2,18_20,L,1,na,na,,
2021-Jul,2021-07-19,Ratatouille,KH,na,3,0,2,0_2,R,10,na,na,,
2021-Jul,2021-07-19,Ratatouille,KH,na,3,2,2,2_4,R,6,na,na,,
2021-Jul,2021-07-19,Ratatouille,KH,na,3,4,2,4_6,R,4,na,na,,
2021-Jul,2021-07-19,Ratatouille,KH,na,3,6,2,6_8,R,8,na,na,,
2021-Jul,2021-07-19,Ratatouille,KH,na,3,8,2,8_10,R,12,na,na,,
2021-Jul,2021-07-19,Ratatouille,KH,na,3,10,2,10_12,R,10,na,na,,
2021-Jul,2021-07-19,Ratatouille,KH,na,3,12,2,12_14,R,9,na,na,,
2021-Jul,2021-07-19,Ratatouille,KH,na,3,14,2,14_16,R,3,na,na,,
2021-Jul,2021-07-19,Ratatouille,KH,na,3,16,2,16_18,R,4,na,na,,
2021-Jul,2021-07-19,Ratatouille,KH,na,3,18,2,18_20,R,8,na,na,74,
2021-Jul,2021-07-19,Ratatouille,KH,na,3,0,2,0_2,L,12,na,na,,
2021-Jul,2021-07-19,Ratatouille,KH,na,3,2,2,2_4,L,4,na,na,,
2021-Jul,2021-07-19,Ratatouille,KH,na,3,4,2,4_6,L,11,na,na,,
2021-Jul,2021-07-19,Ratatouille,KH,na,3,6,2,6_8,L,3,na,na,,
2021-Jul,2021-07-19,Ratatouille,KH,na,3,8,2,8_10,L,18,na,na,,
2021-Jul,2021-07-19,Ratatouille,KH,na,3,10,2,10_12,L,15,na,na,,
2021-Jul,2021-07-19,Ratatouille,KH,na,3,12,2,12_14,L,2,na,na,,
2021-Jul,2021-07-19,Ratatouille,KH,na,3,14,2,14_16,L,11,na,na,,
2021-Jul,2021-07-19,Ratatouille,KH,na,3,16,2,16_18,L,2,na,na,83,
2021-Jul,2021-07-19,Ratatouille,KH,na,3,18,2,18_20,L,5,na,na,157,
2021-Jul,2021-07-18,Manley,GSB,na,1,0,2,0_2,R,0,na,na,,
2021-Jul,2021-07-18,Manley,GSB,na,1,2,2,2_4,R,0,na,na,,
2021-Jul,2021-07-18,Manley,GSB,na,1,4,2,4_6,R,0,na,na,,
2021-Jul,2021-07-18,Manley,GSB,na,1,6,2,6_8,R,1,na,na,,
2021-Jul,2021-07-18,Manley,GSB,na,1,8,2,8_10,R,1,na,na,,
2021-Jul,2021-07-18,Manley,GSB,na,1,10,2,10_12,R,2,na,na,,
2021-Jul,2021-07-18,Manley,GSB,na,1,12,2,12_14,R,0,na,na,,
2021-Jul,2021-07-18,Manley,GSB,na,1,14,2,14_16,R,0,na,na,,
2021-Jul,2021-07-18,Manley,GSB,na,1,16,2,16_18,R,0,na,na,,
2021-Jul,2021-07-18,Manley,GSB,na,1,18,2,18_20,R,0,na,na,,
2021-Jul,2021-07-18,Manley,GSB,na,1,0,2,0_2,L,0,na,na,,
2021-Jul,2021-07-18,Manley,GSB,na,1,2,2,2_4,L,0,na,na,,
2021-Jul,2021-07-18,Manley,GSB,na,1,4,2,4_6,L,0,na,na,,
2021-Jul,2021-07-18,Manley,GSB,na,1,6,2,6_8,L,0,na,na,,
2021-Jul,2021-07-18,Manley,GSB,na,1,8,2,8_10,L,2,na,na,,
2021-Jul,2021-07-18,Manley,GSB,na,1,10,2,10_12,L,0,na,na,,
2021-Jul,2021-07-18,Manley,GSB,na,1,12,2,12_14,L,0,na,na,,
2021-Jul,2021-07-18,Manley,GSB,na,1,14,2,14_16,L,0,na,na,,
2021-Jul,2021-07-18,Manley,GSB,na,1,16,2,16_18,L,0,na,na,,
2021-Jul,2021-07-18,Manley,GSB,na,1,18,2,18_20,L,0,na,na,,
2021-Jul,2021-07-19,Breaker,KH,na,2,0,2,0_2,R,14,na,na,actually surveyed on the 18th not 19th?,
2021-Jul,2021-07-19,Breaker,KH,na,2,2,2,2_4,R,23,na,na,actually surveyed on the 18th not 19th?,
2021-Jul,2021-07-19,Breaker,KH,na,2,4,2,4_6,R,0,na,na,actually surveyed on the 18th not 19th?,
2021-Jul,2021-07-19,Breaker,KH,na,2,6,2,6_8,R,31,na,na,actually surveyed on the 18th not 19th?,
2021-Jul,2021-07-19,Breaker,KH,na,2,8,2,8_10,R,10,na,na,actually surveyed on the 18th not 19th?,
2021-Jul,2021-07-19,Breaker,KH,na,2,10,2,10_12,R,19,na,na,actually surveyed on the 18th not 19th?,
2021-Jul,2021-07-19,Breaker,KH,na,2,12,2,12_14,R,5,na,na,actually surveyed on the 18th not 19th?,
2021-Jul,2021-07-19,Breaker,KH,na,2,14,2,14_16,R,4,na,na,actually surveyed on the 18th not 19th?,
2021-Jul,2021-07-19,Breaker,KH,na,2,16,2,16_18,R,3,na,na,actually surveyed on the 18th not 19th?,
2021-Jul,2021-07-19,Breaker,KH,na,2,18,2,18_20,R,20,na,na,actually surveyed on the 18th not 19th?,
2021-Jul,2021-07-19,Breaker,KH,na,2,0,2,0_2,L,16,na,na,actually surveyed on the 18th not 19th?,
2021-Jul,2021-07-19,Breaker,KH,na,2,2,2,2_4,L,3,na,na,actually surveyed on the 18th not 19th?,
2021-Jul,2021-07-19,Breaker,KH,na,2,4,2,4_6,L,0,na,na,actually surveyed on the 18th not 19th?,
2021-Jul,2021-07-19,Breaker,KH,na,2,6,2,6_8,L,6,na,na,actually surveyed on the 18th not 19th?,
2021-Jul,2021-07-19,Breaker,KH,na,2,8,2,8_10,L,19,na,na,actually surveyed on the 18th not 19th?,
2021-Jul,2021-07-19,Breaker,KH,na,2,10,2,10_12,L,37,na,na,actually surveyed on the 18th not 19th?,
2021-Jul,2021-07-19,Breaker,KH,na,2,12,2,12_14,L,8,na,na,actually surveyed on the 18th not 19th?,
2021-Jul,2021-07-19,Breaker,KH,na,2,14,2,14_16,L,4,na,na,actually surveyed on the 18th not 19th?,
2021-Jul,2021-07-19,Breaker,KH,na,2,16,2,16_18,L,1,na,na,actually surveyed on the 18th not 19th?,
2021-Jul,2021-07-19,Breaker,KH,na,2,18,2,18_20,L,6,na,na,actually surveyed on the 18th not 19th?,
2021-Jul,2021-07-19,Breaker,KH,na,1,0,2,0_2,R,26,na,na,,
2021-Jul,2021-07-19,Breaker,KH,na,1,2,2,2_4,R,21,na,na,,
2021-Jul,2021-07-19,Breaker,KH,na,1,4,2,4_6,R,21,na,na,,
2021-Jul,2021-07-19,Breaker,KH,na,1,6,2,6_8,R,13,na,na,,
2021-Jul,2021-07-19,Breaker,KH,na,1,8,2,8_10,R,0,na,na,,
2021-Jul,2021-07-19,Breaker,KH,na,1,10,2,10_12,R,0,na,na,,
2021-Jul,2021-07-19,Breaker,KH,na,1,12,2,12_14,R,0,na,na,,
2021-Jul,2021-07-19,Breaker,KH,na,1,14,2,14_16,R,1,na,na,,
2021-Jul,2021-07-19,Breaker,KH,na,1,16,2,16_18,R,45,na,na,,
2021-Jul,2021-07-19,Breaker,KH,na,1,18,2,18_20,R,34,na,na,,
2021-Jul,2021-07-19,Breaker,KH,na,1,0,2,0_2,L,2,na,na,,
2021-Jul,2021-07-19,Breaker,KH,na,1,2,2,2_4,L,38,na,na,,
2021-Jul,2021-07-19,Breaker,KH,na,1,4,2,4_6,L,11,na,na,,
2021-Jul,2021-07-19,Breaker,KH,na,1,6,2,6_8,L,29,na,na,,
2021-Jul,2021-07-19,Breaker,KH,na,1,8,2,8_10,L,0,na,na,,
2021-Jul,2021-07-19,Breaker,KH,na,1,10,2,10_12,L,0,na,na,,
2021-Jul,2021-07-19,Breaker,KH,na,1,12,2,12_14,L,0,na,na,,
2021-Jul,2021-07-19,Breaker,KH,na,1,14,2,14_16,L,3,na,na,,
2021-Jul,2021-07-19,Breaker,KH,na,1,16,2,16_18,L,2,na,na,,
2021-Jul,2021-07-19,Breaker,KH,na,1,18,2,18_20,L,3,na,na,,
2021-Jul,2021-07-19,Ratatouille,MA,na,2,0,2,0_2,R,0,na,na,,
2021-Jul,2021-07-19,Ratatouille,MA,na,2,2,2,2_4,R,2,na,na,,
2021-Jul,2021-07-19,Ratatouille,MA,na,2,4,2,4_6,R,0,na,na,,
2021-Jul,2021-07-19,Ratatouille,MA,na,2,6,2,6_8,R,6,na,na,,
2021-Jul,2021-07-19,Ratatouille,MA,na,2,8,2,8_10,R,3,na,na,,
2021-Jul,2021-07-19,Ratatouille,MA,na,2,10,2,10_12,R,10,na,na,,
2021-Jul,2021-07-19,Ratatouille,MA,na,2,12,2,12_14,R,1,na,na,,
2021-Jul,2021-07-19,Ratatouille,MA,na,2,14,2,14_16,R,4,na,na,,
2021-Jul,2021-07-19,Ratatouille,MA,na,2,16,2,16_18,R,2,na,na,,
2021-Jul,2021-07-19,Ratatouille,MA,na,2,18,2,18_20,R,5,na,na,33,
2021-Jul,2021-07-19,Ratatouille,MA,na,2,0,2,0_2,L,0,na,na,,
2021-Jul,2021-07-19,Ratatouille,MA,na,2,2,2,2_4,L,6,na,na,,
2021-Jul,2021-07-19,Ratatouille,MA,na,2,4,2,4_6,L,3,na,na,,
2021-Jul,2021-07-19,Ratatouille,MA,na,2,6,2,6_8,L,4,na,na,,
2021-Jul,2021-07-19,Ratatouille,MA,na,2,8,2,8_10,L,8,na,na,,
2021-Jul,2021-07-19,Ratatouille,MA,na,2,10,2,10_12,L,6,na,na,,
2021-Jul,2021-07-19,Ratatouille,MA,na,2,12,2,12_14,L,6,na,na,,
2021-Jul,2021-07-19,Ratatouille,MA,na,2,14,2,14_16,L,0,na,na,,
2021-Jul,2021-07-19,Ratatouille,MA,na,2,16,2,16_18,L,3,na,na,42,
2021-Jul,2021-07-19,Ratatouille,MA,na,2,18,2,18_20,L,6,na,na,75,
2021-Jul,2021-07-19,Ratatouille,OP,na,1,0,2,0_2,R,3,na,na,,
2021-Jul,2021-07-19,Ratatouille,OP,na,1,2,2,2_4,R,3,na,na,,
2021-Jul,2021-07-19,Ratatouille,OP,na,1,4,2,4_6,R,1,na,na,,
2021-Jul,2021-07-19,Ratatouille,OP,na,1,6,2,6_8,R,0,na,na,,
2021-Jul,2021-07-19,Ratatouille,OP,na,1,8,2,8_10,R,5,na,na,,
2021-Jul,2021-07-19,Ratatouille,OP,na,1,10,2,10_12,R,13,na,na,,
2021-Jul,2021-07-19,Ratatouille,OP,na,1,12,2,12_14,R,6,na,na,,
2021-Jul,2021-07-19,Ratatouille,OP,na,1,14,2,14_16,R,2,na,na,,
2021-Jul,2021-07-19,Ratatouille,OP,na,1,16,2,16_18,R,0,na,na,,
2021-Jul,2021-07-19,Ratatouille,OP,na,1,18,2,18_20,R,3,na,na,36,
2021-Jul,2021-07-19,Ratatouille,OP,na,1,0,2,0_2,L,4,na,na,,
2021-Jul,2021-07-19,Ratatouille,OP,na,1,2,2,2_4,L,4,na,na,,
2021-Jul,2021-07-19,Ratatouille,OP,na,1,4,2,4_6,L,0,na,na,,
2021-Jul,2021-07-19,Ratatouille,OP,na,1,6,2,6_8,L,0,na,na,,
2021-Jul,2021-07-19,Ratatouille,OP,na,1,8,2,8_10,L,2,na,na,,
2021-Jul,2021-07-19,Ratatouille,OP,na,1,10,2,10_12,L,12,na,na,,
2021-Jul,2021-07-19,Ratatouille,OP,na,1,12,2,12_14,L,11,na,na,,
2021-Jul,2021-07-19,Ratatouille,OP,na,1,14,2,14_16,L,12,na,na,49,
2021-Jul,2021-07-19,Ratatouille,OP,na,1,16,2,16_18,L,0,na,na,,
2021-Jul,2021-07-19,Ratatouille,OP,na,1,18,2,18_20,L,4,na,na,85,
2021-Jul,2021-07-18,Triquetta,GSB,na,1,0,2,0_2,R,2,na,na,,
2021-Jul,2021-07-18,Triquetta,GSB,na,1,2,2,2_4,R,4,na,na,,
2021-Jul,2021-07-18,Triquetta,GSB,na,1,4,2,4_6,R,2,na,na,,
2021-Jul,2021-07-18,Triquetta,GSB,na,1,6,2,6_8,R,3,na,na,,
2021-Jul,2021-07-18,Triquetta,GSB,na,1,8,2,8_10,R,4,na,na,,
2021-Jul,2021-07-18,Triquetta,GSB,na,1,10,2,10_12,R,3,na,na,,
2021-Jul,2021-07-18,Triquetta,GSB,na,1,12,2,12_14,R,4,na,na,,
2021-Jul,2021-07-18,Triquetta,GSB,na,1,14,2,14_16,R,3,na,na,,
2021-Jul,2021-07-18,Triquetta,GSB,na,1,16,2,16_18,R,0,na,na,,
2021-Jul,2021-07-18,Triquetta,GSB,na,1,18,2,18_20,R,0,na,na,,
2021-Jul,2021-07-18,Triquetta,GSB,na,1,0,2,0_2,L,1,na,na,,
2021-Jul,2021-07-18,Triquetta,GSB,na,1,2,2,2_4,L,5,na,na,,
2021-Jul,2021-07-18,Triquetta,GSB,na,1,4,2,4_6,L,5,na,na,,
2021-Jul,2021-07-18,Triquetta,GSB,na,1,6,2,6_8,L,5,na,na,,
2021-Jul,2021-07-18,Triquetta,GSB,na,1,8,2,8_10,L,2,na,na,,
2021-Jul,2021-07-18,Triquetta,GSB,na,1,10,2,10_12,L,4,na,na,,
2021-Jul,2021-07-18,Triquetta,GSB,na,1,12,2,12_14,L,3,na,na,,
2021-Jul,2021-07-18,Triquetta,GSB,na,1,14,2,14_16,L,2,na,na,,
2021-Jul,2021-07-18,Triquetta,GSB,na,1,16,2,16_18,L,2,na,na,,
2021-Jul,2021-07-18,Triquetta,GSB,na,1,18,2,18_20,L,2,na,na,,
2021-Jul,2021-07-18,Triquetta,DVM,na,2,0,2,0_2,R,4,na,na,,
2021-Jul,2021-07-18,Triquetta,DVM,na,2,2,2,2_4,R,1,na,na,,
2021-Jul,2021-07-18,Triquetta,DVM,na,2,4,2,4_6,R,7,na,na,,
2021-Jul,2021-07-18,Triquetta,DVM,na,2,6,2,6_8,R,0,na,na,,
2021-Jul,2021-07-18,Triquetta,DVM,na,2,8,2,8_10,R,7,na,na,,
2021-Jul,2021-07-18,Triquetta,DVM,na,2,10,2,10_12,R,8,na,na,,
2021-Jul,2021-07-18,Triquetta,DVM,na,2,12,2,12_14,R,7,na,na,,
2021-Jul,2021-07-18,Triquetta,DVM,na,2,14,2,14_16,R,12,na,na,,
2021-Jul,2021-07-18,Triquetta,DVM,na,2,16,2,16_18,R,1,na,na,,
2021-Jul,2021-07-18,Triquetta,DVM,na,2,18,2,18_20,R,3,na,na,,
2021-Jul,2021-07-18,Triquetta,DVM,na,2,0,2,0_2,L,3,na,na,,
2021-Jul,2021-07-18,Triquetta,DVM,na,2,2,2,2_4,L,0,na,na,,
2021-Jul,2021-07-18,Triquetta,DVM,na,2,4,2,4_6,L,5,na,na,,
2021-Jul,2021-07-18,Triquetta,DVM,na,2,6,2,6_8,L,6,na,na,,
2021-Jul,2021-07-18,Triquetta,DVM,na,2,8,2,8_10,L,6,na,na,,
2021-Jul,2021-07-18,Triquetta,DVM,na,2,10,2,10_12,L,8,na,na,,
2021-Jul,2021-07-18,Triquetta,DVM,na,2,12,2,12_14,L,1,na,na,,
2021-Jul,2021-07-18,Triquetta,DVM,na,2,14,2,14_16,L,5,na,na,,
2021-Jul,2021-07-18,Triquetta,DVM,na,2,16,2,16_18,L,9,na,na,,
2021-Jul,2021-07-18,Triquetta,DVM,na,2,18,2,18_20,L,24,na,na,,
2021-Jul,2021-07-18,Triquetta,OP,na,3,0,2,0_2,R,2,na,na,,
2021-Jul,2021-07-18,Triquetta,OP,na,3,2,2,2_4,R,1,na,na,,
2021-Jul,2021-07-18,Triquetta,OP,na,3,4,2,4_6,R,5,na,na,,
2021-Jul,2021-07-18,Triquetta,OP,na,3,6,2,6_8,R,5,na,na,,
2021-Jul,2021-07-18,Triquetta,OP,na,3,8,2,8_10,R,4,na,na,,
2021-Jul,2021-07-18,Triquetta,OP,na,3,10,2,10_12,R,2,na,na,,
2021-Jul,2021-07-18,Triquetta,OP,na,3,12,2,12_14,R,2,na,na,,
2021-Jul,2021-07-18,Triquetta,OP,na,3,14,2,14_16,R,10,na,na,,
2021-Jul,2021-07-18,Triquetta,OP,na,3,16,2,16_18,R,3,na,na,,
2021-Jul,2021-07-18,Triquetta,OP,na,3,18,2,18_20,R,7,na,na,,
2021-Jul,2021-07-18,Triquetta,OP,na,3,0,2,0_2,L,4,na,na,,
2021-Jul,2021-07-18,Triquetta,OP,na,3,2,2,2_4,L,3,na,na,,
2021-Jul,2021-07-18,Triquetta,OP,na,3,4,2,4_6,L,9,na,na,,
2021-Jul,2021-07-18,Triquetta,OP,na,3,6,2,6_8,L,7,na,na,,
2021-Jul,2021-07-18,Triquetta,OP,na,3,8,2,8_10,L,0,na,na,,
2021-Jul,2021-07-18,Triquetta,OP,na,3,10,2,10_12,L,4,na,na,,
2021-Jul,2021-07-18,Triquetta,OP,na,3,12,2,12_14,L,4,na,na,,
2021-Jul,2021-07-18,Triquetta,OP,na,3,14,2,14_16,L,3,na,na,,
2021-Jul,2021-07-18,Triquetta,OP,na,3,16,2,16_18,L,6,na,na,,
2021-Jul,2021-07-18,Triquetta,OP,na,3,18,2,18_20,L,12,na,na,,
2021-Jul,2021-07-18,Manley,OP,na,3,0,2,0_2,R,0,na,na,,
2021-Jul,2021-07-18,Manley,OP,na,3,2,2,2_4,R,2,na,na,,
2021-Jul,2021-07-18,Manley,OP,na,3,4,2,4_6,R,0,na,na,,
2021-Jul,2021-07-18,Manley,OP,na,3,6,2,6_8,R,0,na,na,,
2021-Jul,2021-07-18,Manley,OP,na,3,8,2,8_10,R,0,na,na,,
2021-Jul,2021-07-18,Manley,OP,na,3,10,2,10_12,R,0,na,na,,
2021-Jul,2021-07-18,Manley,OP,na,3,12,2,12_14,R,0,na,na,,
2021-Jul,2021-07-18,Manley,OP,na,3,14,2,14_16,R,0,na,na,,
2021-Jul,2021-07-18,Manley,OP,na,3,16,2,16_18,R,0,na,na,,
2021-Jul,2021-07-18,Manley,OP,na,3,18,2,18_20,R,0,na,na,,
2021-Jul,2021-07-18,Manley,OP,na,3,0,2,0_2,L,0,na,na,,
2021-Jul,2021-07-18,Manley,OP,na,3,2,2,2_4,L,2,na,na,,
2021-Jul,2021-07-18,Manley,OP,na,3,4,2,4_6,L,0,na,na,,
2021-Jul,2021-07-18,Manley,OP,na,3,6,2,6_8,L,0,na,na,,
2021-Jul,2021-07-18,Manley,OP,na,3,8,2,8_10,L,0,na,na,,
2021-Jul,2021-07-18,Manley,OP,na,3,10,2,10_12,L,0,na,na,,
2021-Jul,2021-07-18,Manley,OP,na,3,12,2,12_14,L,0,na,na,,
2021-Jul,2021-07-18,Manley,OP,na,3,14,2,14_16,L,0,na,na,,
2021-Jul,2021-07-18,Manley,OP,na,3,16,2,16_18,L,0,na,na,,
2021-Jul,2021-07-18,Manley,OP,na,3,18,2,18_20,L,0,na,na,,
2021-Jul,2021-07-18,Manley,DVM,na,2,0,2,0_2,R,0,na,na,,
2021-Jul,2021-07-18,Manley,DVM,na,2,2,2,2_4,R,0,na,na,,
2021-Jul,2021-07-18,Manley,DVM,na,2,4,2,4_6,R,1,na,na,,
2021-Jul,2021-07-18,Manley,DVM,na,2,6,2,6_8,R,0,na,na,,
2021-Jul,2021-07-18,Manley,DVM,na,2,8,2,8_10,R,1,na,na,,
2021-Jul,2021-07-18,Manley,DVM,na,2,10,2,10_12,R,0,na,na,,
2021-Jul,2021-07-18,Manley,DVM,na,2,12,2,12_14,R,1,na,na,,
2021-Jul,2021-07-18,Manley,DVM,na,2,14,2,14_16,R,0,na,na,,
2021-Jul,2021-07-18,Manley,DVM,na,2,16,2,16_18,R,0,na,na,,
2021-Jul,2021-07-18,Manley,DVM,na,2,18,2,18_20,R,0,na,na,,
2021-Jul,2021-07-18,Manley,DVM,na,2,0,2,0_2,L,0,na,na,,
2021-Jul,2021-07-18,Manley,DVM,na,2,2,2,2_4,L,0,na,na,,
2021-Jul,2021-07-18,Manley,DVM,na,2,4,2,4_6,L,0,na,na,,
2021-Jul,2021-07-18,Manley,DVM,na,2,6,2,6_8,L,0,na,na,,
2021-Jul,2021-07-18,Manley,DVM,na,2,8,2,8_10,L,0,na,na,,
2021-Jul,2021-07-18,Manley,DVM,na,2,10,2,10_12,L,1,na,na,,
2021-Jul,2021-07-18,Manley,DVM,na,2,12,2,12_14,L,0,na,na,,
2021-Jul,2021-07-18,Manley,DVM,na,2,14,2,14_16,L,1,na,na,,
2021-Jul,2021-07-18,Manley,DVM,na,2,16,2,16_18,L,0,na,na,,
2021-Jul,2021-07-18,Manley,DVM,na,2,18,2,18_20,L,2,na,na,,
2021-Aug,2021-08-05,Owen,KH,na,2,0,2,0_2,R,20,na,na,,
2021-Aug,2021-08-05,Owen,KH,na,2,2,2,2_4,R,22,na,na,,
2021-Aug,2021-08-05,Owen,KH,na,2,4,2,4_6,R,3,na,na,,
2021-Aug,2021-08-05,Owen,KH,na,2,6,2,6_8,R,13,na,na,,
2021-Aug,2021-08-05,Owen,KH,na,2,8,2,8_10,R,17,na,na,,
2021-Aug,2021-08-05,Owen,KH,na,2,10,2,10_12,R,22,na,na,,
2021-Aug,2021-08-05,Owen,KH,na,2,12,2,12_14,R,14,na,na,,
2021-Aug,2021-08-05,Owen,KH,na,2,14,2,14_16,R,14,na,na,,
2021-Aug,2021-08-05,Owen,KH,na,2,16,2,16_18,R,21,na,na,,
2021-Aug,2021-08-05,Owen,KH,na,2,18,2,18_20,R,10,na,na,,
2021-Aug,2021-08-05,Owen,MA,na,2,0,2,0_2,L,12,na,na,,
2021-Aug,2021-08-05,Owen,MA,na,2,2,2,2_4,L,4,na,na,,
2021-Aug,2021-08-05,Owen,MA,na,2,4,2,4_6,L,7,na,na,,
2021-Aug,2021-08-05,Owen,MA,na,2,6,2,6_8,L,10,na,na,,
2021-Aug,2021-08-05,Owen,MA,na,2,8,2,8_10,L,17,na,na,,
2021-Aug,2021-08-05,Owen,MA,na,2,10,2,10_12,L,14,na,na,,
2021-Aug,2021-08-05,Owen,MA,na,2,12,2,12_14,L,8,na,na,,
2021-Aug,2021-08-05,Owen,MA,na,2,14,2,14_16,L,15,na,na,,
2021-Aug,2021-08-05,Owen,MA,na,2,16,2,16_18,L,16,na,na,,
2021-Aug,2021-08-05,Owen,MA,na,2,18,2,18_20,L,18,na,na,,
2021-Aug,2021-08-05,Owen,MA,na,1,0,2,0_2,R,5,na,na,,
2021-Aug,2021-08-05,Owen,MA,na,1,2,2,2_4,R,12,na,na,,
2021-Aug,2021-08-05,Owen,MA,na,1,4,2,4_6,R,16,na,na,,
2021-Aug,2021-08-05,Owen,MA,na,1,6,2,6_8,R,20,na,na,,
2021-Aug,2021-08-05,Owen,MA,na,1,8,2,8_10,R,13,na,na,,
2021-Aug,2021-08-05,Owen,MA,na,1,10,2,10_12,R,10,na,na,,
2021-Aug,2021-08-05,Owen,MA,na,1,12,2,12_14,R,0,na,na,,
2021-Aug,2021-08-05,Owen,MA,na,1,14,2,14_16,R,7,na,na,,
2021-Aug,2021-08-05,Owen,MA,na,1,16,2,16_18,R,0,na,na,,
2021-Aug,2021-08-05,Owen,MA,na,1,18,2,18_20,R,16,na,na,,
2021-Aug,2021-08-05,Owen,KH,na,1,0,2,0_2,L,31,na,na,,
2021-Aug,2021-08-05,Owen,KH,na,1,2,2,2_4,L,14,na,na,,
2021-Aug,2021-08-05,Owen,KH,na,1,4,2,4_6,L,11,na,na,,
2021-Aug,2021-08-05,Owen,KH,na,1,6,2,6_8,L,14,na,na,,
2021-Aug,2021-08-05,Owen,KH,na,1,8,2,8_10,L,4,na,na,,
2021-Aug,2021-08-05,Owen,KH,na,1,10,2,10_12,L,22,na,na,,
2021-Aug,2021-08-05,Owen,KH,na,1,12,2,12_14,L,12,na,na,,
2021-Aug,2021-08-05,Owen,KH,na,1,14,2,14_16,L,13,na,na,,
2021-Aug,2021-08-05,Owen,KH,na,1,16,2,16_18,L,19,na,na,,
2021-Aug,2021-08-05,Owen,KH,na,1,18,2,18_20,L,29,na,na,,
2021-Aug,2021-08-05,Owen,MA,na,3,0,2,0_2,R,7,na,na,,
2021-Aug,2021-08-05,Owen,MA,na,3,2,2,2_4,R,4,na,na,,
2021-Aug,2021-08-05,Owen,MA,na,3,4,2,4_6,R,5,na,na,,
2021-Aug,2021-08-05,Owen,MA,na,3,6,2,6_8,R,4,na,na,,
2021-Aug,2021-08-05,Owen,MA,na,3,8,2,8_10,R,16,na,na,,
2021-Aug,2021-08-05,Owen,MA,na,3,10,2,10_12,R,13,na,na,,
2021-Aug,2021-08-05,Owen,MA,na,3,12,2,12_14,R,6,na,na,,
2021-Aug,2021-08-05,Owen,MA,na,3,14,2,14_16,R,4,na,na,,
2021-Aug,2021-08-05,Owen,MA,na,3,16,2,16_18,R,9,na,na,,
2021-Aug,2021-08-05,Owen,MA,na,3,18,2,18_20,R,6,na,na,,
2021-Aug,2021-08-05,Owen,KH,na,3,0,2,0_2,L,11,na,na,,
2021-Aug,2021-08-05,Owen,KH,na,3,2,2,2_4,L,7,na,na,,
2021-Aug,2021-08-05,Owen,KH,na,3,4,2,4_6,L,7,na,na,,
2021-Aug,2021-08-05,Owen,KH,na,3,6,2,6_8,L,6,na,na,,
2021-Aug,2021-08-05,Owen,KH,na,3,8,2,8_10,L,17,na,na,,
2021-Aug,2021-08-05,Owen,KH,na,3,10,2,10_12,L,17,na,na,,
2021-Aug,2021-08-05,Owen,KH,na,3,12,2,12_14,L,9,na,na,,
2021-Aug,2021-08-05,Owen,KH,na,3,14,2,14_16,L,6,na,na,,
2021-Aug,2021-08-05,Owen,KH,na,3,16,2,16_18,L,9,na,na,,
2021-Aug,2021-08-05,Owen,KH,na,3,18,2,18_20,L,9,na,na,,
2021-Aug,2021-08-19,Lola,GSB,na,2,0,2,0_2,R,1,5,na,,
2021-Aug,2021-08-19,Lola,GSB,na,2,2,2,2_4,R,0,na,na,,
2021-Aug,2021-08-19,Lola,GSB,na,2,4,2,4_6,R,0,na,na,,
2021-Aug,2021-08-19,Lola,GSB,na,2,6,2,6_8,R,0,na,na,,
2021-Aug,2021-08-19,Lola,GSB,na,2,8,2,8_10,R,0,na,na,,
2021-Aug,2021-08-19,Lola,GSB,na,2,10,2,10_12,R,0,na,na,,
2021-Aug,2021-08-19,Lola,GSB,na,2,12,2,12_14,R,0,na,na,,
2021-Aug,2021-08-19,Lola,GSB,na,2,14,2,14_16,R,1,na,na,,
2021-Aug,2021-08-19,Lola,GSB,na,2,16,2,16_18,R,0,na,na,,
2021-Aug,2021-08-19,Lola,GSB,na,2,18,2,18_20,R,1,na,na,,
2021-Aug,2021-08-19,Lola,GSB,na,2,0,2,0_2,L,6,na,na,,
2021-Aug,2021-08-19,Lola,GSB,na,2,2,2,2_4,L,0,na,na,,
2021-Aug,2021-08-19,Lola,GSB,na,2,4,2,4_6,L,1,na,na,,
2021-Aug,2021-08-19,Lola,GSB,na,2,6,2,6_8,L,0,na,na,,
2021-Aug,2021-08-19,Lola,GSB,na,2,8,2,8_10,L,0,na,na,,
2021-Aug,2021-08-19,Lola,GSB,na,2,10,2,10_12,L,0,na,na,,
2021-Aug,2021-08-19,Lola,GSB,na,2,12,2,12_14,L,2,na,na,,
2021-Aug,2021-08-19,Lola,GSB,na,2,14,2,14_16,L,0,na,na,,
2021-Aug,2021-08-19,Lola,GSB,na,2,16,2,16_18,L,0,na,na,,
2021-Aug,2021-08-19,Lola,GSB,na,2,18,2,18_20,L,0,na,na,,
2021-Aug,2021-08-19,Lola,GSB,na,1,0,2,0_2,R,1,na,na,,
2021-Aug,2021-08-19,Lola,GSB,na,1,2,2,2_4,R,3,na,na,,
2021-Aug,2021-08-19,Lola,GSB,na,1,4,2,4_6,R,3,na,na,,
2021-Aug,2021-08-19,Lola,GSB,na,1,6,2,6_8,R,2,na,na,,
2021-Aug,2021-08-19,Lola,GSB,na,1,8,2,8_10,R,6,na,na,,
2021-Aug,2021-08-19,Lola,GSB,na,1,10,2,10_12,R,1,na,na,,
2021-Aug,2021-08-19,Lola,GSB,na,1,12,2,12_14,R,1,na,na,,
2021-Aug,2021-08-19,Lola,GSB,na,1,14,2,14_16,R,2,na,na,,
2021-Aug,2021-08-19,Lola,GSB,na,1,16,2,16_18,R,0,na,na,,
2021-Aug,2021-08-19,Lola,GSB,na,1,18,2,18_20,R,0,na,na,,
2021-Aug,2021-08-19,Lola,GSB,na,1,0,2,0_2,L,3,na,na,,
2021-Aug,2021-08-19,Lola,GSB,na,1,2,2,2_4,L,1,na,na,,
2021-Aug,2021-08-19,Lola,GSB,na,1,4,2,4_6,L,0,na,na,,
2021-Aug,2021-08-19,Lola,GSB,na,1,6,2,6_8,L,3,na,na,,
2021-Aug,2021-08-19,Lola,GSB,na,1,8,2,8_10,L,2,na,na,,
2021-Aug,2021-08-19,Lola,GSB,na,1,10,2,10_12,L,6,na,na,,
2021-Aug,2021-08-19,Lola,GSB,na,1,12,2,12_14,L,2,na,na,,
2021-Aug,2021-08-19,Lola,GSB,na,1,14,2,14_16,L,3,na,na,,
2021-Aug,2021-08-19,Lola,GSB,na,1,16,2,16_18,L,2,na,na,,
2021-Aug,2021-08-19,Lola,GSB,na,1,18,2,18_20,L,0,na,na,,
2021-Aug,2021-08-19,Lola,GSB,na,3,0,2,0_2,R,1,na,na,,
2021-Aug,2021-08-19,Lola,GSB,na,3,2,2,2_4,R,0,na,na,,
2021-Aug,2021-08-19,Lola,GSB,na,3,4,2,4_6,R,0,na,na,,
2021-Aug,2021-08-19,Lola,GSB,na,3,6,2,6_8,R,1,na,na,,
2021-Aug,2021-08-19,Lola,GSB,na,3,8,2,8_10,R,6,na,na,,
2021-Aug,2021-08-19,Lola,GSB,na,3,10,2,10_12,R,5,na,na,,
2021-Aug,2021-08-19,Lola,GSB,na,3,12,2,12_14,R,2,na,na,,
2021-Aug,2021-08-19,Lola,GSB,na,3,14,2,14_16,R,5,na,na,,
2021-Aug,2021-08-19,Lola,GSB,na,3,16,2,16_18,R,7,na,na,,
2021-Aug,2021-08-19,Lola,GSB,na,3,18,2,18_20,R,0,na,na,,
2021-Aug,2021-08-19,Lola,GSB,na,3,0,2,0_2,L,5,na,na,,
2021-Aug,2021-08-19,Lola,GSB,na,3,2,2,2_4,L,4,na,na,,
2021-Aug,2021-08-19,Lola,GSB,na,3,4,2,4_6,L,0,na,na,,
2021-Aug,2021-08-19,Lola,GSB,na,3,6,2,6_8,L,3,na,na,,
2021-Aug,2021-08-19,Lola,GSB,na,3,8,2,8_10,L,0,na,na,,
2021-Aug,2021-08-19,Lola,GSB,na,3,10,2,10_12,L,0,na,na,,
2021-Aug,2021-08-19,Lola,GSB,na,3,12,2,12_14,L,1,na,na,,
2021-Aug,2021-08-19,Lola,GSB,na,3,14,2,14_16,L,2,na,na,,
2021-Aug,2021-08-19,Lola,GSB,na,3,16,2,16_18,L,0,na,na,,
2021-Aug,2021-08-19,Lola,GSB,na,3,18,2,18_20,L,0,na,na,,
2021-Aug,2021-08-11,Spider,GSB,na,1,0,2,0_2,R,0,na,na,,
2021-Aug,2021-08-11,Spider,GSB,na,1,2,2,2_4,R,0,na,na,,
2021-Aug,2021-08-11,Spider,GSB,na,1,4,2,4_6,R,0,na,na,,
2021-Aug,2021-08-11,Spider,GSB,na,1,6,2,6_8,R,0,na,na,,
2021-Aug,2021-08-11,Spider,GSB,na,1,8,2,8_10,R,0,na,na,,
2021-Aug,2021-08-11,Spider,GSB,na,1,10,2,10_12,R,0,na,na,,
2021-Aug,2021-08-11,Spider,GSB,na,1,12,2,12_14,R,0,na,na,,
2021-Aug,2021-08-11,Spider,GSB,na,1,14,2,14_16,R,0,na,na,,
2021-Aug,2021-08-11,Spider,GSB,na,1,16,2,16_18,R,0,na,na,,
2021-Aug,2021-08-11,Spider,GSB,na,1,18,2,18_20,R,0,na,na,,
2021-Aug,2021-08-11,Spider,GSB,na,1,0,2,0_2,L,1,na,na,,
2021-Aug,2021-08-11,Spider,GSB,na,1,2,2,2_4,L,0,na,na,,
2021-Aug,2021-08-11,Spider,GSB,na,1,4,2,4_6,L,1,na,na,,
2021-Aug,2021-08-11,Spider,GSB,na,1,6,2,6_8,L,0,na,na,,
2021-Aug,2021-08-11,Spider,GSB,na,1,8,2,8_10,L,0,na,na,,
2021-Aug,2021-08-11,Spider,GSB,na,1,10,2,10_12,L,0,na,na,,
2021-Aug,2021-08-11,Spider,GSB,na,1,12,2,12_14,L,1,na,na,,
2021-Aug,2021-08-11,Spider,GSB,na,1,14,2,14_16,L,0,na,na,,
2021-Aug,2021-08-11,Spider,GSB,na,1,16,2,16_18,L,1,na,na,,
2021-Aug,2021-08-11,Spider,GSB,na,1,18,2,18_20,L,0,na,na,,
2021-Aug,2021-08-11,Spider,GSB,na,2,0,2,0_2,R,0,na,na,,
2021-Aug,2021-08-11,Spider,GSB,na,2,2,2,2_4,R,0,na,na,,
2021-Aug,2021-08-11,Spider,GSB,na,2,4,2,4_6,R,0,na,na,,
2021-Aug,2021-08-11,Spider,GSB,na,2,6,2,6_8,R,0,na,na,,
2021-Aug,2021-08-11,Spider,GSB,na,2,8,2,8_10,R,0,na,na,,
2021-Aug,2021-08-11,Spider,GSB,na,2,10,2,10_12,R,0,na,na,,
2021-Aug,2021-08-11,Spider,GSB,na,2,12,2,12_14,R,0,na,na,,
2021-Aug,2021-08-11,Spider,GSB,na,2,14,2,14_16,R,0,na,na,,
2021-Aug,2021-08-11,Spider,GSB,na,2,16,2,16_18,R,2,na,na,,
2021-Aug,2021-08-11,Spider,GSB,na,2,18,2,18_20,R,0,na,na,,
2021-Aug,2021-08-11,Spider,GSB,na,2,0,2,0_2,L,0,na,na,,
2021-Aug,2021-08-11,Spider,GSB,na,2,2,2,2_4,L,0,na,na,,
2021-Aug,2021-08-11,Spider,GSB,na,2,4,2,4_6,L,0,na,na,,
2021-Aug,2021-08-11,Spider,GSB,na,2,6,2,6_8,L,1,na,na,,
2021-Aug,2021-08-11,Spider,GSB,na,2,8,2,8_10,L,0,na,na,,
2021-Aug,2021-08-11,Spider,GSB,na,2,10,2,10_12,L,0,na,na,,
2021-Aug,2021-08-11,Spider,GSB,na,2,12,2,12_14,L,0,na,na,,
2021-Aug,2021-08-11,Spider,GSB,na,2,14,2,14_16,L,1,na,na,,
2021-Aug,2021-08-11,Spider,GSB,na,2,16,2,16_18,L,2,na,na,,
2021-Aug,2021-08-11,Spider,GSB,na,2,18,2,18_20,L,0,na,na,,
2021-Aug,2021-08-11,Spider,OR,na,3,0,2,0_2,R,0,na,na,,
2021-Aug,2021-08-11,Spider,OR,na,3,2,2,2_4,R,0,na,na,,
2021-Aug,2021-08-11,Spider,OR,na,3,4,2,4_6,R,0,na,na,,
2021-Aug,2021-08-11,Spider,OR,na,3,6,2,6_8,R,0,na,na,,
2021-Aug,2021-08-11,Spider,OR,na,3,8,2,8_10,R,0,na,na,,
2021-Aug,2021-08-11,Spider,OR,na,3,10,2,10_12,R,0,na,na,,
2021-Aug,2021-08-11,Spider,OR,na,3,12,2,12_14,R,0,na,na,,
2021-Aug,2021-08-11,Spider,OR,na,3,14,2,14_16,R,0,na,na,,
2021-Aug,2021-08-11,Spider,OR,na,3,16,2,16_18,R,0,na,na,,
2021-Aug,2021-08-11,Spider,OR,na,3,18,2,18_20,R,0,na,na,,
2021-Aug,2021-08-11,Spider,GSB,na,3,0,2,0_2,L,0,na,na,,
2021-Aug,2021-08-11,Spider,GSB,na,3,2,2,2_4,L,0,na,na,,
2021-Aug,2021-08-11,Spider,GSB,na,3,4,2,4_6,L,0,na,na,,
2021-Aug,2021-08-11,Spider,GSB,na,3,6,2,6_8,L,1,na,na,,
2021-Aug,2021-08-11,Spider,GSB,na,3,8,2,8_10,L,0,na,na,,
2021-Aug,2021-08-11,Spider,GSB,na,3,10,2,10_12,L,0,na,na,,
2021-Aug,2021-08-11,Spider,GSB,na,3,12,2,12_14,L,0,na,na,,
2021-Aug,2021-08-11,Spider,GSB,na,3,14,2,14_16,L,0,na,na,,
2021-Aug,2021-08-11,Spider,GSB,na,3,16,2,16_18,L,0,na,na,,
2021-Aug,2021-08-11,Spider,GSB,na,3,18,2,18_20,L,0,na,na,,
2021-Aug,2021-08-16,Starfish,BT,na,1,0,2,0_2,R,0,na,na,,
2021-Aug,2021-08-16,Starfish,BT,na,1,2,2,2_4,R,0,na,na,,
2021-Aug,2021-08-16,Starfish,BT,na,1,4,2,4_6,R,0,na,na,,
2021-Aug,2021-08-16,Starfish,BT,na,1,6,2,6_8,R,1,na,na,,
2021-Aug,2021-08-16,Starfish,BT,na,1,8,2,8_10,R,0,na,na,,
2021-Aug,2021-08-16,Starfish,BT,na,1,10,2,10_12,R,0,na,na,,
2021-Aug,2021-08-16,Starfish,BT,na,1,12,2,12_14,R,0,na,na,,
2021-Aug,2021-08-16,Starfish,BT,na,1,14,2,14_16,R,0,na,na,,
2021-Aug,2021-08-16,Starfish,BT,na,1,16,2,16_18,R,0,na,na,,
2021-Aug,2021-08-16,Starfish,BT,na,1,18,2,18_20,R,0,na,na,,
2021-Aug,2021-08-16,Starfish,BT,na,1,0,2,0_2,L,0,na,na,,
2021-Aug,2021-08-16,Starfish,BT,na,1,2,2,2_4,L,0,na,na,,
2021-Aug,2021-08-16,Starfish,BT,na,1,4,2,4_6,L,0,na,na,,
2021-Aug,2021-08-16,Starfish,BT,na,1,6,2,6_8,L,0,na,na,,
2021-Aug,2021-08-16,Starfish,BT,na,1,8,2,8_10,L,0,na,na,,
2021-Aug,2021-08-16,Starfish,BT,na,1,10,2,10_12,L,0,na,na,,
2021-Aug,2021-08-16,Starfish,BT,na,1,12,2,12_14,L,0,na,na,,
2021-Aug,2021-08-16,Starfish,BT,na,1,14,2,14_16,L,0,na,na,,
2021-Aug,2021-08-16,Starfish,BT,na,1,16,2,16_18,L,0,na,na,,
2021-Aug,2021-08-16,Starfish,BT,na,1,18,2,18_20,L,0,na,na,,
2021-Aug,2021-08-16,Starfish,BT,na,2,0,2,0_2,R,0,na,na,,
2021-Aug,2021-08-16,Starfish,BT,na,2,2,2,2_4,R,0,na,na,,
2021-Aug,2021-08-16,Starfish,BT,na,2,4,2,4_6,R,0,na,na,,
2021-Aug,2021-08-16,Starfish,BT,na,2,6,2,6_8,R,0,na,na,,
2021-Aug,2021-08-16,Starfish,BT,na,2,8,2,8_10,R,0,na,na,,
2021-Aug,2021-08-16,Starfish,BT,na,2,10,2,10_12,R,0,na,na,,
2021-Aug,2021-08-16,Starfish,BT,na,2,12,2,12_14,R,0,na,na,,
2021-Aug,2021-08-16,Starfish,BT,na,2,14,2,14_16,R,0,na,na,,
2021-Aug,2021-08-16,Starfish,BT,na,2,16,2,16_18,R,0,na,na,,
2021-Aug,2021-08-16,Starfish,BT,na,2,18,2,18_20,R,0,na,na,,
2021-Aug,2021-08-16,Starfish,BT,na,2,0,2,0_2,L,0,na,na,,
2021-Aug,2021-08-16,Starfish,BT,na,2,2,2,2_4,L,0,na,na,,
2021-Aug,2021-08-16,Starfish,BT,na,2,4,2,4_6,L,0,na,na,,
2021-Aug,2021-08-16,Starfish,BT,na,2,6,2,6_8,L,0,na,na,,
2021-Aug,2021-08-16,Starfish,BT,na,2,8,2,8_10,L,0,na,na,,
2021-Aug,2021-08-16,Starfish,BT,na,2,10,2,10_12,L,0,na,na,,
2021-Aug,2021-08-16,Starfish,BT,na,2,12,2,12_14,L,0,na,na,,
2021-Aug,2021-08-16,Starfish,BT,na,2,14,2,14_16,L,0,na,na,,
2021-Aug,2021-08-16,Starfish,BT,na,2,16,2,16_18,L,0,na,na,,
2021-Aug,2021-08-16,Starfish,BT,na,2,18,2,18_20,L,0,na,na,,
2021-Aug,2021-08-16,Starfish,BT,na,3,0,2,0_2,R,0,na,na,,
2021-Aug,2021-08-16,Starfish,BT,na,3,2,2,2_4,R,0,na,na,,
2021-Aug,2021-08-16,Starfish,BT,na,3,4,2,4_6,R,0,na,na,,
2021-Aug,2021-08-16,Starfish,BT,na,3,6,2,6_8,R,0,na,na,,
2021-Aug,2021-08-16,Starfish,BT,na,3,8,2,8_10,R,0,na,na,,
2021-Aug,2021-08-16,Starfish,BT,na,3,10,2,10_12,R,0,na,na,,
2021-Aug,2021-08-16,Starfish,BT,na,3,12,2,12_14,R,0,na,na,,
2021-Aug,2021-08-16,Starfish,BT,na,3,14,2,14_16,R,0,na,na,,
2021-Aug,2021-08-16,Starfish,BT,na,3,16,2,16_18,R,0,na,na,,
2021-Aug,2021-08-16,Starfish,BT,na,3,18,2,18_20,R,0,na,na,,
2021-Aug,2021-08-16,Starfish,BT,na,3,0,2,0_2,L,0,na,na,,
2021-Aug,2021-08-16,Starfish,BT,na,3,2,2,2_4,L,0,na,na,,
2021-Aug,2021-08-16,Starfish,BT,na,3,4,2,4_6,L,0,na,na,,
2021-Aug,2021-08-16,Starfish,BT,na,3,6,2,6_8,L,0,na,na,,
2021-Aug,2021-08-16,Starfish,BT,na,3,8,2,8_10,L,0,na,na,,
2021-Aug,2021-08-16,Starfish,BT,na,3,10,2,10_12,L,0,na,na,,
2021-Aug,2021-08-16,Starfish,BT,na,3,12,2,12_14,L,0,na,na,,
2021-Aug,2021-08-16,Starfish,BT,na,3,14,2,14_16,L,0,na,na,,
2021-Aug,2021-08-16,Starfish,BT,na,3,16,2,16_18,L,0,na,na,,
2021-Aug,2021-08-16,Starfish,BT,na,3,18,2,18_20,L,0,na,na,,
2021-Aug,2021-08-19,Mercury,BT,na,1,0,2,0_2,R,0,na,na,,
2021-Aug,2021-08-19,Mercury,BT,na,1,2,2,2_4,R,0,na,na,,
2021-Aug,2021-08-19,Mercury,BT,na,1,4,2,4_6,R,0,na,na,,
2021-Aug,2021-08-19,Mercury,BT,na,1,6,2,6_8,R,0,na,na,,
2021-Aug,2021-08-19,Mercury,BT,na,1,8,2,8_10,R,20,na,na,,
2021-Aug,2021-08-19,Mercury,BT,na,1,10,2,10_12,R,0,na,na,,
2021-Aug,2021-08-19,Mercury,BT,na,1,12,2,12_14,R,0,na,na,,
2021-Aug,2021-08-19,Mercury,BT,na,1,14,2,14_16,R,0,na,na,,
2021-Aug,2021-08-19,Mercury,BT,na,1,16,2,16_18,R,1,na,na,,
2021-Aug,2021-08-19,Mercury,BT,na,1,18,2,18_20,R,0,na,na,,
2021-Aug,2021-08-19,Mercury,BT,na,1,0,2,0_2,L,0,na,na,,
2021-Aug,2021-08-19,Mercury,BT,na,1,2,2,2_4,L,1,na,na,,
2021-Aug,2021-08-19,Mercury,BT,na,1,4,2,4_6,L,7,na,na,,
2021-Aug,2021-08-19,Mercury,BT,na,1,6,2,6_8,L,5,na,na,,
2021-Aug,2021-08-19,Mercury,BT,na,1,8,2,8_10,L,0,na,na,,
2021-Aug,2021-08-19,Mercury,BT,na,1,10,2,10_12,L,0,na,na,,
2021-Aug,2021-08-19,Mercury,BT,na,1,12,2,12_14,L,0,na,na,,
2021-Aug,2021-08-19,Mercury,BT,na,1,14,2,14_16,L,0,na,na,,
2021-Aug,2021-08-19,Mercury,BT,na,1,16,2,16_18,L,1,na,na,,
2021-Aug,2021-08-19,Mercury,BT,na,1,18,2,18_20,L,0,na,na,,
2021-Aug,2021-08-19,Mercury,BT,na,2,0,2,0_2,R,0,na,na,,
2021-Aug,2021-08-19,Mercury,BT,na,2,2,2,2_4,R,0,na,na,,
2021-Aug,2021-08-19,Mercury,BT,na,2,4,2,4_6,R,3,na,na,,
2021-Aug,2021-08-19,Mercury,BT,na,2,6,2,6_8,R,3,na,na,,
2021-Aug,2021-08-19,Mercury,BT,na,2,8,2,8_10,R,1,na,na,,
2021-Aug,2021-08-19,Mercury,BT,na,2,10,2,10_12,R,16,na,na,,
2021-Aug,2021-08-19,Mercury,BT,na,2,12,2,12_14,R,0,na,na,,
2021-Aug,2021-08-19,Mercury,BT,na,2,14,2,14_16,R,0,na,na,,
2021-Aug,2021-08-19,Mercury,BT,na,2,16,2,16_18,R,0,na,na,,
2021-Aug,2021-08-19,Mercury,BT,na,2,18,2,18_20,R,0,na,na,,
2021-Aug,2021-08-19,Mercury,BT,na,2,0,2,0_2,L,0,na,na,,
2021-Aug,2021-08-19,Mercury,BT,na,2,2,2,2_4,L,12,na,na,,
2021-Aug,2021-08-19,Mercury,BT,na,2,4,2,4_6,L,0,na,na,,
2021-Aug,2021-08-19,Mercury,BT,na,2,6,2,6_8,L,0,na,na,,
2021-Aug,2021-08-19,Mercury,BT,na,2,8,2,8_10,L,1,na,na,,
2021-Aug,2021-08-19,Mercury,BT,na,2,10,2,10_12,L,0,na,na,,
2021-Aug,2021-08-19,Mercury,BT,na,2,12,2,12_14,L,0,na,na,,
2021-Aug,2021-08-19,Mercury,BT,na,2,14,2,14_16,L,0,na,na,,
2021-Aug,2021-08-19,Mercury,BT,na,2,16,2,16_18,L,0,na,na,,
2021-Aug,2021-08-19,Mercury,BT,na,2,18,2,18_20,L,0,na,na,,
2021-Aug,2021-08-19,Mercury,BT,na,3,0,2,0_2,R,0,na,na,,
2021-Aug,2021-08-19,Mercury,BT,na,3,2,2,2_4,R,0,na,na,,
2021-Aug,2021-08-19,Mercury,BT,na,3,4,2,4_6,R,0,na,na,,
2021-Aug,2021-08-19,Mercury,BT,na,3,6,2,6_8,R,0,na,na,,
2021-Aug,2021-08-19,Mercury,BT,na,3,8,2,8_10,R,0,na,na,,
2021-Aug,2021-08-19,Mercury,BT,na,3,10,2,10_12,R,0,na,na,,
2021-Aug,2021-08-19,Mercury,BT,na,3,12,2,12_14,R,0,na,na,,
2021-Aug,2021-08-19,Mercury,BT,na,3,14,2,14_16,R,0,na,na,,
2021-Aug,2021-08-19,Mercury,BT,na,3,16,2,16_18,R,0,na,na,,
2021-Aug,2021-08-19,Mercury,BT,na,3,18,2,18_20,R,0,na,na,,
2021-Aug,2021-08-19,Mercury,BT,na,3,0,2,0_2,L,0,na,na,,
2021-Aug,2021-08-19,Mercury,BT,na,3,2,2,2_4,L,0,na,na,,
2021-Aug,2021-08-19,Mercury,BT,na,3,4,2,4_6,L,0,na,na,,
2021-Aug,2021-08-19,Mercury,BT,na,3,6,2,6_8,L,0,na,na,,
2021-Aug,2021-08-19,Mercury,BT,na,3,8,2,8_10,L,0,na,na,,
2021-Aug,2021-08-19,Mercury,BT,na,3,10,2,10_12,L,0,na,na,,
2021-Aug,2021-08-19,Mercury,BT,na,3,12,2,12_14,L,0,na,na,,
2021-Aug,2021-08-19,Mercury,BT,na,3,14,2,14_16,L,0,na,na,,
2021-Aug,2021-08-19,Mercury,BT,na,3,16,2,16_18,L,0,na,na,,
2021-Aug,2021-08-19,Mercury,BT,na,3,18,2,18_20,L,0,na,na,,
2021-Aug,2021-08-14,Goldstream,BT,na,1,0,2,0_2,R,0,na,na,,
2021-Aug,2021-08-14,Goldstream,BT,na,1,2,2,2_4,R,0,na,na,,
2021-Aug,2021-08-14,Goldstream,BT,na,1,4,2,4_6,R,0,na,na,,
2021-Aug,2021-08-14,Goldstream,BT,na,1,6,2,6_8,R,0,na,na,,
2021-Aug,2021-08-14,Goldstream,BT,na,1,8,2,8_10,R,0,na,na,,
2021-Aug,2021-08-14,Goldstream,BT,na,1,10,2,10_12,R,0,na,na,,
2021-Aug,2021-08-14,Goldstream,BT,na,1,12,2,12_14,R,0,na,na,,
2021-Aug,2021-08-14,Goldstream,BT,na,1,14,2,14_16,R,0,na,na,,
2021-Aug,2021-08-14,Goldstream,BT,na,1,16,2,16_18,R,0,na,na,,
2021-Aug,2021-08-14,Goldstream,BT,na,1,18,2,18_20,R,0,na,na,,
2021-Aug,2021-08-14,Goldstream,BT,na,1,0,2,0_2,L,0,na,na,,
2021-Aug,2021-08-14,Goldstream,BT,na,1,2,2,2_4,L,0,na,na,,
2021-Aug,2021-08-14,Goldstream,BT,na,1,4,2,4_6,L,0,na,na,,
2021-Aug,2021-08-14,Goldstream,BT,na,1,6,2,6_8,L,0,na,na,,
2021-Aug,2021-08-14,Goldstream,BT,na,1,8,2,8_10,L,0,na,na,,
2021-Aug,2021-08-14,Goldstream,BT,na,1,10,2,10_12,L,0,na,na,,
2021-Aug,2021-08-14,Goldstream,BT,na,1,12,2,12_14,L,0,na,na,,
2021-Aug,2021-08-14,Goldstream,BT,na,1,14,2,14_16,L,0,na,na,,
2021-Aug,2021-08-14,Goldstream,BT,na,1,16,2,16_18,L,0,na,na,,
2021-Aug,2021-08-14,Goldstream,BT,na,1,18,2,18_20,L,0,na,na,,
2021-Aug,2021-08-14,Goldstream,BT,na,2,0,2,0_2,R,0,na,na,,
2021-Aug,2021-08-14,Goldstream,BT,na,2,2,2,2_4,R,0,na,na,,
2021-Aug,2021-08-14,Goldstream,BT,na,2,4,2,4_6,R,0,na,na,,
2021-Aug,2021-08-14,Goldstream,BT,na,2,6,2,6_8,R,0,na,na,,
2021-Aug,2021-08-14,Goldstream,BT,na,2,8,2,8_10,R,0,na,na,,
2021-Aug,2021-08-14,Goldstream,BT,na,2,10,2,10_12,R,0,na,na,,
2021-Aug,2021-08-14,Goldstream,BT,na,2,12,2,12_14,R,0,na,na,,
2021-Aug,2021-08-14,Goldstream,BT,na,2,14,2,14_16,R,0,na,na,,
2021-Aug,2021-08-14,Goldstream,BT,na,2,16,2,16_18,R,0,na,na,,
2021-Aug,2021-08-14,Goldstream,BT,na,2,18,2,18_20,R,0,na,na,,
2021-Aug,2021-08-14,Goldstream,BT,na,2,0,2,0_2,L,0,na,na,,
2021-Aug,2021-08-14,Goldstream,BT,na,2,2,2,2_4,L,0,na,na,,
2021-Aug,2021-08-14,Goldstream,BT,na,2,4,2,4_6,L,0,na,na,,
2021-Aug,2021-08-14,Goldstream,BT,na,2,6,2,6_8,L,0,na,na,,
2021-Aug,2021-08-14,Goldstream,BT,na,2,8,2,8_10,L,0,na,na,,
2021-Aug,2021-08-14,Goldstream,BT,na,2,10,2,10_12,L,0,na,na,,
2021-Aug,2021-08-14,Goldstream,BT,na,2,12,2,12_14,L,0,na,na,,
2021-Aug,2021-08-14,Goldstream,BT,na,2,14,2,14_16,L,0,na,na,,
2021-Aug,2021-08-14,Goldstream,BT,na,2,16,2,16_18,L,0,na,na,,
2021-Aug,2021-08-14,Goldstream,BT,na,2,18,2,18_20,L,0,na,na,,
2021-Aug,2021-08-14,Goldstream,BT,na,3,0,2,0_2,R,0,na,na,,
2021-Aug,2021-08-14,Goldstream,BT,na,3,2,2,2_4,R,0,na,na,,
2021-Aug,2021-08-14,Goldstream,BT,na,3,4,2,4_6,R,0,na,na,,
2021-Aug,2021-08-14,Goldstream,BT,na,3,6,2,6_8,R,0,na,na,,
2021-Aug,2021-08-14,Goldstream,BT,na,3,8,2,8_10,R,0,na,na,,
2021-Aug,2021-08-14,Goldstream,BT,na,3,10,2,10_12,R,0,na,na,,
2021-Aug,2021-08-14,Goldstream,BT,na,3,12,2,12_14,R,0,na,na,,
2021-Aug,2021-08-14,Goldstream,BT,na,3,14,2,14_16,R,0,na,na,,
2021-Aug,2021-08-14,Goldstream,BT,na,3,16,2,16_18,R,0,na,na,,
2021-Aug,2021-08-14,Goldstream,BT,na,3,18,2,18_20,R,0,na,na,,
2021-Aug,2021-08-14,Goldstream,BT,na,3,0,2,0_2,L,0,na,na,,
2021-Aug,2021-08-14,Goldstream,BT,na,3,2,2,2_4,L,0,na,na,,
2021-Aug,2021-08-14,Goldstream,BT,na,3,4,2,4_6,L,0,na,na,,
2021-Aug,2021-08-14,Goldstream,BT,na,3,6,2,6_8,L,0,na,na,,
2021-Aug,2021-08-14,Goldstream,BT,na,3,8,2,8_10,L,0,na,na,,
2021-Aug,2021-08-14,Goldstream,BT,na,3,10,2,10_12,L,0,na,na,,
2021-Aug,2021-08-14,Goldstream,BT,na,3,12,2,12_14,L,0,na,na,,
2021-Aug,2021-08-14,Goldstream,BT,na,3,14,2,14_16,L,0,na,na,,
2021-Aug,2021-08-14,Goldstream,BT,na,3,16,2,16_18,L,0,na,na,,
2021-Aug,2021-08-14,Goldstream,BT,na,3,18,2,18_20,L,0,na,na,,
2021-Aug,2021-08-14,Kelpie,BT,na,1,0,2,0_2,R,0,na,na,,
2021-Aug,2021-08-14,Kelpie,BT,na,1,2,2,2_4,R,0,na,na,,
2021-Aug,2021-08-14,Kelpie,BT,na,1,4,2,4_6,R,0,na,na,,
2021-Aug,2021-08-14,Kelpie,BT,na,1,6,2,6_8,R,0,na,na,,
2021-Aug,2021-08-14,Kelpie,BT,na,1,8,2,8_10,R,0,na,na,,
2021-Aug,2021-08-14,Kelpie,BT,na,1,10,2,10_12,R,0,na,na,,
2021-Aug,2021-08-14,Kelpie,BT,na,1,12,2,12_14,R,0,na,na,,
2021-Aug,2021-08-14,Kelpie,BT,na,1,14,2,14_16,R,0,na,na,,
2021-Aug,2021-08-14,Kelpie,BT,na,1,16,2,16_18,R,0,na,na,,
2021-Aug,2021-08-14,Kelpie,BT,na,1,18,2,18_20,R,0,na,na,,
2021-Aug,2021-08-14,Kelpie,BT,na,1,0,2,0_2,L,0,na,na,,
2021-Aug,2021-08-14,Kelpie,BT,na,1,2,2,2_4,L,0,na,na,,
2021-Aug,2021-08-14,Kelpie,BT,na,1,4,2,4_6,L,0,na,na,,
2021-Aug,2021-08-14,Kelpie,BT,na,1,6,2,6_8,L,0,na,na,,
2021-Aug,2021-08-14,Kelpie,BT,na,1,8,2,8_10,L,0,na,na,,
2021-Aug,2021-08-14,Kelpie,BT,na,1,10,2,10_12,L,0,na,na,,
2021-Aug,2021-08-14,Kelpie,BT,na,1,12,2,12_14,L,0,na,na,,
2021-Aug,2021-08-14,Kelpie,BT,na,1,14,2,14_16,L,0,na,na,,
2021-Aug,2021-08-14,Kelpie,BT,na,1,16,2,16_18,L,0,na,na,,
2021-Aug,2021-08-14,Kelpie,BT,na,1,18,2,18_20,L,0,na,na,,
2021-Aug,2021-08-14,Kelpie,BT,na,2,0,2,0_2,R,0,na,na,,
2021-Aug,2021-08-14,Kelpie,BT,na,2,2,2,2_4,R,0,na,na,,
2021-Aug,2021-08-14,Kelpie,BT,na,2,4,2,4_6,R,0,na,na,,
2021-Aug,2021-08-14,Kelpie,BT,na,2,6,2,6_8,R,0,na,na,,
2021-Aug,2021-08-14,Kelpie,BT,na,2,8,2,8_10,R,0,na,na,,
2021-Aug,2021-08-14,Kelpie,BT,na,2,10,2,10_12,R,0,na,na,,
2021-Aug,2021-08-14,Kelpie,BT,na,2,12,2,12_14,R,0,na,na,,
2021-Aug,2021-08-14,Kelpie,BT,na,2,14,2,14_16,R,0,na,na,,
2021-Aug,2021-08-14,Kelpie,BT,na,2,16,2,16_18,R,0,na,na,,
2021-Aug,2021-08-14,Kelpie,BT,na,2,18,2,18_20,R,0,na,na,,
2021-Aug,2021-08-14,Kelpie,BT,na,2,0,2,0_2,L,0,na,na,,
2021-Aug,2021-08-14,Kelpie,BT,na,2,2,2,2_4,L,0,na,na,,
2021-Aug,2021-08-14,Kelpie,BT,na,2,4,2,4_6,L,0,na,na,,
2021-Aug,2021-08-14,Kelpie,BT,na,2,6,2,6_8,L,0,na,na,,
2021-Aug,2021-08-14,Kelpie,BT,na,2,8,2,8_10,L,0,na,na,,
2021-Aug,2021-08-14,Kelpie,BT,na,2,10,2,10_12,L,0,na,na,,
2021-Aug,2021-08-14,Kelpie,BT,na,2,12,2,12_14,L,2,na,na,,
2021-Aug,2021-08-14,Kelpie,BT,na,2,14,2,14_16,L,0,na,na,,
2021-Aug,2021-08-14,Kelpie,BT,na,2,16,2,16_18,L,0,na,na,,
2021-Aug,2021-08-14,Kelpie,BT,na,2,18,2,18_20,L,0,na,na,,
2021-Aug,2021-08-14,Kelpie,BT,na,3,0,2,0_2,R,0,na,na,,
2021-Aug,2021-08-14,Kelpie,BT,na,3,2,2,2_4,R,0,na,na,,
2021-Aug,2021-08-14,Kelpie,BT,na,3,4,2,4_6,R,0,na,na,,
2021-Aug,2021-08-14,Kelpie,BT,na,3,6,2,6_8,R,0,na,na,,
2021-Aug,2021-08-14,Kelpie,BT,na,3,8,2,8_10,R,0,na,na,,
2021-Aug,2021-08-14,Kelpie,BT,na,3,10,2,10_12,R,3,na,na,,
2021-Aug,2021-08-14,Kelpie,BT,na,3,12,2,12_14,R,0,na,na,,
2021-Aug,2021-08-14,Kelpie,BT,na,3,14,2,14_16,R,0,na,na,,
2021-Aug,2021-08-14,Kelpie,BT,na,3,16,2,16_18,R,0,na,na,,
2021-Aug,2021-08-14,Kelpie,BT,na,3,18,2,18_20,R,0,na,na,,
2021-Aug,2021-08-14,Kelpie,BT,na,3,0,2,0_2,L,0,na,na,,
2021-Aug,2021-08-14,Kelpie,BT,na,3,2,2,2_4,L,0,na,na,,
2021-Aug,2021-08-14,Kelpie,BT,na,3,4,2,4_6,L,0,na,na,,
2021-Aug,2021-08-14,Kelpie,BT,na,3,6,2,6_8,L,0,na,na,,
2021-Aug,2021-08-14,Kelpie,BT,na,3,8,2,8_10,L,0,na,na,,
2021-Aug,2021-08-14,Kelpie,BT,na,3,10,2,10_12,L,0,na,na,,
2021-Aug,2021-08-14,Kelpie,BT,na,3,12,2,12_14,L,0,na,na,,
2021-Aug,2021-08-14,Kelpie,BT,na,3,14,2,14_16,L,0,na,na,,
2021-Aug,2021-08-14,Kelpie,BT,na,3,16,2,16_18,L,0,na,na,,
2021-Aug,2021-08-14,Kelpie,BT,na,3,18,2,18_20,L,0,na,na,,
2021-Aug,2021-08-12,Rattenbury,BT,na,1,0,2,0_2,R,0,na,na,,
2021-Aug,2021-08-12,Rattenbury,BT,na,1,2,2,2_4,R,0,na,na,,
2021-Aug,2021-08-12,Rattenbury,BT,na,1,4,2,4_6,R,0,na,na,,
2021-Aug,2021-08-12,Rattenbury,BT,na,1,6,2,6_8,R,0,na,na,,
2021-Aug,2021-08-12,Rattenbury,BT,na,1,8,2,8_10,R,0,na,na,,
2021-Aug,2021-08-12,Rattenbury,BT,na,1,10,2,10_12,R,0,na,na,,
2021-Aug,2021-08-12,Rattenbury,BT,na,1,12,2,12_14,R,0,na,na,,
2021-Aug,2021-08-12,Rattenbury,BT,na,1,14,2,14_16,R,0,na,na,,
2021-Aug,2021-08-12,Rattenbury,BT,na,1,16,2,16_18,R,0,na,na,,
2021-Aug,2021-08-12,Rattenbury,BT,na,1,18,2,18_20,R,0,na,na,,
2021-Aug,2021-08-12,Rattenbury,BT,na,1,0,2,0_2,L,0,na,na,,
2021-Aug,2021-08-12,Rattenbury,BT,na,1,2,2,2_4,L,0,na,na,,
2021-Aug,2021-08-12,Rattenbury,BT,na,1,4,2,4_6,L,0,na,na,,
2021-Aug,2021-08-12,Rattenbury,BT,na,1,6,2,6_8,L,0,na,na,,
2021-Aug,2021-08-12,Rattenbury,BT,na,1,8,2,8_10,L,0,na,na,,
2021-Aug,2021-08-12,Rattenbury,BT,na,1,10,2,10_12,L,0,na,na,,
2021-Aug,2021-08-12,Rattenbury,BT,na,1,12,2,12_14,L,0,na,na,,
2021-Aug,2021-08-12,Rattenbury,BT,na,1,14,2,14_16,L,0,na,na,,
2021-Aug,2021-08-12,Rattenbury,BT,na,1,16,2,16_18,L,0,na,na,,
2021-Aug,2021-08-12,Rattenbury,BT,na,1,18,2,18_20,L,0,na,na,,
2021-Aug,2021-08-12,Rattenbury,BT,na,2,0,2,0_2,R,0,na,na,,
2021-Aug,2021-08-12,Rattenbury,BT,na,2,2,2,2_4,R,0,na,na,,
2021-Aug,2021-08-12,Rattenbury,BT,na,2,4,2,4_6,R,0,na,na,,
2021-Aug,2021-08-12,Rattenbury,BT,na,2,6,2,6_8,R,0,na,na,,
2021-Aug,2021-08-12,Rattenbury,BT,na,2,8,2,8_10,R,0,na,na,,
2021-Aug,2021-08-12,Rattenbury,BT,na,2,10,2,10_12,R,0,na,na,,
2021-Aug,2021-08-12,Rattenbury,BT,na,2,12,2,12_14,R,0,na,na,,
2021-Aug,2021-08-12,Rattenbury,BT,na,2,14,2,14_16,R,0,na,na,,
2021-Aug,2021-08-12,Rattenbury,BT,na,2,16,2,16_18,R,0,na,na,,
2021-Aug,2021-08-12,Rattenbury,BT,na,2,18,2,18_20,R,0,na,na,,
2021-Aug,2021-08-12,Rattenbury,BT,na,2,0,2,0_2,L,0,na,na,,
2021-Aug,2021-08-12,Rattenbury,BT,na,2,2,2,2_4,L,0,na,na,,
2021-Aug,2021-08-12,Rattenbury,BT,na,2,4,2,4_6,L,0,na,na,,
2021-Aug,2021-08-12,Rattenbury,BT,na,2,6,2,6_8,L,0,na,na,,
2021-Aug,2021-08-12,Rattenbury,BT,na,2,8,2,8_10,L,0,na,na,,
2021-Aug,2021-08-12,Rattenbury,BT,na,2,10,2,10_12,L,0,na,na,,
2021-Aug,2021-08-12,Rattenbury,BT,na,2,12,2,12_14,L,0,na,na,,
2021-Aug,2021-08-12,Rattenbury,BT,na,2,14,2,14_16,L,0,na,na,,
2021-Aug,2021-08-12,Rattenbury,BT,na,2,16,2,16_18,L,0,na,na,,
2021-Aug,2021-08-12,Rattenbury,BT,na,2,18,2,18_20,L,0,na,na,,
2021-Aug,2021-08-12,Rattenbury,BT,na,3,0,2,0_2,R,0,na,na,,
2021-Aug,2021-08-12,Rattenbury,BT,na,3,2,2,2_4,R,0,na,na,,
2021-Aug,2021-08-12,Rattenbury,BT,na,3,4,2,4_6,R,0,na,na,,
2021-Aug,2021-08-12,Rattenbury,BT,na,3,6,2,6_8,R,0,na,na,,
2021-Aug,2021-08-12,Rattenbury,BT,na,3,8,2,8_10,R,0,na,na,,
2021-Aug,2021-08-12,Rattenbury,BT,na,3,10,2,10_12,R,0,na,na,,
2021-Aug,2021-08-12,Rattenbury,BT,na,3,12,2,12_14,R,0,na,na,,
2021-Aug,2021-08-12,Rattenbury,BT,na,3,14,2,14_16,R,0,na,na,,
2021-Aug,2021-08-12,Rattenbury,BT,na,3,16,2,16_18,R,0,na,na,,
2021-Aug,2021-08-12,Rattenbury,BT,na,3,18,2,18_20,R,0,na,na,,
2021-Aug,2021-08-12,Rattenbury,BT,na,3,0,2,0_2,L,0,na,na,,
2021-Aug,2021-08-12,Rattenbury,BT,na,3,2,2,2_4,L,0,na,na,,
2021-Aug,2021-08-12,Rattenbury,BT,na,3,4,2,4_6,L,0,na,na,,
2021-Aug,2021-08-12,Rattenbury,BT,na,3,6,2,6_8,L,0,na,na,,
2021-Aug,2021-08-12,Rattenbury,BT,na,3,8,2,8_10,L,0,na,na,,
2021-Aug,2021-08-12,Rattenbury,BT,na,3,10,2,10_12,L,0,na,na,,
2021-Aug,2021-08-12,Rattenbury,BT,na,3,12,2,12_14,L,0,na,na,,
2021-Aug,2021-08-12,Rattenbury,BT,na,3,14,2,14_16,L,0,na,na,,
2021-Aug,2021-08-12,Rattenbury,BT,na,3,16,2,16_18,L,0,na,na,,
2021-Aug,2021-08-12,Rattenbury,BT,na,3,18,2,18_20,L,0,na,na,,
2021-Aug,2021-08-22,Odlum,KH,na,1,0,2,0_2,R,19,na,na,,
2021-Aug,2021-08-22,Odlum,KH,na,1,2,2,2_4,R,16,na,na,,
2021-Aug,2021-08-22,Odlum,KH,na,1,4,2,4_6,R,7,na,na,,
2021-Aug,2021-08-22,Odlum,KH,na,1,6,2,6_8,R,5,na,na,,
2021-Aug,2021-08-22,Odlum,KH,na,1,8,2,8_10,R,0,na,na,,
2021-Aug,2021-08-22,Odlum,KH,na,1,10,2,10_12,R,0,na,na,,
2021-Aug,2021-08-22,Odlum,KH,na,1,12,2,12_14,R,0,na,na,,
2021-Aug,2021-08-22,Odlum,KH,na,1,14,2,14_16,R,0,na,na,,
2021-Aug,2021-08-22,Odlum,KH,na,1,16,2,16_18,R,0,na,na,,
2021-Aug,2021-08-22,Odlum,KH,na,1,18,2,18_20,R,1,na,na,,
2021-Aug,2021-08-22,Odlum,KH,na,1,0,2,0_2,L,0,na,na,,
2021-Aug,2021-08-22,Odlum,KH,na,1,2,2,2_4,L,0,na,na,,
2021-Aug,2021-08-22,Odlum,KH,na,1,4,2,4_6,L,0,na,na,,
2021-Aug,2021-08-22,Odlum,KH,na,1,6,2,6_8,L,0,na,na,,
2021-Aug,2021-08-22,Odlum,KH,na,1,8,2,8_10,L,0,na,na,,
2021-Aug,2021-08-22,Odlum,KH,na,1,10,2,10_12,L,0,na,na,,
2021-Aug,2021-08-22,Odlum,KH,na,1,12,2,12_14,L,0,na,na,,
2021-Aug,2021-08-22,Odlum,KH,na,1,14,2,14_16,L,0,na,na,,
2021-Aug,2021-08-22,Odlum,KH,na,1,16,2,16_18,L,0,na,na,,
2021-Aug,2021-08-22,Odlum,KH,na,1,18,2,18_20,L,2,na,na,,
2021-Aug,2021-08-22,Odlum,KH,na,2,0,2,0_2,R,0,na,na,,
2021-Aug,2021-08-22,Odlum,KH,na,2,2,2,2_4,R,0,na,na,,
2021-Aug,2021-08-22,Odlum,KH,na,2,4,2,4_6,R,0,na,na,,
2021-Aug,2021-08-22,Odlum,KH,na,2,6,2,6_8,R,0,na,na,,
2021-Aug,2021-08-22,Odlum,KH,na,2,8,2,8_10,R,0,na,na,,
2021-Aug,2021-08-22,Odlum,KH,na,2,10,2,10_12,R,0,na,na,,
2021-Aug,2021-08-22,Odlum,KH,na,2,12,2,12_14,R,1,na,na,,
2021-Aug,2021-08-22,Odlum,KH,na,2,14,2,14_16,R,0,na,na,,
2021-Aug,2021-08-22,Odlum,KH,na,2,16,2,16_18,R,3,na,na,,
2021-Aug,2021-08-22,Odlum,KH,na,2,18,2,18_20,R,2,na,na,,
2021-Aug,2021-08-22,Odlum,KH,na,2,0,2,0_2,L,12,na,na,,
2021-Aug,2021-08-22,Odlum,KH,na,2,2,2,2_4,L,3,na,na,,
2021-Aug,2021-08-22,Odlum,KH,na,2,4,2,4_6,L,0,na,na,,
2021-Aug,2021-08-22,Odlum,KH,na,2,6,2,6_8,L,0,na,na,,
2021-Aug,2021-08-22,Odlum,KH,na,2,8,2,8_10,L,0,na,na,,
2021-Aug,2021-08-22,Odlum,KH,na,2,10,2,10_12,L,0,na,na,,
2021-Aug,2021-08-22,Odlum,KH,na,2,12,2,12_14,L,0,na,na,,
2021-Aug,2021-08-22,Odlum,KH,na,2,14,2,14_16,L,0,na,na,,
2021-Aug,2021-08-22,Odlum,KH,na,2,16,2,16_18,L,12,na,na,,
2021-Aug,2021-08-22,Odlum,KH,na,2,18,2,18_20,L,41,na,na,,
2021-Aug,2021-08-22,Odlum,KH,na,3,0,2,0_2,R,0,na,na,,
2021-Aug,2021-08-22,Odlum,KH,na,3,2,2,2_4,R,0,na,na,,
2021-Aug,2021-08-22,Odlum,KH,na,3,4,2,4_6,R,0,na,na,,
2021-Aug,2021-08-22,Odlum,KH,na,3,6,2,6_8,R,0,na,na,,
2021-Aug,2021-08-22,Odlum,KH,na,3,8,2,8_10,R,0,na,na,,
2021-Aug,2021-08-22,Odlum,KH,na,3,10,2,10_12,R,0,na,na,,
2021-Aug,2021-08-22,Odlum,KH,na,3,12,2,12_14,R,0,na,na,,
2021-Aug,2021-08-22,Odlum,KH,na,3,14,2,14_16,R,0,na,na,,
2021-Aug,2021-08-22,Odlum,KH,na,3,16,2,16_18,R,3,na,na,,
2021-Aug,2021-08-22,Odlum,KH,na,3,18,2,18_20,R,0,na,na,,
2021-Aug,2021-08-22,Odlum,KH,na,3,0,2,0_2,L,0,na,na,,
2021-Aug,2021-08-22,Odlum,KH,na,3,2,2,2_4,L,0,na,na,,
2021-Aug,2021-08-22,Odlum,KH,na,3,4,2,4_6,L,0,na,na,,
2021-Aug,2021-08-22,Odlum,KH,na,3,6,2,6_8,L,0,na,na,,
2021-Aug,2021-08-22,Odlum,KH,na,3,8,2,8_10,L,0,na,na,,
2021-Aug,2021-08-22,Odlum,KH,na,3,10,2,10_12,L,0,na,na,,
2021-Aug,2021-08-22,Odlum,KH,na,3,12,2,12_14,L,0,na,na,,
2021-Aug,2021-08-22,Odlum,KH,na,3,14,2,14_16,L,21,na,na,,
2021-Aug,2021-08-22,Odlum,KH,na,3,16,2,16_18,L,2,na,na,,
2021-Aug,2021-08-22,Odlum,KH,na,3,18,2,18_20,L,9,na,na,,
2021-Aug,2021-08-22,Odlum,KH,na,2,0,2,0_2,R,45,na,na,,
2022-May,2022-05-06,Owen,DVM,na,2,2,2,2_4,R,23,na,na,,
2022-May,2022-05-06,Owen,DVM,na,2,4,2,4_6,R,24,na,na,,
2022-May,2022-05-06,Owen,DVM,na,2,6,2,6_8,R,47,na,na,,
2022-May,2022-05-06,Owen,DVM,na,2,8,2,8_10,R,21,na,na,,
2022-May,2022-05-06,Owen,DVM,na,2,10,2,10_12,R,3,na,na,,
2022-May,2022-05-06,Owen,DVM,na,2,12,2,12_14,R,7,na,na,,
2022-May,2022-05-06,Owen,DVM,na,2,14,2,14_16,R,0,na,na,,
2022-May,2022-05-06,Owen,DVM,na,2,16,2,16_18,R,0,na,na,,
2022-May,2022-05-06,Owen,DVM,na,2,18,2,18_20,R,0,na,na,,
2022-May,2022-05-06,Owen,DVM,na,2,0,2,0_2,L,44,na,na,,
2022-May,2022-05-06,Owen,DVM,na,2,2,2,2_4,L,36,na,na,,
2022-May,2022-05-06,Owen,DVM,na,2,4,2,4_6,L,8,na,na,,
2022-May,2022-05-06,Owen,DVM,na,2,6,2,6_8,L,10,na,na,,
2022-May,2022-05-06,Owen,DVM,na,2,8,2,8_10,L,22,na,na,,
2022-May,2022-05-06,Owen,DVM,na,2,10,2,10_12,L,13,na,na,,
2022-May,2022-05-06,Owen,DVM,na,2,12,2,12_14,L,1,na,na,,
2022-May,2022-05-06,Owen,DVM,na,2,14,2,14_16,L,0,na,na,,
2022-May,2022-05-06,Owen,DVM,na,2,16,2,16_18,L,0,na,na,,
2022-May,2022-05-06,Owen,DVM,na,2,18,2,18_20,L,0,na,na,,
2022-May,2022-05-06,Owen,DVM,na,3,0,2,0_2,R,31,na,na,,
2022-May,2022-05-06,Owen,DVM,na,3,2,2,2_4,R,38,na,na,,
2022-May,2022-05-06,Owen,DVM,na,3,4,2,4_6,R,23,na,na,,
2022-May,2022-05-06,Owen,DVM,na,3,6,2,6_8,R,40,na,na,,
2022-May,2022-05-06,Owen,DVM,na,3,8,2,8_10,R,18,na,na,,
2022-May,2022-05-06,Owen,DVM,na,3,10,2,10_12,R,7,na,na,,
2022-May,2022-05-06,Owen,DVM,na,3,12,2,12_14,R,12,na,na,,
2022-May,2022-05-06,Owen,DVM,na,3,14,2,14_16,R,21,na,na,,
2022-May,2022-05-06,Owen,DVM,na,3,16,2,16_18,R,43,na,na,,
2022-May,2022-05-06,Owen,DVM,na,3,18,2,18_20,R,33,na,na,,
2022-May,2022-05-06,Owen,DVM,na,3,0,2,0_2,L,29,na,na,,
2022-May,2022-05-06,Owen,DVM,na,3,2,2,2_4,L,38,na,na,,
2022-May,2022-05-06,Owen,DVM,na,3,4,2,4_6,L,12,na,na,,
2022-May,2022-05-06,Owen,DVM,na,3,6,2,6_8,L,1,na,na,,
2022-May,2022-05-06,Owen,DVM,na,3,8,2,8_10,L,20,na,na,,
2022-May,2022-05-06,Owen,DVM,na,3,10,2,10_12,L,34,na,na,,
2022-May,2022-05-06,Owen,DVM,na,3,12,2,12_14,L,23,na,na,,
2022-May,2022-05-06,Owen,DVM,na,3,14,2,14_16,L,25,na,na,,
2022-May,2022-05-06,Owen,DVM,na,3,16,2,16_18,L,27,na,na,,
2022-May,2022-05-06,Owen,DVM,na,3,18,2,18_20,L,24,na,na,,
2022-May,2022-05-06,Owen,DVM,na,1,0,2,0_2,R,0,na,na,,
2022-May,2022-05-06,Owen,DVM,na,1,2,2,2_4,R,19,na,na,,
2022-May,2022-05-06,Owen,DVM,na,1,4,2,4_6,R,25,na,na,,
2022-May,2022-05-06,Owen,DVM,na,1,6,2,6_8,R,65,na,na,,
2022-May,2022-05-06,Owen,DVM,na,1,8,2,8_10,R,48,na,na,,
2022-May,2022-05-06,Owen,DVM,na,1,10,2,10_12,R,67,na,na,,
2022-May,2022-05-06,Owen,DVM,na,1,12,2,12_14,R,50,na,na,,
2022-May,2022-05-06,Owen,DVM,na,1,14,2,14_16,R,49,na,na,,
2022-May,2022-05-06,Owen,DVM,na,1,16,2,16_18,R,48,na,na,,
2022-May,2022-05-06,Owen,DVM,na,1,18,2,18_20,R,53,na,na,,
2022-May,2022-05-06,Owen,DVM,na,1,0,2,0_2,L,0,na,na,,
2022-May,2022-05-06,Owen,DVM,na,1,2,2,2_4,L,59,na,na,,
2022-May,2022-05-06,Owen,DVM,na,1,4,2,4_6,L,26,na,na,,
2022-May,2022-05-06,Owen,DVM,na,1,6,2,6_8,L,29,na,na,,
2022-May,2022-05-06,Owen,DVM,na,1,8,2,8_10,L,5,na,na,,
2022-May,2022-05-06,Owen,DVM,na,1,10,2,10_12,L,48,na,na,,
2022-May,2022-05-06,Owen,DVM,na,1,12,2,12_14,L,55,na,na,,
2022-May,2022-05-06,Owen,DVM,na,1,14,2,14_16,L,12,na,na,,
2022-May,2022-05-06,Owen,DVM,na,1,16,2,16_18,L,68,na,na,,
2022-May,2022-05-06,Owen,DVM,na,1,18,2,18_20,L,38,na,na,,
2022-Jun,2022-06-27,Owen,LL,na,1,0,2,0_2,R,11,na,na,,
2022-Jun,2022-06-27,Owen,LL,na,1,2,2,2_4,R,6,na,na,,
2022-Jun,2022-06-27,Owen,LL,na,1,4,2,4_6,R,7,na,na,,
2022-Jun,2022-06-27,Owen,LL,na,1,6,2,6_8,R,2,na,na,,
2022-Jun,2022-06-27,Owen,LL,na,1,8,2,8_10,R,0,na,na,,
2022-Jun,2022-06-27,Owen,LL,na,1,10,2,10_12,R,19,na,na,,
2022-Jun,2022-06-27,Owen,LL,na,1,12,2,12_14,R,2,na,na,,
2022-Jun,2022-06-27,Owen,LL,na,1,14,2,14_16,R,8,na,na,,
2022-Jun,2022-06-27,Owen,LL,na,1,16,2,16_18,R,7,na,na,,
2022-Jun,2022-06-27,Owen,LL,na,1,18,2,18_20,R,22,na,na,,
2022-Jun,2022-06-27,Owen,LL,na,1,0,2,0_2,L,21,na,na,,
2022-Jun,2022-06-27,Owen,LL,na,1,2,2,2_4,L,13,na,na,,
2022-Jun,2022-06-27,Owen,LL,na,1,4,2,4_6,L,3,na,na,,
2022-Jun,2022-06-27,Owen,LL,na,1,6,2,6_8,L,15,na,na,,
2022-Jun,2022-06-27,Owen,LL,na,1,8,2,8_10,L,8,na,na,,
2022-Jun,2022-06-27,Owen,LL,na,1,10,2,10_12,L,11,na,na,,
2022-Jun,2022-06-27,Owen,LL,na,1,12,2,12_14,L,14,na,na,,
2022-Jun,2022-06-27,Owen,LL,na,1,14,2,14_16,L,6,na,na,,
2022-Jun,2022-06-27,Owen,LL,na,1,16,2,16_18,L,18,na,na,,
2022-Jun,2022-06-27,Owen,LL,na,1,18,2,18_20,L,6,na,na,,
2022-Jun,2022-06-27,Owen,LL,na,2,0,2,0_2,R,0,na,na,,
2022-Jun,2022-06-27,Owen,LL,na,2,2,2,2_4,R,17,na,na,,
2022-Jun,2022-06-27,Owen,LL,na,2,4,2,4_6,R,25,na,na,,
2022-Jun,2022-06-27,Owen,LL,na,2,6,2,6_8,R,21,na,na,,
2022-Jun,2022-06-27,Owen,LL,na,2,8,2,8_10,R,31,na,na,,
2022-Jun,2022-06-27,Owen,LL,na,2,10,2,10_12,R,14,na,na,,
2022-Jun,2022-06-27,Owen,LL,na,2,12,2,12_14,R,30,na,na,,
2022-Jun,2022-06-27,Owen,LL,na,2,14,2,14_16,R,32,na,na,,
2022-Jun,2022-06-27,Owen,LL,na,2,16,2,16_18,R,34,na,na,,
2022-Jun,2022-06-27,Owen,LL,na,2,18,2,18_20,R,27,na,na,,
2022-Jun,2022-06-27,Owen,LL,na,2,0,2,0_2,L,14,na,na,,
2022-Jun,2022-06-27,Owen,LL,na,2,2,2,2_4,L,36,na,na,,
2022-Jun,2022-06-27,Owen,LL,na,2,4,2,4_6,L,33,na,na,,
2022-Jun,2022-06-27,Owen,LL,na,2,6,2,6_8,L,18,na,na,,
2022-Jun,2022-06-27,Owen,LL,na,2,8,2,8_10,L,24,na,na,,
2022-Jun,2022-06-27,Owen,LL,na,2,10,2,10_12,L,26,na,na,,
2022-Jun,2022-06-27,Owen,LL,na,2,12,2,12_14,L,63,na,na,,
2022-Jun,2022-06-27,Owen,LL,na,2,14,2,14_16,L,43,na,na,,
2022-Jun,2022-06-27,Owen,LL,na,2,16,2,16_18,L,47,na,na,,
2022-Jun,2022-06-27,Owen,LL,na,2,18,2,18_20,L,43,na,na,,
2022-Jun,2022-06-27,Owen,ZM,na,3,0,2,0_2,R,14,na,na,,
2022-Jun,2022-06-27,Owen,ZM,na,3,2,2,2_4,R,16,na,na,,
2022-Jun,2022-06-27,Owen,ZM,na,3,4,2,4_6,R,16,na,na,,
2022-Jun,2022-06-27,Owen,ZM,na,3,6,2,6_8,R,3,na,na,,
2022-Jun,2022-06-27,Owen,ZM,na,3,8,2,8_10,R,8,na,na,,
2022-Jun,2022-06-27,Owen,ZM,na,3,10,2,10_12,R,29,na,na,,
2022-Jun,2022-06-27,Owen,ZM,na,3,12,2,12_14,R,13,na,na,,
2022-Jun,2022-06-27,Owen,ZM,na,3,14,2,14_16,R,2,na,na,,
2022-Jun,2022-06-27,Owen,ZM,na,3,16,2,16_18,R,16,na,na,,
2022-Jun,2022-06-27,Owen,ZM,na,3,18,2,18_20,R,16,na,na,,
2022-Jun,2022-06-27,Owen,ZM,na,3,0,2,0_2,L,15,na,na,,
2022-Jun,2022-06-27,Owen,ZM,na,3,2,2,2_4,L,24,na,na,,
2022-Jun,2022-06-27,Owen,ZM,na,3,4,2,4_6,L,6,na,na,,
2022-Jun,2022-06-27,Owen,ZM,na,3,6,2,6_8,L,0,na,na,,
2022-Jun,2022-06-27,Owen,ZM,na,3,8,2,8_10,L,8,na,na,,
2022-Jun,2022-06-27,Owen,ZM,na,3,10,2,10_12,L,33,na,na,,
2022-Jun,2022-06-27,Owen,ZM,na,3,12,2,12_14,L,24,na,na,,
2022-Jun,2022-06-27,Owen,ZM,na,3,14,2,14_16,L,17,na,na,,
2022-Jun,2022-06-27,Owen,ZM,na,3,16,2,16_18,L,15,na,na,,
2022-Jun,2022-06-27,Owen,ZM,na,3,18,2,18_20,L,16,na,na,,
2022-Aug,2022-08-02,Owen,KH,na,1,0,2,0_2,R,1,na,na,,
2022-Aug,2022-08-02,Owen,KH,na,1,2,2,2_4,R,23,na,na,,
2022-Aug,2022-08-02,Owen,KH,na,1,4,2,4_6,R,13,na,na,,
2022-Aug,2022-08-02,Owen,KH,na,1,6,2,6_8,R,4,na,na,,
2022-Aug,2022-08-02,Owen,KH,na,1,8,2,8_10,R,18,na,na,,
2022-Aug,2022-08-02,Owen,KH,na,1,10,2,10_12,R,31,na,na,,
2022-Aug,2022-08-02,Owen,KH,na,1,12,2,12_14,R,17,na,na,,
2022-Aug,2022-08-02,Owen,KH,na,1,14,2,14_16,R,28,na,na,,
2022-Aug,2022-08-02,Owen,KH,na,1,16,2,16_18,R,35,na,na,,
2022-Aug,2022-08-02,Owen,KH,na,1,18,2,18_20,R,15,na,na,,
2022-Aug,2022-08-02,Owen,KH,na,1,0,2,0_2,L,4,na,na,,
2022-Aug,2022-08-02,Owen,KH,na,1,2,2,2_4,L,32,na,na,,
2022-Aug,2022-08-02,Owen,KH,na,1,4,2,4_6,L,20,na,na,,
2022-Aug,2022-08-02,Owen,KH,na,1,6,2,6_8,L,8,na,na,,
2022-Aug,2022-08-02,Owen,KH,na,1,8,2,8_10,L,29,na,na,,
2022-Aug,2022-08-02,Owen,KH,na,1,10,2,10_12,L,38,na,na,,
2022-Aug,2022-08-02,Owen,KH,na,1,12,2,12_14,L,29,na,na,,
2022-Aug,2022-08-02,Owen,KH,na,1,14,2,14_16,L,17,na,na,,
2022-Aug,2022-08-02,Owen,KH,na,1,16,2,16_18,L,19,na,na,,
2022-Aug,2022-08-02,Owen,KH,na,1,18,2,18_20,L,20,na,na,,
2022-Aug,2022-08-02,Owen,OP,na,2,0,2,0_2,R,6,na,na,,
2022-Aug,2022-08-02,Owen,OP,na,2,2,2,2_4,R,8,na,na,,
2022-Aug,2022-08-02,Owen,OP,na,2,4,2,4_6,R,12,na,na,,
2022-Aug,2022-08-02,Owen,OP,na,2,6,2,6_8,R,13,na,na,,
2022-Aug,2022-08-02,Owen,OP,na,2,8,2,8_10,R,7,na,na,,
2022-Aug,2022-08-02,Owen,OP,na,2,10,2,10_12,R,13,na,na,,
2022-Aug,2022-08-02,Owen,OP,na,2,12,2,12_14,R,1,na,na,,
2022-Aug,2022-08-02,Owen,OP,na,2,14,2,14_16,R,1,na,na,,
2022-Aug,2022-08-02,Owen,OP,na,2,16,2,16_18,R,2,na,na,,
2022-Aug,2022-08-02,Owen,OP,na,2,18,2,18_20,R,0,na,na,,
2022-Aug,2022-08-02,Owen,OP,na,2,0,2,0_2,L,2,na,na,,
2022-Aug,2022-08-02,Owen,OP,na,2,2,2,2_4,L,7,na,na,,
2022-Aug,2022-08-02,Owen,OP,na,2,4,2,4_6,L,6,na,na,,
2022-Aug,2022-08-02,Owen,OP,na,2,6,2,6_8,L,8,na,na,,
2022-Aug,2022-08-02,Owen,OP,na,2,8,2,8_10,L,12,na,na,,
2022-Aug,2022-08-02,Owen,OP,na,2,10,2,10_12,L,10,na,na,,
2022-Aug,2022-08-02,Owen,OP,na,2,12,2,12_14,L,0,na,na,,
2022-Aug,2022-08-02,Owen,OP,na,2,14,2,14_16,L,1,na,na,,
2022-Aug,2022-08-02,Owen,OP,na,2,16,2,16_18,L,0,na,na,,
2022-Aug,2022-08-02,Owen,OP,na,2,18,2,18_20,L,3,na,na,,
2022-Aug,2022-08-02,Owen,OR,na,3,0,2,0_2,R,14,na,na,,
2022-Aug,2022-08-02,Owen,OR,na,3,2,2,2_4,R,14,na,na,,
2022-Aug,2022-08-02,Owen,OR,na,3,4,2,4_6,R,8,na,na,,
2022-Aug,2022-08-02,Owen,OR,na,3,6,2,6_8,R,6,na,na,,
2022-Aug,2022-08-02,Owen,OR,na,3,8,2,8_10,R,12,na,na,,
2022-Aug,2022-08-02,Owen,OR,na,3,10,2,10_12,R,20,na,na,,
2022-Aug,2022-08-02,Owen,OR,na,3,12,2,12_14,R,15,na,na,,
2022-Aug,2022-08-02,Owen,OR,na,3,14,2,14_16,R,2,na,na,,
2022-Aug,2022-08-02,Owen,OR,na,3,16,2,16_18,R,20,na,na,,
2022-Aug,2022-08-02,Owen,OR,na,3,18,2,18_20,R,35,na,na,,
2022-Aug,2022-08-02,Owen,OP,na,3,0,2,0_2,L,8,na,na,,
2022-Aug,2022-08-02,Owen,OP,na,3,2,2,2_4,L,14,na,na,,
2022-Aug,2022-08-02,Owen,OP,na,3,4,2,4_6,L,6,na,na,,
2022-Aug,2022-08-02,Owen,OP,na,3,6,2,6_8,L,2,na,na,,
2022-Aug,2022-08-02,Owen,OP,na,3,8,2,8_10,L,19,na,na,,
2022-Aug,2022-08-02,Owen,OP,na,3,10,2,10_12,L,35,na,na,,
2022-Aug,2022-08-02,Owen,OP,na,3,12,2,12_14,L,17,na,na,,
2022-Aug,2022-08-02,Owen,OP,na,3,14,2,14_16,L,15,na,na,,
2022-Aug,2022-08-02,Owen,OP,na,3,16,2,16_18,L,20,na,na,,
2022-Aug,2022-08-02,Owen,OP,na,3,18,2,18_20,L,22,na,na,,
2022-Jul,2022-07-10,Manley,OP,na,3,0,2,0_2,L,0,na,na,,
2022-Jul,2022-07-10,Manley,OP,na,3,2,2,2_4,L,0,na,na,,
2022-Jul,2022-07-10,Manley,OP,na,3,4,2,4_6,L,0,na,na,,
2022-Jul,2022-07-10,Manley,OP,na,3,6,2,6_8,L,0,na,na,,
2022-Jul,2022-07-10,Manley,OP,na,3,8,2,8_10,L,8,na,na,,
2022-Jul,2022-07-10,Manley,OP,na,3,10,2,10_12,L,4,na,na,,
2022-Jul,2022-07-10,Manley,OP,na,3,12,2,12_14,L,10,na,na,,
2022-Jul,2022-07-10,Manley,OP,na,3,14,2,14_16,L,3,na,na,,
2022-Jul,2022-07-10,Manley,OP,na,3,16,2,16_18,L,1,na,na,,
2022-Jul,2022-07-10,Manley,OP,na,3,18,2,18_20,L,2,na,na,,
2022-Jul,2022-07-10,Manley,OP,na,3,0,2,0_2,R,0,na,na,,
2022-Jul,2022-07-10,Manley,OP,na,3,2,2,2_4,R,0,na,na,,
2022-Jul,2022-07-10,Manley,OP,na,3,4,2,4_6,R,0,na,na,,
2022-Jul,2022-07-10,Manley,OP,na,3,6,2,6_8,R,0,na,na,,
2022-Jul,2022-07-10,Manley,OP,na,3,8,2,8_10,R,12,na,na,,
2022-Jul,2022-07-10,Manley,OP,na,3,10,2,10_12,R,5,na,na,,
2022-Jul,2022-07-10,Manley,OP,na,3,12,2,12_14,R,12,na,na,,
2022-Jul,2022-07-10,Manley,OP,na,3,14,2,14_16,R,8,na,na,,
2022-Jul,2022-07-10,Manley,OP,na,3,16,2,16_18,R,2,na,na,,
2022-Jul,2022-07-10,Manley,OP,na,3,18,2,18_20,R,3,na,na,,
2022-Jul,2022-07-10,Manley,OP,na,2,0,2,0_2,L,0,na,na,,
2022-Jul,2022-07-10,Manley,OP,na,2,2,2,2_4,L,0,na,na,,
2022-Jul,2022-07-10,Manley,OP,na,2,4,2,4_6,L,0,na,na,,
2022-Jul,2022-07-10,Manley,OP,na,2,6,2,6_8,L,0,na,na,,
2022-Jul,2022-07-10,Manley,OP,na,2,8,2,8_10,L,1,na,na,,
2022-Jul,2022-07-10,Manley,OP,na,2,10,2,10_12,L,1,na,na,,
2022-Jul,2022-07-10,Manley,OP,na,2,12,2,12_14,L,13,na,na,,
2022-Jul,2022-07-10,Manley,OP,na,2,14,2,14_16,L,8,na,na,,
2022-Jul,2022-07-10,Manley,OP,na,2,16,2,16_18,L,1,na,na,,
2022-Jul,2022-07-10,Manley,OP,na,2,18,2,18_20,L,0,na,na,,
2022-Jul,2022-07-10,Breaker,OP,na,3,0,2,0_2,L,29,na,na,,
2022-Jul,2022-07-10,Breaker,OP,na,3,2,2,2_4,L,36,na,na,,
2022-Jul,2022-07-10,Breaker,OP,na,3,4,2,4_6,L,6,na,na,,
2022-Jul,2022-07-10,Breaker,OP,na,3,6,2,6_8,L,37,na,na,,
2022-Jul,2022-07-10,Breaker,OP,na,3,8,2,8_10,L,2,na,na,,
2022-Jul,2022-07-10,Breaker,OP,na,3,10,2,10_12,L,6,na,na,,
2022-Jul,2022-07-10,Breaker,OP,na,3,12,2,12_14,L,0,na,na,,
2022-Jul,2022-07-10,Breaker,OP,na,3,14,2,14_16,L,3,na,na,,
2022-Jul,2022-07-10,Breaker,OP,na,3,16,2,16_18,L,13,na,na,,
2022-Jul,2022-07-10,Breaker,OP,na,3,18,2,18_20,L,1,na,na,,
2022-Jul,2022-07-10,Breaker,OP,na,3,0,2,0_2,R,15,na,na,,
2022-Jul,2022-07-10,Breaker,OP,na,3,2,2,2_4,R,9,na,na,,
2022-Jul,2022-07-10,Breaker,OP,na,3,4,2,4_6,R,8,na,na,,
2022-Jul,2022-07-10,Breaker,OP,na,3,6,2,6_8,R,18,na,na,,
2022-Jul,2022-07-10,Breaker,OP,na,3,8,2,8_10,R,19,na,na,,
2022-Jul,2022-07-10,Breaker,OP,na,3,10,2,10_12,R,50,na,na,,
2022-Jul,2022-07-10,Breaker,OP,na,3,12,2,12_14,R,5,na,na,,
2022-Jul,2022-07-10,Breaker,OP,na,3,14,2,14_16,R,28,na,na,,
2022-Jul,2022-07-10,Breaker,OP,na,3,16,2,16_18,R,25,na,na,,
2022-Jul,2022-07-10,Breaker,OP,na,3,18,2,18_20,R,0,na,na,,
2022-Jul,2022-07-10,Breaker,OP,na,2,0,2,0_2,L,31,na,na,,
2022-Jul,2022-07-10,Breaker,OP,na,2,2,2,2_4,L,12,na,na,,
2022-Jul,2022-07-10,Breaker,OP,na,2,4,2,4_6,L,0,na,na,,
2022-Jul,2022-07-10,Breaker,OP,na,2,6,2,6_8,L,0,na,na,,
2022-Jul,2022-07-10,Breaker,OP,na,2,8,2,8_10,L,40,na,na,,
2022-Jul,2022-07-10,Breaker,OP,na,2,10,2,10_12,L,17,na,na,,
2022-Jul,2022-07-10,Breaker,OP,na,2,12,2,12_14,L,5,na,na,,
2022-Jul,2022-07-10,Breaker,OP,na,2,14,2,14_16,L,8,na,na,,
2022-Jul,2022-07-10,Breaker,OP,na,2,16,2,16_18,L,19,na,na,,
2022-Jul,2022-07-10,Breaker,OP,na,2,18,2,18_20,L,0,na,na,,
2022-Jul,2022-07-10,Manley,DVM,na,1,0,2,0_2,R,5,na,na,,
2022-Jul,2022-07-10,Manley,DVM,na,1,2,2,2_4,R,0,na,na,,
2022-Jul,2022-07-10,Manley,DVM,na,1,4,2,4_6,R,0,na,na,,
2022-Jul,2022-07-10,Manley,DVM,na,1,6,2,6_8,R,0,na,na,,
2022-Jul,2022-07-10,Manley,DVM,na,1,8,2,8_10,R,0,na,na,,
2022-Jul,2022-07-10,Manley,DVM,na,1,10,2,10_12,R,4,na,na,,
2022-Jul,2022-07-10,Manley,DVM,na,1,12,2,12_14,R,1,na,na,,
2022-Jul,2022-07-10,Manley,DVM,na,1,14,2,14_16,R,2,na,na,,
2022-Jul,2022-07-10,Manley,DVM,na,1,16,2,16_18,R,7,na,na,,
2022-Jul,2022-07-10,Manley,DVM,na,1,18,2,18_20,R,20,na,na,,
2022-Jul,2022-07-10,Manley,DVM,na,1,0,2,0_2,L,3,na,na,,
2022-Jul,2022-07-10,Manley,DVM,na,1,2,2,2_4,L,1,na,na,,
2022-Jul,2022-07-10,Manley,DVM,na,1,4,2,4_6,L,0,na,na,,
2022-Jul,2022-07-10,Manley,DVM,na,1,6,2,6_8,L,0,na,na,,
2022-Jul,2022-07-10,Manley,DVM,na,1,8,2,8_10,L,2,na,na,,
2022-Jul,2022-07-10,Manley,DVM,na,1,10,2,10_12,L,2,na,na,,
2022-Jul,2022-07-10,Manley,DVM,na,1,12,2,12_14,L,4,na,na,,
2022-Jul,2022-07-10,Manley,DVM,na,1,14,2,14_16,L,6,na,na,,
2022-Jul,2022-07-10,Manley,DVM,na,1,16,2,16_18,L,2,na,na,,
2022-Jul,2022-07-10,Manley,DVM,na,1,18,2,18_20,L,8,na,na,,
2022-Jul,2022-07-10,Manley,DVM,na,2,0,2,0_2,R,0,na,na,,
2022-Jul,2022-07-10,Manley,DVM,na,2,2,2,2_4,R,0,na,na,,
2022-Jul,2022-07-10,Manley,DVM,na,2,4,2,4_6,R,0,na,na,,
2022-Jul,2022-07-10,Manley,DVM,na,2,6,2,6_8,R,0,na,na,,
2022-Jul,2022-07-10,Manley,DVM,na,2,8,2,8_10,R,3,na,na,,
2022-Jul,2022-07-10,Manley,DVM,na,2,10,2,10_12,R,0,na,na,,
2022-Jul,2022-07-10,Manley,DVM,na,2,12,2,12_14,R,0,na,na,,
2022-Jul,2022-07-10,Manley,DVM,na,2,14,2,14_16,R,5,na,na,,
2022-Jul,2022-07-10,Manley,DVM,na,2,16,2,16_18,R,8,na,na,,
2022-Jul,2022-07-10,Manley,DVM,na,2,18,2,18_20,R,4,na,na,,
2022-Jul,2022-07-10,Breaker,DVM,na,1,0,2,0_2,R,12,na,na,,
2022-Jul,2022-07-10,Breaker,DVM,na,1,2,2,2_4,R,49,na,na,,
2022-Jul,2022-07-10,Breaker,DVM,na,1,4,2,4_6,R,3,na,na,,
2022-Jul,2022-07-10,Breaker,DVM,na,1,6,2,6_8,R,1,na,na,,
2022-Jul,2022-07-10,Breaker,DVM,na,1,8,2,8_10,R,5,na,na,,
2022-Jul,2022-07-10,Breaker,DVM,na,1,10,2,10_12,R,0,na,na,,
2022-Jul,2022-07-10,Breaker,DVM,na,1,12,2,12_14,R,0,na,na,,
2022-Jul,2022-07-10,Breaker,DVM,na,1,14,2,14_16,R,9,na,na,,
2022-Jul,2022-07-10,Breaker,DVM,na,1,16,2,16_18,R,2,na,na,,
2022-Jul,2022-07-10,Breaker,DVM,na,1,18,2,18_20,R,2,na,na,,
2022-Jul,2022-07-10,Breaker,DVM,na,1,0,2,0_2,L,0,na,na,,
2022-Jul,2022-07-10,Breaker,DVM,na,1,2,2,2_4,L,2,na,na,,
2022-Jul,2022-07-10,Breaker,DVM,na,1,4,2,4_6,L,5,na,na,,
2022-Jul,2022-07-10,Breaker,DVM,na,1,6,2,6_8,L,24,na,na,,
2022-Jul,2022-07-10,Breaker,DVM,na,1,8,2,8_10,L,0,na,na,,
2022-Jul,2022-07-10,Breaker,DVM,na,1,10,2,10_12,L,0,na,na,,
2022-Jul,2022-07-10,Breaker,DVM,na,1,12,2,12_14,L,0,na,na,,
2022-Jul,2022-07-10,Breaker,DVM,na,1,14,2,14_16,L,0,na,na,,
2022-Jul,2022-07-10,Breaker,DVM,na,1,16,2,16_18,L,4,na,na,,
2022-Jul,2022-07-10,Breaker,DVM,na,1,18,2,18_20,L,2,na,na,,
2022-Jul,2022-07-10,Breaker,DVM,na,2,0,2,0_2,R,46,na,na,,
2022-Jul,2022-07-10,Breaker,DVM,na,2,2,2,2_4,R,0,na,na,,
2022-Jul,2022-07-10,Breaker,DVM,na,2,4,2,4_6,R,8,na,na,,
2022-Jul,2022-07-10,Breaker,DVM,na,2,6,2,6_8,R,20,na,na,,
2022-Jul,2022-07-10,Breaker,DVM,na,2,8,2,8_10,R,34,na,na,,
2022-Jul,2022-07-10,Breaker,DVM,na,2,10,2,10_12,R,0,na,na,,
2022-Jul,2022-07-10,Breaker,DVM,na,2,12,2,12_14,R,2,na,na,,
2022-Jul,2022-07-10,Breaker,DVM,na,2,14,2,14_16,R,12,na,na,,
2022-Jul,2022-07-10,Breaker,DVM,na,2,16,2,16_18,R,12,na,na,,
2022-Jul,2022-07-10,Breaker,DVM,na,2,18,2,18_20,R,27,na,na,,
2022-Jul,2022-07-12,Triquetta,DVM,na,2,0,2,0_2,R,6,na,na,,
2022-Jul,2022-07-12,Triquetta,DVM,na,2,2,2,2_4,R,18,na,na,,
2022-Jul,2022-07-12,Triquetta,DVM,na,2,4,2,4_6,R,8,na,na,,
2022-Jul,2022-07-12,Triquetta,DVM,na,2,6,2,6_8,R,4,na,na,,
2022-Jul,2022-07-12,Triquetta,DVM,na,2,8,2,8_10,R,10,na,na,,
2022-Jul,2022-07-12,Triquetta,DVM,na,2,10,2,10_12,R,18,na,na,,
2022-Jul,2022-07-12,Triquetta,DVM,na,2,12,2,12_14,R,10,na,na,,
2022-Jul,2022-07-12,Triquetta,DVM,na,2,14,2,14_16,R,1,na,na,,
2022-Jul,2022-07-12,Triquetta,DVM,na,2,16,2,16_18,R,3,na,na,,
2022-Jul,2022-07-12,Triquetta,DVM,na,2,18,2,18_20,R,0,na,na,,
2022-Jul,2022-07-12,Triquetta,DVM,na,2,0,2,0_2,L,2,na,na,,
2022-Jul,2022-07-12,Triquetta,DVM,na,2,2,2,2_4,L,3,na,na,,
2022-Jul,2022-07-12,Triquetta,DVM,na,2,4,2,4_6,L,5,na,na,,
2022-Jul,2022-07-12,Triquetta,DVM,na,2,6,2,6_8,L,5,na,na,,
2022-Jul,2022-07-12,Triquetta,DVM,na,2,8,2,8_10,L,4,na,na,,
2022-Jul,2022-07-12,Triquetta,DVM,na,2,10,2,10_12,L,1,na,na,,
2022-Jul,2022-07-12,Triquetta,DVM,na,2,12,2,12_14,L,3,na,na,,
2022-Jul,2022-07-12,Triquetta,DVM,na,2,14,2,14_16,L,10,na,na,,
2022-Jul,2022-07-12,Triquetta,DVM,na,2,16,2,16_18,L,8,na,na,,
2022-Jul,2022-07-12,Triquetta,DVM,na,2,18,2,18_20,L,19,na,na,,
2022-Jul,2022-07-12,Ratatouille,DVM,na,3,0,2,0_2,R,12,na,na,,
2022-Jul,2022-07-12,Ratatouille,DVM,na,3,2,2,2_4,R,1,na,na,,
2022-Jul,2022-07-12,Ratatouille,DVM,na,3,4,2,4_6,R,2,na,na,,
2022-Jul,2022-07-12,Ratatouille,DVM,na,3,6,2,6_8,R,11,na,na,,
2022-Jul,2022-07-12,Ratatouille,DVM,na,3,8,2,8_10,R,4,na,na,,
2022-Jul,2022-07-12,Ratatouille,DVM,na,3,10,2,10_12,R,21,na,na,,
2022-Jul,2022-07-12,Ratatouille,DVM,na,3,12,2,12_14,R,5,na,na,,
2022-Jul,2022-07-12,Ratatouille,DVM,na,3,14,2,14_16,R,6,na,na,,
2022-Jul,2022-07-12,Ratatouille,DVM,na,3,16,2,16_18,R,7,na,na,,
2022-Jul,2022-07-12,Ratatouille,DVM,na,3,18,2,18_20,R,8,na,na,,
2022-Jul,2022-07-12,Ratatouille,DVM,na,3,0,2,0_2,L,8,na,na,,
2022-Jul,2022-07-12,Ratatouille,DVM,na,3,2,2,2_4,L,4,na,na,,
2022-Jul,2022-07-12,Ratatouille,DVM,na,3,4,2,4_6,L,6,na,na,,
2022-Jul,2022-07-12,Ratatouille,DVM,na,3,6,2,6_8,L,3,na,na,,
2022-Jul,2022-07-12,Ratatouille,DVM,na,3,8,2,8_10,L,15,na,na,,
2022-Jul,2022-07-12,Ratatouille,DVM,na,3,10,2,10_12,L,15,na,na,,
2022-Jul,2022-07-12,Ratatouille,DVM,na,3,12,2,12_14,L,5,na,na,,
2022-Jul,2022-07-12,Ratatouille,DVM,na,3,14,2,14_16,L,3,na,na,,
2022-Jul,2022-07-12,Ratatouille,DVM,na,3,16,2,16_18,L,12,na,na,,
2022-Jul,2022-07-12,Ratatouille,DVM,na,3,18,2,18_20,L,17,na,na,,
2022-Jul,2022-07-12,Triquetta,KH,na,3,0,2,0_2,R,0,na,na,,
2022-Jul,2022-07-12,Triquetta,KH,na,3,2,2,2_4,R,10,na,na,,
2022-Jul,2022-07-12,Triquetta,KH,na,3,4,2,4_6,R,11,na,na,,
2022-Jul,2022-07-12,Triquetta,KH,na,3,6,2,6_8,R,3,na,na,,
2022-Jul,2022-07-12,Triquetta,KH,na,3,8,2,8_10,R,8,na,na,,
2022-Jul,2022-07-12,Triquetta,KH,na,3,10,2,10_12,R,2,na,na,,
2022-Jul,2022-07-12,Triquetta,KH,na,3,12,2,12_14,R,10,na,na,,
2022-Jul,2022-07-12,Triquetta,KH,na,3,14,2,14_16,R,7,na,na,,
2022-Jul,2022-07-12,Triquetta,KH,na,3,16,2,16_18,R,4,na,na,,
2022-Jul,2022-07-12,Triquetta,KH,na,3,18,2,18_20,R,8,na,na,,
2022-Jul,2022-07-12,Triquetta,KH,na,3,0,2,0_2,L,3,na,na,,
2022-Jul,2022-07-12,Triquetta,KH,na,3,2,2,2_4,L,14,na,na,,
2022-Jul,2022-07-12,Triquetta,KH,na,3,4,2,4_6,L,2,na,na,,
2022-Jul,2022-07-12,Triquetta,KH,na,3,6,2,6_8,L,2,na,na,,
2022-Jul,2022-07-12,Triquetta,KH,na,3,8,2,8_10,L,16,na,na,,
2022-Jul,2022-07-12,Triquetta,KH,na,3,10,2,10_12,L,1,na,na,,
2022-Jul,2022-07-12,Triquetta,KH,na,3,12,2,12_14,L,3,na,na,,
2022-Jul,2022-07-12,Triquetta,KH,na,3,14,2,14_16,L,6,na,na,,
2022-Jul,2022-07-12,Triquetta,KH,na,3,16,2,16_18,L,8,na,na,,
2022-Jul,2022-07-12,Triquetta,KH,na,3,18,2,18_20,L,11,na,na,,
2022-Jul,2022-07-12,Ratatouille,KH,na,2,0,2,0_2,R,6,na,na,,
2022-Jul,2022-07-12,Ratatouille,KH,na,2,2,2,2_4,R,10,na,na,,
2022-Jul,2022-07-12,Ratatouille,KH,na,2,4,2,4_6,R,1,na,na,,
2022-Jul,2022-07-12,Ratatouille,KH,na,2,6,2,6_8,R,1,na,na,,
2022-Jul,2022-07-12,Ratatouille,KH,na,2,8,2,8_10,R,5,na,na,,
2022-Jul,2022-07-12,Ratatouille,KH,na,2,10,2,10_12,R,3,na,na,,
2022-Jul,2022-07-12,Ratatouille,KH,na,2,12,2,12_14,R,2,na,na,,
2022-Jul,2022-07-12,Ratatouille,KH,na,2,14,2,14_16,R,18,na,na,,
2022-Jul,2022-07-12,Ratatouille,KH,na,2,16,2,16_18,R,10,na,na,,
2022-Jul,2022-07-12,Ratatouille,KH,na,2,18,2,18_20,R,20,na,na,,
2022-Jul,2022-07-12,Ratatouille,KH,na,2,0,2,0_2,L,7,na,na,,
2022-Jul,2022-07-12,Ratatouille,KH,na,2,2,2,2_4,L,16,na,na,,
2022-Jul,2022-07-12,Ratatouille,KH,na,2,4,2,4_6,L,4,na,na,,
2022-Jul,2022-07-12,Ratatouille,KH,na,2,6,2,6_8,L,7,na,na,,
2022-Jul,2022-07-12,Ratatouille,KH,na,2,8,2,8_10,L,4,na,na,,
2022-Jul,2022-07-12,Ratatouille,KH,na,2,10,2,10_12,L,1,na,na,,
2022-Jul,2022-07-12,Ratatouille,KH,na,2,12,2,12_14,L,0,na,na,,
2022-Jul,2022-07-12,Ratatouille,KH,na,2,14,2,14_16,L,16,na,na,,
2022-Jul,2022-07-12,Ratatouille,KH,na,2,16,2,16_18,L,8,na,na,,
2022-Jul,2022-07-12,Ratatouille,KH,na,2,18,2,18_20,L,14,na,na,,
2022-Jul,2022-07-12,Ratatouille,OP,na,1,0,2,0_2,L,1,na,na,,
2022-Jul,2022-07-12,Ratatouille,OP,na,1,2,2,2_4,L,0,na,na,,
2022-Jul,2022-07-12,Ratatouille,OP,na,1,4,2,4_6,L,0,na,na,,
2022-Jul,2022-07-12,Ratatouille,OP,na,1,6,2,6_8,L,4,na,na,,
2022-Jul,2022-07-12,Ratatouille,OP,na,1,8,2,8_10,L,2,na,na,,
2022-Jul,2022-07-12,Ratatouille,OP,na,1,10,2,10_12,L,0,na,na,,
2022-Jul,2022-07-12,Ratatouille,OP,na,1,12,2,12_14,L,2,na,na,,
2022-Jul,2022-07-12,Ratatouille,OP,na,1,14,2,14_16,L,8,na,na,,
2022-Jul,2022-07-12,Ratatouille,OP,na,1,16,2,16_18,L,7,na,na,,
2022-Jul,2022-07-12,Ratatouille,OP,na,1,18,2,18_20,L,4,na,na,,
2022-Jul,2022-07-12,Ratatouille,OP,na,1,0,2,0_2,R,1,na,na,,
2022-Jul,2022-07-12,Ratatouille,OP,na,1,2,2,2_4,R,0,na,na,,
2022-Jul,2022-07-12,Ratatouille,OP,na,1,4,2,4_6,R,0,na,na,,
2022-Jul,2022-07-12,Ratatouille,OP,na,1,6,2,6_8,R,1,na,na,,
2022-Jul,2022-07-12,Ratatouille,OP,na,1,8,2,8_10,R,1,na,na,,
2022-Jul,2022-07-12,Ratatouille,OP,na,1,10,2,10_12,R,0,na,na,,
2022-Jul,2022-07-12,Ratatouille,OP,na,1,12,2,12_14,R,0,na,na,,
2022-Jul,2022-07-12,Ratatouille,OP,na,1,14,2,14_16,R,1,na,na,,
2022-Jul,2022-07-12,Ratatouille,OP,na,1,16,2,16_18,R,1,na,na,,
2022-Jul,2022-07-12,Ratatouille,OP,na,1,18,2,18_20,R,5,na,na,,
2022-Jul,2022-07-12,Triquetta,OP,na,1,0,2,0_2,L,7,na,na,,
2022-Jul,2022-07-12,Triquetta,OP,na,1,2,2,2_4,L,7,na,na,,
2022-Jul,2022-07-12,Triquetta,OP,na,1,4,2,4_6,L,5,na,na,,
2022-Jul,2022-07-12,Triquetta,OP,na,1,6,2,6_8,L,4,na,na,,
2022-Jul,2022-07-12,Triquetta,OP,na,1,8,2,8_10,L,4,na,na,,
2022-Jul,2022-07-12,Triquetta,OP,na,1,10,2,10_12,L,4,na,na,,
2022-Jul,2022-07-12,Triquetta,OP,na,1,12,2,12_14,L,16,na,na,,
2022-Jul,2022-07-12,Triquetta,OP,na,1,14,2,14_16,L,6,na,na,,
2022-Jul,2022-07-12,Triquetta,OP,na,1,16,2,16_18,L,0,na,na,,
2022-Jul,2022-07-12,Triquetta,OP,na,1,18,2,18_20,L,4,na,na,,
2022-Jul,2022-07-12,Triquetta,OP,na,1,0,2,0_2,R,2,na,na,,
2022-Jul,2022-07-12,Triquetta,OP,na,1,2,2,2_4,R,0,na,na,,
2022-Jul,2022-07-12,Triquetta,OP,na,1,4,2,4_6,R,13,na,na,,
2022-Jul,2022-07-12,Triquetta,OP,na,1,6,2,6_8,R,4,na,na,,
2022-Jul,2022-07-12,Triquetta,OP,na,1,8,2,8_10,R,9,na,na,,
2022-Jul,2022-07-12,Triquetta,OP,na,1,10,2,10_12,R,7,na,na,,
2022-Jul,2022-07-12,Triquetta,OP,na,1,12,2,12_14,R,14,na,na,,
2022-Jul,2022-07-12,Triquetta,OP,na,1,14,2,14_16,R,15,na,na,,
2022-Jul,2022-07-12,Triquetta,OP,na,1,16,2,16_18,R,1,na,na,,
2022-Jul,2022-07-12,Triquetta,OP,na,1,18,2,18_20,R,8,na,na,,
2022-Jul,2022-07-11,North,OP,na,1,0,2,0_2,R,0,na,na,,
2022-Jul,2022-07-11,North,OP,na,1,2,2,2_4,R,0,na,na,,
2022-Jul,2022-07-11,North,OP,na,1,4,2,4_6,R,0,na,na,,
2022-Jul,2022-07-11,North,OP,na,1,6,2,6_8,R,0,na,na,,
2022-Jul,2022-07-11,North,OP,na,1,8,2,8_10,R,0,na,na,,
2022-Jul,2022-07-11,North,OP,na,1,10,2,10_12,R,0,na,na,,
2022-Jul,2022-07-11,North,OP,na,1,12,2,12_14,R,0,na,na,,
2022-Jul,2022-07-11,North,OP,na,1,14,2,14_16,R,0,na,na,,
2022-Jul,2022-07-11,North,OP,na,1,16,2,16_18,R,0,na,na,,
2022-Jul,2022-07-11,North,OP,na,1,18,2,18_20,R,0,na,na,,
2022-Jul,2022-07-11,North,OP,na,1,0,2,0_2,L,0,na,na,,
2022-Jul,2022-07-11,North,OP,na,1,2,2,2_4,L,0,na,na,,
2022-Jul,2022-07-11,North,OP,na,1,4,2,4_6,L,0,na,na,,
2022-Jul,2022-07-11,North,OP,na,1,6,2,6_8,L,0,na,na,,
2022-Jul,2022-07-11,North,OP,na,1,8,2,8_10,L,0,na,na,,
2022-Jul,2022-07-11,North,OP,na,1,10,2,10_12,L,0,na,na,,
2022-Jul,2022-07-11,North,OP,na,1,12,2,12_14,L,0,na,na,,
2022-Jul,2022-07-11,North,OP,na,1,14,2,14_16,L,0,na,na,,
2022-Jul,2022-07-11,North,OP,na,1,16,2,16_18,L,0,na,na,,
2022-Jul,2022-07-11,North,OP,na,1,18,2,18_20,L,0,na,na,,
2022-Jul,2022-07-11,North,OP,na,2,0,2,0_2,R,0,na,na,,
2022-Jul,2022-07-11,North,OP,na,2,2,2,2_4,R,0,na,na,,
2022-Jul,2022-07-11,North,OP,na,2,4,2,4_6,R,0,na,na,,
2022-Jul,2022-07-11,North,OP,na,2,6,2,6_8,R,0,na,na,,
2022-Jul,2022-07-11,North,OP,na,2,8,2,8_10,R,0,na,na,,
2022-Jul,2022-07-11,North,OP,na,2,10,2,10_12,R,0,na,na,,
2022-Jul,2022-07-11,North,OP,na,2,12,2,12_14,R,0,na,na,,
2022-Jul,2022-07-11,North,OP,na,2,14,2,14_16,R,0,na,na,,
2022-Jul,2022-07-11,North,OP,na,2,16,2,16_18,R,0,na,na,,
2022-Jul,2022-07-11,North,OP,na,2,18,2,18_20,R,0,na,na,,
2022-Jul,2022-07-11,North,OP,na,2,0,2,0_2,L,0,na,na,,
2022-Jul,2022-07-11,North,OP,na,2,2,2,2_4,L,0,na,na,,
2022-Jul,2022-07-11,North,OP,na,2,4,2,4_6,L,0,na,na,,
2022-Jul,2022-07-11,North,OP,na,2,6,2,6_8,L,0,na,na,,
2022-Jul,2022-07-11,North,OP,na,2,8,2,8_10,L,0,na,na,,
2022-Jul,2022-07-11,North,OP,na,2,10,2,10_12,L,0,na,na,,
2022-Jul,2022-07-11,North,OP,na,2,12,2,12_14,L,0,na,na,,
2022-Jul,2022-07-11,North,OP,na,2,14,2,14_16,L,0,na,na,,
2022-Jul,2022-07-11,North,OP,na,2,16,2,16_18,L,0,na,na,,
2022-Jul,2022-07-11,North,OP,na,2,18,2,18_20,L,0,na,na,,
2022-Jul,2022-07-11,North,OP,na,3,0,2,0_2,R,0,na,na,,
2022-Jul,2022-07-11,North,OP,na,3,2,2,2_4,R,0,na,na,,
2022-Jul,2022-07-11,North,OP,na,3,4,2,4_6,R,0,na,na,,
2022-Jul,2022-07-11,North,OP,na,3,6,2,6_8,R,0,na,na,,
2022-Jul,2022-07-11,North,OP,na,3,8,2,8_10,R,0,na,na,,
2022-Jul,2022-07-11,North,OP,na,3,10,2,10_12,R,0,na,na,,
2022-Jul,2022-07-11,North,OP,na,3,12,2,12_14,R,0,na,na,,
2022-Jul,2022-07-11,North,OP,na,3,14,2,14_16,R,0,na,na,,
2022-Jul,2022-07-11,North,OP,na,3,16,2,16_18,R,0,na,na,,
2022-Jul,2022-07-11,North,OP,na,3,18,2,18_20,R,0,na,na,,
2022-Jul,2022-07-11,North,OP,na,3,0,2,0_2,L,0,na,na,,
2022-Jul,2022-07-11,North,OP,na,3,2,2,2_4,L,0,na,na,,
2022-Jul,2022-07-11,North,OP,na,3,4,2,4_6,L,0,na,na,,
2022-Jul,2022-07-11,North,OP,na,3,6,2,6_8,L,0,na,na,,
2022-Jul,2022-07-11,North,OP,na,3,8,2,8_10,L,0,na,na,,
2022-Jul,2022-07-11,North,OP,na,3,10,2,10_12,L,0,na,na,,
2022-Jul,2022-07-11,North,OP,na,3,12,2,12_14,L,0,na,na,,
2022-Jul,2022-07-11,North,OP,na,3,14,2,14_16,L,0,na,na,,
2022-Jul,2022-07-11,North,OP,na,3,16,2,16_18,L,0,na,na,,
2022-Jul,2022-07-11,North,OP,na,3,18,2,18_20,L,0,na,na,,
2022-Jul,2022-07-11,Second,OP,na,1,0,2,0_2,R,0,na,na,,
2022-Jul,2022-07-11,Second,OP,na,1,2,2,2_4,R,0,na,na,,
2022-Jul,2022-07-11,Second,OP,na,1,4,2,4_6,R,0,na,na,,
2022-Jul,2022-07-11,Second,OP,na,1,6,2,6_8,R,0,na,na,,
2022-Jul,2022-07-11,Second,OP,na,1,8,2,8_10,R,0,na,na,,
2022-Jul,2022-07-11,Second,OP,na,1,10,2,10_12,R,0,na,na,,
2022-Jul,2022-07-11,Second,OP,na,1,12,2,12_14,R,0,na,na,,
2022-Jul,2022-07-11,Second,OP,na,1,14,2,14_16,R,0,na,na,,
2022-Jul,2022-07-11,Second,OP,na,1,16,2,16_18,R,0,na,na,,
2022-Jul,2022-07-11,Second,OP,na,1,18,2,18_20,R,0,na,na,,
2022-Jul,2022-07-11,Second,OP,na,1,0,2,0_2,L,0,na,na,,
2022-Jul,2022-07-11,Second,OP,na,1,2,2,2_4,L,0,na,na,,
2022-Jul,2022-07-11,Second,OP,na,1,4,2,4_6,L,0,na,na,,
2022-Jul,2022-07-11,Second,OP,na,1,6,2,6_8,L,0,na,na,,
2022-Jul,2022-07-11,Second,OP,na,1,8,2,8_10,L,0,na,na,,
2022-Jul,2022-07-11,Second,OP,na,1,10,2,10_12,L,0,na,na,,
2022-Jul,2022-07-11,Second,OP,na,1,12,2,12_14,L,0,na,na,,
2022-Jul,2022-07-11,Second,OP,na,1,14,2,14_16,L,0,na,na,,
2022-Jul,2022-07-11,Second,OP,na,1,16,2,16_18,L,0,na,na,,
2022-Jul,2022-07-11,Second,OP,na,1,18,2,18_20,L,0,na,na,,
2022-Jul,2022-07-11,Second,OP,na,2,0,2,0_2,R,0,na,na,,
2022-Jul,2022-07-11,Second,OP,na,2,2,2,2_4,R,0,na,na,,
2022-Jul,2022-07-11,Second,OP,na,2,4,2,4_6,R,0,na,na,,
2022-Jul,2022-07-11,Second,OP,na,2,6,2,6_8,R,0,na,na,,
2022-Jul,2022-07-11,Second,OP,na,2,8,2,8_10,R,0,na,na,,
2022-Jul,2022-07-11,Second,OP,na,2,10,2,10_12,R,0,na,na,,
2022-Jul,2022-07-11,Second,OP,na,2,12,2,12_14,R,0,na,na,,
2022-Jul,2022-07-11,Second,OP,na,2,14,2,14_16,R,0,na,na,,
2022-Jul,2022-07-11,Second,OP,na,2,16,2,16_18,R,0,na,na,,
2022-Jul,2022-07-11,Second,OP,na,2,18,2,18_20,R,0,na,na,,
2022-Jul,2022-07-11,Second,OP,na,2,0,2,0_2,L,0,na,na,,
2022-Jul,2022-07-11,Second,OP,na,2,2,2,2_4,L,0,na,na,,
2022-Jul,2022-07-11,Second,OP,na,2,4,2,4_6,L,0,na,na,,
2022-Jul,2022-07-11,Second,OP,na,2,6,2,6_8,L,0,na,na,,
2022-Jul,2022-07-11,Second,OP,na,2,8,2,8_10,L,0,na,na,,
2022-Jul,2022-07-11,Second,OP,na,2,10,2,10_12,L,0,na,na,,
2022-Jul,2022-07-11,Second,OP,na,2,12,2,12_14,L,0,na,na,,
2022-Jul,2022-07-11,Second,OP,na,2,14,2,14_16,L,0,na,na,,
2022-Jul,2022-07-11,Second,OP,na,2,16,2,16_18,L,0,na,na,,
2022-Jul,2022-07-11,Second,OP,na,2,18,2,18_20,L,0,na,na,,
2022-Jul,2022-07-11,Second,OP,na,3,0,2,0_2,R,0,na,na,,
2022-Jul,2022-07-11,Second,OP,na,3,2,2,2_4,R,0,na,na,,
2022-Jul,2022-07-11,Second,OP,na,3,4,2,4_6,R,0,na,na,,
2022-Jul,2022-07-11,Second,OP,na,3,6,2,6_8,R,0,na,na,,
2022-Jul,2022-07-11,Second,OP,na,3,8,2,8_10,R,0,na,na,,
2022-Jul,2022-07-11,Second,OP,na,3,10,2,10_12,R,0,na,na,,
2022-Jul,2022-07-11,Second,OP,na,3,12,2,12_14,R,0,na,na,,
2022-Jul,2022-07-11,Second,OP,na,3,14,2,14_16,R,0,na,na,,
2022-Jul,2022-07-11,Second,OP,na,3,16,2,16_18,R,0,na,na,,
2022-Jul,2022-07-11,Second,OP,na,3,18,2,18_20,R,0,na,na,,
2022-Jul,2022-07-11,Second,OP,na,3,0,2,0_2,L,0,na,na,,
2022-Jul,2022-07-11,Second,OP,na,3,2,2,2_4,L,0,na,na,,
2022-Jul,2022-07-11,Second,OP,na,3,4,2,4_6,L,0,na,na,,
2022-Jul,2022-07-11,Second,OP,na,3,6,2,6_8,L,0,na,na,,
2022-Jul,2022-07-11,Second,OP,na,3,8,2,8_10,L,0,na,na,,
2022-Jul,2022-07-11,Second,OP,na,3,10,2,10_12,L,0,na,na,,
2022-Jul,2022-07-11,Second,OP,na,3,12,2,12_14,L,0,na,na,,
2022-Jul,2022-07-11,Second,OP,na,3,14,2,14_16,L,0,na,na,,
2022-Jul,2022-07-11,Second,OP,na,3,16,2,16_18,L,0,na,na,,
2022-Jul,2022-07-11,Second,OP,na,3,18,2,18_20,L,0,na,na,,
2022-Jul,2022-07-20,Womanley,OP,na,1,0,2,0_2,R,0,na,na,,
2022-Jul,2022-07-20,Womanley,OP,na,1,2,2,2_4,R,0,na,na,,
2022-Jul,2022-07-20,Womanley,OP,na,1,4,2,4_6,R,0,na,na,,
2022-Jul,2022-07-20,Womanley,OP,na,1,6,2,6_8,R,0,na,na,,
2022-Jul,2022-07-20,Womanley,OP,na,1,8,2,8_10,R,0,na,na,,
2022-Jul,2022-07-20,Womanley,OP,na,1,10,2,10_12,R,0,na,na,,
2022-Jul,2022-07-20,Womanley,OP,na,1,12,2,12_14,R,0,na,na,,
2022-Jul,2022-07-20,Womanley,OP,na,1,14,2,14_16,R,0,na,na,,
2022-Jul,2022-07-20,Womanley,OP,na,1,16,2,16_18,R,0,na,na,,
2022-Jul,2022-07-20,Womanley,OP,na,1,18,2,18_20,R,0,na,na,,
2022-Jul,2022-07-20,Womanley,OP,na,1,0,2,0_2,L,0,na,na,,
2022-Jul,2022-07-20,Womanley,OP,na,1,2,2,2_4,L,0,na,na,,
2022-Jul,2022-07-20,Womanley,OP,na,1,4,2,4_6,L,0,na,na,,
2022-Jul,2022-07-20,Womanley,OP,na,1,6,2,6_8,L,0,na,na,,
2022-Jul,2022-07-20,Womanley,OP,na,1,8,2,8_10,L,0,na,na,,
2022-Jul,2022-07-20,Womanley,OP,na,1,10,2,10_12,L,0,na,na,,
2022-Jul,2022-07-20,Womanley,OP,na,1,12,2,12_14,L,0,na,na,,
2022-Jul,2022-07-20,Womanley,OP,na,1,14,2,14_16,L,0,na,na,,
2022-Jul,2022-07-20,Womanley,OP,na,1,16,2,16_18,L,2,na,na,,
2022-Jul,2022-07-20,Womanley,OP,na,1,18,2,18_20,L,0,na,na,,
2022-Jul,2022-07-20,Womanley,KH,na,2,0,2,0_2,R,0,na,na,,
2022-Jul,2022-07-20,Womanley,KH,na,2,2,2,2_4,R,0,na,na,,
2022-Jul,2022-07-20,Womanley,KH,na,2,4,2,4_6,R,0,na,na,,
2022-Jul,2022-07-20,Womanley,KH,na,2,6,2,6_8,R,0,na,na,,
2022-Jul,2022-07-20,Womanley,KH,na,2,8,2,8_10,R,0,na,na,,
2022-Jul,2022-07-20,Womanley,KH,na,2,10,2,10_12,R,1,na,na,,
2022-Jul,2022-07-20,Womanley,KH,na,2,12,2,12_14,R,0,na,na,,
2022-Jul,2022-07-20,Womanley,KH,na,2,14,2,14_16,R,1,na,na,,
2022-Jul,2022-07-20,Womanley,KH,na,2,16,2,16_18,R,2,na,na,,
2022-Jul,2022-07-20,Womanley,KH,na,2,18,2,18_20,R,4,na,na,,
2022-Jul,2022-07-20,Womanley,KH,na,2,0,2,0_2,L,0,na,na,,
2022-Jul,2022-07-20,Womanley,KH,na,2,2,2,2_4,L,0,na,na,,
2022-Jul,2022-07-20,Womanley,KH,na,2,4,2,4_6,L,0,na,na,,
2022-Jul,2022-07-20,Womanley,KH,na,2,6,2,6_8,L,0,na,na,,
2022-Jul,2022-07-20,Womanley,KH,na,2,8,2,8_10,L,0,na,na,,
2022-Jul,2022-07-20,Womanley,KH,na,2,10,2,10_12,L,0,na,na,,
2022-Jul,2022-07-20,Womanley,KH,na,2,12,2,12_14,L,1,na,na,,
2022-Jul,2022-07-20,Womanley,KH,na,2,14,2,14_16,L,1,na,na,,
2022-Jul,2022-07-20,Womanley,KH,na,2,16,2,16_18,L,6,na,na,,
2022-Jul,2022-07-20,Womanley,KH,na,2,18,2,18_20,L,6,na,na,,
2022-Jul,2022-07-20,Womanley,KH,na,3,0,2,0_2,R,0,na,na,,
2022-Jul,2022-07-20,Womanley,KH,na,3,2,2,2_4,R,0,na,na,,
2022-Jul,2022-07-20,Womanley,KH,na,3,4,2,4_6,R,3,na,na,,
2022-Jul,2022-07-20,Womanley,KH,na,3,6,2,6_8,R,0,na,na,,
2022-Jul,2022-07-20,Womanley,KH,na,3,8,2,8_10,R,3,na,na,,
2022-Jul,2022-07-20,Womanley,KH,na,3,10,2,10_12,R,6,na,na,,
2022-Jul,2022-07-20,Womanley,KH,na,3,12,2,12_14,R,4,na,na,,
2022-Jul,2022-07-20,Womanley,KH,na,3,14,2,14_16,R,1,na,na,,
2022-Jul,2022-07-20,Womanley,KH,na,3,16,2,16_18,R,1,na,na,,
2022-Jul,2022-07-20,Womanley,KH,na,3,18,2,18_20,R,0,na,na,,
2022-Jul,2022-07-20,Womanley,KH,na,3,0,2,0_2,L,0,na,na,,
2022-Jul,2022-07-20,Womanley,KH,na,3,2,2,2_4,L,3,na,na,,
2022-Jul,2022-07-20,Womanley,KH,na,3,4,2,4_6,L,3,na,na,,
2022-Jul,2022-07-20,Womanley,KH,na,3,6,2,6_8,L,3,na,na,,
2022-Jul,2022-07-20,Womanley,KH,na,3,8,2,8_10,L,4,na,na,,
2022-Jul,2022-07-20,Womanley,KH,na,3,10,2,10_12,L,1,na,na,,
2022-Jul,2022-07-20,Womanley,KH,na,3,12,2,12_14,L,1,na,na,,
2022-Jul,2022-07-20,Womanley,KH,na,3,14,2,14_16,L,0,na,na,,
2022-Jul,2022-07-20,Womanley,KH,na,3,16,2,16_18,L,0,na,na,,
2022-Jul,2022-07-20,Womanley,KH,na,3,18,2,18_20,L,2,na,na,,
2023-Jul,2023-07-12,Second,OP,na,3,0,2,0_2,R,0,na,na,,
2023-Jul,2023-07-12,Second,OP,na,3,2,2,2_4,R,0,na,na,,
2023-Jul,2023-07-12,Second,OP,na,3,4,2,4_6,R,0,na,na,,
2023-Jul,2023-07-12,Second,OP,na,3,6,2,6_8,R,0,na,na,,
2023-Jul,2023-07-12,Second,OP,na,3,8,2,8_10,R,0,na,na,,
2023-Jul,2023-07-12,Second,OP,na,3,10,2,10_12,R,0,na,na,,
2023-Jul,2023-07-12,Second,OP,na,3,12,2,12_14,R,0,na,na,,
2023-Jul,2023-07-12,Second,OP,na,3,14,2,14_16,R,0,na,na,,
2023-Jul,2023-07-12,Second,OP,na,3,16,2,16_18,R,0,na,na,,
2023-Jul,2023-07-12,Second,OP,na,3,18,2,18_20,R,0,na,na,,
2023-Jul,2023-07-12,Second,OP,na,3,0,2,0_2,L,0,na,na,,
2023-Jul,2023-07-12,Second,OP,na,3,2,2,2_4,L,0,na,na,,
2023-Jul,2023-07-12,Second,OP,na,3,4,2,4_6,L,0,na,na,,
2023-Jul,2023-07-12,Second,OP,na,3,6,2,6_8,L,0,na,na,,
2023-Jul,2023-07-12,Second,OP,na,3,8,2,8_10,L,0,na,na,,
2023-Jul,2023-07-12,Second,OP,na,3,10,2,10_12,L,0,na,na,,
2023-Jul,2023-07-12,Second,OP,na,3,12,2,12_14,L,0,na,na,,
2023-Jul,2023-07-12,Second,OP,na,3,14,2,14_16,L,0,na,na,,
2023-Jul,2023-07-12,Second,OP,na,3,16,2,16_18,L,0,na,na,,
2023-Jul,2023-07-12,Second,OP,na,3,18,2,18_20,L,0,na,na,,
2023-Jul,2023-07-12,North,OP,na,3,0,2,0_2,R,0,na,na,,
2023-Jul,2023-07-12,North,OP,na,3,2,2,2_4,R,0,na,na,,
2023-Jul,2023-07-12,North,OP,na,3,4,2,4_6,R,0,na,na,,
2023-Jul,2023-07-12,North,OP,na,3,6,2,6_8,R,0,na,na,,
2023-Jul,2023-07-12,North,OP,na,3,8,2,8_10,R,0,na,na,,
2023-Jul,2023-07-12,North,OP,na,3,10,2,10_12,R,0,na,na,,
2023-Jul,2023-07-12,North,OP,na,3,12,2,12_14,R,0,na,na,,
2023-Jul,2023-07-12,North,OP,na,3,14,2,14_16,R,0,na,na,,
2023-Jul,2023-07-12,North,OP,na,3,16,2,16_18,R,0,na,na,,
2023-Jul,2023-07-12,North,OP,na,3,18,2,18_20,R,0,na,na,,
2023-Jul,2023-07-12,North,OP,na,3,0,2,0_2,L,0,na,na,,
2023-Jul,2023-07-12,North,OP,na,3,2,2,2_4,L,0,na,na,,
2023-Jul,2023-07-12,North,OP,na,3,4,2,4_6,L,0,na,na,,
2023-Jul,2023-07-12,North,OP,na,3,6,2,6_8,L,0,na,na,,
2023-Jul,2023-07-12,North,OP,na,3,8,2,8_10,L,0,na,na,,
2023-Jul,2023-07-12,North,OP,na,3,10,2,10_12,L,0,na,na,,
2023-Jul,2023-07-12,North,OP,na,3,12,2,12_14,L,0,na,na,,
2023-Jul,2023-07-12,North,OP,na,3,14,2,14_16,L,0,na,na,,
2023-Jul,2023-07-12,North,OP,na,3,16,2,16_18,L,0,na,na,,
2023-Jul,2023-07-12,North,OP,na,3,18,2,18_20,L,0,na,na,,
2023-Jul,2023-07-12,Second,JMS,na,2,0,2,0_2,R,0,na,na,,
2023-Jul,2023-07-12,Second,JMS,na,2,2,2,2_4,R,0,na,na,,
2023-Jul,2023-07-12,Second,JMS,na,2,4,2,4_6,R,0,na,na,,
2023-Jul,2023-07-12,Second,JMS,na,2,6,2,6_8,R,0,na,na,,
2023-Jul,2023-07-12,Second,JMS,na,2,8,2,8_10,R,0,na,na,,
2023-Jul,2023-07-12,Second,JMS,na,2,10,2,10_12,R,0,na,na,,
2023-Jul,2023-07-12,Second,JMS,na,2,12,2,12_14,R,0,na,na,,
2023-Jul,2023-07-12,Second,JMS,na,2,14,2,14_16,R,0,na,na,,
2023-Jul,2023-07-12,Second,JMS,na,2,16,2,16_18,R,0,na,na,,
2023-Jul,2023-07-12,Second,JMS,na,2,18,2,18_20,R,0,na,na,,
2023-Jul,2023-07-12,Second,JMS,na,2,0,2,0_2,L,0,na,na,,
2023-Jul,2023-07-12,Second,JMS,na,2,2,2,2_4,L,0,na,na,,
2023-Jul,2023-07-12,Second,JMS,na,2,4,2,4_6,L,0,na,na,,
2023-Jul,2023-07-12,Second,JMS,na,2,6,2,6_8,L,0,na,na,,
2023-Jul,2023-07-12,Second,JMS,na,2,8,2,8_10,L,0,na,na,,
2023-Jul,2023-07-12,Second,JMS,na,2,10,2,10_12,L,0,na,na,,
2023-Jul,2023-07-12,Second,JMS,na,2,12,2,12_14,L,0,na,na,,
2023-Jul,2023-07-12,Second,JMS,na,2,14,2,14_16,L,0,na,na,,
2023-Jul,2023-07-12,Second,JMS,na,2,16,2,16_18,L,0,na,na,,
2023-Jul,2023-07-12,Second,JMS,na,2,18,2,18_20,L,0,na,na,,
2023-Jul,2023-07-12,North,DVM,na,1,0,2,0_2,R,0,na,na,,
2023-Jul,2023-07-12,North,DVM,na,1,2,2,2_4,R,0,na,na,,
2023-Jul,2023-07-12,North,DVM,na,1,4,2,4_6,R,0,na,na,,
2023-Jul,2023-07-12,North,DVM,na,1,6,2,6_8,R,0,na,na,,
2023-Jul,2023-07-12,North,DVM,na,1,8,2,8_10,R,0,na,na,,
2023-Jul,2023-07-12,North,DVM,na,1,10,2,10_12,R,0,na,na,,
2023-Jul,2023-07-12,North,DVM,na,1,12,2,12_14,R,0,na,na,,
2023-Jul,2023-07-12,North,DVM,na,1,14,2,14_16,R,0,na,na,,
2023-Jul,2023-07-12,North,DVM,na,1,16,2,16_18,R,0,na,na,,
2023-Jul,2023-07-12,North,DVM,na,1,18,2,18_20,R,0,na,na,,
2023-Jul,2023-07-12,North,DVM,na,1,0,2,0_2,L,0,na,na,,
2023-Jul,2023-07-12,North,DVM,na,1,2,2,2_4,L,0,na,na,,
2023-Jul,2023-07-12,North,DVM,na,1,4,2,4_6,L,0,na,na,,
2023-Jul,2023-07-12,North,DVM,na,1,6,2,6_8,L,0,na,na,,
2023-Jul,2023-07-12,North,DVM,na,1,8,2,8_10,L,0,na,na,,
2023-Jul,2023-07-12,North,DVM,na,1,10,2,10_12,L,0,na,na,,
2023-Jul,2023-07-12,North,DVM,na,1,12,2,12_14,L,0,na,na,,
2023-Jul,2023-07-12,North,DVM,na,1,14,2,14_16,L,0,na,na,,
2023-Jul,2023-07-12,North,DVM,na,1,16,2,16_18,L,0,na,na,,
2023-Jul,2023-07-12,North,DVM,na,1,18,2,18_20,L,0,na,na,,
2023-Jul,2023-07-13,Ratatouille,JMS,na,3,0,2,0_2,R,2,na,na,,
2023-Jul,2023-07-13,Ratatouille,JMS,na,3,2,2,2_4,R,3,na,na,,
2023-Jul,2023-07-13,Ratatouille,JMS,na,3,4,2,4_6,R,2,na,na,,
2023-Jul,2023-07-13,Ratatouille,JMS,na,3,6,2,6_8,R,14,na,na,,
2023-Jul,2023-07-13,Ratatouille,JMS,na,3,8,2,8_10,R,7,na,na,,
2023-Jul,2023-07-13,Ratatouille,JMS,na,3,10,2,10_12,R,7,na,na,,
2023-Jul,2023-07-13,Ratatouille,JMS,na,3,12,2,12_14,R,4,na,na,,
2023-Jul,2023-07-13,Ratatouille,JMS,na,3,14,2,14_16,R,10,na,na,,
2023-Jul,2023-07-13,Ratatouille,JMS,na,3,16,2,16_18,R,24,na,na,,
2023-Jul,2023-07-13,Ratatouille,JMS,na,3,18,2,18_20,R,11,na,na,,
2023-Jul,2023-07-13,Ratatouille,JMS,na,3,0,2,0_2,L,0,na,na,,
2023-Jul,2023-07-13,Ratatouille,JMS,na,3,2,2,2_4,L,0,na,na,,
2023-Jul,2023-07-13,Ratatouille,JMS,na,3,4,2,4_6,L,6,na,na,,
2023-Jul,2023-07-13,Ratatouille,JMS,na,3,6,2,6_8,L,25,na,na,,
2023-Jul,2023-07-13,Ratatouille,JMS,na,3,8,2,8_10,L,17,na,na,,
2023-Jul,2023-07-13,Ratatouille,JMS,na,3,10,2,10_12,L,19,na,na,,
2023-Jul,2023-07-13,Ratatouille,JMS,na,3,12,2,12_14,L,32,na,na,,
2023-Jul,2023-07-13,Ratatouille,JMS,na,3,14,2,14_16,L,18,na,na,,
2023-Jul,2023-07-13,Ratatouille,JMS,na,3,16,2,16_18,L,15,na,na,,
2023-Jul,2023-07-13,Ratatouille,JMS,na,3,18,2,18_20,L,8,na,na,,
2023-Jul,2023-07-13,Breaker,JMS,na,2,0,2,0_2,R,13,na,na,,
2023-Jul,2023-07-13,Breaker,JMS,na,2,2,2,2_4,R,18,na,na,,
2023-Jul,2023-07-13,Breaker,JMS,na,2,4,2,4_6,R,23,na,na,,
2023-Jul,2023-07-13,Breaker,JMS,na,2,6,2,6_8,R,20,na,na,,
2023-Jul,2023-07-13,Breaker,JMS,na,2,8,2,8_10,R,5,na,na,,
2023-Jul,2023-07-13,Breaker,JMS,na,2,10,2,10_12,R,6,na,na,,
2023-Jul,2023-07-13,Breaker,JMS,na,2,12,2,12_14,R,45,na,na,,
2023-Jul,2023-07-13,Breaker,JMS,na,2,14,2,14_16,R,37,na,na,,
2023-Jul,2023-07-13,Breaker,JMS,na,2,16,2,16_18,R,15,na,na,,
2023-Jul,2023-07-13,Breaker,JMS,na,2,18,2,18_20,R,48,na,na,,
2023-Jul,2023-07-13,Breaker,JMS,na,2,0,2,0_2,L,14,na,na,,
2023-Jul,2023-07-13,Breaker,JMS,na,2,2,2,2_4,L,11,na,na,,
2023-Jul,2023-07-13,Breaker,JMS,na,2,4,2,4_6,L,28,na,na,,
2023-Jul,2023-07-13,Breaker,JMS,na,2,6,2,6_8,L,37,na,na,,
2023-Jul,2023-07-13,Breaker,JMS,na,2,8,2,8_10,L,10,na,na,,
2023-Jul,2023-07-13,Breaker,JMS,na,2,10,2,10_12,L,17,na,na,,
2023-Jul,2023-07-13,Breaker,JMS,na,2,12,2,12_14,L,16,na,na,,
2023-Jul,2023-07-13,Breaker,JMS,na,2,14,2,14_16,L,53,na,na,,
2023-Jul,2023-07-13,Breaker,JMS,na,2,16,2,16_18,L,20,na,na,,
2023-Jul,2023-07-13,Breaker,JMS,na,2,18,2,18_20,L,33,na,na,,
2023-Jul,2023-07-13,Ratatouille,OP,na,2,0,2,0_2,R,11,na,na,,
2023-Jul,2023-07-13,Ratatouille,OP,na,2,2,2,2_4,R,0,na,na,,
2023-Jul,2023-07-13,Ratatouille,OP,na,2,4,2,4_6,R,12,na,na,,
2023-Jul,2023-07-13,Ratatouille,OP,na,2,6,2,6_8,R,4,na,na,,
2023-Jul,2023-07-13,Ratatouille,OP,na,2,8,2,8_10,R,8,na,na,,
2023-Jul,2023-07-13,Ratatouille,OP,na,2,10,2,10_12,R,2,na,na,,
2023-Jul,2023-07-13,Ratatouille,OP,na,2,12,2,12_14,R,0,na,na,,
2023-Jul,2023-07-13,Ratatouille,OP,na,2,14,2,14_16,R,0,na,na,,
2023-Jul,2023-07-13,Ratatouille,OP,na,2,16,2,16_18,R,10,na,na,,
2023-Jul,2023-07-13,Ratatouille,OP,na,2,18,2,18_20,R,5,na,na,,
2023-Jul,2023-07-13,Ratatouille,OP,na,2,0,2,0_2,L,1,na,na,,
2023-Jul,2023-07-13,Ratatouille,OP,na,2,2,2,2_4,L,2,na,na,,
2023-Jul,2023-07-13,Ratatouille,OP,na,2,4,2,4_6,L,2,na,na,,
2023-Jul,2023-07-13,Ratatouille,OP,na,2,6,2,6_8,L,1,na,na,,
2023-Jul,2023-07-13,Ratatouille,OP,na,2,8,2,8_10,L,6,na,na,,
2023-Jul,2023-07-13,Ratatouille,OP,na,2,10,2,10_12,L,0,na,na,,
2023-Jul,2023-07-13,Ratatouille,OP,na,2,12,2,12_14,L,1,na,na,,
2023-Jul,2023-07-13,Ratatouille,OP,na,2,14,2,14_16,L,0,na,na,,
2023-Jul,2023-07-13,Ratatouille,OP,na,2,16,2,16_18,L,8,na,na,,
2023-Jul,2023-07-13,Ratatouille,OP,na,2,18,2,18_20,L,6,na,na,,
2023-Jul,2023-07-12,North,JMS,na,2,0,2,0_2,R,0,na,na,,
2023-Jul,2023-07-12,North,JMS,na,2,2,2,2_4,R,0,na,na,,
2023-Jul,2023-07-12,North,JMS,na,2,4,2,4_6,R,0,na,na,,
2023-Jul,2023-07-12,North,JMS,na,2,6,2,6_8,R,0,na,na,,
2023-Jul,2023-07-12,North,JMS,na,2,8,2,8_10,R,0,na,na,,
2023-Jul,2023-07-12,North,JMS,na,2,10,2,10_12,R,0,na,na,,
2023-Jul,2023-07-12,North,JMS,na,2,12,2,12_14,R,0,na,na,,
2023-Jul,2023-07-12,North,JMS,na,2,14,2,14_16,R,0,na,na,,
2023-Jul,2023-07-12,North,JMS,na,2,16,2,16_18,R,0,na,na,,
2023-Jul,2023-07-12,North,JMS,na,2,18,2,18_20,R,0,na,na,,
2023-Jul,2023-07-12,North,JMS,na,2,0,2,0_2,L,0,na,na,,
2023-Jul,2023-07-12,North,JMS,na,2,2,2,2_4,L,0,na,na,,
2023-Jul,2023-07-12,North,JMS,na,2,4,2,4_6,L,0,na,na,,
2023-Jul,2023-07-12,North,JMS,na,2,6,2,6_8,L,0,na,na,,
2023-Jul,2023-07-12,North,JMS,na,2,8,2,8_10,L,0,na,na,,
2023-Jul,2023-07-12,North,JMS,na,2,10,2,10_12,L,0,na,na,,
2023-Jul,2023-07-12,North,JMS,na,2,12,2,12_14,L,0,na,na,,
2023-Jul,2023-07-12,North,JMS,na,2,14,2,14_16,L,0,na,na,,
2023-Jul,2023-07-12,North,JMS,na,2,16,2,16_18,L,0,na,na,,
2023-Jul,2023-07-12,North,JMS,na,2,18,2,18_20,L,0,na,na,,
2023-Jul,2023-07-13,Breaker,OP,na,3,0,2,0_2,R,30,na,na,,
2023-Jul,2023-07-13,Breaker,OP,na,3,2,2,2_4,R,6,na,na,,
2023-Jul,2023-07-13,Breaker,OP,na,3,4,2,4_6,R,15,na,na,,
2023-Jul,2023-07-13,Breaker,OP,na,3,6,2,6_8,R,15,na,na,,
2023-Jul,2023-07-13,Breaker,OP,na,3,8,2,8_10,R,0,na,na,,
2023-Jul,2023-07-13,Breaker,OP,na,3,10,2,10_12,R,17,na,na,,
2023-Jul,2023-07-13,Breaker,OP,na,3,12,2,12_14,R,14,na,na,,
2023-Jul,2023-07-13,Breaker,OP,na,3,14,2,14_16,R,0,na,na,,
2023-Jul,2023-07-13,Breaker,OP,na,3,16,2,16_18,R,13,na,na,,
2023-Jul,2023-07-13,Breaker,OP,na,3,18,2,18_20,R,5,na,na,,
2023-Jul,2023-07-13,Breaker,OP,na,3,0,2,0_2,L,0,na,na,,
2023-Jul,2023-07-13,Breaker,OP,na,3,2,2,2_4,L,18,na,na,,
2023-Jul,2023-07-13,Breaker,OP,na,3,4,2,4_6,L,23,na,na,,
2023-Jul,2023-07-13,Breaker,OP,na,3,6,2,6_8,L,5,na,na,,
2023-Jul,2023-07-13,Breaker,OP,na,3,8,2,8_10,L,14,na,na,,
2023-Jul,2023-07-13,Breaker,OP,na,3,10,2,10_12,L,18,na,na,,
2023-Jul,2023-07-13,Breaker,OP,na,3,12,2,12_14,L,24,na,na,,
2023-Jul,2023-07-13,Breaker,OP,na,3,14,2,14_16,L,7,na,na,,
2023-Jul,2023-07-13,Breaker,OP,na,3,16,2,16_18,L,0,na,na,,
2023-Jul,2023-07-13,Breaker,OP,na,3,18,2,18_20,L,3,na,na,,
2023-Jul,2023-07-13,Breaker,DVM,na,1,0,2,0_2,R,14,na,na,,
2023-Jul,2023-07-13,Breaker,DVM,na,1,2,2,2_4,R,39,na,na,,
2023-Jul,2023-07-13,Breaker,DVM,na,1,4,2,4_6,R,20,na,na,,
2023-Jul,2023-07-13,Breaker,DVM,na,1,6,2,6_8,R,43,na,na,,
2023-Jul,2023-07-13,Breaker,DVM,na,1,8,2,8_10,R,27,na,na,,
2023-Jul,2023-07-13,Breaker,DVM,na,1,10,2,10_12,R,26,na,na,,
2023-Jul,2023-07-13,Breaker,DVM,na,1,12,2,12_14,R,36,na,na,,
2023-Jul,2023-07-13,Breaker,DVM,na,1,14,2,14_16,R,22,na,na,,
2023-Jul,2023-07-13,Breaker,DVM,na,1,16,2,16_18,R,44,na,na,,
2023-Jul,2023-07-13,Breaker,DVM,na,1,18,2,18_20,R,48,na,na,,
2023-Jul,2023-07-13,Breaker,DVM,na,1,0,2,0_2,L,19,na,na,,
2023-Jul,2023-07-13,Breaker,DVM,na,1,2,2,2_4,L,52,na,na,,
2023-Jul,2023-07-13,Breaker,DVM,na,1,4,2,4_6,L,27,na,na,,
2023-Jul,2023-07-13,Breaker,DVM,na,1,6,2,6_8,L,47,na,na,,
2023-Jul,2023-07-13,Breaker,DVM,na,1,8,2,8_10,L,30,na,na,,
2023-Jul,2023-07-13,Breaker,DVM,na,1,10,2,10_12,L,24,na,na,,
2023-Jul,2023-07-13,Breaker,DVM,na,1,12,2,12_14,L,23,na,na,,
2023-Jul,2023-07-13,Breaker,DVM,na,1,14,2,14_16,L,6,na,na,,
2023-Jul,2023-07-13,Breaker,DVM,na,1,16,2,16_18,L,17,na,na,,
2023-Jul,2023-07-13,Breaker,DVM,na,1,18,2,18_20,L,25,na,na,,
2023-Jul,2023-07-13,Ratatouille,DVM,na,1,0,2,0_2,R,0,na,na,,
2023-Jul,2023-07-13,Ratatouille,DVM,na,1,2,2,2_4,R,0,na,na,,
2023-Jul,2023-07-13,Ratatouille,DVM,na,1,4,2,4_6,R,3,na,na,,
2023-Jul,2023-07-13,Ratatouille,DVM,na,1,6,2,6_8,R,11,na,na,,
2023-Jul,2023-07-13,Ratatouille,DVM,na,1,8,2,8_10,R,17,na,na,,
2023-Jul,2023-07-13,Ratatouille,DVM,na,1,10,2,10_12,R,2,na,na,,
2023-Jul,2023-07-13,Ratatouille,DVM,na,1,12,2,12_14,R,12,na,na,,
2023-Jul,2023-07-13,Ratatouille,DVM,na,1,14,2,14_16,R,1,na,na,,
2023-Jul,2023-07-13,Ratatouille,DVM,na,1,16,2,16_18,R,9,na,na,,
2023-Jul,2023-07-13,Ratatouille,DVM,na,1,18,2,18_20,R,5,na,na,,
2023-Jul,2023-07-13,Ratatouille,DVM,na,1,0,2,0_2,L,1,na,na,,
2023-Jul,2023-07-13,Ratatouille,DVM,na,1,2,2,2_4,L,0,na,na,,
2023-Jul,2023-07-13,Ratatouille,DVM,na,1,4,2,4_6,L,0,na,na,,
2023-Jul,2023-07-13,Ratatouille,DVM,na,1,6,2,6_8,L,2,na,na,,
2023-Jul,2023-07-13,Ratatouille,DVM,na,1,8,2,8_10,L,9,na,na,,
2023-Jul,2023-07-13,Ratatouille,DVM,na,1,10,2,10_12,L,17,na,na,,
2023-Jul,2023-07-13,Ratatouille,DVM,na,1,12,2,12_14,L,5,na,na,,
2023-Jul,2023-07-13,Ratatouille,DVM,na,1,14,2,14_16,L,9,na,na,,
2023-Jul,2023-07-13,Ratatouille,DVM,na,1,16,2,16_18,L,1,na,na,,
2023-Jul,2023-07-13,Ratatouille,DVM,na,1,18,2,18_20,L,0,na,na,,
2023-Jul,2023-07-14,Triquetta,LL,na,3,0,2,0_2,R,0,na,na,,
2023-Jul,2023-07-14,Triquetta,LL,na,3,2,2,2_4,R,2,na,na,,
2023-Jul,2023-07-14,Triquetta,LL,na,3,4,2,4_6,R,0,na,na,,
2023-Jul,2023-07-14,Triquetta,LL,na,3,6,2,6_8,R,3,na,na,,
2023-Jul,2023-07-14,Triquetta,LL,na,3,8,2,8_10,R,2,na,na,,
2023-Jul,2023-07-14,Triquetta,LL,na,3,10,2,10_12,R,0,na,na,,
2023-Jul,2023-07-14,Triquetta,LL,na,3,12,2,12_14,R,2,na,na,,
2023-Jul,2023-07-14,Triquetta,LL,na,3,14,2,14_16,R,0,na,na,,
2023-Jul,2023-07-14,Triquetta,LL,na,3,16,2,16_18,R,0,na,na,,
2023-Jul,2023-07-14,Triquetta,LL,na,3,18,2,18_20,R,1,na,na,,
2023-Jul,2023-07-14,Triquetta,LL,na,3,0,2,0_2,L,2,na,na,,
2023-Jul,2023-07-14,Triquetta,LL,na,3,2,2,2_4,L,1,na,na,,
2023-Jul,2023-07-14,Triquetta,LL,na,3,4,2,4_6,L,0,na,na,,
2023-Jul,2023-07-14,Triquetta,LL,na,3,6,2,6_8,L,0,na,na,,
2023-Jul,2023-07-14,Triquetta,LL,na,3,8,2,8_10,L,0,na,na,,
2023-Jul,2023-07-14,Triquetta,LL,na,3,10,2,10_12,L,2,na,na,,
2023-Jul,2023-07-14,Triquetta,LL,na,3,12,2,12_14,L,2,na,na,,
2023-Jul,2023-07-14,Triquetta,LL,na,3,14,2,14_16,L,1,na,na,,
2023-Jul,2023-07-14,Triquetta,LL,na,3,16,2,16_18,L,2,na,na,,
2023-Jul,2023-07-14,Triquetta,LL,na,3,18,2,18_20,L,4,na,na,,
2023-Jul,2023-07-14,Triquetta,DVM,na,1,0,2,0_2,R,2,na,na,,
2023-Jul,2023-07-14,Triquetta,DVM,na,1,2,2,2_4,R,1,na,na,,
2023-Jul,2023-07-14,Triquetta,DVM,na,1,4,2,4_6,R,0,na,na,,
2023-Jul,2023-07-14,Triquetta,DVM,na,1,6,2,6_8,R,2,na,na,,
2023-Jul,2023-07-14,Triquetta,DVM,na,1,8,2,8_10,R,0,na,na,,
2023-Jul,2023-07-14,Triquetta,DVM,na,1,10,2,10_12,R,0,na,na,,
2023-Jul,2023-07-14,Triquetta,DVM,na,1,12,2,12_14,R,4,na,na,,
2023-Jul,2023-07-14,Triquetta,DVM,na,1,14,2,14_16,R,1,na,na,,
2023-Jul,2023-07-14,Triquetta,DVM,na,1,16,2,16_18,R,4,na,na,,
2023-Jul,2023-07-14,Triquetta,DVM,na,1,18,2,18_20,R,2,na,na,,
2023-Jul,2023-07-14,Triquetta,DVM,na,1,0,2,0_2,L,0,na,na,,
2023-Jul,2023-07-14,Triquetta,DVM,na,1,2,2,2_4,L,0,na,na,,
2023-Jul,2023-07-14,Triquetta,DVM,na,1,4,2,4_6,L,2,na,na,,
2023-Jul,2023-07-14,Triquetta,DVM,na,1,6,2,6_8,L,3,na,na,,
2023-Jul,2023-07-14,Triquetta,DVM,na,1,8,2,8_10,L,1,na,na,,
2023-Jul,2023-07-14,Triquetta,DVM,na,1,10,2,10_12,L,0,na,na,,
2023-Jul,2023-07-14,Triquetta,DVM,na,1,12,2,12_14,L,2,na,na,,
2023-Jul,2023-07-14,Triquetta,DVM,na,1,14,2,14_16,L,5,na,na,,
2023-Jul,2023-07-14,Triquetta,DVM,na,1,16,2,16_18,L,2,na,na,,
2023-Jul,2023-07-14,Triquetta,DVM,na,1,18,2,18_20,L,1,na,na,,
2023-Jul,2023-07-14,Triquetta,JMS,na,2,0,2,0_2,R,0,na,na,,
2023-Jul,2023-07-14,Triquetta,JMS,na,2,2,2,2_4,R,0,na,na,,
2023-Jul,2023-07-14,Triquetta,JMS,na,2,4,2,4_6,R,1,na,na,,
2023-Jul,2023-07-14,Triquetta,JMS,na,2,6,2,6_8,R,0,na,na,,
2023-Jul,2023-07-14,Triquetta,JMS,na,2,8,2,8_10,R,5,na,na,,
2023-Jul,2023-07-14,Triquetta,JMS,na,2,10,2,10_12,R,1,na,na,,
2023-Jul,2023-07-14,Triquetta,JMS,na,2,12,2,12_14,R,1,na,na,,
2023-Jul,2023-07-14,Triquetta,JMS,na,2,14,2,14_16,R,4,na,na,,
2023-Jul,2023-07-14,Triquetta,JMS,na,2,16,2,16_18,R,0,na,na,,
2023-Jul,2023-07-14,Triquetta,JMS,na,2,18,2,18_20,R,8,na,na,,
2023-Jul,2023-07-14,Triquetta,JMS,na,2,0,2,0_2,L,0,na,na,,
2023-Jul,2023-07-14,Triquetta,JMS,na,2,2,2,2_4,L,2,na,na,,
2023-Jul,2023-07-14,Triquetta,JMS,na,2,4,2,4_6,L,3,na,na,,
2023-Jul,2023-07-14,Triquetta,JMS,na,2,6,2,6_8,L,0,na,na,,
2023-Jul,2023-07-14,Triquetta,JMS,na,2,8,2,8_10,L,1,na,na,,
2023-Jul,2023-07-14,Triquetta,JMS,na,2,10,2,10_12,L,2,na,na,,
2023-Jul,2023-07-14,Triquetta,JMS,na,2,12,2,12_14,L,0,na,na,,
2023-Jul,2023-07-14,Triquetta,JMS,na,2,14,2,14_16,L,0,na,na,,
2023-Jul,2023-07-14,Triquetta,JMS,na,2,16,2,16_18,L,1,na,na,,
2023-Jul,2023-07-14,Triquetta,JMS,na,2,18,2,18_20,L,8,na,na,,
2023-Jul,2023-07-16,Manley,OP,na,3,0,2,0_2,R,0,na,na,,
2023-Jul,2023-07-16,Manley,OP,na,3,2,2,2_4,R,1,na,na,,
2023-Jul,2023-07-16,Manley,OP,na,3,4,2,4_6,R,2,na,na,,
2023-Jul,2023-07-16,Manley,OP,na,3,6,2,6_8,R,0,na,na,,
2023-Jul,2023-07-16,Manley,OP,na,3,8,2,8_10,R,1,na,na,,
2023-Jul,2023-07-16,Manley,OP,na,3,10,2,10_12,R,1,na,na,,
2023-Jul,2023-07-16,Manley,OP,na,3,12,2,12_14,R,1,na,na,,
2023-Jul,2023-07-16,Manley,OP,na,3,14,2,14_16,R,0,na,na,,
2023-Jul,2023-07-16,Manley,OP,na,3,16,2,16_18,R,0,na,na,,
2023-Jul,2023-07-16,Manley,OP,na,3,18,2,18_20,R,0,na,na,,
2023-Jul,2023-07-16,Manley,OP,na,3,0,2,0_2,L,0,na,na,,
2023-Jul,2023-07-16,Manley,OP,na,3,2,2,2_4,L,1,na,na,,
2023-Jul,2023-07-16,Manley,OP,na,3,4,2,4_6,L,0,na,na,,
2023-Jul,2023-07-16,Manley,OP,na,3,6,2,6_8,L,0,na,na,,
2023-Jul,2023-07-16,Manley,OP,na,3,8,2,8_10,L,0,na,na,,
2023-Jul,2023-07-16,Manley,OP,na,3,10,2,10_12,L,0,na,na,,
2023-Jul,2023-07-16,Manley,OP,na,3,12,2,12_14,L,0,na,na,,
2023-Jul,2023-07-16,Manley,OP,na,3,14,2,14_16,L,0,na,na,,
2023-Jul,2023-07-16,Manley,OP,na,3,16,2,16_18,L,0,na,na,,
2023-Jul,2023-07-16,Manley,OP,na,3,18,2,18_20,L,0,na,na,,
2023-Jul,2023-07-16,Manley,JMS,na,2,0,2,0_2,R,0,na,na,,
2023-Jul,2023-07-16,Manley,JMS,na,2,2,2,2_4,R,0,na,na,,
2023-Jul,2023-07-16,Manley,JMS,na,2,4,2,4_6,R,0,na,na,,
2023-Jul,2023-07-16,Manley,JMS,na,2,6,2,6_8,R,0,na,na,,
2023-Jul,2023-07-16,Manley,JMS,na,2,8,2,8_10,R,1,na,na,,
2023-Jul,2023-07-16,Manley,JMS,na,2,10,2,10_12,R,0,na,na,,
2023-Jul,2023-07-16,Manley,JMS,na,2,12,2,12_14,R,0,na,na,,
2023-Jul,2023-07-16,Manley,JMS,na,2,14,2,14_16,R,2,na,na,,
2023-Jul,2023-07-16,Manley,JMS,na,2,16,2,16_18,R,0,na,na,,
2023-Jul,2023-07-16,Manley,JMS,na,2,18,2,18_20,R,0,na,na,,
2023-Jul,2023-07-16,Manley,JMS,na,2,0,2,0_2,L,0,na,na,,
2023-Jul,2023-07-16,Manley,JMS,na,2,2,2,2_4,L,0,na,na,,
2023-Jul,2023-07-16,Manley,JMS,na,2,4,2,4_6,L,0,na,na,,
2023-Jul,2023-07-16,Manley,JMS,na,2,6,2,6_8,L,0,na,na,,
2023-Jul,2023-07-16,Manley,JMS,na,2,8,2,8_10,L,0,na,na,,
2023-Jul,2023-07-16,Manley,JMS,na,2,10,2,10_12,L,0,na,na,,
2023-Jul,2023-07-16,Manley,JMS,na,2,12,2,12_14,L,0,na,na,,
2023-Jul,2023-07-16,Manley,JMS,na,2,14,2,14_16,L,1,na,na,,
2023-Jul,2023-07-16,Manley,JMS,na,2,16,2,16_18,L,1,na,na,,
2023-Jul,2023-07-16,Manley,JMS,na,2,18,2,18_20,L,0,na,na,,
2023-Jul,2023-07-16,Manley,DVM,na,1,0,2,0_2,R,1,na,na,,
2023-Jul,2023-07-16,Manley,DVM,na,1,2,2,2_4,R,0,na,na,,
2023-Jul,2023-07-16,Manley,DVM,na,1,4,2,4_6,R,0,na,na,,
2023-Jul,2023-07-16,Manley,DVM,na,1,6,2,6_8,R,0,na,na,,
2023-Jul,2023-07-16,Manley,DVM,na,1,8,2,8_10,R,0,na,na,,
2023-Jul,2023-07-16,Manley,DVM,na,1,10,2,10_12,R,0,na,na,,
2023-Jul,2023-07-16,Manley,DVM,na,1,12,2,12_14,R,0,na,na,,
2023-Jul,2023-07-16,Manley,DVM,na,1,14,2,14_16,R,0,na,na,,
2023-Jul,2023-07-16,Manley,DVM,na,1,16,2,16_18,R,0,na,na,,
2023-Jul,2023-07-16,Manley,DVM,na,1,18,2,18_20,R,0,na,na,,
2023-Jul,2023-07-16,Manley,DVM,na,1,0,2,0_2,L,0,na,na,,
2023-Jul,2023-07-16,Manley,DVM,na,1,2,2,2_4,L,0,na,na,,
2023-Jul,2023-07-16,Manley,DVM,na,1,4,2,4_6,L,0,na,na,,
2023-Jul,2023-07-16,Manley,DVM,na,1,6,2,6_8,L,0,na,na,,
2023-Jul,2023-07-16,Manley,DVM,na,1,8,2,8_10,L,0,na,na,,
2023-Jul,2023-07-16,Manley,DVM,na,1,10,2,10_12,L,1,na,na,,
2023-Jul,2023-07-16,Manley,DVM,na,1,12,2,12_14,L,0,na,na,,
2023-Jul,2023-07-16,Manley,DVM,na,1,14,2,14_16,L,1,na,na,,
2023-Jul,2023-07-16,Manley,DVM,na,1,16,2,16_18,L,1,na,na,,
2023-Jul,2023-07-16,Manley,DVM,na,1,18,2,18_20,L,0,na,na,,
2023-Jul,2023-07-12,Second,DVM,na,1,0,2,0_2,R,0,na,na,,
2023-Jul,2023-07-12,Second,OP,na,1,2,2,2_4,R,0,na,na,,
2023-Jul,2023-07-12,Second,OP,na,1,4,2,4_6,R,0,na,na,,
2023-Jul,2023-07-12,Second,OP,na,1,6,2,6_8,R,0,na,na,,
2023-Jul,2023-07-12,Second,OP,na,1,8,2,8_10,R,0,na,na,,
2023-Jul,2023-07-12,Second,OP,na,1,10,2,10_12,R,0,na,na,,
2023-Jul,2023-07-12,Second,OP,na,1,12,2,12_14,R,0,na,na,,
2023-Jul,2023-07-12,Second,OP,na,1,14,2,14_16,R,0,na,na,,
2023-Jul,2023-07-12,Second,OP,na,1,16,2,16_18,R,0,na,na,,
2023-Jul,2023-07-12,Second,OP,na,1,18,2,18_20,R,0,na,na,,
2023-Jul,2023-07-12,Second,OP,na,1,0,2,0_2,L,0,na,na,,
2023-Jul,2023-07-12,Second,OP,na,1,2,2,2_4,L,0,na,na,,
2023-Jul,2023-07-12,Second,OP,na,1,4,2,4_6,L,0,na,na,,
2023-Jul,2023-07-12,Second,OP,na,1,6,2,6_8,L,0,na,na,,
2023-Jul,2023-07-12,Second,OP,na,1,8,2,8_10,L,0,na,na,,
2023-Jul,2023-07-12,Second,OP,na,1,10,2,10_12,L,0,na,na,,
2023-Jul,2023-07-12,Second,OP,na,1,12,2,12_14,L,0,na,na,,
2023-Jul,2023-07-12,Second,OP,na,1,14,2,14_16,L,0,na,na,,
2023-Jul,2023-07-12,Second,OP,na,1,16,2,16_18,L,0,na,na,,
2023-Jul,2023-07-12,Second,OP,na,1,18,2,18_20,L,0,na,na,,
2024-Feb,2024-02-27,Owen,LL/OP,na,2,0,2,0_2,L,0,na,na,Kelp_west,
2024-Feb,2024-02-27,Owen,LL/OP,na,2,2,2,2_4,L,0,na,na,Kelp_west,
2024-Feb,2024-02-27,Owen,LL/OP,na,2,4,2,4_6,L,0,na,na,Kelp_west,
2024-Feb,2024-02-27,Owen,LL/OP,na,2,6,2,6_8,L,0,na,na,Kelp_west,
2024-Feb,2024-02-27,Owen,LL/OP,na,2,8,2,8_10,L,0,na,na,Kelp_west,
2024-Feb,2024-02-27,Owen,LL/OP,na,2,10,2,10_12,L,0,na,na,Kelp_west,
2024-Feb,2024-02-27,Owen,LL/OP,na,2,12,2,12_14,L,0,na,na,Kelp_west,
2024-Feb,2024-02-27,Owen,LL/OP,na,2,14,2,14_16,L,0,na,na,Kelp_west,
2024-Feb,2024-02-27,Owen,LL/OP,na,2,16,2,16_18,L,0,na,na,Kelp_west,
2024-Feb,2024-02-27,Owen,LL/OP,na,2,18,2,18_20,L,0,na,na,Kelp_west,
2024-Feb,2024-02-27,Owen,LL/OP,na,2,0,2,0_2,R,0,na,na,Kelp_west,
2024-Feb,2024-02-27,Owen,LL/OP,na,2,2,2,2_4,R,0,na,na,Kelp_west,
2024-Feb,2024-02-27,Owen,LL/OP,na,2,4,2,4_6,R,0,na,na,Kelp_west,
2024-Feb,2024-02-27,Owen,LL/OP,na,2,6,2,6_8,R,0,na,na,Kelp_west,
2024-Feb,2024-02-27,Owen,LL/OP,na,2,8,2,8_10,R,0,na,na,Kelp_west,
2024-Feb,2024-02-27,Owen,LL/OP,na,2,10,2,10_12,R,0,na,na,Kelp_west,
2024-Feb,2024-02-27,Owen,LL/OP,na,2,12,2,12_14,R,0,na,na,Kelp_west,
2024-Feb,2024-02-27,Owen,LL/OP,na,2,14,2,14_16,R,0,na,na,Kelp_west,
2024-Feb,2024-02-27,Owen,LL/OP,na,2,16,2,16_18,R,0,na,na,Kelp_west,
2024-Feb,2024-02-27,Owen,LL/OP,na,2,18,2,18_20,R,0,na,na,Kelp_west,
2024-Feb,2024-02-27,Owen,LL/OP,na,1,0,2,0_2,R,0,na,na,Kelp_east,
2024-Feb,2024-02-27,Owen,LL/OP,na,1,2,2,2_4,R,0,na,na,Kelp_east,
2024-Feb,2024-02-27,Owen,LL/OP,na,1,4,2,4_6,R,0,na,na,Kelp_east,
2024-Feb,2024-02-27,Owen,LL/OP,na,1,6,2,6_8,R,0,na,na,Kelp_east,
2024-Feb,2024-02-27,Owen,LL/OP,na,1,8,2,8_10,R,1,na,na,Kelp_east,
2024-Feb,2024-02-27,Owen,LL/OP,na,1,10,2,10_12,R,1,na,na,Kelp_east,
2024-Feb,2024-02-27,Owen,LL/OP,na,1,12,2,12_14,R,2,na,na,Kelp_east,
2024-Feb,2024-02-27,Owen,LL/OP,na,1,14,2,14_16,R,0,na,na,Kelp_east,
2024-Feb,2024-02-27,Owen,LL/OP,na,1,16,2,16_18,R,0,na,na,Kelp_east,
2024-Feb,2024-02-27,Owen,LL/OP,na,1,18,2,18_20,R,0,na,na,Kelp_east,
2024-Feb,2024-02-27,Owen,LL/OP,na,1,0,2,0_2,L,0,na,na,Kelp_east,
2024-Feb,2024-02-27,Owen,LL/OP,na,1,2,2,2_4,L,0,na,na,Kelp_east,
2024-Feb,2024-02-27,Owen,LL/OP,na,1,4,2,4_6,L,0,na,na,Kelp_east,
2024-Feb,2024-02-27,Owen,LL/OP,na,1,6,2,6_8,L,0,na,na,Kelp_east,
2024-Feb,2024-02-27,Owen,LL/OP,na,1,8,2,8_10,L,2,na,na,Kelp_east,
2024-Feb,2024-02-27,Owen,LL/OP,na,1,10,2,10_12,L,0,na,na,Kelp_east,
2024-Feb,2024-02-27,Owen,LL/OP,na,1,12,2,12_14,L,0,na,na,Kelp_east,
2024-Feb,2024-02-27,Owen,LL/OP,na,1,14,2,14_16,L,0,na,na,Kelp_east,
2024-Feb,2024-02-27,Owen,LL/OP,na,1,16,2,16_18,L,0,na,na,Kelp_east,
2024-Feb,2024-02-27,Owen,LL/OP,na,1,18,2,18_20,L,0,na,na,Kelp_east,
2024-Feb,2024-02-27,Owen,LL/OP,na,5,0,2,0_2,R,0,na,na,Barren_west,
2024-Feb,2024-02-27,Owen,LL/OP,na,5,2,2,2_4,R,0,na,na,Barren_west,
2024-Feb,2024-02-27,Owen,LL/OP,na,5,4,2,4_6,R,0,na,na,Barren_west,
2024-Feb,2024-02-27,Owen,LL/OP,na,5,6,2,6_8,R,0,na,na,Barren_west,
2024-Feb,2024-02-27,Owen,LL/OP,na,5,8,2,8_10,R,0,na,na,Barren_west,
2024-Feb,2024-02-27,Owen,LL/OP,na,5,10,2,10_12,R,0,na,na,Barren_west,
2024-Feb,2024-02-27,Owen,LL/OP,na,5,12,2,12_14,R,0,na,na,Barren_west,
2024-Feb,2024-02-27,Owen,LL/OP,na,5,14,2,14_16,R,0,na,na,Barren_west,
2024-Feb,2024-02-27,Owen,LL/OP,na,5,16,2,16_18,R,0,na,na,Barren_west,
2024-Feb,2024-02-27,Owen,LL/OP,na,5,18,2,18_20,R,0,na,na,Barren_west,
2024-Feb,2024-02-27,Owen,LL/OP,na,5,0,2,0_2,L,0,na,na,Barren_west,
2024-Feb,2024-02-27,Owen,LL/OP,na,5,2,2,2_4,L,0,na,na,Barren_west,
2024-Feb,2024-02-27,Owen,LL/OP,na,5,4,2,4_6,L,0,na,na,Barren_west,
2024-Feb,2024-02-27,Owen,LL/OP,na,5,6,2,6_8,L,0,na,na,Barren_west,
2024-Feb,2024-02-27,Owen,LL/OP,na,5,8,2,8_10,L,0,na,na,Barren_west,
2024-Feb,2024-02-27,Owen,LL/OP,na,5,10,2,10_12,L,0,na,na,Barren_west,
2024-Feb,2024-02-27,Owen,LL/OP,na,5,12,2,12_14,L,0,na,na,Barren_west,
2024-Feb,2024-02-27,Owen,LL/OP,na,5,14,2,14_16,L,0,na,na,Barren_west,
2024-Feb,2024-02-27,Owen,LL/OP,na,5,16,2,16_18,L,0,na,na,Barren_west,
2024-Feb,2024-02-27,Owen,LL/OP,na,5,18,2,18_20,L,0,na,na,Barren_west,
2024-Feb,2024-02-27,Owen,LL/OP,na,4,0,2,0_2,R,0,na,na,Barren_east,
2024-Feb,2024-02-27,Owen,LL/OP,na,4,2,2,2_4,R,0,na,na,Barren_east,
2024-Feb,2024-02-27,Owen,LL/OP,na,4,4,2,4_6,R,0,na,na,Barren_east,
2024-Feb,2024-02-27,Owen,LL/OP,na,4,6,2,6_8,R,0,na,na,Barren_east,
2024-Feb,2024-02-27,Owen,LL/OP,na,4,8,2,8_10,R,0,na,na,Barren_east,
2024-Feb,2024-02-27,Owen,LL/OP,na,4,10,2,10_12,R,0,na,na,Barren_east,
2024-Feb,2024-02-27,Owen,LL/OP,na,4,12,2,12_14,R,0,na,na,Barren_east,
2024-Feb,2024-02-27,Owen,LL/OP,na,4,14,2,14_16,R,0,na,na,Barren_east,
2024-Feb,2024-02-27,Owen,LL/OP,na,4,16,2,16_18,R,0,na,na,Barren_east,
2024-Feb,2024-02-27,Owen,LL/OP,na,4,18,2,18_20,R,0,na,na,Barren_east,
2024-Feb,2024-02-27,Owen,LL/OP,na,4,0,2,0_2,L,0,na,na,Barren_east,
2024-Feb,2024-02-27,Owen,LL/OP,na,4,2,2,2_4,L,0,na,na,Barren_east,
2024-Feb,2024-02-27,Owen,LL/OP,na,4,4,2,4_6,L,0,na,na,Barren_east,
2024-Feb,2024-02-27,Owen,LL/OP,na,4,6,2,6_8,L,0,na,na,Barren_east,
2024-Feb,2024-02-27,Owen,LL/OP,na,4,8,2,8_10,L,0,na,na,Barren_east,
2024-Feb,2024-02-27,Owen,LL/OP,na,4,10,2,10_12,L,0,na,na,Barren_east,
2024-Feb,2024-02-27,Owen,LL/OP,na,4,12,2,12_14,L,0,na,na,Barren_east,
2024-Feb,2024-02-27,Owen,LL/OP,na,4,14,2,14_16,L,0,na,na,Barren_east,
2024-Feb,2024-02-27,Owen,LL/OP,na,4,16,2,16_18,L,0,na,na,Barren_east,
2024-Feb,2024-02-27,Owen,LL/OP,na,4,18,2,18_20,L,0,na,na,Barren_east,
2024-Mar,2024-03-12,Owen,OP,na,2,0,2,0_2,R,0,na,na,Kelp_west,
2024-Mar,2024-03-12,Owen,OP,na,2,2,2,2_4,R,0,na,na,Kelp_west,
2024-Mar,2024-03-12,Owen,OP,na,2,4,2,4_6,R,0,na,na,Kelp_west,
2024-Mar,2024-03-12,Owen,OP,na,2,6,2,6_8,R,0,na,na,Kelp_west,
2024-Mar,2024-03-12,Owen,OP,na,2,8,2,8_10,R,0,na,na,Kelp_west,
2024-Mar,2024-03-12,Owen,OP,na,2,10,2,10_12,R,0,na,na,Kelp_west,
2024-Mar,2024-03-12,Owen,OP,na,2,12,2,12_14,R,0,na,na,Kelp_west,
2024-Mar,2024-03-12,Owen,OP,na,2,14,2,14_16,R,0,na,na,Kelp_west,
2024-Mar,2024-03-12,Owen,OP,na,2,16,2,16_18,R,0,na,na,Kelp_west,
2024-Mar,2024-03-12,Owen,OP,na,2,18,2,18_20,R,0,na,na,Kelp_west,
2024-Mar,2024-03-12,Owen,OP,na,2,0,2,0_2,L,0,na,na,Kelp_west,
2024-Mar,2024-03-12,Owen,OP,na,2,2,2,2_4,L,0,na,na,Kelp_west,
2024-Mar,2024-03-12,Owen,OP,na,2,4,2,4_6,L,0,na,na,Kelp_west,
2024-Mar,2024-03-12,Owen,OP,na,2,6,2,6_8,L,0,na,na,Kelp_west,
2024-Mar,2024-03-12,Owen,OP,na,2,8,2,8_10,L,0,na,na,Kelp_west,
2024-Mar,2024-03-12,Owen,OP,na,2,10,2,10_12,L,0,na,na,Kelp_west,
2024-Mar,2024-03-12,Owen,OP,na,2,12,2,12_14,L,0,na,na,Kelp_west,
2024-Mar,2024-03-12,Owen,OP,na,2,14,2,14_16,L,0,na,na,Kelp_west,
2024-Mar,2024-03-12,Owen,OP,na,2,16,2,16_18,L,0,na,na,Kelp_west,
2024-Mar,2024-03-12,Owen,OP,na,2,18,2,18_20,L,0,na,na,Kelp_west,
2024-Mar,2024-03-12,Owen,OP,na,1,0,2,0_2,R,4,na,na,Kelp_east,
2024-Mar,2024-03-12,Owen,OP,na,1,2,2,2_4,R,8,na,na,Kelp_east,
2024-Mar,2024-03-12,Owen,OP,na,1,4,2,4_6,R,4,na,na,Kelp_east,
2024-Mar,2024-03-12,Owen,OP,na,1,6,2,6_8,R,12,na,na,Kelp_east,
2024-Mar,2024-03-12,Owen,OP,na,1,8,2,8_10,R,2,na,na,Kelp_east,
2024-Mar,2024-03-12,Owen,OP,na,1,10,2,10_12,R,4,na,na,Kelp_east,
2024-Mar,2024-03-12,Owen,OP,na,1,12,2,12_14,R,3,na,na,Kelp_east,
2024-Mar,2024-03-12,Owen,OP,na,1,14,2,14_16,R,5,na,na,Kelp_east,
2024-Mar,2024-03-12,Owen,OP,na,1,16,2,16_18,R,1,na,na,Kelp_east,
2024-Mar,2024-03-12,Owen,OP,na,1,18,2,18_20,R,0,na,na,Kelp_east,
2024-Mar,2024-03-12,Owen,OP,na,1,0,2,0_2,L,2,na,na,Kelp_east,
2024-Mar,2024-03-12,Owen,OP,na,1,2,2,2_4,L,2,na,na,Kelp_east,
2024-Mar,2024-03-12,Owen,OP,na,1,4,2,4_6,L,5,na,na,Kelp_east,
2024-Mar,2024-03-12,Owen,OP,na,1,6,2,6_8,L,12,na,na,Kelp_east,
2024-Mar,2024-03-12,Owen,OP,na,1,8,2,8_10,L,2,na,na,Kelp_east,
2024-Mar,2024-03-12,Owen,OP,na,1,10,2,10_12,L,6,na,na,Kelp_east,
2024-Mar,2024-03-12,Owen,OP,na,1,12,2,12_14,L,1,na,na,Kelp_east,
2024-Mar,2024-03-12,Owen,OP,na,1,14,2,14_16,L,4,na,na,Kelp_east,
2024-Mar,2024-03-12,Owen,OP,na,1,16,2,16_18,L,1,na,na,Kelp_east,
2024-Mar,2024-03-12,Owen,OP,na,1,18,2,18_20,L,1,na,na,Kelp_east,
2024-Mar,2024-03-12,Owen,OP,na,4,0,2,0_2,R,0,na,na,Barren_east,
2024-Mar,2024-03-12,Owen,OP,na,4,2,2,2_4,R,0,na,na,Barren_east,
2024-Mar,2024-03-12,Owen,OP,na,4,4,2,4_6,R,0,na,na,Barren_east,
2024-Mar,2024-03-12,Owen,OP,na,4,6,2,6_8,R,0,na,na,Barren_east,
2024-Mar,2024-03-12,Owen,OP,na,4,8,2,8_10,R,0,na,na,Barren_east,
2024-Mar,2024-03-12,Owen,OP,na,4,10,2,10_12,R,0,na,na,Barren_east,
2024-Mar,2024-03-12,Owen,OP,na,4,12,2,12_14,R,0,na,na,Barren_east,
2024-Mar,2024-03-12,Owen,OP,na,4,14,2,14_16,R,0,na,na,Barren_east,
2024-Mar,2024-03-12,Owen,OP,na,4,16,2,16_18,R,0,na,na,Barren_east,
2024-Mar,2024-03-12,Owen,OP,na,4,18,2,18_20,R,0,na,na,Barren_east,
2024-Mar,2024-03-12,Owen,OP,na,4,0,2,0_2,L,0,na,na,Barren_east,
2024-Mar,2024-03-12,Owen,OP,na,4,2,2,2_4,L,0,na,na,Barren_east,
2024-Mar,2024-03-12,Owen,OP,na,4,4,2,4_6,L,0,na,na,Barren_east,
2024-Mar,2024-03-12,Owen,OP,na,4,6,2,6_8,L,0,na,na,Barren_east,
2024-Mar,2024-03-12,Owen,OP,na,4,8,2,8_10,L,0,na,na,Barren_east,
2024-Mar,2024-03-12,Owen,OP,na,4,10,2,10_12,L,0,na,na,Barren_east,
2024-Mar,2024-03-12,Owen,OP,na,4,12,2,12_14,L,0,na,na,Barren_east,
2024-Mar,2024-03-12,Owen,OP,na,4,14,2,14_16,L,0,na,na,Barren_east,
2024-Mar,2024-03-12,Owen,OP,na,4,16,2,16_18,L,0,na,na,Barren_east,
2024-Mar,2024-03-12,Owen,OP,na,4,18,2,18_20,L,0,na,na,Barren_west,
2024-Mar,2024-03-12,Owen,OP,na,5,0,2,0_2,R,0,na,na,Barren_west,
2024-Mar,2024-03-12,Owen,OP,na,5,2,2,2_4,R,0,na,na,Barren_west,
2024-Mar,2024-03-12,Owen,OP,na,5,4,2,4_6,R,0,na,na,Barren_west,
2024-Mar,2024-03-12,Owen,OP,na,5,6,2,6_8,R,0,na,na,Barren_west,
2024-Mar,2024-03-12,Owen,OP,na,5,8,2,8_10,R,0,na,na,Barren_west,
2024-Mar,2024-03-12,Owen,OP,na,5,10,2,10_12,R,0,na,na,Barren_west,
2024-Mar,2024-03-12,Owen,OP,na,5,12,2,12_14,R,0,na,na,Barren_west,
2024-Mar,2024-03-12,Owen,OP,na,5,14,2,14_16,R,0,na,na,Barren_west,
2024-Mar,2024-03-12,Owen,OP,na,5,16,2,16_18,R,0,na,na,Barren_west,
2024-Mar,2024-03-12,Owen,OP,na,5,18,2,18_20,R,0,na,na,Barren_west,
2024-Mar,2024-03-12,Owen,OP,na,5,0,2,0_2,L,0,na,na,Barren_west,
2024-Mar,2024-03-12,Owen,OP,na,5,2,2,2_4,L,0,na,na,Barren_west,
2024-Mar,2024-03-12,Owen,OP,na,5,4,2,4_6,L,0,na,na,Barren_west,
2024-Mar,2024-03-12,Owen,OP,na,5,6,2,6_8,L,0,na,na,Barren_west,
2024-Mar,2024-03-12,Owen,OP,na,5,8,2,8_10,L,0,na,na,Barren_west,
2024-Mar,2024-03-12,Owen,OP,na,5,10,2,10_12,L,0,na,na,Barren_west,
2024-Mar,2024-03-12,Owen,OP,na,5,12,2,12_14,L,0,na,na,Barren_west,
2024-Mar,2024-03-12,Owen,OP,na,5,14,2,14_16,L,0,na,na,Barren_west,
2024-Mar,2024-03-12,Owen,OP,na,5,16,2,16_18,L,0,na,na,Barren_west,
2024-Mar,2024-03-12,Owen,OP,na,5,18,2,18_20,L,0,na,na,Barren_west,
2024-Mar,2024-03-19,Owen,OP/DCO,na,5,0,2,0_2,R,0,na,na,Barren_west,
2024-Mar,2024-03-19,Owen,OP/DCO,na,5,2,2,2_4,R,0,na,na,Barren_west,
2024-Mar,2024-03-19,Owen,OP/DCO,na,5,4,2,4_6,R,0,na,na,Barren_west,
2024-Mar,2024-03-19,Owen,OP/DCO,na,5,6,2,6_8,R,0,na,na,Barren_west,
2024-Mar,2024-03-19,Owen,OP/DCO,na,5,8,2,8_10,R,0,na,na,Barren_west,
2024-Mar,2024-03-19,Owen,OP/DCO,na,5,10,2,10_12,R,0,na,na,Barren_west,
2024-Mar,2024-03-19,Owen,OP/DCO,na,5,12,2,12_14,R,0,na,na,Barren_west,
2024-Mar,2024-03-19,Owen,OP/DCO,na,5,14,2,14_16,R,0,na,na,Barren_west,
2024-Mar,2024-03-19,Owen,OP/DCO,na,5,16,2,16_18,R,0,na,na,Barren_west,
2024-Mar,2024-03-19,Owen,OP/DCO,na,5,18,2,18_20,R,0,na,na,Barren_west,
2024-Mar,2024-03-19,Owen,OP/DCO,na,5,0,2,0_2,L,0,na,na,Barren_west,
2024-Mar,2024-03-19,Owen,OP/DCO,na,5,2,2,2_4,L,0,na,na,Barren_west,
2024-Mar,2024-03-19,Owen,OP/DCO,na,5,4,2,4_6,L,0,na,na,Barren_west,
2024-Mar,2024-03-19,Owen,OP/DCO,na,5,6,2,6_8,L,0,na,na,Barren_west,
2024-Mar,2024-03-19,Owen,OP/DCO,na,5,8,2,8_10,L,0,na,na,Barren_west,
2024-Mar,2024-03-19,Owen,OP/DCO,na,5,10,2,10_12,L,0,na,na,Barren_west,
2024-Mar,2024-03-19,Owen,OP/DCO,na,5,12,2,12_14,L,0,na,na,Barren_west,
2024-Mar,2024-03-19,Owen,OP/DCO,na,5,14,2,14_16,L,0,na,na,Barren_west,
2024-Mar,2024-03-19,Owen,OP/DCO,na,5,16,2,16_18,L,0,na,na,Barren_west,
2024-Mar,2024-03-19,Owen,OP/DCO,na,5,18,2,18_20,L,0,na,na,Barren_west,
2024-Mar,2024-03-19,Owen,OP/DCO,na,4,0,2,0_2,R,0,na,na,Barren_west,
2024-Mar,2024-03-19,Owen,OP/DCO,na,4,2,2,2_4,R,0,na,na,Barren_east,
2024-Mar,2024-03-19,Owen,OP/DCO,na,4,4,2,4_6,R,0,na,na,Barren_east,
2024-Mar,2024-03-19,Owen,OP/DCO,na,4,6,2,6_8,R,0,na,na,Barren_east,
2024-Mar,2024-03-19,Owen,OP/DCO,na,4,8,2,8_10,R,0,na,na,Barren_east,
2024-Mar,2024-03-19,Owen,OP/DCO,na,4,10,2,10_12,R,0,na,na,Barren_east,
2024-Mar,2024-03-19,Owen,OP/DCO,na,4,12,2,12_14,R,0,na,na,Barren_east,
2024-Mar,2024-03-19,Owen,OP/DCO,na,4,14,2,14_16,R,0,na,na,Barren_east,
2024-Mar,2024-03-19,Owen,OP/DCO,na,4,16,2,16_18,R,0,na,na,Barren_east,
2024-Mar,2024-03-19,Owen,OP/DCO,na,4,18,2,18_20,R,0,na,na,Barren_east,
2024-Mar,2024-03-19,Owen,OP/DCO,na,4,0,2,0_2,L,0,na,na,Barren_east,
2024-Mar,2024-03-19,Owen,OP/DCO,na,4,2,2,2_4,L,0,na,na,Barren_east,
2024-Mar,2024-03-19,Owen,OP/DCO,na,4,4,2,4_6,L,0,na,na,Barren_east,
2024-Mar,2024-03-19,Owen,OP/DCO,na,4,6,2,6_8,L,0,na,na,Barren_east,
2024-Mar,2024-03-19,Owen,OP/DCO,na,4,8,2,8_10,L,0,na,na,Barren_east,
2024-Mar,2024-03-19,Owen,OP/DCO,na,4,10,2,10_12,L,0,na,na,Barren_east,
2024-Mar,2024-03-19,Owen,OP/DCO,na,4,12,2,12_14,L,0,na,na,Barren_east,
2024-Mar,2024-03-19,Owen,OP/DCO,na,4,14,2,14_16,L,0,na,na,Barren_east,
2024-Mar,2024-03-19,Owen,OP/DCO,na,4,16,2,16_18,L,0,na,na,Barren_east,
2024-Mar,2024-03-19,Owen,OP/DCO,na,4,18,2,18_20,L,0,na,na,Barren_east,
2024-Mar,2024-03-19,Owen,OP/DCO,na,2,0,2,0_2,R,0,na,na,Kelp_west,
2024-Mar,2024-03-19,Owen,OP/DCO,na,2,2,2,2_4,R,0,na,na,Kelp_west,
2024-Mar,2024-03-19,Owen,OP/DCO,na,2,4,2,4_6,R,0,na,na,Kelp_west,
2024-Mar,2024-03-19,Owen,OP/DCO,na,2,6,2,6_8,R,0,na,na,Kelp_west,
2024-Mar,2024-03-19,Owen,OP/DCO,na,2,8,2,8_10,R,0,na,na,Kelp_west,
2024-Mar,2024-03-19,Owen,OP/DCO,na,2,10,2,10_12,R,0,na,na,Kelp_west,
2024-Mar,2024-03-19,Owen,OP/DCO,na,2,12,2,12_14,R,0,na,na,Kelp_west,
2024-Mar,2024-03-19,Owen,OP/DCO,na,2,14,2,14_16,R,0,na,na,Kelp_west,
2024-Mar,2024-03-19,Owen,OP/DCO,na,2,16,2,16_18,R,0,na,na,Kelp_west,
2024-Mar,2024-03-19,Owen,OP/DCO,na,2,18,2,18_20,R,0,na,na,Kelp_west,
2024-Mar,2024-03-19,Owen,OP/DCO,na,2,0,2,0_2,L,0,na,na,Kelp_west,
2024-Mar,2024-03-19,Owen,OP/DCO,na,2,2,2,2_4,L,0,na,na,Kelp_west,
2024-Mar,2024-03-19,Owen,OP/DCO,na,2,4,2,4_6,L,0,na,na,Kelp_west,
2024-Mar,2024-03-19,Owen,OP/DCO,na,2,6,2,6_8,L,0,na,na,Kelp_west,
2024-Mar,2024-03-19,Owen,OP/DCO,na,2,8,2,8_10,L,0,na,na,Kelp_west,
2024-Mar,2024-03-19,Owen,OP/DCO,na,2,10,2,10_12,L,0,na,na,Kelp_west,
2024-Mar,2024-03-19,Owen,OP/DCO,na,2,12,2,12_14,L,0,na,na,Kelp_west,
2024-Mar,2024-03-19,Owen,OP/DCO,na,2,14,2,14_16,L,0,na,na,Kelp_west,
2024-Mar,2024-03-19,Owen,OP/DCO,na,2,16,2,16_18,L,0,na,na,Kelp_west,
2024-Mar,2024-03-19,Owen,OP/DCO,na,2,18,2,18_20,L,0,na,na,Kelp_west,
2024-Mar,2024-03-19,Owen,OP/DCO,na,1,0,2,0_2,R,9,na,na,Kelp_east,
2024-Mar,2024-03-19,Owen,OP/DCO,na,1,2,2,2_4,R,5,na,na,Kelp_east,
2024-Mar,2024-03-19,Owen,OP/DCO,na,1,4,2,4_6,R,8,na,na,Kelp_east,
2024-Mar,2024-03-19,Owen,OP/DCO,na,1,6,2,6_8,R,6,na,na,Kelp_east,
2024-Mar,2024-03-19,Owen,OP/DCO,na,1,8,2,8_10,R,11,na,na,Kelp_east,
2024-Mar,2024-03-19,Owen,OP/DCO,na,1,10,2,10_12,R,20,na,na,Kelp_east,
2024-Mar,2024-03-19,Owen,OP/DCO,na,1,12,2,12_14,R,23,na,na,Kelp_east,
2024-Mar,2024-03-19,Owen,OP/DCO,na,1,14,2,14_16,R,16,na,na,Kelp_east,
2024-Mar,2024-03-19,Owen,OP/DCO,na,1,16,2,16_18,R,10,na,na,Kelp_east,
2024-Mar,2024-03-19,Owen,OP/DCO,na,1,18,2,18_20,R,4,na,na,Kelp_east,
2024-Mar,2024-03-19,Owen,OP/DCO,na,1,0,2,0_2,L,7,na,na,Kelp_east,
2024-Mar,2024-03-19,Owen,OP/DCO,na,1,2,2,2_4,L,16,na,na,Kelp_east,
2024-Mar,2024-03-19,Owen,OP/DCO,na,1,4,2,4_6,L,5,na,na,Kelp_east,
2024-Mar,2024-03-19,Owen,OP/DCO,na,1,6,2,6_8,L,12,na,na,Kelp_east,
2024-Mar,2024-03-19,Owen,OP/DCO,na,1,8,2,8_10,L,14,na,na,Kelp_east,
2024-Mar,2024-03-19,Owen,OP/DCO,na,1,10,2,10_12,L,5,na,na,Kelp_east,
2024-Mar,2024-03-19,Owen,OP/DCO,na,1,12,2,12_14,L,8,na,na,Kelp_east,
2024-Mar,2024-03-19,Owen,OP/DCO,na,1,14,2,14_16,L,9,na,na,Kelp_east,
2024-Mar,2024-03-19,Owen,OP/DCO,na,1,16,2,16_18,L,17,na,na,Kelp_east,
2024-Mar,2024-03-19,Owen,OP/DCO,na,1,18,2,18_20,L,6,na,na,Kelp_east,
2024-Mar,2024-03-26,Owen,DCO,na,5,0,2,0_2,R,0,na,na,Barren_west,
2024-Mar,2024-03-26,Owen,DCO,na,5,2,2,2_4,R,0,na,na,Barren_west,
2024-Mar,2024-03-26,Owen,DCO,na,5,4,2,4_6,R,0,na,na,Barren_west,
2024-Mar,2024-03-26,Owen,DCO,na,5,6,2,6_8,R,0,na,na,Barren_west,
2024-Mar,2024-03-26,Owen,DCO,na,5,8,2,8_10,R,0,na,na,Barren_west,
2024-Mar,2024-03-26,Owen,DCO,na,5,10,2,10_12,R,0,na,na,Barren_west,
2024-Mar,2024-03-26,Owen,DCO,na,5,12,2,12_14,R,0,na,na,Barren_west,
2024-Mar,2024-03-26,Owen,DCO,na,5,14,2,14_16,R,0,na,na,Barren_west,
2024-Mar,2024-03-26,Owen,DCO,na,5,16,2,16_18,R,0,na,na,Barren_west,
2024-Mar,2024-03-26,Owen,DCO,na,5,18,2,18_20,R,0,na,na,Barren_west,
2024-Mar,2024-03-26,Owen,DCO,na,5,0,2,0_2,L,0,na,na,Barren_west,
2024-Mar,2024-03-26,Owen,DCO,na,5,2,2,2_4,L,0,na,na,Barren_west,
2024-Mar,2024-03-26,Owen,DCO,na,5,4,2,4_6,L,0,na,na,Barren_west,
2024-Mar,2024-03-26,Owen,DCO,na,5,6,2,6_8,L,0,na,na,Barren_west,
2024-Mar,2024-03-26,Owen,DCO,na,5,8,2,8_10,L,0,na,na,Barren_west,
2024-Mar,2024-03-26,Owen,DCO,na,5,10,2,10_12,L,0,na,na,Barren_west,
2024-Mar,2024-03-26,Owen,DCO,na,5,12,2,12_14,L,0,na,na,Barren_west,
2024-Mar,2024-03-26,Owen,DCO,na,5,14,2,14_16,L,0,na,na,Barren_west,
2024-Mar,2024-03-26,Owen,DCO,na,5,16,2,16_18,L,0,na,na,Barren_west,
2024-Mar,2024-03-26,Owen,DCO,na,5,18,2,18_20,L,0,na,na,Barren_west,
2024-Mar,2024-03-26,Owen,DCO,na,4,0,2,0_2,R,0,na,na,Barren_west,
2024-Mar,2024-03-26,Owen,DCO,na,4,2,2,2_4,R,0,na,na,Barren_east,
2024-Mar,2024-03-26,Owen,DCO,na,4,4,2,4_6,R,0,na,na,Barren_east,
2024-Mar,2024-03-26,Owen,DCO,na,4,6,2,6_8,R,0,na,na,Barren_east,
2024-Mar,2024-03-26,Owen,DCO,na,4,8,2,8_10,R,0,na,na,Barren_east,
2024-Mar,2024-03-26,Owen,DCO,na,4,10,2,10_12,R,0,na,na,Barren_east,
2024-Mar,2024-03-26,Owen,DCO,na,4,12,2,12_14,R,0,na,na,Barren_east,
2024-Mar,2024-03-26,Owen,DCO,na,4,14,2,14_16,R,0,na,na,Barren_east,
2024-Mar,2024-03-26,Owen,DCO,na,4,16,2,16_18,R,0,na,na,Barren_east,
2024-Mar,2024-03-26,Owen,DCO,na,4,18,2,18_20,R,0,na,na,Barren_east,
2024-Mar,2024-03-26,Owen,DCO,na,4,0,2,0_2,L,0,na,na,Barren_east,
2024-Mar,2024-03-26,Owen,DCO,na,4,2,2,2_4,L,0,na,na,Barren_east,
2024-Mar,2024-03-26,Owen,DCO,na,4,4,2,4_6,L,0,na,na,Barren_east,
2024-Mar,2024-03-26,Owen,DCO,na,4,6,2,6_8,L,0,na,na,Barren_east,
2024-Mar,2024-03-26,Owen,DCO,na,4,8,2,8_10,L,0,na,na,Barren_east,
2024-Mar,2024-03-26,Owen,DCO,na,4,10,2,10_12,L,0,na,na,Barren_east,
2024-Mar,2024-03-26,Owen,DCO,na,4,12,2,12_14,L,0,na,na,Barren_east,
2024-Mar,2024-03-26,Owen,DCO,na,4,14,2,14_16,L,0,na,na,Barren_east,
2024-Mar,2024-03-26,Owen,DCO,na,4,16,2,16_18,L,0,na,na,Barren_east,
2024-Mar,2024-03-26,Owen,DCO,na,4,18,2,18_20,L,0,na,na,Barren_east,
2024-Mar,2024-03-26,Owen,DCO,na,2,0,2,0_2,R,3,na,na,Kelp_west,
2024-Mar,2024-03-26,Owen,DCO,na,2,2,2,2_4,R,0,na,na,Kelp_west,
2024-Mar,2024-03-26,Owen,DCO,na,2,4,2,4_6,R,0,na,na,Kelp_west,
2024-Mar,2024-03-26,Owen,DCO,na,2,6,2,6_8,R,0,na,na,Kelp_west,
2024-Mar,2024-03-26,Owen,DCO,na,2,8,2,8_10,R,0,na,na,Kelp_west,
2024-Mar,2024-03-26,Owen,DCO,na,2,10,2,10_12,R,0,na,na,Kelp_west,
2024-Mar,2024-03-26,Owen,DCO,na,2,12,2,12_14,R,0,na,na,Kelp_west,
2024-Mar,2024-03-26,Owen,DCO,na,2,14,2,14_16,R,0,na,na,Kelp_west,
2024-Mar,2024-03-26,Owen,DCO,na,2,16,2,16_18,R,0,na,na,Kelp_west,
2024-Mar,2024-03-26,Owen,DCO,na,2,18,2,18_20,R,0,na,na,Kelp_west,
2024-Mar,2024-03-26,Owen,DCO,na,2,0,2,0_2,L,2,na,na,Kelp_west,
2024-Mar,2024-03-26,Owen,DCO,na,2,2,2,2_4,L,0,na,na,Kelp_west,
2024-Mar,2024-03-26,Owen,DCO,na,2,4,2,4_6,L,0,na,na,Kelp_west,
2024-Mar,2024-03-26,Owen,DCO,na,2,6,2,6_8,L,0,na,na,Kelp_west,
2024-Mar,2024-03-26,Owen,DCO,na,2,8,2,8_10,L,0,na,na,Kelp_west,
2024-Mar,2024-03-26,Owen,DCO,na,2,10,2,10_12,L,0,na,na,Kelp_west,
2024-Mar,2024-03-26,Owen,DCO,na,2,12,2,12_14,L,0,na,na,Kelp_west,
2024-Mar,2024-03-26,Owen,DCO,na,2,14,2,14_16,L,0,na,na,Kelp_west,
2024-Mar,2024-03-26,Owen,DCO,na,2,16,2,16_18,L,0,na,na,Kelp_west,
2024-Mar,2024-03-26,Owen,DCO,na,2,18,2,18_20,L,0,na,na,Kelp_west,
2024-Mar,2024-03-26,Owen,DCO,na,1,0,2,0_2,R,57,na,na,Kelp_east,
2024-Mar,2024-03-26,Owen,DCO,na,1,2,2,2_4,R,27,na,na,Kelp_east,
2024-Mar,2024-03-26,Owen,DCO,na,1,4,2,4_6,R,45,na,na,Kelp_east,
2024-Mar,2024-03-26,Owen,DCO,na,1,6,2,6_8,R,19,na,na,Kelp_east,
2024-Mar,2024-03-26,Owen,DCO,na,1,8,2,8_10,R,20,na,na,Kelp_east,
2024-Mar,2024-03-26,Owen,DCO,na,1,10,2,10_12,R,9,na,na,Kelp_east,
2024-Mar,2024-03-26,Owen,DCO,na,1,12,2,12_14,R,26,na,na,Kelp_east,
2024-Mar,2024-03-26,Owen,DCO,na,1,14,2,14_16,R,17,na,na,Kelp_east,
2024-Mar,2024-03-26,Owen,DCO,na,1,16,2,16_18,R,14,na,na,Kelp_east,
2024-Mar,2024-03-26,Owen,DCO,na,1,18,2,18_20,R,16,na,na,Kelp_east,
2024-Mar,2024-03-26,Owen,DCO,na,1,0,2,0_2,L,55,na,na,Kelp_east,
2024-Mar,2024-03-26,Owen,DCO,na,1,2,2,2_4,L,34,na,na,Kelp_east,
2024-Mar,2024-03-26,Owen,DCO,na,1,4,2,4_6,L,22,na,na,Kelp_east,
2024-Mar,2024-03-26,Owen,DCO,na,1,6,2,6_8,L,24,na,na,Kelp_east,
2024-Mar,2024-03-26,Owen,DCO,na,1,8,2,8_10,L,11,na,na,Kelp_east,
2024-Mar,2024-03-26,Owen,DCO,na,1,10,2,10_12,L,9,na,na,Kelp_east,
2024-Mar,2024-03-26,Owen,DCO,na,1,12,2,12_14,L,7,na,na,Kelp_east,
2024-Mar,2024-03-26,Owen,DCO,na,1,14,2,14_16,L,6,na,na,Kelp_east,
2024-Mar,2024-03-26,Owen,DCO,na,1,16,2,16_18,L,5,na,na,Kelp_east,
2024-Mar,2024-03-26,Owen,DCO,na,1,18,2,18_20,L,5,na,na,Kelp_east,
2024-May,2024-05-07,Owen,DVM,na,5,0,2,0_2,R,0,,na,Barren_west,
2024-May,2024-05-07,Owen,DVM,na,5,2,2,2_4,R,1,,na,Barren_west,
2024-May,2024-05-07,Owen,DVM,na,5,4,2,4_6,R,4,,na,Barren_west,
2024-May,2024-05-07,Owen,DVM,na,5,6,2,6_8,R,9,,na,Barren_west,
2024-May,2024-05-07,Owen,DVM,na,5,8,2,8_10,R,6,,na,Barren_west,
2024-May,2024-05-07,Owen,DVM,na,5,10,2,10_12,R,0,,na,Barren_west,
2024-May,2024-05-07,Owen,DVM,na,5,12,2,12_14,R,9,,na,Barren_west,
2024-May,2024-05-07,Owen,DVM,na,5,14,2,14_16,R,4,,na,Barren_west,
2024-May,2024-05-07,Owen,DVM,na,5,16,2,16_18,R,6,,na,Barren_west,
2024-May,2024-05-07,Owen,DVM,na,5,18,2,18_20,R,12,,na,Barren_west,
2024-May,2024-05-07,Owen,DVM,na,5,0,2,0_2,L,0,,na,Barren_west,
2024-May,2024-05-07,Owen,DVM,na,5,2,2,2_4,L,1,,na,Barren_west,
2024-May,2024-05-07,Owen,DVM,na,5,4,2,4_6,L,1,,na,Barren_west,
2024-May,2024-05-07,Owen,DVM,na,5,6,2,6_8,L,3,,na,Barren_west,
2024-May,2024-05-07,Owen,DVM,na,5,8,2,8_10,L,1,,na,Barren_west,
2024-May,2024-05-07,Owen,DVM,na,5,10,2,10_12,L,5,,na,Barren_west,
2024-May,2024-05-07,Owen,DVM,na,5,12,2,12_14,L,3,,na,Barren_west,
2024-May,2024-05-07,Owen,DVM,na,5,14,2,14_16,L,15,,na,Barren_west,
2024-May,2024-05-07,Owen,DVM,na,5,16,2,16_18,L,6,,na,Barren_west,
2024-May,2024-05-07,Owen,DVM,na,5,18,2,18_20,L,17,,na,Barren_west,
2024-May,2024-05-07,Owen,DVM,na,2,0,2,0_2,R,8,,na,Kelp_west,
2024-May,2024-05-07,Owen,DVM,na,2,2,2,2_4,R,16,,na,Kelp_west,
2024-May,2024-05-07,Owen,DVM,na,2,4,2,4_6,R,23,,na,Kelp_west,
2024-May,2024-05-07,Owen,DVM,na,2,6,2,6_8,R,19,,na,Kelp_west,
2024-May,2024-05-07,Owen,DVM,na,2,8,2,8_10,R,32,,na,Kelp_west,
2024-May,2024-05-07,Owen,DVM,na,2,10,2,10_12,R,24,,na,Kelp_west,
2024-May,2024-05-07,Owen,DVM,na,2,12,2,12_14,R,19,,na,Kelp_west,
2024-May,2024-05-07,Owen,DVM,na,2,14,2,14_16,R,38,,na,Kelp_west,
2024-May,2024-05-07,Owen,DVM,na,2,16,2,16_18,R,36,,na,Kelp_west,
2024-May,2024-05-07,Owen,DVM,na,2,18,2,18_20,R,5,,na,Kelp_west,
2024-May,2024-05-07,Owen,DVM,na,2,0,2,0_2,L,17,,na,Kelp_west,
2024-May,2024-05-07,Owen,DVM,na,2,2,2,2_4,L,7,,na,Kelp_west,
2024-May,2024-05-07,Owen,DVM,na,2,4,2,4_6,L,10,,na,Kelp_west,
2024-May,2024-05-07,Owen,DVM,na,2,6,2,6_8,L,6,,na,Kelp_west,
2024-May,2024-05-07,Owen,DVM,na,2,8,2,8_10,L,11,,na,Kelp_west,
2024-May,2024-05-07,Owen,DVM,na,2,10,2,10_12,L,27,,na,Kelp_west,
2024-May,2024-05-07,Owen,DVM,na,2,12,2,12_14,L,37,,na,Kelp_west,
2024-May,2024-05-07,Owen,DVM,na,2,14,2,14_16,L,44,,na,Kelp_west,
2024-May,2024-05-07,Owen,DVM,na,2,16,2,16_18,L,21,,na,Kelp_west,
2024-May,2024-05-07,Owen,DVM,na,2,18,2,18_20,L,6,,na,Kelp_west,
2024-May,2024-05-07,Owen,DVM,na,1,0,2,0_2,R,15,,na,Kelp_east,
2024-May,2024-05-07,Owen,DVM,na,1,2,2,2_4,R,11,,na,Kelp_east,
2024-May,2024-05-07,Owen,DVM,na,1,4,2,4_6,R,18,,na,Kelp_east,
2024-May,2024-05-07,Owen,DVM,na,1,6,2,6_8,R,23,,na,Kelp_east,
2024-May,2024-05-07,Owen,DVM,na,1,8,2,8_10,R,14,,na,Kelp_east,
2024-May,2024-05-07,Owen,DVM,na,1,10,2,10_12,R,25,,na,Kelp_east,
2024-May,2024-05-07,Owen,DVM,na,1,12,2,12_14,R,36,,na,Kelp_east,
2024-May,2024-05-07,Owen,DVM,na,1,14,2,14_16,R,12,,na,Kelp_east,
2024-May,2024-05-07,Owen,DVM,na,1,16,2,16_18,R,32,,na,Kelp_east,
2024-May,2024-05-07,Owen,DVM,na,1,18,2,18_20,R,15,,na,Kelp_east,
2024-May,2024-05-07,Owen,DVM,na,1,0,2,0_2,L,46,,na,Kelp_east,
2024-May,2024-05-07,Owen,DVM,na,1,2,2,2_4,L,17,,na,Kelp_east,
2024-May,2024-05-07,Owen,DVM,na,1,4,2,4_6,L,43,,na,Kelp_east,
2024-May,2024-05-07,Owen,DVM,na,1,6,2,6_8,L,36,,na,Kelp_east,
2024-May,2024-05-07,Owen,DVM,na,1,8,2,8_10,L,17,,na,Kelp_east,
2024-May,2024-05-07,Owen,DVM,na,1,10,2,10_12,L,8,,na,Kelp_east,
2024-May,2024-05-07,Owen,DVM,na,1,12,2,12_14,L,25,,na,Kelp_east,
2024-May,2024-05-07,Owen,DVM,na,1,14,2,14_16,L,34,,na,Kelp_east,
2024-May,2024-05-07,Owen,DVM,na,1,16,2,16_18,L,36,,na,Kelp_east,
2024-May,2024-05-07,Owen,DVM,na,1,18,2,18_20,L,21,,na,Kelp_east,
2024-May,2024-05-07,Owen,DVM,na,4,0,2,0_2,R,0,,na,Barren_east,
2024-May,2024-05-07,Owen,DVM,na,4,2,2,2_4,R,0,,na,Barren_east,
2024-May,2024-05-07,Owen,DVM,na,4,4,2,4_6,R,0,,na,Barren_east,
2024-May,2024-05-07,Owen,DVM,na,4,6,2,6_8,R,0,,na,Barren_east,
2024-May,2024-05-07,Owen,DVM,na,4,8,2,8_10,R,0,,na,Barren_east,
2024-May,2024-05-07,Owen,DVM,na,4,10,2,10_12,R,0,,na,Barren_east,
2024-May,2024-05-07,Owen,DVM,na,4,12,2,12_14,R,0,,na,Barren_east,
2024-May,2024-05-07,Owen,DVM,na,4,14,2,14_16,R,0,,na,Barren_east,
2024-May,2024-05-07,Owen,DVM,na,4,16,2,16_18,R,0,,na,Barren_east,
2024-May,2024-05-07,Owen,DVM,na,4,18,2,18_20,R,0,,na,Barren_east,
2024-May,2024-05-07,Owen,DVM,na,4,0,2,0_2,L,0,,na,Barren_east,
2024-May,2024-05-07,Owen,DVM,na,4,2,2,2_4,L,0,,na,Barren_east,
2024-May,2024-05-07,Owen,DVM,na,4,4,2,4_6,L,0,,na,Barren_east,
2024-May,2024-05-07,Owen,DVM,na,4,6,2,6_8,L,0,,na,Barren_east,
2024-May,2024-05-07,Owen,DVM,na,4,8,2,8_10,L,0,,na,Barren_east,
2024-May,2024-05-07,Owen,DVM,na,4,10,2,10_12,L,0,,na,Barren_east,
2024-May,2024-05-07,Owen,DVM,na,4,12,2,12_14,L,0,,na,Barren_east,
2024-May,2024-05-07,Owen,DVM,na,4,14,2,14_16,L,0,,na,Barren_east,
2024-May,2024-05-07,Owen,DVM,na,4,16,2,16_18,L,0,,na,Barren_east,
2024-May,2024-05-07,Owen,DVM,na,4,18,2,18_20,L,0,,na,Barren_east,
2024-Jun,2024-06-19,Owen,OP,na,1,0,2,0_2,L,7,,na,Kelp_east,
2024-Jun,2024-06-19,Owen,OP,na,1,2,2,2_4,L,11,,na,Kelp_east,
2024-Jun,2024-06-19,Owen,OP,na,1,4,2,4_6,L,14,,na,Kelp_east,
2024-Jun,2024-06-19,Owen,OP,na,1,6,2,6_8,L,17,,na,Kelp_east,
2024-Jun,2024-06-19,Owen,OP,na,1,8,2,8_10,L,14,,na,Kelp_east,
2024-Jun,2024-06-19,Owen,OP,na,1,10,2,10_12,L,10,,na,Kelp_east,
2024-Jun,2024-06-19,Owen,OP,na,1,12,2,12_14,L,16,,na,Kelp_east,
2024-Jun,2024-06-19,Owen,OP,na,1,14,2,14_16,L,23,,na,Kelp_east,
2024-Jun,2024-06-19,Owen,OP,na,1,16,2,16_18,L,16,,na,Kelp_east,
2024-Jun,2024-06-19,Owen,OP,na,1,18,2,18_20,L,27,,na,Kelp_east,
2024-Jun,2024-06-19,Owen,OP,na,1,0,2,0_2,R,15,,na,Kelp_east,
2024-Jun,2024-06-19,Owen,OP,na,1,2,2,2_4,R,16,,na,Kelp_east,
2024-Jun,2024-06-19,Owen,OP,na,1,4,2,4_6,R,36,,na,Kelp_east,
2024-Jun,2024-06-19,Owen,OP,na,1,6,2,6_8,R,21,,na,Kelp_east,
2024-Jun,2024-06-19,Owen,OP,na,1,8,2,8_10,R,18,,na,Kelp_east,
2024-Jun,2024-06-19,Owen,OP,na,1,10,2,10_12,R,28,,na,Kelp_east,
2024-Jun,2024-06-19,Owen,OP,na,1,12,2,12_14,R,24,,na,Kelp_east,
2024-Jun,2024-06-19,Owen,OP,na,1,14,2,14_16,R,15,,na,Kelp_east,
2024-Jun,2024-06-19,Owen,OP,na,1,16,2,16_18,R,9,,na,Kelp_east,
2024-Jun,2024-06-19,Owen,OP,na,1,18,2,18_20,R,21,,na,Kelp_east,
2024-Jun,2024-06-19,Owen,OP,na,5,0,2,0_2,L,0,,na,Barren_west,
2024-Jun,2024-06-19,Owen,OP,na,5,2,2,2_4,L,2,,na,Barren_west,
2024-Jun,2024-06-19,Owen,OP,na,5,4,2,4_6,L,3,,na,Barren_west,
2024-Jun,2024-06-19,Owen,OP,na,5,6,2,6_8,L,1,,na,Barren_west,
2024-Jun,2024-06-19,Owen,OP,na,5,8,2,8_10,L,0,,na,Barren_west,
2024-Jun,2024-06-19,Owen,OP,na,5,10,2,10_12,L,6,,na,Barren_west,
2024-Jun,2024-06-19,Owen,OP,na,5,12,2,12_14,L,7,,na,Barren_west,
2024-Jun,2024-06-19,Owen,OP,na,5,14,2,14_16,L,2,,na,Barren_west,
2024-Jun,2024-06-19,Owen,OP,na,5,16,2,16_18,L,7,,na,Barren_west,
2024-Jun,2024-06-19,Owen,OP,na,5,18,2,18_20,L,3,,na,Barren_west,
2024-Jun,2024-06-19,Owen,OP,na,5,0,2,0_2,R,5,,na,Barren_west,
2024-Jun,2024-06-19,Owen,OP,na,5,2,2,2_4,R,0,,na,Barren_west,
2024-Jun,2024-06-19,Owen,OP,na,5,4,2,4_6,R,2,,na,Barren_west,
2024-Jun,2024-06-19,Owen,OP,na,5,6,2,6_8,R,0,,na,Barren_west,
2024-Jun,2024-06-19,Owen,OP,na,5,8,2,8_10,R,11,,na,Barren_west,
2024-Jun,2024-06-19,Owen,OP,na,5,10,2,10_12,R,0,,na,Barren_west,
2024-Jun,2024-06-19,Owen,OP,na,5,12,2,12_14,R,0,,na,Barren_west,
2024-Jun,2024-06-19,Owen,OP,na,5,14,2,14_16,R,15,,na,Barren_west,
2024-Jun,2024-06-19,Owen,OP,na,5,16,2,16_18,R,5,,na,Barren_west,
2024-Jun,2024-06-19,Owen,OP,na,5,18,2,18_20,R,17,,na,Barren_west,
2024-Jun,2024-06-19,Owen,OP,na,4,0,2,0_2,L,0,,na,Barren_east,
2024-Jun,2024-06-19,Owen,OP,na,4,2,2,2_4,L,0,,na,Barren_east,
2024-Jun,2024-06-19,Owen,OP,na,4,4,2,4_6,L,0,,na,Barren_east,
2024-Jun,2024-06-19,Owen,OP,na,4,6,2,6_8,L,2,,na,Barren_east,
2024-Jun,2024-06-19,Owen,OP,na,4,8,2,8_10,L,0,,na,Barren_east,
2024-Jun,2024-06-19,Owen,OP,na,4,10,2,10_12,L,0,,na,Barren_east,
2024-Jun,2024-06-19,Owen,OP,na,4,12,2,12_14,L,0,,na,Barren_east,
2024-Jun,2024-06-19,Owen,OP,na,4,14,2,14_16,L,1,,na,Barren_east,
2024-Jun,2024-06-19,Owen,OP,na,4,16,2,16_18,L,12,,na,Barren_east,
2024-Jun,2024-06-19,Owen,OP,na,4,18,2,18_20,L,17,,na,Barren_east,
2024-Jun,2024-06-19,Owen,OP,na,4,0,2,0_2,R,0,,na,Barren_east,
2024-Jun,2024-06-19,Owen,OP,na,4,2,2,2_4,R,0,,na,Barren_east,
2024-Jun,2024-06-19,Owen,OP,na,4,4,2,4_6,R,0,,na,Barren_east,
2024-Jun,2024-06-19,Owen,OP,na,4,6,2,6_8,R,0,,na,Barren_east,
2024-Jun,2024-06-19,Owen,OP,na,4,8,2,8_10,R,0,,na,Barren_east,
2024-Jun,2024-06-19,Owen,OP,na,4,10,2,10_12,R,0,,na,Barren_east,
2024-Jun,2024-06-19,Owen,OP,na,4,12,2,12_14,R,0,,na,Barren_east,
2024-Jun,2024-06-19,Owen,OP,na,4,14,2,14_16,R,0,,na,Barren_east,
2024-Jun,2024-06-19,Owen,OP,na,4,16,2,16_18,R,6,,na,Barren_east,
2024-Jun,2024-06-19,Owen,OP,na,4,18,2,18_20,R,23,,na,Barren_east,
2024-Jun,2024-06-19,Owen,OP,na,2,0,2,0_2,L,9,,na,Kelp_west,
2024-Jun,2024-06-19,Owen,OP,na,2,2,2,2_4,L,12,,na,Kelp_west,
2024-Jun,2024-06-19,Owen,OP,na,2,4,2,4_6,L,21,,na,Kelp_west,
2024-Jun,2024-06-19,Owen,OP,na,2,6,2,6_8,L,20,,na,Kelp_west,
2024-Jun,2024-06-19,Owen,OP,na,2,8,2,8_10,L,32,,na,Kelp_west,
2024-Jun,2024-06-19,Owen,OP,na,2,10,2,10_12,L,22,,na,Kelp_west,
2024-Jun,2024-06-19,Owen,OP,na,2,12,2,12_14,L,17,,na,Kelp_west,
2024-Jun,2024-06-19,Owen,OP,na,2,14,2,14_16,L,12,,na,Kelp_west,
2024-Jun,2024-06-19,Owen,OP,na,2,16,2,16_18,L,31,,na,Kelp_west,
2024-Jun,2024-06-19,Owen,OP,na,2,18,2,18_20,L,35,,na,Kelp_west,
2024-Jun,2024-06-19,Owen,OP,na,2,0,2,0_2,R,8,,na,Kelp_west,
2024-Jun,2024-06-19,Owen,OP,na,2,2,2,2_4,R,5,,na,Kelp_west,
2024-Jun,2024-06-19,Owen,OP,na,2,4,2,4_6,R,0,,na,Kelp_west,
2024-Jun,2024-06-19,Owen,OP,na,2,6,2,6_8,R,11,,na,Kelp_west,
2024-Jun,2024-06-19,Owen,OP,na,2,8,2,8_10,R,47,,na,Kelp_west,
2024-Jun,2024-06-19,Owen,OP,na,2,10,2,10_12,R,19,,na,Kelp_west,
2024-Jun,2024-06-19,Owen,OP,na,2,12,2,12_14,R,33,,na,Kelp_west,
2024-Jun,2024-06-19,Owen,OP,na,2,14,2,14_16,R,22,,na,Kelp_west,
2024-Jun,2024-06-19,Owen,OP,na,2,16,2,16_18,R,25,,na,Kelp_west,
2024-Jun,2024-06-19,Owen,OP,na,2,18,2,18_20,R,20,,na,Kelp_west,
2024-Jul,2024-07-11,Jennie_point,DCO,na,2,0,2,0_2,L,12,6.8-7.0,10:50,,
2024-Jul,2024-07-11,Jennie_point,DCO,na,2,2,2,2_4,L,2,6.8-7.0,10:50,,
2024-Jul,2024-07-11,Jennie_point,DCO,na,2,4,2,4_6,L,8,6.8-7.0,10:50,,
2024-Jul,2024-07-11,Jennie_point,DCO,na,2,6,2,6_8,L,5,6.8-7.0,10:50,,
2024-Jul,2024-07-11,Jennie_point,DCO,na,2,8,2,8_10,L,5,6.8-7.0,10:50,,
2024-Jul,2024-07-11,Jennie_point,DCO,na,2,10,2,10_12,L,0,6.8-7.0,10:50,,
2024-Jul,2024-07-11,Jennie_point,DCO,na,2,12,2,12_14,L,0,6.8-7.0,10:50,,
2024-Jul,2024-07-11,Jennie_point,DCO,na,2,14,2,14_16,L,7,6.8-7.0,10:50,,
2024-Jul,2024-07-11,Jennie_point,DCO,na,2,16,2,16_18,L,3,6.8-7.0,10:50,,
2024-Jul,2024-07-11,Jennie_point,DCO,na,2,18,2,18_20,L,4,6.8-7.0,10:50,,
2024-Jul,2024-07-11,Jennie_point,DCO,na,2,20,2,20_22,L,7,6.8-7.0,10:50,,
2024-Jul,2024-07-11,Jennie_point,DCO,na,2,22,2,22_24,L,11,6.8-7.0,10:50,,
2024-Jul,2024-07-11,Jennie_point,DCO,na,2,24,2,24_26,L,2,6.8-7.0,10:50,,
2024-Jul,2024-07-11,Jennie_point,DCO,na,2,26,2,26_28,L,0,6.8-7.0,10:50,,
2024-Jul,2024-07-11,Jennie_point,DCO,na,2,28,2,28_30,L,2,6.8-7.0,10:50,,
2024-Jul,2024-07-11,Jennie_point,DCO,na,2,0,2,0_2,R,10,6.8-7.0,10:50,,
2024-Jul,2024-07-11,Jennie_point,DCO,na,2,2,2,2_4,R,3,6.8-7.0,10:50,,
2024-Jul,2024-07-11,Jennie_point,DCO,na,2,4,2,4_6,R,2,6.8-7.0,10:50,,
2024-Jul,2024-07-11,Jennie_point,DCO,na,2,6,2,6_8,R,1,6.8-7.0,10:50,,
2024-Jul,2024-07-11,Jennie_point,DCO,na,2,8,2,8_10,R,0,6.8-7.0,10:50,,
2024-Jul,2024-07-11,Jennie_point,DCO,na,2,10,2,10_12,R,1,6.8-7.0,10:50,,
2024-Jul,2024-07-11,Jennie_point,DCO,na,2,12,2,12_14,R,0,6.8-7.0,10:50,,
2024-Jul,2024-07-11,Jennie_point,DCO,na,2,14,2,14_16,R,7,6.8-7.0,10:50,,
2024-Jul,2024-07-11,Jennie_point,DCO,na,2,16,2,16_18,R,5,6.8-7.0,10:50,,
2024-Jul,2024-07-11,Jennie_point,DCO,na,2,18,2,18_20,R,0,6.8-7.0,10:50,,
2024-Jul,2024-07-11,Jennie_point,DCO,na,2,20,2,20_22,R,3,6.8-7.0,10:50,,
2024-Jul,2024-07-11,Jennie_point,DCO,na,2,22,2,22_24,R,7,6.8-7.0,10:50,,
2024-Jul,2024-07-11,Jennie_point,DCO,na,2,24,2,24_26,R,6,6.8-7.0,10:50,,
2024-Jul,2024-07-11,Jennie_point,DCO,na,2,26,2,26_28,R,6,6.8-7.0,10:50,,
2024-Jul,2024-07-11,Jennie_point,DCO,na,2,28,2,28_30,R,4,6.8-7.0,10:50,,
2024-Jul,2024-07-11,Jennie_point,AS,na,1,0,2,0_2,L,0,7.1,10:50,,
2024-Jul,2024-07-11,Jennie_point,AS,na,1,2,2,2_4,L,9,7.1,10:50,,
2024-Jul,2024-07-11,Jennie_point,AS,na,1,4,2,4_6,L,11,7.1,10:50,,
2024-Jul,2024-07-11,Jennie_point,AS,na,1,6,2,6_8,L,3,7.1,10:50,,
2024-Jul,2024-07-11,Jennie_point,AS,na,1,8,2,8_10,L,11,7.1,10:50,,
2024-Jul,2024-07-11,Jennie_point,AS,na,1,10,2,10_12,L,2,7.1,10:50,,
2024-Jul,2024-07-11,Jennie_point,AS,na,1,12,2,12_14,L,4,7.1,10:50,,
2024-Jul,2024-07-11,Jennie_point,AS,na,1,14,2,14_16,L,1,7.1,10:50,,
2024-Jul,2024-07-11,Jennie_point,AS,na,1,16,2,16_18,L,0,7.1,10:50,,
2024-Jul,2024-07-11,Jennie_point,AS,na,1,18,2,18_20,L,0,7.1,10:50,,
2024-Jul,2024-07-11,Jennie_point,AS,na,1,20,2,20_22,L,4,7.1,10:50,,
2024-Jul,2024-07-11,Jennie_point,AS,na,1,22,2,22_24,L,6,7.1,10:50,,
2024-Jul,2024-07-11,Jennie_point,AS,na,1,24,2,24_26,L,4,7.1,10:50,,
2024-Jul,2024-07-11,Jennie_point,AS,na,1,26,2,26_28,L,0,7.1,10:50,,
2024-Jul,2024-07-11,Jennie_point,AS,na,1,28,2,28_30,L,0,7.1,10:50,,
2024-Jul,2024-07-11,Jennie_point,AS,na,1,0,2,0_2,R,2,7.1,10:50,,
2024-Jul,2024-07-11,Jennie_point,AS,na,1,2,2,2_4,R,4,7.1,10:50,,
2024-Jul,2024-07-11,Jennie_point,AS,na,1,4,2,4_6,R,4,7.1,10:50,,
2024-Jul,2024-07-11,Jennie_point,AS,na,1,6,2,6_8,R,2,7.1,10:50,,
2024-Jul,2024-07-11,Jennie_point,AS,na,1,8,2,8_10,R,3,7.1,10:50,,
2024-Jul,2024-07-11,Jennie_point,AS,na,1,10,2,10_12,R,7,7.1,10:50,,
2024-Jul,2024-07-11,Jennie_point,AS,na,1,12,2,12_14,R,9,7.1,10:50,,
2024-Jul,2024-07-11,Jennie_point,AS,na,1,14,2,14_16,R,4,7.1,10:50,,
2024-Jul,2024-07-11,Jennie_point,AS,na,1,16,2,16_18,R,3,7.1,10:50,,
2024-Jul,2024-07-11,Jennie_point,AS,na,1,18,2,18_20,R,0,7.1,10:50,,
2024-Jul,2024-07-11,Jennie_point,AS,na,1,20,2,20_22,R,3,7.1,10:50,,
2024-Jul,2024-07-11,Jennie_point,AS,na,1,22,2,22_24,R,2,7.1,10:50,,
2024-Jul,2024-07-11,Jennie_point,AS,na,1,24,2,24_26,R,0,7.1,10:50,,
2024-Jul,2024-07-11,Jennie_point,AS,na,1,26,2,26_28,R,0,7.1,10:50,,
2024-Jul,2024-07-11,Jennie_point,AS,na,1,28,2,28_30,R,2,7.1,10:50,,
2024-Jul,2024-07-11,Jennie_point,OP,na,3,0,2,0_2,L,2,6,10:54,,
2024-Jul,2024-07-11,Jennie_point,OP,na,3,2,2,2_4,L,12,6,10:54,,
2024-Jul,2024-07-11,Jennie_point,OP,na,3,4,2,4_6,L,4,6,10:54,,
2024-Jul,2024-07-11,Jennie_point,OP,na,3,6,2,6_8,L,4,6,10:54,,
2024-Jul,2024-07-11,Jennie_point,OP,na,3,8,2,8_10,L,14,6,10:54,,
2024-Jul,2024-07-11,Jennie_point,OP,na,3,10,2,10_12,L,27,6,10:54,,
2024-Jul,2024-07-11,Jennie_point,OP,na,3,12,2,12_14,L,13,6,10:54,,
2024-Jul,2024-07-11,Jennie_point,OP,na,3,14,2,14_16,L,1,6,10:54,,
2024-Jul,2024-07-11,Jennie_point,OP,na,3,16,2,16_18,L,9,6,10:54,,
2024-Jul,2024-07-11,Jennie_point,OP,na,3,18,2,18_20,L,12,6,10:54,,
2024-Jul,2024-07-11,Jennie_point,OP,na,3,20,2,20_22,L,0,6,10:54,,
2024-Jul,2024-07-11,Jennie_point,OP,na,3,22,2,22_24,L,0,6,10:54,,
2024-Jul,2024-07-11,Jennie_point,OP,na,3,24,2,24_26,L,14,6,10:54,,
2024-Jul,2024-07-11,Jennie_point,OP,na,3,26,2,26_28,L,5,6,10:54,,
2024-Jul,2024-07-11,Jennie_point,OP,na,3,28,2,28_30,L,1,6,10:54,,
2024-Jul,2024-07-11,Jennie_point,OP,na,3,0,2,0_2,R,6,6,10:54,,
2024-Jul,2024-07-11,Jennie_point,OP,na,3,2,2,2_4,R,14,6,10:54,,
2024-Jul,2024-07-11,Jennie_point,OP,na,3,4,2,4_6,R,0,6,10:54,,
2024-Jul,2024-07-11,Jennie_point,OP,na,3,6,2,6_8,R,0,6,10:54,,
2024-Jul,2024-07-11,Jennie_point,OP,na,3,8,2,8_10,R,2,6,10:54,,
2024-Jul,2024-07-11,Jennie_point,OP,na,3,10,2,10_12,R,0,6,10:54,,
2024-Jul,2024-07-11,Jennie_point,OP,na,3,12,2,12_14,R,6,6,10:54,,
2024-Jul,2024-07-11,Jennie_point,OP,na,3,14,2,14_16,R,2,6,10:54,,
2024-Jul,2024-07-11,Jennie_point,OP,na,3,16,2,16_18,R,18,6,10:54,,
2024-Jul,2024-07-11,Jennie_point,OP,na,3,18,2,18_20,R,0,6,10:54,,
2024-Jul,2024-07-11,Jennie_point,OP,na,3,20,2,20_22,R,0,6,10:54,,
2024-Jul,2024-07-11,Jennie_point,OP,na,3,22,2,22_24,R,0,6,10:54,,
2024-Jul,2024-07-11,Jennie_point,OP,na,3,24,2,24_26,R,0,6,10:54,,
2024-Jul,2024-07-11,Jennie_point,OP,na,3,26,2,26_28,R,0,6,10:54,,
2024-Jul,2024-07-11,Jennie_point,OP,na,3,28,2,28_30,R,0,6,10:54,,
2024-Jul,2024-07-14,McMullins,DVM,na,1,0,2,0_2,L,6,8.6,13:43,,
2024-Jul,2024-07-14,McMullins,DVM,na,1,2,2,2_4,L,3,8.6,13:43,,
2024-Jul,2024-07-14,McMullins,DVM,na,1,4,2,4_6,L,4,8.6,13:43,,
2024-Jul,2024-07-14,McMullins,DVM,na,1,6,2,6_8,L,2,8.6,13:43,,
2024-Jul,2024-07-14,McMullins,DVM,na,1,8,2,8_10,L,0,8.6,13:43,,
2024-Jul,2024-07-14,McMullins,DVM,na,1,10,2,10_12,L,0,8.6,13:43,,
2024-Jul,2024-07-14,McMullins,DVM,na,1,12,2,12_14,L,0,8.6,13:43,,
2024-Jul,2024-07-14,McMullins,DVM,na,1,14,2,14_16,L,1,8.6,13:43,,
2024-Jul,2024-07-14,McMullins,DVM,na,1,16,2,16_18,L,7,8.6,13:43,,
2024-Jul,2024-07-14,McMullins,DVM,na,1,18,2,18_20,L,2,8.6,13:43,,
2024-Jul,2024-07-14,McMullins,DVM,na,1,20,2,20_22,L,1,8.6,13:43,,
2024-Jul,2024-07-14,McMullins,DVM,na,1,22,2,22_24,L,3,8.6,13:43,,
2024-Jul,2024-07-14,McMullins,DVM,na,1,24,2,24_26,L,1,8.6,13:43,,
2024-Jul,2024-07-14,McMullins,DVM,na,1,26,2,26_28,L,3,8.6,13:43,,
2024-Jul,2024-07-14,McMullins,DVM,na,1,28,2,28_30,L,3,8.6,13:43,,
2024-Jul,2024-07-14,McMullins,DVM,na,1,0,2,0_2,R,0,8.6,13:43,,
2024-Jul,2024-07-14,McMullins,DVM,na,1,2,2,2_4,R,0,8.6,13:43,,
2024-Jul,2024-07-14,McMullins,DVM,na,1,4,2,4_6,R,1,8.6,13:43,,
2024-Jul,2024-07-14,McMullins,DVM,na,1,6,2,6_8,R,1,8.6,13:43,,
2024-Jul,2024-07-14,McMullins,DVM,na,1,8,2,8_10,R,0,8.6,13:43,,
2024-Jul,2024-07-14,McMullins,DVM,na,1,10,2,10_12,R,2,8.6,13:43,,
2024-Jul,2024-07-14,McMullins,DVM,na,1,12,2,12_14,R,1,8.6,13:43,,
2024-Jul,2024-07-14,McMullins,DVM,na,1,14,2,14_16,R,10,8.6,13:43,,
2024-Jul,2024-07-14,McMullins,DVM,na,1,16,2,16_18,R,3,8.6,13:43,,
2024-Jul,2024-07-14,McMullins,DVM,na,1,18,2,18_20,R,0,8.6,13:43,,
2024-Jul,2024-07-14,McMullins,DVM,na,1,20,2,20_22,R,0,8.6,13:43,,
2024-Jul,2024-07-14,McMullins,DVM,na,1,22,2,22_24,R,1,8.6,13:43,,
2024-Jul,2024-07-14,McMullins,DVM,na,1,24,2,24_26,R,0,8.6,13:43,,
2024-Jul,2024-07-14,McMullins,DVM,na,1,26,2,26_28,R,1,8.6,13:43,,
2024-Jul,2024-07-14,McMullins,DVM,na,1,28,2,28_30,R,3,8.6,13:43,,
2024-Jul,2024-07-18,Robert_rocks,OP,na,3,0,2,0_2,L,2,3,13:30,,
2024-Jul,2024-07-18,Robert_rocks,OP,na,3,2,2,2_4,L,2,3,13:30,,
2024-Jul,2024-07-18,Robert_rocks,OP,na,3,4,2,4_6,L,4,3,13:30,,
2024-Jul,2024-07-18,Robert_rocks,OP,na,3,6,2,6_8,L,5,3,13:30,,
2024-Jul,2024-07-18,Robert_rocks,OP,na,3,8,2,8_10,L,2,3,13:30,,
2024-Jul,2024-07-18,Robert_rocks,OP,na,3,10,2,10_12,L,2,3,13:30,,
2024-Jul,2024-07-18,Robert_rocks,OP,na,3,12,2,12_14,L,2,3,13:30,,
2024-Jul,2024-07-18,Robert_rocks,OP,na,3,14,2,14_16,L,0,3,13:30,,
2024-Jul,2024-07-18,Robert_rocks,OP,na,3,16,2,16_18,L,2,3,13:30,,
2024-Jul,2024-07-18,Robert_rocks,OP,na,3,18,2,18_20,L,1,3,13:30,,
2024-Jul,2024-07-18,Robert_rocks,OP,na,3,20,2,20_22,L,3,3,13:30,,
2024-Jul,2024-07-18,Robert_rocks,OP,na,3,22,2,22_24,L,1,3,13:30,,
2024-Jul,2024-07-18,Robert_rocks,OP,na,3,24,2,24_26,L,0,3,13:30,,
2024-Jul,2024-07-18,Robert_rocks,OP,na,3,26,2,26_28,L,0,3,13:30,,
2024-Jul,2024-07-18,Robert_rocks,OP,na,3,28,2,28_30,L,0,3,13:30,,
2024-Jul,2024-07-18,Robert_rocks,OP,na,3,0,2,0_2,R,7,3,13:30,,
2024-Jul,2024-07-18,Robert_rocks,OP,na,3,2,2,2_4,R,12,3,13:30,,
2024-Jul,2024-07-18,Robert_rocks,OP,na,3,4,2,4_6,R,6,3,13:30,,
2024-Jul,2024-07-18,Robert_rocks,OP,na,3,6,2,6_8,R,2,3,13:30,,
2024-Jul,2024-07-18,Robert_rocks,OP,na,3,8,2,8_10,R,2,3,13:30,,
2024-Jul,2024-07-18,Robert_rocks,OP,na,3,10,2,10_12,R,9,3,13:30,,
2024-Jul,2024-07-18,Robert_rocks,OP,na,3,12,2,12_14,R,1,3,13:30,,
2024-Jul,2024-07-18,Robert_rocks,OP,na,3,14,2,14_16,R,7,3,13:30,,
2024-Jul,2024-07-18,Robert_rocks,OP,na,3,16,2,16_18,R,1,3,13:30,,
2024-Jul,2024-07-18,Robert_rocks,OP,na,3,18,2,18_20,R,3,3,13:30,,
2024-Jul,2024-07-18,Robert_rocks,OP,na,3,20,2,20_22,R,4,3,13:30,,
2024-Jul,2024-07-18,Robert_rocks,OP,na,3,22,2,22_24,R,0,3,13:30,,
2024-Jul,2024-07-18,Robert_rocks,OP,na,3,24,2,24_26,R,2,3,13:30,,
2024-Jul,2024-07-18,Robert_rocks,OP,na,3,26,2,26_28,R,1,3,13:30,,
2024-Jul,2024-07-18,Robert_rocks,OP,na,3,28,2,28_30,R,0,3,13:30,,
2024-Jul,2024-07-14,McMullins,LL,na,2,0,2,0_2,L,2,9.4,13:47,,
2024-Jul,2024-07-14,McMullins,LL,na,2,2,2,2_4,L,0,9.4,13:47,,
2024-Jul,2024-07-14,McMullins,LL,na,2,4,2,4_6,L,0,9.4,13:47,,
2024-Jul,2024-07-14,McMullins,LL,na,2,6,2,6_8,L,0,9.4,13:47,,
2024-Jul,2024-07-14,McMullins,LL,na,2,8,2,8_10,L,0,9.4,13:47,,
2024-Jul,2024-07-14,McMullins,LL,na,2,10,2,10_12,L,0,9.4,13:47,,
2024-Jul,2024-07-14,McMullins,LL,na,2,12,2,12_14,L,0,9.4,13:47,,
2024-Jul,2024-07-14,McMullins,LL,na,2,14,2,14_16,L,2,9.4,13:47,,
2024-Jul,2024-07-14,McMullins,LL,na,2,16,2,16_18,L,1,9.4,13:47,,
2024-Jul,2024-07-14,McMullins,LL,na,2,18,2,18_20,L,0,9.4,13:47,,
2024-Jul,2024-07-14,McMullins,LL,na,2,20,2,20_22,L,0,9.4,13:47,,
2024-Jul,2024-07-14,McMullins,LL,na,2,22,2,22_24,L,0,9.4,13:47,,
2024-Jul,2024-07-14,McMullins,LL,na,2,24,2,24_26,L,2,9.4,13:47,,
2024-Jul,2024-07-14,McMullins,LL,na,2,26,2,26_28,L,0,9.4,13:47,,
2024-Jul,2024-07-14,McMullins,LL,na,2,28,2,28_30,L,0,9.4,13:47,,
2024-Jul,2024-07-14,McMullins,LL,na,2,0,2,0_2,R,2,9.4,13:47,,
2024-Jul,2024-07-14,McMullins,LL,na,2,2,2,2_4,R,0,9.4,13:47,,
2024-Jul,2024-07-14,McMullins,LL,na,2,4,2,4_6,R,2,9.4,13:47,,
2024-Jul,2024-07-14,McMullins,LL,na,2,6,2,6_8,R,3,9.4,13:47,,
2024-Jul,2024-07-14,McMullins,LL,na,2,8,2,8_10,R,4,9.4,13:47,,
2024-Jul,2024-07-14,McMullins,LL,na,2,10,2,10_12,R,1,9.4,13:47,,
2024-Jul,2024-07-14,McMullins,LL,na,2,12,2,12_14,R,0,9.4,13:47,,
2024-Jul,2024-07-14,McMullins,LL,na,2,14,2,14_16,R,3,9.4,13:47,,
2024-Jul,2024-07-14,McMullins,LL,na,2,16,2,16_18,R,0,9.4,13:47,,
2024-Jul,2024-07-14,McMullins,LL,na,2,18,2,18_20,R,0,9.4,13:47,,
2024-Jul,2024-07-14,McMullins,LL,na,2,20,2,20_22,R,0,9.4,13:47,,
2024-Jul,2024-07-14,McMullins,LL,na,2,22,2,22_24,R,3,9.4,13:47,,
2024-Jul,2024-07-14,McMullins,LL,na,2,24,2,24_26,R,0,9.4,13:47,,
2024-Jul,2024-07-14,McMullins,LL,na,2,26,2,26_28,R,0,9.4,13:47,,
2024-Jul,2024-07-14,McMullins,LL,na,2,28,2,28_30,R,0,9.4,13:47,,
2024-Jul,2024-07-18,Robert_rocks,LL,na,2,0,2,0_2,L,2,4.6,13:17,,
2024-Jul,2024-07-18,Robert_rocks,LL,na,2,2,2,2_4,L,0,4.6,13:17,,
2024-Jul,2024-07-18,Robert_rocks,LL,na,2,4,2,4_6,L,0,4.6,13:17,,
2024-Jul,2024-07-18,Robert_rocks,LL,na,2,6,2,6_8,L,0,4.6,13:17,,
2024-Jul,2024-07-18,Robert_rocks,LL,na,2,8,2,8_10,L,2,4.6,13:17,,
2024-Jul,2024-07-18,Robert_rocks,LL,na,2,10,2,10_12,L,3,4.6,13:17,,
2024-Jul,2024-07-18,Robert_rocks,LL,na,2,12,2,12_14,L,2,4.6,13:17,,
2024-Jul,2024-07-18,Robert_rocks,LL,na,2,14,2,14_16,L,2,4.6,13:17,,
2024-Jul,2024-07-18,Robert_rocks,LL,na,2,16,2,16_18,L,6,4.6,13:17,,
2024-Jul,2024-07-18,Robert_rocks,LL,na,2,18,2,18_20,L,7,4.6,13:17,,
2024-Jul,2024-07-18,Robert_rocks,LL,na,2,20,2,20_22,L,1,4.6,13:17,,
2024-Jul,2024-07-18,Robert_rocks,LL,na,2,22,2,22_24,L,0,4.6,13:17,,
2024-Jul,2024-07-18,Robert_rocks,LL,na,2,24,2,24_26,L,0,4.6,13:17,,
2024-Jul,2024-07-18,Robert_rocks,LL,na,2,26,2,26_28,L,0,4.6,13:17,,
2024-Jul,2024-07-18,Robert_rocks,LL,na,2,28,2,28_30,L,0,4.6,13:17,,
2024-Jul,2024-07-18,Robert_rocks,LL,na,2,0,2,0_2,R,2,4.6,13:17,,
2024-Jul,2024-07-18,Robert_rocks,LL,na,2,2,2,2_4,R,0,4.6,13:17,,
2024-Jul,2024-07-18,Robert_rocks,LL,na,2,4,2,4_6,R,0,4.6,13:17,,
2024-Jul,2024-07-18,Robert_rocks,LL,na,2,6,2,6_8,R,0,4.6,13:17,,
2024-Jul,2024-07-18,Robert_rocks,LL,na,2,8,2,8_10,R,3,4.6,13:17,,
2024-Jul,2024-07-18,Robert_rocks,LL,na,2,10,2,10_12,R,4,4.6,13:17,,
2024-Jul,2024-07-18,Robert_rocks,LL,na,2,12,2,12_14,R,9,4.6,13:17,,
2024-Jul,2024-07-18,Robert_rocks,LL,na,2,14,2,14_16,R,2,4.6,13:17,,
2024-Jul,2024-07-18,Robert_rocks,LL,na,2,16,2,16_18,R,2,4.6,13:17,,
2024-Jul,2024-07-18,Robert_rocks,LL,na,2,18,2,18_20,R,6,4.6,13:17,,
2024-Jul,2024-07-18,Robert_rocks,LL,na,2,20,2,20_22,R,0,4.6,13:17,,
2024-Jul,2024-07-18,Robert_rocks,LL,na,2,22,2,22_24,R,0,4.6,13:17,,
2024-Jul,2024-07-18,Robert_rocks,LL,na,2,24,2,24_26,R,0,4.6,13:17,,
2024-Jul,2024-07-18,Robert_rocks,LL,na,2,26,2,26_28,R,0,4.6,13:17,,
2024-Jul,2024-07-18,Robert_rocks,LL,na,2,28,2,28_30,R,0,4.6,13:17,,
2024-Jul,2024-07-18,Robert_rocks,AS ,na,1,0,2,0_2,L,7,2.1,13:21,,
2024-Jul,2024-07-18,Robert_rocks,AS ,na,1,2,2,2_4,L,6,2.1,13:21,,
2024-Jul,2024-07-18,Robert_rocks,AS ,na,1,4,2,4_6,L,12,2.1,13:21,,
2024-Jul,2024-07-18,Robert_rocks,AS ,na,1,6,2,6_8,L,17,2.1,13:21,,
2024-Jul,2024-07-18,Robert_rocks,AS ,na,1,8,2,8_10,L,1,2.1,13:21,,
2024-Jul,2024-07-18,Robert_rocks,AS ,na,1,10,2,10_12,L,9,2.1,13:21,,
2024-Jul,2024-07-18,Robert_rocks,AS ,na,1,12,2,12_14,L,10,2.1,13:21,,
2024-Jul,2024-07-18,Robert_rocks,AS ,na,1,14,2,14_16,L,21,2.1,13:21,,
2024-Jul,2024-07-18,Robert_rocks,AS ,na,1,16,2,16_18,L,43,2.1,13:21,,
2024-Jul,2024-07-18,Robert_rocks,AS ,na,1,18,2,18_20,L,23,2.1,13:21,,
2024-Jul,2024-07-18,Robert_rocks,AS ,na,1,20,2,20_22,L,9,2.1,13:21,,
2024-Jul,2024-07-18,Robert_rocks,AS ,na,1,22,2,22_24,L,8,2.1,13:21,,
2024-Jul,2024-07-18,Robert_rocks,AS ,na,1,24,2,24_26,L,0,2.1,13:21,,
2024-Jul,2024-07-18,Robert_rocks,AS ,na,1,26,2,26_28,L,0,2.1,13:21,,
2024-Jul,2024-07-18,Robert_rocks,AS ,na,1,28,2,28_30,L,0,2.1,13:21,,
2024-Jul,2024-07-18,Robert_rocks,AS ,na,1,0,2,0_2,R,8,2.1,13:21,,
2024-Jul,2024-07-18,Robert_rocks,AS ,na,1,2,2,2_4,R,12,2.1,13:21,,
2024-Jul,2024-07-18,Robert_rocks,AS ,na,1,4,2,4_6,R,11,2.1,13:21,,
2024-Jul,2024-07-18,Robert_rocks,AS ,na,1,6,2,6_8,R,37,2.1,13:21,,
2024-Jul,2024-07-18,Robert_rocks,AS ,na,1,8,2,8_10,R,20,2.1,13:21,,
2024-Jul,2024-07-18,Robert_rocks,AS ,na,1,10,2,10_12,R,17,2.1,13:21,,
2024-Jul,2024-07-18,Robert_rocks,AS ,na,1,12,2,12_14,R,47,2.1,13:21,,
2024-Jul,2024-07-18,Robert_rocks,AS ,na,1,14,2,14_16,R,10,2.1,13:21,,
2024-Jul,2024-07-18,Robert_rocks,AS ,na,1,16,2,16_18,R,26,2.1,13:21,,
2024-Jul,2024-07-18,Robert_rocks,AS ,na,1,18,2,18_20,R,24,2.1,13:21,,
2024-Jul,2024-07-18,Robert_rocks,AS ,na,1,20,2,20_22,R,2,2.1,13:21,,
2024-Jul,2024-07-18,Robert_rocks,AS ,na,1,22,2,22_24,R,0,2.1,13:21,,
2024-Jul,2024-07-18,Robert_rocks,AS ,na,1,24,2,24_26,R,0,2.1,13:21,,
2024-Jul,2024-07-18,Robert_rocks,AS ,na,1,26,2,26_28,R,0,2.1,13:21,,
2024-Jul,2024-07-18,Robert_rocks,AS ,na,1,28,2,28_30,R,0,2.1,13:21,,
2024-Jul,2024-07-14,McMullins,OP,na,3,0,2,0_2,L,2,8.9,14:08,,
2024-Jul,2024-07-14,McMullins,OP,na,3,2,2,2_4,L,0,8.9,14:08,,
2024-Jul,2024-07-14,McMullins,OP,na,3,4,2,4_6,L,6,8.9,14:08,,
2024-Jul,2024-07-14,McMullins,OP,na,3,6,2,6_8,L,0,8.9,14:08,,
2024-Jul,2024-07-14,McMullins,OP,na,3,8,2,8_10,L,2,8.9,14:08,,
2024-Jul,2024-07-14,McMullins,OP,na,3,10,2,10_12,L,0,8.9,14:08,,
2024-Jul,2024-07-14,McMullins,OP,na,3,12,2,12_14,L,0,8.9,14:08,,
2024-Jul,2024-07-14,McMullins,OP,na,3,14,2,14_16,L,0,8.9,14:08,,
2024-Jul,2024-07-14,McMullins,OP,na,3,16,2,16_18,L,0,8.9,14:08,,
2024-Jul,2024-07-14,McMullins,OP,na,3,18,2,18_20,L,0,8.9,14:08,,
2024-Jul,2024-07-14,McMullins,OP,na,3,20,2,20_22,L,0,8.9,14:08,,
2024-Jul,2024-07-14,McMullins,OP,na,3,22,2,22_24,L,0,8.9,14:08,,
2024-Jul,2024-07-14,McMullins,OP,na,3,24,2,24_26,L,0,8.9,14:08,,
2024-Jul,2024-07-14,McMullins,OP,na,3,26,2,26_28,L,0,8.9,14:08,,
2024-Jul,2024-07-14,McMullins,OP,na,3,28,2,28_30,L,0,8.9,14:08,,
2024-Jul,2024-07-14,McMullins,OP,na,3,0,2,0_2,R,3,8.9,14:08,,
2024-Jul,2024-07-14,McMullins,OP,na,3,2,2,2_4,R,0,8.9,14:08,,
2024-Jul,2024-07-14,McMullins,OP,na,3,4,2,4_6,R,1,8.9,14:08,,
2024-Jul,2024-07-14,McMullins,OP,na,3,6,2,6_8,R,0,8.9,14:08,,
2024-Jul,2024-07-14,McMullins,OP,na,3,8,2,8_10,R,0,8.9,14:08,,
2024-Jul,2024-07-14,McMullins,OP,na,3,10,2,10_12,R,0,8.9,14:08,,
2024-Jul,2024-07-14,McMullins,OP,na,3,12,2,12_14,R,0,8.9,14:08,,
2024-Jul,2024-07-14,McMullins,OP,na,3,14,2,14_16,R,1,8.9,14:08,,
2024-Jul,2024-07-14,McMullins,OP,na,3,16,2,16_18,R,0,8.9,14:08,,
2024-Jul,2024-07-14,McMullins,OP,na,3,18,2,18_20,R,0,8.9,14:08,,
2024-Jul,2024-07-14,McMullins,OP,na,3,20,2,20_22,R,0,8.9,14:08,,
2024-Jul,2024-07-14,McMullins,OP,na,3,22,2,22_24,R,3,8.9,14:08,,
2024-Jul,2024-07-14,McMullins,OP,na,3,24,2,24_26,R,1,8.9,14:08,,
2024-Jul,2024-07-14,McMullins,OP,na,3,26,2,26_28,R,0,8.9,14:08,,
2024-Jul,2024-07-14,McMullins,OP,na,3,28,2,28_30,R,0,8.9,14:08,,
2024-Jul,2024-07-21,Triquetta,AS ,na,2,0,2,0_2,R,1,4.7,10:22,,
2024-Jul,2024-07-21,Triquetta,AS ,na,2,2,2,2_4,R,0,4.7,10:22,,
2024-Jul,2024-07-21,Triquetta,AS ,na,2,4,2,4_6,R,0,4.7,10:22,,
2024-Jul,2024-07-21,Triquetta,AS ,na,2,6,2,6_8,R,0,4.7,10:22,,
2024-Jul,2024-07-21,Triquetta,AS ,na,2,8,2,8_10,R,0,4.7,10:22,,
2024-Jul,2024-07-21,Triquetta,AS ,na,2,10,2,10_12,R,0,4.7,10:22,,
2024-Jul,2024-07-21,Triquetta,AS ,na,2,12,2,12_14,R,0,4.7,10:22,,
2024-Jul,2024-07-21,Triquetta,AS ,na,2,14,2,14_16,R,0,4.7,10:22,,
2024-Jul,2024-07-21,Triquetta,AS ,na,2,16,2,16_18,R,3,4.7,10:22,,
2024-Jul,2024-07-21,Triquetta,AS ,na,2,18,2,18_20,R,1,4.7,10:22,,
2024-Jul,2024-07-21,Triquetta,AS ,na,2,20,2,20_22,R,4,4.7,10:22,,
2024-Jul,2024-07-21,Triquetta,AS ,na,2,22,2,22_24,R,0,4.7,10:22,,
2024-Jul,2024-07-21,Triquetta,AS ,na,2,24,2,24_26,R,0,4.7,10:22,,
2024-Jul,2024-07-21,Triquetta,AS ,na,2,26,2,26_28,R,0,4.7,10:22,,
2024-Jul,2024-07-21,Triquetta,AS ,na,2,28,2,28_30,R,0,4.7,10:22,,
2024-Jul,2024-07-21,Triquetta,AS ,na,2,0,2,0_2,L,2,4.7,10:22,,
2024-Jul,2024-07-21,Triquetta,AS ,na,2,2,2,2_4,L,0,4.7,10:22,,
2024-Jul,2024-07-21,Triquetta,AS ,na,2,4,2,4_6,L,0,4.7,10:22,,
2024-Jul,2024-07-21,Triquetta,AS ,na,2,6,2,6_8,L,0,4.7,10:22,,
2024-Jul,2024-07-21,Triquetta,AS ,na,2,8,2,8_10,L,0,4.7,10:22,,
2024-Jul,2024-07-21,Triquetta,AS ,na,2,10,2,10_12,L,0,4.7,10:22,,
2024-Jul,2024-07-21,Triquetta,AS ,na,2,12,2,12_14,L,0,4.7,10:22,,
2024-Jul,2024-07-21,Triquetta,AS ,na,2,14,2,14_16,L,0,4.7,10:22,,
2024-Jul,2024-07-21,Triquetta,AS ,na,2,16,2,16_18,L,1,4.7,10:22,,
2024-Jul,2024-07-21,Triquetta,AS ,na,2,18,2,18_20,L,4,4.7,10:22,,
2024-Jul,2024-07-21,Triquetta,AS ,na,2,20,2,20_22,L,8,4.7,10:22,,
2024-Jul,2024-07-21,Triquetta,AS ,na,2,22,2,22_24,L,5,4.7,10:22,,
2024-Jul,2024-07-21,Triquetta,AS ,na,2,24,2,24_26,L,0,4.7,10:22,,
2024-Jul,2024-07-21,Triquetta,AS ,na,2,26,2,26_28,L,0,4.7,10:22,,
2024-Jul,2024-07-21,Triquetta,AS ,na,2,28,2,28_30,L,0,4.7,10:22,,
2024-Jul,2024-07-21,Manley,DVM,na,1,0,2,0_2,R,0,7.4,14:02,,
2024-Jul,2024-07-21,Manley,DVM,na,1,2,2,2_4,R,0,7.4,14:02,,
2024-Jul,2024-07-21,Manley,DVM,na,1,4,2,4_6,R,0,7.4,14:02,,
2024-Jul,2024-07-21,Manley,DVM,na,1,6,2,6_8,R,0,7.4,14:02,,
2024-Jul,2024-07-21,Manley,DVM,na,1,8,2,8_10,R,0,7.4,14:02,,
2024-Jul,2024-07-21,Manley,DVM,na,1,10,2,10_12,R,0,7.4,14:02,,
2024-Jul,2024-07-21,Manley,DVM,na,1,12,2,12_14,R,1,7.4,14:02,,
2024-Jul,2024-07-21,Manley,DVM,na,1,14,2,14_16,R,0,7.4,14:02,,
2024-Jul,2024-07-21,Manley,DVM,na,1,16,2,16_18,R,0,7.4,14:02,,
2024-Jul,2024-07-21,Manley,DVM,na,1,18,2,18_20,R,0,7.4,14:02,,
2024-Jul,2024-07-21,Manley,DVM,na,1,20,2,20_22,R,0,7.4,14:02,,
2024-Jul,2024-07-21,Manley,DVM,na,1,22,2,22_24,R,0,7.4,14:02,,
2024-Jul,2024-07-21,Manley,DVM,na,1,24,2,24_26,R,0,7.4,14:02,,
2024-Jul,2024-07-21,Manley,DVM,na,1,26,2,26_28,R,0,7.4,14:02,,
2024-Jul,2024-07-21,Manley,DVM,na,1,28,2,28_30,R,2,7.4,14:02,,
2024-Jul,2024-07-21,Manley,DVM,na,1,0,2,0_2,L,1,7.4,14:02,,
2024-Jul,2024-07-21,Manley,DVM,na,1,2,2,2_4,L,0,7.4,14:02,,
2024-Jul,2024-07-21,Manley,DVM,na,1,4,2,4_6,L,0,7.4,14:02,,
2024-Jul,2024-07-21,Manley,DVM,na,1,6,2,6_8,L,2,7.4,14:02,,
2024-Jul,2024-07-21,Manley,DVM,na,1,8,2,8_10,L,1,7.4,14:02,,
2024-Jul,2024-07-21,Manley,DVM,na,1,10,2,10_12,L,0,7.4,14:02,,
2024-Jul,2024-07-21,Manley,DVM,na,1,12,2,12_14,L,3,7.4,14:02,,
2024-Jul,2024-07-21,Manley,DVM,na,1,14,2,14_16,L,1,7.4,14:02,,
2024-Jul,2024-07-21,Manley,DVM,na,1,16,2,16_18,L,1,7.4,14:02,,
2024-Jul,2024-07-21,Manley,DVM,na,1,18,2,18_20,L,0,7.4,14:02,,
2024-Jul,2024-07-21,Manley,DVM,na,1,20,2,20_22,L,1,7.4,14:02,,
2024-Jul,2024-07-21,Manley,DVM,na,1,22,2,22_24,L,0,7.4,14:02,,
2024-Jul,2024-07-21,Manley,DVM,na,1,24,2,24_26,L,0,7.4,14:02,,
2024-Jul,2024-07-21,Manley,DVM,na,1,26,2,26_28,L,0,7.4,14:02,,
2024-Jul,2024-07-21,Manley,DVM,na,1,28,2,28_30,L,4,7.4,14:02,,
2024-Jul,2024-07-21,Triquetta,DVM,na,3,0,2,0_2,R,0,,10:30,,
2024-Jul,2024-07-21,Triquetta,DVM,na,3,2,2,2_4,R,0,,10:30,,
2024-Jul,2024-07-21,Triquetta,DVM,na,3,4,2,4_6,R,3,,10:30,,
2024-Jul,2024-07-21,Triquetta,DVM,na,3,6,2,6_8,R,0,,10:30,,
2024-Jul,2024-07-21,Triquetta,DVM,na,3,8,2,8_10,R,1,,10:30,,
2024-Jul,2024-07-21,Triquetta,DVM,na,3,10,2,10_12,R,0,,10:30,,
2024-Jul,2024-07-21,Triquetta,DVM,na,3,12,2,12_14,R,2,,10:30,,
2024-Jul,2024-07-21,Triquetta,DVM,na,3,14,2,14_16,R,0,,10:30,,
2024-Jul,2024-07-21,Triquetta,DVM,na,3,16,2,16_18,R,4,,10:30,,
2024-Jul,2024-07-21,Triquetta,DVM,na,3,18,2,18_20,R,0,,10:30,,
2024-Jul,2024-07-21,Triquetta,DVM,na,3,20,2,20_22,R,0,,10:30,,
2024-Jul,2024-07-21,Triquetta,DVM,na,3,22,2,22_24,R,5,,10:30,,
2024-Jul,2024-07-21,Triquetta,DVM,na,3,24,2,24_26,R,0,,10:30,,
2024-Jul,2024-07-21,Triquetta,DVM,na,3,26,2,26_28,R,1,,10:30,,
2024-Jul,2024-07-21,Triquetta,DVM,na,3,28,2,28_30,R,3,,10:30,,
2024-Jul,2024-07-21,Triquetta,DVM,na,3,0,2,0_2,L,0,,10:30,,
2024-Jul,2024-07-21,Triquetta,DVM,na,3,2,2,2_4,L,6,,10:30,,
2024-Jul,2024-07-21,Triquetta,DVM,na,3,4,2,4_6,L,0,,10:30,,
2024-Jul,2024-07-21,Triquetta,DVM,na,3,6,2,6_8,L,0,,10:30,,
2024-Jul,2024-07-21,Triquetta,DVM,na,3,8,2,8_10,L,0,,10:30,,
2024-Jul,2024-07-21,Triquetta,DVM,na,3,10,2,10_12,L,8,,10:30,,
2024-Jul,2024-07-21,Triquetta,DVM,na,3,12,2,12_14,L,0,,10:30,,
2024-Jul,2024-07-21,Triquetta,DVM,na,3,14,2,14_16,L,0,,10:30,,
2024-Jul,2024-07-21,Triquetta,DVM,na,3,16,2,16_18,L,1,,10:30,,
2024-Jul,2024-07-21,Triquetta,DVM,na,3,18,2,18_20,L,5,,10:30,,
2024-Jul,2024-07-21,Triquetta,DVM,na,3,20,2,20_22,L,12,,10:30,,
2024-Jul,2024-07-21,Triquetta,DVM,na,3,22,2,22_24,L,7,,10:30,,
2024-Jul,2024-07-21,Triquetta,DVM,na,3,24,2,24_26,L,5,,10:30,,
2024-Jul,2024-07-21,Triquetta,DVM,na,3,26,2,26_28,L,0,,10:30,,
2024-Jul,2024-07-21,Triquetta,DVM,na,3,28,2,28_30,L,1,,10:30,,
2024-Jul,2024-07-21,Manley,AS ,na,2,0,2,0_2,R,0,,14:03,,
2024-Jul,2024-07-21,Manley,AS ,na,2,2,2,2_4,R,0,,14:03,,
2024-Jul,2024-07-21,Manley,AS ,na,2,4,2,4_6,R,0,,14:03,,
2024-Jul,2024-07-21,Manley,AS ,na,2,6,2,6_8,R,0,,14:03,,
2024-Jul,2024-07-21,Manley,AS ,na,2,8,2,8_10,R,0,,14:03,,
2024-Jul,2024-07-21,Manley,AS ,na,2,10,2,10_12,R,1,,14:03,,
2024-Jul,2024-07-21,Manley,AS ,na,2,12,2,12_14,R,4,,14:03,,
2024-Jul,2024-07-21,Manley,AS ,na,2,14,2,14_16,R,2,,14:03,,
2024-Jul,2024-07-21,Manley,AS ,na,2,16,2,16_18,R,3,,14:03,,
2024-Jul,2024-07-21,Manley,AS ,na,2,18,2,18_20,R,0,,14:03,,
2024-Jul,2024-07-21,Manley,AS ,na,2,20,2,20_22,R,0,,14:03,,
2024-Jul,2024-07-21,Manley,AS ,na,2,22,2,22_24,R,0,,14:03,,
2024-Jul,2024-07-21,Manley,AS ,na,2,24,2,24_26,R,1,,14:03,,
2024-Jul,2024-07-21,Manley,AS ,na,2,26,2,26_28,R,0,,14:03,,
2024-Jul,2024-07-21,Manley,AS ,na,2,28,2,28_30,R,2,,14:03,,
2024-Jul,2024-07-21,Manley,AS ,na,2,0,2,0_2,L,0,,14:03,,
2024-Jul,2024-07-21,Manley,AS ,na,2,2,2,2_4,L,0,,14:03,,
2024-Jul,2024-07-21,Manley,AS ,na,2,4,2,4_6,L,1,,14:03,,
2024-Jul,2024-07-21,Manley,AS ,na,2,6,2,6_8,L,0,,14:03,,
2024-Jul,2024-07-21,Manley,AS ,na,2,8,2,8_10,L,0,,14:03,,
2024-Jul,2024-07-21,Manley,AS ,na,2,10,2,10_12,L,0,,14:03,,
2024-Jul,2024-07-21,Manley,AS ,na,2,12,2,12_14,L,2,,14:03,,
2024-Jul,2024-07-21,Manley,AS ,na,2,14,2,14_16,L,3,,14:03,,
2024-Jul,2024-07-21,Manley,AS ,na,2,16,2,16_18,L,0,,14:03,,
2024-Jul,2024-07-21,Manley,AS ,na,2,18,2,18_20,L,4,,14:03,,
2024-Jul,2024-07-21,Manley,AS ,na,2,20,2,20_22,L,2,,14:03,,
2024-Jul,2024-07-21,Manley,AS ,na,2,22,2,22_24,L,0,,14:03,,
2024-Jul,2024-07-21,Manley,AS ,na,2,24,2,24_26,L,0,,14:03,,
2024-Jul,2024-07-21,Manley,AS ,na,2,26,2,26_28,L,0,,14:03,,
2024-Jul,2024-07-21,Manley,AS ,na,2,28,2,28_30,L,1,,14:03,,
2024-Jul,2024-07-21,Triquetta,DCO,na,1,0,2,0_2,R,0,5,10:40,,
2024-Jul,2024-07-21,Triquetta,DCO,na,1,2,2,2_4,R,0,5,10:40,,
2024-Jul,2024-07-21,Triquetta,DCO,na,1,4,2,4_6,R,0,5,10:40,,
2024-Jul,2024-07-21,Triquetta,DCO,na,1,6,2,6_8,R,0,5,10:40,,
2024-Jul,2024-07-21,Triquetta,DCO,na,1,8,2,8_10,R,0,5,10:40,,
2024-Jul,2024-07-21,Triquetta,DCO,na,1,10,2,10_12,R,0,5,10:40,,
2024-Jul,2024-07-21,Triquetta,DCO,na,1,12,2,12_14,R,1,5,10:40,,
2024-Jul,2024-07-21,Triquetta,DCO,na,1,14,2,14_16,R,0,5,10:40,,
2024-Jul,2024-07-21,Triquetta,DCO,na,1,16,2,16_18,R,0,5,10:40,,
2024-Jul,2024-07-21,Triquetta,DCO,na,1,18,2,18_20,R,0,5,10:40,,
2024-Jul,2024-07-21,Triquetta,DCO,na,1,20,2,20_22,R,0,5,10:40,,
2024-Jul,2024-07-21,Triquetta,DCO,na,1,22,2,22_24,R,0,5,10:40,,
2024-Jul,2024-07-21,Triquetta,DCO,na,1,24,2,24_26,R,1,5,10:40,,
2024-Jul,2024-07-21,Triquetta,DCO,na,1,26,2,26_28,R,1,5,10:40,,
2024-Jul,2024-07-21,Triquetta,DCO,na,1,28,2,28_30,R,1,5,10:40,,
2024-Jul,2024-07-21,Triquetta,DCO,na,1,0,2,0_2,L,0,5,10:40,,
2024-Jul,2024-07-21,Triquetta,DCO,na,1,2,2,2_4,L,0,5,10:40,,
2024-Jul,2024-07-21,Triquetta,DCO,na,1,4,2,4_6,L,0,5,10:40,,
2024-Jul,2024-07-21,Triquetta,DCO,na,1,6,2,6_8,L,0,5,10:40,,
2024-Jul,2024-07-21,Triquetta,DCO,na,1,8,2,8_10,L,1,5,10:40,,
2024-Jul,2024-07-21,Triquetta,DCO,na,1,10,2,10_12,L,0,5,10:40,,
2024-Jul,2024-07-21,Triquetta,DCO,na,1,12,2,12_14,L,1,5,10:40,,
2024-Jul,2024-07-21,Triquetta,DCO,na,1,14,2,14_16,L,1,5,10:40,,
2024-Jul,2024-07-21,Triquetta,DCO,na,1,16,2,16_18,L,2,5,10:40,,
2024-Jul,2024-07-21,Triquetta,DCO,na,1,18,2,18_20,L,1,5,10:40,,
2024-Jul,2024-07-21,Triquetta,DCO,na,1,20,2,20_22,L,0,5,10:40,,
2024-Jul,2024-07-21,Triquetta,DCO,na,1,22,2,22_24,L,0,5,10:40,,
2024-Jul,2024-07-21,Triquetta,DCO,na,1,24,2,24_26,L,0,5,10:40,,
2024-Jul,2024-07-21,Triquetta,DCO,na,1,26,2,26_28,L,0,5,10:40,,
2024-Jul,2024-07-21,Triquetta,DCO,na,1,28,2,28_30,L,0,5,10:40,,
2024-Jul,2024-07-21,Manley,DCO,na,3,0,2,0_2,R,0,6,,,
2024-Jul,2024-07-21,Manley,DCO,na,3,2,2,2_4,R,0,6,,,
2024-Jul,2024-07-21,Manley,DCO,na,3,4,2,4_6,R,0,6,,,
2024-Jul,2024-07-21,Manley,DCO,na,3,6,2,6_8,R,0,6,,,
2024-Jul,2024-07-21,Manley,DCO,na,3,8,2,8_10,R,1,6,,,
2024-Jul,2024-07-21,Manley,DCO,na,3,10,2,10_12,R,0,6,,,
2024-Jul,2024-07-21,Manley,DCO,na,3,12,2,12_14,R,0,6,,,
2024-Jul,2024-07-21,Manley,DCO,na,3,14,2,14_16,R,4,6,,,
2024-Jul,2024-07-21,Manley,DCO,na,3,16,2,16_18,R,0,6,,,
2024-Jul,2024-07-21,Manley,DCO,na,3,18,2,18_20,R,0,6,,,
2024-Jul,2024-07-21,Manley,DCO,na,3,20,2,20_22,R,0,6,,,
2024-Jul,2024-07-21,Manley,DCO,na,3,22,2,22_24,R,0,6,,,
2024-Jul,2024-07-21,Manley,DCO,na,3,24,2,24_26,R,1,6,,,
2024-Jul,2024-07-21,Manley,DCO,na,3,26,2,26_28,R,0,6,,,
2024-Jul,2024-07-21,Manley,DCO,na,3,28,2,28_30,R,0,6,,,
2024-Jul,2024-07-21,Manley,DCO,na,3,0,2,0_2,L,0,6,,,
2024-Jul,2024-07-21,Manley,DCO,na,3,2,2,2_4,L,0,6,,,
2024-Jul,2024-07-21,Manley,DCO,na,3,4,2,4_6,L,0,6,,,
2024-Jul,2024-07-21,Manley,DCO,na,3,6,2,6_8,L,0,6,,,
2024-Jul,2024-07-21,Manley,DCO,na,3,8,2,8_10,L,0,6,,,
2024-Jul,2024-07-21,Manley,DCO,na,3,10,2,10_12,L,0,6,,,
2024-Jul,2024-07-21,Manley,DCO,na,3,12,2,12_14,L,0,6,,,
2024-Jul,2024-07-21,Manley,DCO,na,3,14,2,14_16,L,1,6,,,
2024-Jul,2024-07-21,Manley,DCO,na,3,16,2,16_18,L,0,6,,,
2024-Jul,2024-07-21,Manley,DCO,na,3,18,2,18_20,L,0,6,,,
2024-Jul,2024-07-21,Manley,DCO,na,3,20,2,20_22,L,0,6,,,
2024-Jul,2024-07-21,Manley,DCO,na,3,22,2,22_24,L,0,6,,,
2024-Jul,2024-07-21,Manley,DCO,na,3,24,2,24_26,L,0,6,,,
2024-Jul,2024-07-21,Manley,DCO,na,3,26,2,26_28,L,0,6,,,
2024-Jul,2024-07-21,Manley,DCO,na,3,28,2,28_30,L,0,6,,,
2024-Jul,2024-07-22,Ratatouille,AS ,na,1,0,2,0_2,R,6,,,,
2024-Jul,2024-07-22,Ratatouille,AS ,na,1,2,2,2_4,R,3,,,,
2024-Jul,2024-07-22,Ratatouille,AS ,na,1,4,2,4_6,R,1,,,,
2024-Jul,2024-07-22,Ratatouille,AS ,na,1,6,2,6_8,R,0,,,,
2024-Jul,2024-07-22,Ratatouille,AS ,na,1,8,2,8_10,R,4,,,,
2024-Jul,2024-07-22,Ratatouille,AS ,na,1,10,2,10_12,R,0,,,,
2024-Jul,2024-07-22,Ratatouille,AS ,na,1,12,2,12_14,R,0,,,,
2024-Jul,2024-07-22,Ratatouille,AS ,na,1,14,2,14_16,R,0,,,,
2024-Jul,2024-07-22,Ratatouille,AS ,na,1,16,2,16_18,R,4,,,,
2024-Jul,2024-07-22,Ratatouille,AS ,na,1,18,2,18_20,R,0,,,,
2024-Jul,2024-07-22,Ratatouille,AS ,na,1,0,2,0_2,L,4,,,,
2024-Jul,2024-07-22,Ratatouille,AS ,na,1,2,2,2_4,L,2,,,,
2024-Jul,2024-07-22,Ratatouille,AS ,na,1,4,2,4_6,L,4,,,,
2024-Jul,2024-07-22,Ratatouille,AS ,na,1,6,2,6_8,L,5,,,,
2024-Jul,2024-07-22,Ratatouille,AS ,na,1,8,2,8_10,L,1,,,,
2024-Jul,2024-07-22,Ratatouille,AS ,na,1,10,2,10_12,L,2,,,,
2024-Jul,2024-07-22,Ratatouille,AS ,na,1,12,2,12_14,L,0,,,,
2024-Jul,2024-07-22,Ratatouille,AS ,na,1,14,2,14_16,L,0,,,,
2024-Jul,2024-07-22,Ratatouille,AS ,na,1,16,2,16_18,L,0,,,,
2024-Jul,2024-07-22,Ratatouille,AS ,na,1,18,2,18_20,L,4,,,,
2024-Jul,2024-07-22,Second,AS ,na,3,0,2,0_2,R,0,,,,
2024-Jul,2024-07-22,Second,AS ,na,3,2,2,2_4,R,0,,,,
2024-Jul,2024-07-22,Second,AS ,na,3,4,2,4_6,R,0,,,,
2024-Jul,2024-07-22,Second,AS ,na,3,6,2,6_8,R,0,,,,
2024-Jul,2024-07-22,Second,AS ,na,3,8,2,8_10,R,0,,,,
2024-Jul,2024-07-22,Second,AS ,na,3,10,2,10_12,R,0,,,,
2024-Jul,2024-07-22,Second,AS ,na,3,12,2,12_14,R,0,,,,
2024-Jul,2024-07-22,Second,AS ,na,3,14,2,14_16,R,0,,,,
2024-Jul,2024-07-22,Second,AS ,na,3,16,2,16_18,R,0,,,,
2024-Jul,2024-07-22,Second,AS ,na,3,18,2,18_20,R,0,,,,
2024-Jul,2024-07-22,Second,AS ,na,3,0,2,0_2,L,0,,,,
2024-Jul,2024-07-22,Second,AS ,na,3,2,2,2_4,L,0,,,,
2024-Jul,2024-07-22,Second,AS ,na,3,4,2,4_6,L,0,,,,
2024-Jul,2024-07-22,Second,AS ,na,3,6,2,6_8,L,0,,,,
2024-Jul,2024-07-22,Second,AS ,na,3,8,2,8_10,L,0,,,,
2024-Jul,2024-07-22,Second,AS ,na,3,10,2,10_12,L,0,,,,
2024-Jul,2024-07-22,Second,AS ,na,3,12,2,12_14,L,0,,,,
2024-Jul,2024-07-22,Second,AS ,na,3,14,2,14_16,L,0,,,,
2024-Jul,2024-07-22,Second,AS ,na,3,16,2,16_18,L,0,,,,
2024-Jul,2024-07-22,Second,AS ,na,3,18,2,18_20,L,0,,,,
2024-Jul,2024-07-22,Second,OP,na,2,0,2,0_2,R,0,,,,
2024-Jul,2024-07-22,Second,OP,na,2,2,2,2_4,R,0,,,,
2024-Jul,2024-07-22,Second,OP,na,2,4,2,4_6,R,0,,,,
2024-Jul,2024-07-22,Second,OP,na,2,6,2,6_8,R,0,,,,
2024-Jul,2024-07-22,Second,OP,na,2,8,2,8_10,R,0,,,,
2024-Jul,2024-07-22,Second,OP,na,2,10,2,10_12,R,0,,,,
2024-Jul,2024-07-22,Second,OP,na,2,12,2,12_14,R,0,,,,
2024-Jul,2024-07-22,Second,OP,na,2,14,2,14_16,R,0,,,,
2024-Jul,2024-07-22,Second,OP,na,2,16,2,16_18,R,0,,,,
2024-Jul,2024-07-22,Second,OP,na,2,18,2,18_20,R,0,,,,
2024-Jul,2024-07-22,Second,OP,na,2,0,2,0_2,L,0,,,,
2024-Jul,2024-07-22,Second,OP,na,2,2,2,2_4,L,0,,,,
2024-Jul,2024-07-22,Second,OP,na,2,4,2,4_6,L,0,,,,
2024-Jul,2024-07-22,Second,OP,na,2,6,2,6_8,L,0,,,,
2024-Jul,2024-07-22,Second,OP,na,2,8,2,8_10,L,0,,,,
2024-Jul,2024-07-22,Second,OP,na,2,10,2,10_12,L,0,,,,
2024-Jul,2024-07-22,Second,OP,na,2,12,2,12_14,L,0,,,,
2024-Jul,2024-07-22,Second,OP,na,2,14,2,14_16,L,0,,,,
2024-Jul,2024-07-22,Second,OP,na,2,16,2,16_18,L,0,,,,
2024-Jul,2024-07-22,Second,OP,na,2,18,2,18_20,L,0,,,,
2024-Jul,2024-07-22,Second,DCO,na,1,0,2,0_2,R,0,,,,
2024-Jul,2024-07-22,Second,DCO,na,1,2,2,2_4,R,0,,,,
2024-Jul,2024-07-22,Second,DCO,na,1,4,2,4_6,R,0,,,,
2024-Jul,2024-07-22,Second,DCO,na,1,6,2,6_8,R,0,,,,
2024-Jul,2024-07-22,Second,DCO,na,1,8,2,8_10,R,0,,,,
2024-Jul,2024-07-22,Second,DCO,na,1,10,2,10_12,R,0,,,,
2024-Jul,2024-07-22,Second,DCO,na,1,12,2,12_14,R,0,,,,
2024-Jul,2024-07-22,Second,DCO,na,1,14,2,14_16,R,0,,,,
2024-Jul,2024-07-22,Second,DCO,na,1,16,2,16_18,R,0,,,,
2024-Jul,2024-07-22,Second,DCO,na,1,18,2,18_20,R,2,,,,
2024-Jul,2024-07-22,Second,DCO,na,1,0,2,0_2,L,0,,,,
2024-Jul,2024-07-22,Second,DCO,na,1,2,2,2_4,L,0,,,,
2024-Jul,2024-07-22,Second,DCO,na,1,4,2,4_6,L,0,,,,
2024-Jul,2024-07-22,Second,DCO,na,1,6,2,6_8,L,0,,,,
2024-Jul,2024-07-22,Second,DCO,na,1,8,2,8_10,L,0,,,,
2024-Jul,2024-07-22,Second,DCO,na,1,10,2,10_12,L,0,,,,
2024-Jul,2024-07-22,Second,DCO,na,1,12,2,12_14,L,0,,,,
2024-Jul,2024-07-22,Second,DCO,na,1,14,2,14_16,L,0,,,,
2024-Jul,2024-07-22,Second,DCO,na,1,16,2,16_18,L,0,,,,
2024-Jul,2024-07-22,Second,DCO,na,1,18,2,18_20,L,0,,,,
2024-Jul,2024-07-22,Ratatouille,DCO,na,2,0,2,0_2,R,6,,,,
2024-Jul,2024-07-22,Ratatouille,DCO,na,2,2,2,2_4,R,5,,,,
2024-Jul,2024-07-22,Ratatouille,DCO,na,2,4,2,4_6,R,0,,,,
2024-Jul,2024-07-22,Ratatouille,DCO,na,2,6,2,6_8,R,6,,,,
2024-Jul,2024-07-22,Ratatouille,DCO,na,2,8,2,8_10,R,5,,,,
2024-Jul,2024-07-22,Ratatouille,DCO,na,2,10,2,10_12,R,4,,,,
2024-Jul,2024-07-22,Ratatouille,DCO,na,2,12,2,12_14,R,4,,,,
2024-Jul,2024-07-22,Ratatouille,DCO,na,2,14,2,14_16,R,4,,,,
2024-Jul,2024-07-22,Ratatouille,DCO,na,2,16,2,16_18,R,4,,,,
2024-Jul,2024-07-22,Ratatouille,DCO,na,2,18,2,18_20,R,3,,,,
2024-Jul,2024-07-22,Ratatouille,DCO,na,2,0,2,0_2,L,5,,,,
2024-Jul,2024-07-22,Ratatouille,DCO,na,2,2,2,2_4,L,5,,,,
2024-Jul,2024-07-22,Ratatouille,DCO,na,2,4,2,4_6,L,2,,,,
2024-Jul,2024-07-22,Ratatouille,DCO,na,2,6,2,6_8,L,0,,,,
2024-Jul,2024-07-22,Ratatouille,DCO,na,2,8,2,8_10,L,0,,,,
2024-Jul,2024-07-22,Ratatouille,DCO,na,2,10,2,10_12,L,4,,,,
2024-Jul,2024-07-22,Ratatouille,DCO,na,2,12,2,12_14,L,3,,,,
2024-Jul,2024-07-22,Ratatouille,DCO,na,2,14,2,14_16,L,3,,,,
2024-Jul,2024-07-22,Ratatouille,DCO,na,2,16,2,16_18,L,2,,,,
2024-Jul,2024-07-22,Ratatouille,DCO,na,2,18,2,18_20,L,3,,,,
2024-Jul,2024-07-22,Ratatouille,OP,na,3,0,2,0_2,R,6,,,,
2024-Jul,2024-07-22,Ratatouille,OP,na,3,2,2,2_4,R,3,,,,
2024-Jul,2024-07-22,Ratatouille,OP,na,3,4,2,4_6,R,7,,,,
2024-Jul,2024-07-22,Ratatouille,OP,na,3,6,2,6_8,R,3,,,,
2024-Jul,2024-07-22,Ratatouille,OP,na,3,8,2,8_10,R,9,,,,
2024-Jul,2024-07-22,Ratatouille,OP,na,3,10,2,10_12,R,13,,,,
2024-Jul,2024-07-22,Ratatouille,OP,na,3,12,2,12_14,R,10,,,,
2024-Jul,2024-07-22,Ratatouille,OP,na,3,14,2,14_16,R,4,,,,
2024-Jul,2024-07-22,Ratatouille,OP,na,3,16,2,16_18,R,3,,,,
2024-Jul,2024-07-22,Ratatouille,OP,na,3,18,2,18_20,R,11,,,,
2024-Jul,2024-07-22,Ratatouille,OP,na,3,0,2,0_2,L,6,,,,
2024-Jul,2024-07-22,Ratatouille,OP,na,3,2,2,2_4,L,7,,,,
2024-Jul,2024-07-22,Ratatouille,OP,na,3,4,2,4_6,L,5,,,,
2024-Jul,2024-07-22,Ratatouille,OP,na,3,6,2,6_8,L,12,,,,
2024-Jul,2024-07-22,Ratatouille,OP,na,3,8,2,8_10,L,8,,,,
2024-Jul,2024-07-22,Ratatouille,OP,na,3,10,2,10_12,L,7,,,,
2024-Jul,2024-07-22,Ratatouille,OP,na,3,12,2,12_14,L,4,,,,
2024-Jul,2024-07-22,Ratatouille,OP,na,3,14,2,14_16,L,0,,,,
2024-Jul,2024-07-22,Ratatouille,OP,na,3,16,2,16_18,L,5,,,,
2024-Jul,2024-07-22,Ratatouille,OP,na,3,18,2,18_20,L,3,,,,
2024-Jul,2024-07-23,Breaker,DCO,na,2,0,2,0_2,R,4,,,,
2024-Jul,2024-07-23,Breaker,DCO,na,2,2,2,2_4,R,3,,,,
2024-Jul,2024-07-23,Breaker,DCO,na,2,4,2,4_6,R,4,,,,
2024-Jul,2024-07-23,Breaker,DCO,na,2,6,2,6_8,R,3,,,,
2024-Jul,2024-07-23,Breaker,DCO,na,2,8,2,8_10,R,0,,,,
2024-Jul,2024-07-23,Breaker,DCO,na,2,10,2,10_12,R,6,,,,
2024-Jul,2024-07-23,Breaker,DCO,na,2,12,2,12_14,R,4,,,,
2024-Jul,2024-07-23,Breaker,DCO,na,2,14,2,14_16,R,4,,,,
2024-Jul,2024-07-23,Breaker,DCO,na,2,16,2,16_18,R,4,,,,
2024-Jul,2024-07-23,Breaker,DCO,na,2,18,2,18_20,R,6,,,,
2024-Jul,2024-07-23,Breaker,DCO,na,2,20,2,20_22,R,0,,,,
2024-Jul,2024-07-23,Breaker,DCO,na,2,22,2,22_24,R,3,,,,
2024-Jul,2024-07-23,Breaker,DCO,na,2,24,2,24_26,R,6,,,,
2024-Jul,2024-07-23,Breaker,DCO,na,2,26,2,26_28,R,0,,,,
2024-Jul,2024-07-23,Breaker,DCO,na,2,28,2,28_30,R,5,,,,
2024-Jul,2024-07-23,Breaker,DCO,na,2,0,2,0_2,L,3,,,,
2024-Jul,2024-07-23,Breaker,DCO,na,2,2,2,2_4,L,2,,,,
2024-Jul,2024-07-23,Breaker,DCO,na,2,4,2,4_6,L,3,,,,
2024-Jul,2024-07-23,Breaker,DCO,na,2,6,2,6_8,L,7,,,,
2024-Jul,2024-07-23,Breaker,DCO,na,2,8,2,8_10,L,4,,,,
2024-Jul,2024-07-23,Breaker,DCO,na,2,10,2,10_12,L,3,,,,
2024-Jul,2024-07-23,Breaker,DCO,na,2,12,2,12_14,L,5,,,,
2024-Jul,2024-07-23,Breaker,DCO,na,2,14,2,14_16,L,4,,,,
2024-Jul,2024-07-23,Breaker,DCO,na,2,16,2,16_18,L,3,,,,
2024-Jul,2024-07-23,Breaker,DCO,na,2,18,2,18_20,L,4,,,,
2024-Jul,2024-07-23,Breaker,DCO,na,2,20,2,20_22,L,1,,,,
2024-Jul,2024-07-23,Breaker,DCO,na,2,22,2,22_24,L,4,,,,
2024-Jul,2024-07-23,Breaker,DCO,na,2,24,2,24_26,L,7,,,,
2024-Jul,2024-07-23,Breaker,DCO,na,2,26,2,26_28,L,0,,,,
2024-Jul,2024-07-23,Breaker,DCO,na,2,28,2,28_30,L,0,,,,
2024-Jul,2024-07-23,North,DCO,na,3,0,2,0_2,R,0,,,,
2024-Jul,2024-07-23,North,DCO,na,3,2,2,2_4,R,0,,,,
2024-Jul,2024-07-23,North,DCO,na,3,4,2,4_6,R,0,,,,
2024-Jul,2024-07-23,North,DCO,na,3,6,2,6_8,R,0,,,,
2024-Jul,2024-07-23,North,DCO,na,3,8,2,8_10,R,0,,,,
2024-Jul,2024-07-23,North,DCO,na,3,10,2,10_12,R,0,,,,
2024-Jul,2024-07-23,North,DCO,na,3,12,2,12_14,R,0,,,,
2024-Jul,2024-07-23,North,DCO,na,3,14,2,14_16,R,0,,,,
2024-Jul,2024-07-23,North,DCO,na,3,16,2,16_18,R,0,,,,
2024-Jul,2024-07-23,North,DCO,na,3,18,2,18_20,R,0,,,,
2024-Jul,2024-07-23,North,DCO,na,3,20,2,20_22,R,0,,,,
2024-Jul,2024-07-23,North,DCO,na,3,22,2,22_24,R,0,,,,
2024-Jul,2024-07-23,North,DCO,na,3,24,2,24_26,R,0,,,,
2024-Jul,2024-07-23,North,DCO,na,3,26,2,26_28,R,0,,,,
2024-Jul,2024-07-23,North,DCO,na,3,28,2,28_30,R,0,,,,
2024-Jul,2024-07-23,North,DCO,na,3,0,2,0_2,L,0,,,,
2024-Jul,2024-07-23,North,DCO,na,3,2,2,2_4,L,0,,,,
2024-Jul,2024-07-23,North,DCO,na,3,4,2,4_6,L,0,,,,
2024-Jul,2024-07-23,North,DCO,na,3,6,2,6_8,L,0,,,,
2024-Jul,2024-07-23,North,DCO,na,3,8,2,8_10,L,0,,,,
2024-Jul,2024-07-23,North,DCO,na,3,10,2,10_12,L,0,,,,
2024-Jul,2024-07-23,North,DCO,na,3,12,2,12_14,L,0,,,,
2024-Jul,2024-07-23,North,DCO,na,3,14,2,14_16,L,0,,,,
2024-Jul,2024-07-23,North,DCO,na,3,16,2,16_18,L,0,,,,
2024-Jul,2024-07-23,North,DCO,na,3,18,2,18_20,L,0,,,,
2024-Jul,2024-07-23,North,DCO,na,3,20,2,20_22,L,0,,,,
2024-Jul,2024-07-23,North,DCO,na,3,22,2,22_24,L,0,,,,
2024-Jul,2024-07-23,North,DCO,na,3,24,2,24_26,L,0,,,,
2024-Jul,2024-07-23,North,DCO,na,3,26,2,26_28,L,0,,,,
2024-Jul,2024-07-23,North,DCO,na,3,28,2,28_30,L,0,,,,
2024-Jul,2024-07-23,Breaker,OP,na,3,0,2,0_2,R,5,,,,
2024-Jul,2024-07-23,Breaker,OP,na,3,2,2,2_4,R,20,,,,
2024-Jul,2024-07-23,Breaker,OP,na,3,4,2,4_6,R,5,,,,
2024-Jul,2024-07-23,Breaker,OP,na,3,6,2,6_8,R,21,,,,
2024-Jul,2024-07-23,Breaker,OP,na,3,8,2,8_10,R,9,,,,
2024-Jul,2024-07-23,Breaker,OP,na,3,10,2,10_12,R,7,,,,
2024-Jul,2024-07-23,Breaker,OP,na,3,12,2,12_14,R,6,,,,
2024-Jul,2024-07-23,Breaker,OP,na,3,14,2,14_16,R,11,,,,
2024-Jul,2024-07-23,Breaker,OP,na,3,16,2,16_18,R,26,,,,
2024-Jul,2024-07-23,Breaker,OP,na,3,18,2,18_20,R,4,,,,
2024-Jul,2024-07-23,Breaker,OP,na,3,0,2,0_2,L,9,,,,
2024-Jul,2024-07-23,Breaker,OP,na,3,2,2,2_4,L,23,,,,
2024-Jul,2024-07-23,Breaker,OP,na,3,4,2,4_6,L,11,,,,
2024-Jul,2024-07-23,Breaker,OP,na,3,6,2,6_8,L,6,,,,
2024-Jul,2024-07-23,Breaker,OP,na,3,8,2,8_10,L,9,,,,
2024-Jul,2024-07-23,Breaker,OP,na,3,10,2,10_12,L,11,,,,
2024-Jul,2024-07-23,Breaker,OP,na,3,12,2,12_14,L,21,,,,
2024-Jul,2024-07-23,Breaker,OP,na,3,14,2,14_16,L,7,,,,
2024-Jul,2024-07-23,Breaker,OP,na,3,16,2,16_18,L,13,,,,
2024-Jul,2024-07-23,Breaker,OP,na,3,18,2,18_20,L,10,,,,
2024-Jul,2024-07-23,North,OP,na,1,0,2,0_2,R,0,,,,
2024-Jul,2024-07-23,North,OP,na,1,2,2,2_4,R,0,,,,
2024-Jul,2024-07-23,North,OP,na,1,4,2,4_6,R,0,,,,
2024-Jul,2024-07-23,North,OP,na,1,6,2,6_8,R,0,,,,
2024-Jul,2024-07-23,North,OP,na,1,8,2,8_10,R,0,,,,
2024-Jul,2024-07-23,North,OP,na,1,10,2,10_12,R,0,,,,
2024-Jul,2024-07-23,North,OP,na,1,12,2,12_14,R,0,,,,
2024-Jul,2024-07-23,North,OP,na,1,14,2,14_16,R,0,,,,
2024-Jul,2024-07-23,North,OP,na,1,16,2,16_18,R,0,,,,
2024-Jul,2024-07-23,North,OP,na,1,18,2,18_20,R,0,,,,
2024-Jul,2024-07-23,North,OP,na,1,0,2,0_2,L,0,,,,
2024-Jul,2024-07-23,North,OP,na,1,2,2,2_4,L,0,,,,
2024-Jul,2024-07-23,North,OP,na,1,4,2,4_6,L,0,,,,
2024-Jul,2024-07-23,North,OP,na,1,6,2,6_8,L,0,,,,
2024-Jul,2024-07-23,North,OP,na,1,8,2,8_10,L,0,,,,
2024-Jul,2024-07-23,North,OP,na,1,10,2,10_12,L,0,,,,
2024-Jul,2024-07-23,North,OP,na,1,12,2,12_14,L,0,,,,
2024-Jul,2024-07-23,North,OP,na,1,14,2,14_16,L,0,,,,
2024-Jul,2024-07-23,North,OP,na,1,16,2,16_18,L,0,,,,
2024-Jul,2024-07-23,North,OP,na,1,18,2,18_20,L,0,,,,
2024-Jul,2024-07-23,North,AS,na,2,0,2,0_2,R,0,,,,
2024-Jul,2024-07-23,North,AS,na,2,2,2,2_4,R,0,,,,
2024-Jul,2024-07-23,North,AS,na,2,4,2,4_6,R,0,,,,
2024-Jul,2024-07-23,North,AS,na,2,6,2,6_8,R,0,,,,
2024-Jul,2024-07-23,North,AS,na,2,8,2,8_10,R,0,,,,
2024-Jul,2024-07-23,North,AS,na,2,10,2,10_12,R,0,,,,
2024-Jul,2024-07-23,North,AS,na,2,12,2,12_14,R,0,,,,
2024-Jul,2024-07-23,North,AS,na,2,14,2,14_16,R,0,,,,
2024-Jul,2024-07-23,North,AS,na,2,16,2,16_18,R,0,,,,
2024-Jul,2024-07-23,North,AS,na,2,18,2,18_20,R,0,,,,
2024-Jul,2024-07-23,North,AS,na,2,0,2,0_2,L,0,,,,
2024-Jul,2024-07-23,North,AS,na,2,2,2,2_4,L,0,,,,
2024-Jul,2024-07-23,North,AS,na,2,4,2,4_6,L,0,,,,
2024-Jul,2024-07-23,North,AS,na,2,6,2,6_8,L,0,,,,
2024-Jul,2024-07-23,North,AS,na,2,8,2,8_10,L,0,,,,
2024-Jul,2024-07-23,North,AS,na,2,10,2,10_12,L,0,,,,
2024-Jul,2024-07-23,North,AS,na,2,12,2,12_14,L,0,,,,
2024-Jul,2024-07-23,North,AS,na,2,14,2,14_16,L,0,,,,
2024-Jul,2024-07-23,North,AS,na,2,16,2,16_18,L,0,,,,
2024-Jul,2024-07-23,North,AS,na,2,18,2,18_20,L,0,,,,
2024-Jul,2024-07-23,Breaker,AS,na,1,0,2,0_2,R,0,,,,
2024-Jul,2024-07-23,Breaker,AS,na,1,2,2,2_4,R,2,,,,
2024-Jul,2024-07-23,Breaker,AS,na,1,4,2,4_6,R,11,,,,
2024-Jul,2024-07-23,Breaker,AS,na,1,6,2,6_8,R,6,,,,
2024-Jul,2024-07-23,Breaker,AS,na,1,8,2,8_10,R,11,,,,
2024-Jul,2024-07-23,Breaker,AS,na,1,10,2,10_12,R,22,,,,
2024-Jul,2024-07-23,Breaker,AS,na,1,12,2,12_14,R,12,,,,
2024-Jul,2024-07-23,Breaker,AS,na,1,14,2,14_16,R,7,,,,
2024-Jul,2024-07-23,Breaker,AS,na,1,16,2,16_18,R,0,,,,
2024-Jul,2024-07-23,Breaker,AS,na,1,18,2,18_20,R,0,,,,
2024-Jul,2024-07-23,Breaker,AS,na,1,20,2,20_22,R,0,,,,
2024-Jul,2024-07-23,Breaker,AS,na,1,22,2,22_24,R,7,,,,
2024-Jul,2024-07-23,Breaker,AS,na,1,24,2,24_26,R,24,,,,
2024-Jul,2024-07-23,Breaker,AS,na,1,26,2,26_28,R,34,,,,
2024-Jul,2024-07-23,Breaker,AS,na,1,28,2,28_30,R,2,,,,
2024-Jul,2024-07-23,Breaker,AS,na,1,0,2,0_2,L,0,,,,
2024-Jul,2024-07-23,Breaker,AS,na,1,2,2,2_4,L,4,,,,
2024-Jul,2024-07-23,Breaker,AS,na,1,4,2,4_6,L,1,,,,
2024-Jul,2024-07-23,Breaker,AS,na,1,6,2,6_8,L,1,,,,
2024-Jul,2024-07-23,Breaker,AS,na,1,8,2,8_10,L,7,,,,
2024-Jul,2024-07-23,Breaker,AS,na,1,10,2,10_12,L,3,,,,
2024-Jul,2024-07-23,Breaker,AS,na,1,12,2,12_14,L,0,,,,
2024-Jul,2024-07-23,Breaker,AS,na,1,14,2,14_16,L,6,,,,
2024-Jul,2024-07-23,Breaker,AS,na,1,16,2,16_18,L,16,,,,
2024-Jul,2024-07-23,Breaker,AS,na,1,18,2,18_20,L,0,,,,
2024-Jul,2024-07-23,Breaker,AS,na,1,20,2,20_22,L,0,,,,
2024-Jul,2024-07-23,Breaker,AS,na,1,22,2,22_24,L,0,,,,
2024-Jul,2024-07-23,Breaker,AS,na,1,24,2,24_26,L,4,,,,
2024-Jul,2024-07-23,Breaker,AS,na,1,26,2,26_28,L,2,,,,
2024-Jul,2024-07-23,Breaker,AS,na,1,28,2,28_30,L,0,,,,
2024-Oct,2024-10-04,Owen,DCO,na,4,0,2,0_2,L,0,,na,Barren_east,
2024-Oct,2024-10-04,Owen,DCO,na,4,2,2,2_4,L,4,,na,Barren_east,
2024-Oct,2024-10-04,Owen,DCO,na,4,4,2,4_6,L,2,,na,Barren_east,
2024-Oct,2024-10-04,Owen,DCO,na,4,6,2,6_8,L,3,,na,Barren_east,
2024-Oct,2024-10-04,Owen,DCO,na,4,8,2,8_10,L,3,,na,Barren_east,
2024-Oct,2024-10-04,Owen,DCO,na,4,10,2,10_12,L,0,,na,Barren_east,
2024-Oct,2024-10-04,Owen,DCO,na,4,12,2,12_14,L,0,,na,Barren_east,
2024-Oct,2024-10-04,Owen,DCO,na,4,14,2,14_16,L,4,,na,Barren_east,
2024-Oct,2024-10-04,Owen,DCO,na,4,16,2,16_18,L,2,,na,Barren_east,
2024-Oct,2024-10-04,Owen,DCO,na,4,18,2,18_20,L,8,,na,Barren_east,
2024-Oct,2024-10-04,Owen,DCO,na,4,0,2,0_2,R,3,,na,Barren_east,
2024-Oct,2024-10-04,Owen,DCO,na,4,2,2,2_4,R,4,,na,Barren_east,
2024-Oct,2024-10-04,Owen,DCO,na,4,4,2,4_6,R,5,,na,Barren_east,
2024-Oct,2024-10-04,Owen,DCO,na,4,6,2,6_8,R,2,,na,Barren_east,
2024-Oct,2024-10-04,Owen,DCO,na,4,8,2,8_10,R,1,,na,Barren_east,
2024-Oct,2024-10-04,Owen,DCO,na,4,10,2,10_12,R,0,,na,Barren_east,
2024-Oct,2024-10-04,Owen,DCO,na,4,12,2,12_14,R,0,,na,Barren_east,
2024-Oct,2024-10-04,Owen,DCO,na,4,14,2,14_16,R,2,,na,Barren_east,
2024-Oct,2024-10-04,Owen,DCO,na,4,16,2,16_18,R,2,,na,Barren_east,
2024-Oct,2024-10-04,Owen,DCO,na,4,18,2,18_20,R,2,,na,Barren_east,
2024-Oct,2024-10-04,Owen,DCO,na,2,0,2,0_2,L,2,,na,Kelp_west,
2024-Oct,2024-10-04,Owen,DCO,na,2,2,2,2_4,L,4,,na,Kelp_west,
2024-Oct,2024-10-04,Owen,DCO,na,2,4,2,4_6,L,2,,na,Kelp_west,
2024-Oct,2024-10-04,Owen,DCO,na,2,6,2,6_8,L,9,,na,Kelp_west,
2024-Oct,2024-10-04,Owen,DCO,na,2,8,2,8_10,L,5,,na,Kelp_west,
2024-Oct,2024-10-04,Owen,DCO,na,2,10,2,10_12,L,0,,na,Kelp_west,
2024-Oct,2024-10-04,Owen,DCO,na,2,12,2,12_14,L,3,,na,Kelp_west,
2024-Oct,2024-10-04,Owen,DCO,na,2,14,2,14_16,L,4,,na,Kelp_west,
2024-Oct,2024-10-04,Owen,DCO,na,2,16,2,16_18,L,10,,na,Kelp_west,
2024-Oct,2024-10-04,Owen,DCO,na,2,18,2,18_20,L,2,,na,Kelp_west,
2024-Oct,2024-10-04,Owen,DCO,na,2,0,2,0_2,R,9,,na,Kelp_west,
2024-Oct,2024-10-04,Owen,DCO,na,2,2,2,2_4,R,2,,na,Kelp_west,
2024-Oct,2024-10-04,Owen,DCO,na,2,4,2,4_6,R,2,,na,Kelp_west,
2024-Oct,2024-10-04,Owen,DCO,na,2,6,2,6_8,R,12,,na,Kelp_west,
2024-Oct,2024-10-04,Owen,DCO,na,2,8,2,8_10,R,4,,na,Kelp_west,
2024-Oct,2024-10-04,Owen,DCO,na,2,10,2,10_12,R,0,,na,Kelp_west,
2024-Oct,2024-10-04,Owen,DCO,na,2,12,2,12_14,R,9,,na,Kelp_west,
2024-Oct,2024-10-04,Owen,DCO,na,2,14,2,14_16,R,5,,na,Kelp_west,
2024-Oct,2024-10-04,Owen,DCO,na,2,16,2,16_18,R,5,,na,Kelp_west,
2024-Oct,2024-10-04,Owen,DCO,na,2,18,2,18_20,R,3,,na,Kelp_west,
2024-Oct,2024-10-04,Owen,DCO,na,5,0,2,0_2,L,0,,na,Barren_west,
2024-Oct,2024-10-04,Owen,DCO,na,5,2,2,2_4,L,6,,na,Barren_west,
2024-Oct,2024-10-04,Owen,DCO,na,5,4,2,4_6,L,2,,na,Barren_west,
2024-Oct,2024-10-04,Owen,DCO,na,5,6,2,6_8,L,4,,na,Barren_west,
2024-Oct,2024-10-04,Owen,DCO,na,5,8,2,8_10,L,3,,na,Barren_west,
2024-Oct,2024-10-04,Owen,DCO,na,5,10,2,10_12,L,0,,na,Barren_west,
2024-Oct,2024-10-04,Owen,DCO,na,5,12,2,12_14,L,2,,na,Barren_west,
2024-Oct,2024-10-04,Owen,DCO,na,5,14,2,14_16,L,5,,na,Barren_west,
2024-Oct,2024-10-04,Owen,DCO,na,5,16,2,16_18,L,0,,na,Barren_west,
2024-Oct,2024-10-04,Owen,DCO,na,5,18,2,18_20,L,2,,na,Barren_west,
2024-Oct,2024-10-04,Owen,DCO,na,5,0,2,0_2,R,6,,na,Barren_west,
2024-Oct,2024-10-04,Owen,DCO,na,5,2,2,2_4,R,8,,na,Barren_west,
2024-Oct,2024-10-04,Owen,DCO,na,5,4,2,4_6,R,10,,na,Barren_west,
2024-Oct,2024-10-04,Owen,DCO,na,5,6,2,6_8,R,8,,na,Barren_west,
2024-Oct,2024-10-04,Owen,DCO,na,5,8,2,8_10,R,9,,na,Barren_west,
2024-Oct,2024-10-04,Owen,DCO,na,5,10,2,10_12,R,2,,na,Barren_west,
2024-Oct,2024-10-04,Owen,DCO,na,5,12,2,12_14,R,4,,na,Barren_west,
2024-Oct,2024-10-04,Owen,DCO,na,5,14,2,14_16,R,4,,na,Barren_west,
2024-Oct,2024-10-04,Owen,DCO,na,5,16,2,16_18,R,10,,na,Barren_west,
2024-Oct,2024-10-04,Owen,DCO,na,5,18,2,18_20,R,9,,na,Barren_west,
2025-Jan,2025-01-29,Owen,OP,na,5,0,2,0_2,R,0,,na,Barren_west,
2025-Jan,2025-01-29,Owen,OP,na,5,2,2,2_4,R,0,,na,Barren_west,
2025-Jan,2025-01-29,Owen,OP,na,5,4,2,4_6,R,0,,na,Barren_west,
2025-Jan,2025-01-29,Owen,OP,na,5,6,2,6_8,R,0,,na,Barren_west,
2025-Jan,2025-01-29,Owen,OP,na,5,8,2,8_10,R,0,,na,Barren_west,
2025-Jan,2025-01-29,Owen,OP,na,5,10,2,10_12,R,0,,na,Barren_west,
2025-Jan,2025-01-29,Owen,OP,na,5,12,2,12_14,R,0,,na,Barren_west,
2025-Jan,2025-01-29,Owen,OP,na,5,14,2,14_16,R,0,,na,Barren_west,
2025-Jan,2025-01-29,Owen,OP,na,5,16,2,16_18,R,0,,na,Barren_west,
2025-Jan,2025-01-29,Owen,OP,na,5,18,2,18_20,R,0,,na,Barren_west,
2025-Jan,2025-01-29,Owen,OP,na,5,0,2,0_2,L,0,,na,Barren_west,
2025-Jan,2025-01-29,Owen,OP,na,5,2,2,2_4,L,0,,na,Barren_west,
2025-Jan,2025-01-29,Owen,OP,na,5,4,2,4_6,L,0,,na,Barren_west,
2025-Jan,2025-01-29,Owen,OP,na,5,6,2,6_8,L,0,,na,Barren_west,
2025-Jan,2025-01-29,Owen,OP,na,5,8,2,8_10,L,0,,na,Barren_west,
2025-Jan,2025-01-29,Owen,OP,na,5,10,2,10_12,L,0,,na,Barren_west,
2025-Jan,2025-01-29,Owen,OP,na,5,12,2,12_14,L,0,,na,Barren_west,
2025-Jan,2025-01-29,Owen,OP,na,5,14,2,14_16,L,0,,na,Barren_west,
2025-Jan,2025-01-29,Owen,OP,na,5,16,2,16_18,L,0,,na,Barren_west,
2025-Jan,2025-01-29,Owen,OP,na,5,18,2,18_20,L,0,,na,Barren_west,
2025-Jan,2025-01-29,Owen,ZM,na,4,0,2,0_2,R,1,,na,Barren_east,
2025-Jan,2025-01-29,Owen,ZM,na,4,2,2,2_4,R,0,,na,Barren_east,
2025-Jan,2025-01-29,Owen,ZM,na,4,4,2,4_6,R,0,,na,Barren_east,
2025-Jan,2025-01-29,Owen,ZM,na,4,6,2,6_8,R,0,,na,Barren_east,
2025-Jan,2025-01-29,Owen,ZM,na,4,8,2,8_10,R,0,,na,Barren_east,
2025-Jan,2025-01-29,Owen,ZM,na,4,10,2,10_12,R,0,,na,Barren_east,
2025-Jan,2025-01-29,Owen,ZM,na,4,12,2,12_14,R,0,,na,Barren_east,
2025-Jan,2025-01-29,Owen,ZM,na,4,14,2,14_16,R,0,,na,Barren_east,
2025-Jan,2025-01-29,Owen,ZM,na,4,16,2,16_18,R,0,,na,Barren_east,
2025-Jan,2025-01-29,Owen,ZM,na,4,18,2,18_20,R,0,,na,Barren_east,"1 stipe chuck left, urchin grazed"
2025-Jan,2025-01-29,Owen,ZM,na,4,0,2,0_2,L,2,,na,Barren_east,
2025-Jan,2025-01-29,Owen,ZM,na,4,2,2,2_4,L,0,,na,Barren_east,
2025-Jan,2025-01-29,Owen,ZM,na,4,4,2,4_6,L,0,,na,Barren_east,"3 stipe chuck left, urchin grazed"
2025-Jan,2025-01-29,Owen,ZM,na,4,6,2,6_8,L,0,,na,Barren_east,
2025-Jan,2025-01-29,Owen,ZM,na,4,8,2,8_10,L,0,,na,Barren_east,
2025-Jan,2025-01-29,Owen,ZM,na,4,10,2,10_12,L,0,,na,Barren_east,
2025-Jan,2025-01-29,Owen,ZM,na,4,12,2,12_14,L,0,,na,Barren_east,
2025-Jan,2025-01-29,Owen,ZM,na,4,14,2,14_16,L,0,,na,Barren_east,
2025-Jan,2025-01-29,Owen,ZM,na,4,16,2,16_18,L,0,,na,Barren_east,"6 stipe chuck left, urchin grazed"
2025-Jan,2025-01-29,Owen,ZM,na,4,18,2,18_20,L,0,,na,Barren_east,"1 stipe chuck left, urchin grazed"
2025-Jan,2025-01-29,Owen,ZM,na,2,0,2,0_2,R,0,,na,Kelp_west,
2025-Jan,2025-01-29,Owen,ZM,na,2,2,2,2_4,R,0,,na,Kelp_west,
2025-Jan,2025-01-29,Owen,ZM,na,2,4,2,4_6,R,0,,na,Kelp_west,
2025-Jan,2025-01-29,Owen,ZM,na,2,6,2,6_8,R,0,,na,Kelp_west,
2025-Jan,2025-01-29,Owen,ZM,na,2,8,2,8_10,R,0,,na,Kelp_west,
2025-Jan,2025-01-29,Owen,ZM,na,2,10,2,10_12,R,0,,na,Kelp_west,
2025-Jan,2025-01-29,Owen,ZM,na,2,12,2,12_14,R,0,,na,Kelp_west,
2025-Jan,2025-01-29,Owen,ZM,na,2,14,2,14_16,R,0,,na,Kelp_west,
2025-Jan,2025-01-29,Owen,ZM,na,2,16,2,16_18,R,0,,na,Kelp_west,
2025-Jan,2025-01-29,Owen,ZM,na,2,18,2,18_20,R,0,,na,Kelp_west,
2025-Jan,2025-01-29,Owen,ZM,na,2,0,2,0_2,L,0,,na,Kelp_west,
2025-Jan,2025-01-29,Owen,ZM,na,2,2,2,2_4,L,0,,na,Kelp_west,"1 stipe chuck left, urchin grazed"
2025-Jan,2025-01-29,Owen,ZM,na,2,4,2,4_6,L,0,,na,Kelp_west,"1 stipe chuck left, urchin grazed"
2025-Jan,2025-01-29,Owen,ZM,na,2,6,2,6_8,L,0,,na,Kelp_west,
2025-Jan,2025-01-29,Owen,ZM,na,2,8,2,8_10,L,0,,na,Kelp_west,
2025-Jan,2025-01-29,Owen,ZM,na,2,10,2,10_12,L,0,,na,Kelp_west,
2025-Jan,2025-01-29,Owen,ZM,na,2,12,2,12_14,L,0,,na,Kelp_west,
2025-Jan,2025-01-29,Owen,ZM,na,2,14,2,14_16,L,1,,na,Kelp_west,
2025-Jan,2025-01-29,Owen,ZM,na,2,16,2,16_18,L,0,,na,Kelp_west,
2025-Jan,2025-01-29,Owen,ZM,na,2,18,2,18_20,L,0,,na,Kelp_west,"1 stipe chuck left, urchin grazed"
2025-Apr,2025-04-04,Owen,DCO,na,5,0,2,0_2,R,6,,na,Barren_west,
2025-Apr,2025-04-04,Owen,DCO,na,5,2,2,2_4,R,12,,na,Barren_west,
2025-Apr,2025-04-04,Owen,DCO,na,5,4,2,4_6,R,10,,na,Barren_west,
2025-Apr,2025-04-04,Owen,DCO,na,5,6,2,6_8,R,7,,na,Barren_west,
2025-Apr,2025-04-04,Owen,DCO,na,5,8,2,8_10,R,12,,na,Barren_west,
2025-Apr,2025-04-04,Owen,DCO,na,5,10,2,10_12,R,5,,na,Barren_west,
2025-Apr,2025-04-04,Owen,DCO,na,5,12,2,12_14,R,6,,na,Barren_west,
2025-Apr,2025-04-04,Owen,DCO,na,5,14,2,14_16,R,5,,na,Barren_west,
2025-Apr,2025-04-04,Owen,DCO,na,5,16,2,16_18,R,26,,na,Barren_west,
2025-Apr,2025-04-04,Owen,DCO,na,5,18,2,18_20,R,3,,na,Barren_west,
2025-Apr,2025-04-04,Owen,DCO,na,5,0,2,0_2,L,4,,na,Barren_west,
2025-Apr,2025-04-04,Owen,DCO,na,5,2,2,2_4,L,10,,na,Barren_west,
2025-Apr,2025-04-04,Owen,DCO,na,5,4,2,4_6,L,10,,na,Barren_west,
2025-Apr,2025-04-04,Owen,DCO,na,5,6,2,6_8,L,7,,na,Barren_west,
2025-Apr,2025-04-04,Owen,DCO,na,5,8,2,8_10,L,5,,na,Barren_west,
2025-Apr,2025-04-04,Owen,DCO,na,5,10,2,10_12,L,0,,na,Barren_west,
2025-Apr,2025-04-04,Owen,DCO,na,5,12,2,12_14,L,2,,na,Barren_west,
2025-Apr,2025-04-04,Owen,DCO,na,5,14,2,14_16,L,12,,na,Barren_west,
2025-Apr,2025-04-04,Owen,DCO,na,5,16,2,16_18,L,29,,na,Barren_west,
2025-Apr,2025-04-04,Owen,DCO,na,5,18,2,18_20,L,0,,na,Barren_west,
2025-Apr,2025-04-04,Owen,DCO,na,2,0,2,0_2,R,20,,na,Kelp_west,
2025-Apr,2025-04-04,Owen,DCO,na,2,2,2,2_4,R,32,,na,Kelp_west,
2025-Apr,2025-04-04,Owen,DCO,na,2,4,2,4_6,R,35,,na,Kelp_west,
2025-Apr,2025-04-04,Owen,DCO,na,2,6,2,6_8,R,25,,na,Kelp_west,
2025-Apr,2025-04-04,Owen,DCO,na,2,8,2,8_10,R,12,,na,Kelp_west,
2025-Apr,2025-04-04,Owen,DCO,na,2,10,2,10_12,R,22,,na,Kelp_west,
2025-Apr,2025-04-04,Owen,DCO,na,2,12,2,12_14,R,25,,na,Kelp_west,
2025-Apr,2025-04-04,Owen,DCO,na,2,14,2,14_16,R,35,,na,Kelp_west,
2025-Apr,2025-04-04,Owen,DCO,na,2,16,2,16_18,R,45,,na,Kelp_west,
2025-Apr,2025-04-04,Owen,DCO,na,2,18,2,18_20,R,37,,na,Kelp_west,
2025-Apr,2025-04-04,Owen,DCO,na,2,0,2,0_2,L,25,,na,Kelp_west,
2025-Apr,2025-04-04,Owen,DCO,na,2,2,2,2_4,L,33,,na,Kelp_west,
2025-Apr,2025-04-04,Owen,DCO,na,2,4,2,4_6,L,38,,na,Kelp_west,
2025-Apr,2025-04-04,Owen,DCO,na,2,6,2,6_8,L,26,,na,Kelp_west,
2025-Apr,2025-04-04,Owen,DCO,na,2,8,2,8_10,L,28,,na,Kelp_west,
2025-Apr,2025-04-04,Owen,DCO,na,2,10,2,10_12,L,26,,na,Kelp_west,
2025-Apr,2025-04-04,Owen,DCO,na,2,12,2,12_14,L,12,,na,Kelp_west,
2025-Apr,2025-04-04,Owen,DCO,na,2,14,2,14_16,L,29,,na,Kelp_west,
2025-Apr,2025-04-04,Owen,DCO,na,2,16,2,16_18,L,21,,na,Kelp_west,
2025-Apr,2025-04-04,Owen,DCO,na,2,18,2,18_20,L,43,,na,Kelp_west,
2025-Apr,2025-04-04,Owen,DCO,na,4,0,2,0_2,R,1,,na,Barren_east,
2025-Apr,2025-04-04,Owen,DCO,na,4,2,2,2_4,R,0,,na,Barren_east,
2025-Apr,2025-04-04,Owen,DCO,na,4,4,2,4_6,R,0,,na,Barren_east,
2025-Apr,2025-04-04,Owen,DCO,na,4,6,2,6_8,R,0,,na,Barren_east,
2025-Apr,2025-04-04,Owen,DCO,na,4,8,2,8_10,R,0,,na,Barren_east,
2025-Apr,2025-04-04,Owen,DCO,na,4,10,2,10_12,R,0,,na,Barren_east,
2025-Apr,2025-04-04,Owen,DCO,na,4,12,2,12_14,R,0,,na,Barren_east,
2025-Apr,2025-04-04,Owen,DCO,na,4,14,2,14_16,R,0,,na,Barren_east,
2025-Apr,2025-04-04,Owen,DCO,na,4,16,2,16_18,R,0,,na,Barren_east,
2025-Apr,2025-04-04,Owen,DCO,na,4,18,2,18_20,R,0,,na,Barren_east,
2025-Apr,2025-04-04,Owen,DCO,na,4,0,2,0_2,L,10,,na,Barren_east,
2025-Apr,2025-04-04,Owen,DCO,na,4,2,2,2_4,L,0,,na,Barren_east,
2025-Apr,2025-04-04,Owen,DCO,na,4,4,2,4_6,L,0,,na,Barren_east,
2025-Apr,2025-04-04,Owen,DCO,na,4,6,2,6_8,L,0,,na,Barren_east,
2025-Apr,2025-04-04,Owen,DCO,na,4,8,2,8_10,L,0,,na,Barren_east,
2025-Apr,2025-04-04,Owen,DCO,na,4,10,2,10_12,L,0,,na,Barren_east,
2025-Apr,2025-04-04,Owen,DCO,na,4,12,2,12_14,L,0,,na,Barren_east,
2025-Apr,2025-04-04,Owen,DCO,na,4,14,2,14_16,L,0,,na,Barren_east,
2025-Apr,2025-04-04,Owen,DCO,na,4,16,2,16_18,L,0,,na,Barren_east,
2025-Apr,2025-04-04,Owen,DCO,na,4,18,2,18_20,L,0,,na,Barren_east,
2025-Jul,2025-07-07,McMullins_west,DVM,na,1,0,2,0_2,R,8,8.0-8.2,11:39,,
2025-Jul,2025-07-07,McMullins_west,DVM,na,1,2,2,2_4,R,5,8.0-8.2,11:39,,
2025-Jul,2025-07-07,McMullins_west,DVM,na,1,4,2,4_6,R,6,8.0-8.2,11:39,,
2025-Jul,2025-07-07,McMullins_west,DVM,na,1,6,2,6_8,R,3,8.0-8.2,11:39,,
2025-Jul,2025-07-07,McMullins_west,DVM,na,1,8,2,8_10,R,1,8.0-8.2,11:39,,
2025-Jul,2025-07-07,McMullins_west,DVM,na,1,10,2,10_12,R,2,8.0-8.2,11:39,,
2025-Jul,2025-07-07,McMullins_west,DVM,na,1,12,2,12_14,R,1,8.0-8.2,11:39,,
2025-Jul,2025-07-07,McMullins_west,DVM,na,1,14,2,14_16,R,3,8.0-8.2,11:39,,
2025-Jul,2025-07-07,McMullins_west,DVM,na,1,16,2,16_18,R,2,8.0-8.2,11:39,,
2025-Jul,2025-07-07,McMullins_west,DVM,na,1,18,2,18_20,R,1,8.0-8.2,11:39,,
2025-Jul,2025-07-07,McMullins_west,DVM,na,1,20,2,20_22,R,1,8.0-8.2,11:39,,
2025-Jul,2025-07-07,McMullins_west,DVM,na,1,22,2,22_24,R,0,8.0-8.2,11:39,,
2025-Jul,2025-07-07,McMullins_west,DVM,na,1,24,2,24_26,R,0,8.0-8.2,11:39,,
2025-Jul,2025-07-07,McMullins_west,DVM,na,1,26,2,26_28,R,1,8.0-8.2,11:39,,
2025-Jul,2025-07-07,McMullins_west,DVM,na,1,28,2,28_30,R,2,8.0-8.2,11:39,,
2025-Jul,2025-07-07,McMullins_west,DVM,na,1,0,2,0_2,L,5,8.0-8.2,11:39,,
2025-Jul,2025-07-07,McMullins_west,DVM,na,1,2,2,2_4,L,5,8.0-8.2,11:39,,
2025-Jul,2025-07-07,McMullins_west,DVM,na,1,4,2,4_6,L,9,8.0-8.2,11:39,,
2025-Jul,2025-07-07,McMullins_west,DVM,na,1,6,2,6_8,L,2,8.0-8.2,11:39,,
2025-Jul,2025-07-07,McMullins_west,DVM,na,1,8,2,8_10,L,1,8.0-8.2,11:39,,
2025-Jul,2025-07-07,McMullins_west,DVM,na,1,10,2,10_12,L,0,8.0-8.2,11:39,,
2025-Jul,2025-07-07,McMullins_west,DVM,na,1,12,2,12_14,L,2,8.0-8.2,11:39,,
2025-Jul,2025-07-07,McMullins_west,DVM,na,1,14,2,14_16,L,4,8.0-8.2,11:39,,
2025-Jul,2025-07-07,McMullins_west,DVM,na,1,16,2,16_18,L,2,8.0-8.2,11:39,,
2025-Jul,2025-07-07,McMullins_west,DVM,na,1,18,2,18_20,L,0,8.0-8.2,11:39,,
2025-Jul,2025-07-07,McMullins_west,DVM,na,1,20,2,20_22,L,1,8.0-8.2,11:39,,
2025-Jul,2025-07-07,McMullins_west,DVM,na,1,22,2,22_24,L,0,8.0-8.2,11:39,,
2025-Jul,2025-07-07,McMullins_west,DVM,na,1,24,2,24_26,L,1,8.0-8.2,11:39,,
2025-Jul,2025-07-07,McMullins_west,DVM,na,1,26,2,26_28,L,1,8.0-8.2,11:39,,
2025-Jul,2025-07-07,McMullins_west,DVM,na,1,28,2,28_30,L,2,8.0-8.2,11:39,,
2025-Jul,2025-07-07,McMullins_west,LL,na,3,0,2,0_2,R,2,7.3,11:54,,
2025-Jul,2025-07-07,McMullins_west,LL,na,3,2,2,2_4,R,1,7.3,11:54,,
2025-Jul,2025-07-07,McMullins_west,LL,na,3,4,2,4_6,R,3,7.3,11:54,,
2025-Jul,2025-07-07,McMullins_west,LL,na,3,6,2,6_8,R,0,7.3,11:54,,
2025-Jul,2025-07-07,McMullins_west,LL,na,3,8,2,8_10,R,0,7.3,11:54,,
2025-Jul,2025-07-07,McMullins_west,LL,na,3,10,2,10_12,R,1,7.3,11:54,,
2025-Jul,2025-07-07,McMullins_west,LL,na,3,12,2,12_14,R,0,7.3,11:54,,
2025-Jul,2025-07-07,McMullins_west,LL,na,3,14,2,14_16,R,0,7.3,11:54,,
2025-Jul,2025-07-07,McMullins_west,LL,na,3,16,2,16_18,R,1,7.3,11:54,,
2025-Jul,2025-07-07,McMullins_west,LL,na,3,18,2,18_20,R,1,7.3,11:54,,
2025-Jul,2025-07-07,McMullins_west,LL,na,3,20,2,20_22,R,0,7.3,11:54,,
2025-Jul,2025-07-07,McMullins_west,LL,na,3,22,2,22_24,R,1,7.3,11:54,,
2025-Jul,2025-07-07,McMullins_west,LL,na,3,24,2,24_26,R,0,7.3,11:54,,
2025-Jul,2025-07-07,McMullins_west,LL,na,3,26,2,26_28,R,10,7.3,11:54,,
2025-Jul,2025-07-07,McMullins_west,LL,na,3,28,2,28_30,R,3,7.3,11:54,,
2025-Jul,2025-07-07,McMullins_west,LL,na,3,0,2,0_2,L,7,7.3,11:54,,
2025-Jul,2025-07-07,McMullins_west,LL,na,3,2,2,2_4,L,0,7.3,11:54,,
2025-Jul,2025-07-07,McMullins_west,LL,na,3,4,2,4_6,L,5,7.3,11:54,,
2025-Jul,2025-07-07,McMullins_west,LL,na,3,6,2,6_8,L,2,7.3,11:54,,
2025-Jul,2025-07-07,McMullins_west,LL,na,3,8,2,8_10,L,0,7.3,11:54,,
2025-Jul,2025-07-07,McMullins_west,LL,na,3,10,2,10_12,L,1,7.3,11:54,,
2025-Jul,2025-07-07,McMullins_west,LL,na,3,12,2,12_14,L,0,7.3,11:54,,
2025-Jul,2025-07-07,McMullins_west,LL,na,3,14,2,14_16,L,0,7.3,11:54,,
2025-Jul,2025-07-07,McMullins_west,LL,na,3,16,2,16_18,L,6,7.3,11:54,,
2025-Jul,2025-07-07,McMullins_west,LL,na,3,18,2,18_20,L,0,7.3,11:54,,
2025-Jul,2025-07-07,McMullins_west,LL,na,3,20,2,20_22,L,0,7.3,11:54,,
2025-Jul,2025-07-07,McMullins_west,LL,na,3,22,2,22_24,L,1,7.3,11:54,,
2025-Jul,2025-07-07,McMullins_west,LL,na,3,24,2,24_26,L,6,7.3,11:54,,
2025-Jul,2025-07-07,McMullins_west,LL,na,3,26,2,26_28,L,12,7.3,11:54,,
2025-Jul,2025-07-07,McMullins_west,LL,na,3,28,2,28_30,L,3,7.3,11:54,,
2025-Jul,2025-07-07,McMullins_west,AS,na,2,0,2,0_2,R,1,7-7.7,12:00,,
2025-Jul,2025-07-07,McMullins_west,AS,na,2,2,2,2_4,R,0,7-7.7,12:00,,
2025-Jul,2025-07-07,McMullins_west,AS,na,2,4,2,4_6,R,0,7-7.7,12:00,,
2025-Jul,2025-07-07,McMullins_west,AS,na,2,6,2,6_8,R,5,7-7.7,12:00,,
2025-Jul,2025-07-07,McMullins_west,AS,na,2,8,2,8_10,R,2,7-7.7,12:00,,
2025-Jul,2025-07-07,McMullins_west,AS,na,2,10,2,10_12,R,1,7-7.7,12:00,,
2025-Jul,2025-07-07,McMullins_west,AS,na,2,12,2,12_14,R,2,7-7.7,12:00,,
2025-Jul,2025-07-07,McMullins_west,AS,na,2,14,2,14_16,R,5,7-7.7,12:00,,
2025-Jul,2025-07-07,McMullins_west,AS,na,2,16,2,16_18,R,0,7-7.7,12:00,,
2025-Jul,2025-07-07,McMullins_west,AS,na,2,18,2,18_20,R,4,7-7.7,12:00,,
2025-Jul,2025-07-07,McMullins_west,AS,na,2,20,2,20_22,R,6,7-7.7,12:00,,
2025-Jul,2025-07-07,McMullins_west,AS,na,2,22,2,22_24,R,3,7-7.7,12:00,,
2025-Jul,2025-07-07,McMullins_west,AS,na,2,24,2,24_26,R,1,7-7.7,12:00,,
2025-Jul,2025-07-07,McMullins_west,AS,na,2,26,2,26_28,R,6,7-7.7,12:00,,
2025-Jul,2025-07-07,McMullins_west,AS,na,2,28,2,28_30,R,3,7-7.7,12:00,,
2025-Jul,2025-07-07,McMullins_west,AS,na,2,0,2,0_2,L,3,7-7.7,12:00,,
2025-Jul,2025-07-07,McMullins_west,AS,na,2,2,2,2_4,L,0,7-7.7,12:00,,
2025-Jul,2025-07-07,McMullins_west,AS,na,2,4,2,4_6,L,0,7-7.7,12:00,,
2025-Jul,2025-07-07,McMullins_west,AS,na,2,6,2,6_8,L,0,7-7.7,12:00,,
2025-Jul,2025-07-07,McMullins_west,AS,na,2,8,2,8_10,L,2,7-7.7,12:00,,
2025-Jul,2025-07-07,McMullins_west,AS,na,2,10,2,10_12,L,4,7-7.7,12:00,,
2025-Jul,2025-07-07,McMullins_west,AS,na,2,12,2,12_14,L,3,7-7.7,12:00,,
2025-Jul,2025-07-07,McMullins_west,AS,na,2,14,2,14_16,L,6,7-7.7,12:00,,
2025-Jul,2025-07-07,McMullins_west,AS,na,2,16,2,16_18,L,0,7-7.7,12:00,,
2025-Jul,2025-07-07,McMullins_west,AS,na,2,18,2,18_20,L,1,7-7.7,12:00,,
2025-Jul,2025-07-07,McMullins_west,AS,na,2,20,2,20_22,L,3,7-7.7,12:00,,
2025-Jul,2025-07-07,McMullins_west,AS,na,2,22,2,22_24,L,1,7-7.7,12:00,,
2025-Jul,2025-07-07,McMullins_west,AS,na,2,24,2,24_26,L,0,7-7.7,12:00,,
2025-Jul,2025-07-07,McMullins_west,AS,na,2,26,2,26_28,L,3,7-7.7,12:00,,
2025-Jul,2025-07-07,McMullins_west,AS,na,2,28,2,28_30,L,3,7-7.7,12:00,,
2025-Jul,2025-07-05,Robert_rocks,AS,na,2,0,2,0_2,R,0,7,10:10,,
2025-Jul,2025-07-05,Robert_rocks,AS,na,2,2,2,2_4,R,0,7,10:10,,
2025-Jul,2025-07-05,Robert_rocks,AS,na,2,4,2,4_6,R,0,7,10:10,,
2025-Jul,2025-07-05,Robert_rocks,AS,na,2,6,2,6_8,R,4,7,10:10,,
2025-Jul,2025-07-05,Robert_rocks,AS,na,2,8,2,8_10,R,0,7,10:10,,
2025-Jul,2025-07-05,Robert_rocks,AS,na,2,10,2,10_12,R,0,7,10:10,,
2025-Jul,2025-07-05,Robert_rocks,AS,na,2,12,2,12_14,R,0,7,10:10,,
2025-Jul,2025-07-05,Robert_rocks,AS,na,2,14,2,14_16,R,2,7,10:10,,
2025-Jul,2025-07-05,Robert_rocks,AS,na,2,16,2,16_18,R,0,7,10:10,,
2025-Jul,2025-07-05,Robert_rocks,AS,na,2,18,2,18_20,R,1,7,10:10,,
2025-Jul,2025-07-05,Robert_rocks,AS,na,2,20,2,20_22,R,1,7,10:10,,
2025-Jul,2025-07-05,Robert_rocks,AS,na,2,22,2,22_24,R,3,7,10:10,,
2025-Jul,2025-07-05,Robert_rocks,AS,na,2,24,2,24_26,R,3,7,10:10,,
2025-Jul,2025-07-05,Robert_rocks,AS,na,2,26,2,26_28,R,0,7,10:10,,
2025-Jul,2025-07-05,Robert_rocks,AS,na,2,28,2,28_30,R,0,7,10:10,,
2025-Jul,2025-07-05,Robert_rocks,AS,na,2,0,2,0_2,L,3,7,10:10,,
2025-Jul,2025-07-05,Robert_rocks,AS,na,2,2,2,2_4,L,0,7,10:10,,
2025-Jul,2025-07-05,Robert_rocks,AS,na,2,4,2,4_6,L,0,7,10:10,,
2025-Jul,2025-07-05,Robert_rocks,AS,na,2,6,2,6_8,L,1,7,10:10,,
2025-Jul,2025-07-05,Robert_rocks,AS,na,2,8,2,8_10,L,1,7,10:10,,
2025-Jul,2025-07-05,Robert_rocks,AS,na,2,10,2,10_12,L,0,7,10:10,,
2025-Jul,2025-07-05,Robert_rocks,AS,na,2,12,2,12_14,L,4,7,10:10,,
2025-Jul,2025-07-05,Robert_rocks,AS,na,2,14,2,14_16,L,0,7,10:10,,
2025-Jul,2025-07-05,Robert_rocks,AS,na,2,16,2,16_18,L,0,7,10:10,,
2025-Jul,2025-07-05,Robert_rocks,AS,na,2,18,2,18_20,L,0,7,10:10,,
2025-Jul,2025-07-05,Robert_rocks,AS,na,2,20,2,20_22,L,0,7,10:10,,
2025-Jul,2025-07-05,Robert_rocks,AS,na,2,22,2,22_24,L,0,7,10:10,,
2025-Jul,2025-07-05,Robert_rocks,AS,na,2,24,2,24_26,L,3,7,10:10,,
2025-Jul,2025-07-05,Robert_rocks,AS,na,2,26,2,26_28,L,3,7,10:10,,
2025-Jul,2025-07-05,Robert_rocks,AS,na,2,28,2,28_30,L,1,7,10:10,,
2025-Jul,2025-07-05,Granville,AS,na,2,0,2,0_2,R,7,6.5,13:02,,
2025-Jul,2025-07-05,Granville,AS,na,2,2,2,2_4,R,10,6.5,13:02,,
2025-Jul,2025-07-05,Granville,AS,na,2,4,2,4_6,R,14,6.5,13:02,,
2025-Jul,2025-07-05,Granville,AS,na,2,6,2,6_8,R,6,6.5,13:02,,
2025-Jul,2025-07-05,Granville,AS,na,2,8,2,8_10,R,3,6.5,13:02,,
2025-Jul,2025-07-05,Granville,AS,na,2,10,2,10_12,R,2,6.5,13:02,,
2025-Jul,2025-07-05,Granville,AS,na,2,12,2,12_14,R,8,6.5,13:02,,
2025-Jul,2025-07-05,Granville,AS,na,2,14,2,14_16,R,8,6.5,13:02,,
2025-Jul,2025-07-05,Granville,AS,na,2,16,2,16_18,R,12,6.5,13:02,,
2025-Jul,2025-07-05,Granville,AS,na,2,18,2,18_20,R,6,6.5,13:02,,
2025-Jul,2025-07-05,Granville,AS,na,2,20,2,20_22,R,9,6.5,13:02,,
2025-Jul,2025-07-05,Granville,AS,na,2,22,2,22_24,R,9,6.5,13:02,,
2025-Jul,2025-07-05,Granville,AS,na,2,24,2,24_26,R,16,6.5,13:02,,
2025-Jul,2025-07-05,Granville,AS,na,2,26,2,26_28,R,9,6.5,13:02,,
2025-Jul,2025-07-05,Granville,AS,na,2,28,2,28_30,R,16,6.5,13:02,,
2025-Jul,2025-07-05,Granville,AS,na,2,0,2,0_2,L,3,6.5,13:02,,
2025-Jul,2025-07-05,Granville,AS,na,2,2,2,2_4,L,1,6.5,13:02,,
2025-Jul,2025-07-05,Granville,AS,na,2,4,2,4_6,L,13,6.5,13:02,,
2025-Jul,2025-07-05,Granville,AS,na,2,6,2,6_8,L,3,6.5,13:02,,
2025-Jul,2025-07-05,Granville,AS,na,2,8,2,8_10,L,5,6.5,13:02,,
2025-Jul,2025-07-05,Granville,AS,na,2,10,2,10_12,L,15,6.5,13:02,,
2025-Jul,2025-07-05,Granville,AS,na,2,12,2,12_14,L,2,6.5,13:02,,
2025-Jul,2025-07-05,Granville,AS,na,2,14,2,14_16,L,5,6.5,13:02,,
2025-Jul,2025-07-05,Granville,AS,na,2,16,2,16_18,L,0,6.5,13:02,,
2025-Jul,2025-07-05,Granville,AS,na,2,18,2,18_20,L,10,6.5,13:02,,
2025-Jul,2025-07-05,Granville,AS,na,2,20,2,20_22,L,17,6.5,13:02,,
2025-Jul,2025-07-05,Granville,AS,na,2,22,2,22_24,L,1,6.5,13:02,,
2025-Jul,2025-07-05,Granville,AS,na,2,24,2,24_26,L,12,6.5,13:02,,
2025-Jul,2025-07-05,Granville,AS,na,2,26,2,26_28,L,20,6.5,13:02,,
2025-Jul,2025-07-05,Granville,AS,na,2,28,2,28_30,L,15,6.5,13:02,,
2025-Jul,2025-07-08,Turf,OP,na,3,0,2,0_2,R,1,7.5-8.5,10:30,,
2025-Jul,2025-07-08,Turf,OP,na,3,2,2,2_4,R,0,7.5-8.5,10:30,,
2025-Jul,2025-07-08,Turf,OP,na,3,4,2,4_6,R,4,7.5-8.5,10:30,,
2025-Jul,2025-07-08,Turf,OP,na,3,6,2,6_8,R,9,7.5-8.5,10:30,,
2025-Jul,2025-07-08,Turf,OP,na,3,8,2,8_10,R,0,7.5-8.5,10:30,,
2025-Jul,2025-07-08,Turf,OP,na,3,10,2,10_12,R,0,7.5-8.5,10:30,,
2025-Jul,2025-07-08,Turf,OP,na,3,12,2,12_14,R,3,7.5-8.5,10:30,,
2025-Jul,2025-07-08,Turf,OP,na,3,14,2,14_16,R,0,7.5-8.5,10:30,,
2025-Jul,2025-07-08,Turf,OP,na,3,16,2,16_18,R,1,7.5-8.5,10:30,,
2025-Jul,2025-07-08,Turf,OP,na,3,18,2,18_20,R,1,7.5-8.5,10:30,,
2025-Jul,2025-07-08,Turf,OP,na,3,20,2,20_22,R,0,7.5-8.5,10:30,,
2025-Jul,2025-07-08,Turf,OP,na,3,22,2,22_24,R,0,7.5-8.5,10:30,,
2025-Jul,2025-07-08,Turf,OP,na,3,24,2,24_26,R,6,7.5-8.5,10:30,,
2025-Jul,2025-07-08,Turf,OP,na,3,26,2,26_28,R,2,7.5-8.5,10:30,,
2025-Jul,2025-07-08,Turf,OP,na,3,28,2,28_30,R,2,7.5-8.5,10:30,,
2025-Jul,2025-07-08,Turf,OP,na,3,0,2,0_2,L,0,7.5-8.5,10:30,,
2025-Jul,2025-07-08,Turf,OP,na,3,2,2,2_4,L,0,7.5-8.5,10:30,,
2025-Jul,2025-07-08,Turf,OP,na,3,4,2,4_6,L,0,7.5-8.5,10:30,,
2025-Jul,2025-07-08,Turf,OP,na,3,6,2,6_8,L,0,7.5-8.5,10:30,,
2025-Jul,2025-07-08,Turf,OP,na,3,8,2,8_10,L,0,7.5-8.5,10:30,,
2025-Jul,2025-07-08,Turf,OP,na,3,10,2,10_12,L,12,7.5-8.5,10:30,,
2025-Jul,2025-07-08,Turf,OP,na,3,12,2,12_14,L,3,7.5-8.5,10:30,,
2025-Jul,2025-07-08,Turf,OP,na,3,14,2,14_16,L,0,7.5-8.5,10:30,,
2025-Jul,2025-07-08,Turf,OP,na,3,16,2,16_18,L,0,7.5-8.5,10:30,,
2025-Jul,2025-07-08,Turf,OP,na,3,18,2,18_20,L,1,7.5-8.5,10:30,,
2025-Jul,2025-07-08,Turf,OP,na,3,20,2,20_22,L,0,7.5-8.5,10:30,,
2025-Jul,2025-07-08,Turf,OP,na,3,22,2,22_24,L,3,7.5-8.5,10:30,,
2025-Jul,2025-07-08,Turf,OP,na,3,24,2,24_26,L,2,7.5-8.5,10:30,,
2025-Jul,2025-07-08,Turf,OP,na,3,26,2,26_28,L,0,7.5-8.5,10:30,,
2025-Jul,2025-07-08,Turf,OP,na,3,28,2,28_30,L,0,7.5-8.5,10:30,,
2025-Jul,2025-07-05,Robert_rocks,DCO,na,1,0,2,0_2,R,0,6.7,10:17,,
2025-Jul,2025-07-05,Robert_rocks,DCO,na,1,2,2,2_4,R,5,6.7,10:17,,
2025-Jul,2025-07-05,Robert_rocks,DCO,na,1,4,2,4_6,R,6,6.7,10:17,,
2025-Jul,2025-07-05,Robert_rocks,DCO,na,1,6,2,6_8,R,8,6.7,10:17,,
2025-Jul,2025-07-05,Robert_rocks,DCO,na,1,8,2,8_10,R,3,6.7,10:17,,
2025-Jul,2025-07-05,Robert_rocks,DCO,na,1,10,2,10_12,R,0,6.7,10:17,,
2025-Jul,2025-07-05,Robert_rocks,DCO,na,1,12,2,12_14,R,0,6.7,10:17,,
2025-Jul,2025-07-05,Robert_rocks,DCO,na,1,14,2,14_16,R,0,6.7,10:17,,
2025-Jul,2025-07-05,Robert_rocks,DCO,na,1,16,2,16_18,R,0,6.7,10:17,,
2025-Jul,2025-07-05,Robert_rocks,DCO,na,1,18,2,18_20,R,1,6.7,10:17,,
2025-Jul,2025-07-05,Robert_rocks,DCO,na,1,20,2,20_22,R,1,6.7,10:17,,
2025-Jul,2025-07-05,Robert_rocks,DCO,na,1,22,2,22_24,R,4,6.7,10:17,,
2025-Jul,2025-07-05,Robert_rocks,DCO,na,1,24,2,24_26,R,5,6.7,10:17,,
2025-Jul,2025-07-05,Robert_rocks,DCO,na,1,26,2,26_28,R,0,6.7,10:17,,
2025-Jul,2025-07-05,Robert_rocks,DCO,na,1,28,2,28_30,R,3,6.7,10:17,,
2025-Jul,2025-07-05,Robert_rocks,DCO,na,1,0,2,0_2,L,1,6.7,10:17,,
2025-Jul,2025-07-05,Robert_rocks,DCO,na,1,2,2,2_4,L,1,6.7,10:17,,
2025-Jul,2025-07-05,Robert_rocks,DCO,na,1,4,2,4_6,L,2,6.7,10:17,,
2025-Jul,2025-07-05,Robert_rocks,DCO,na,1,6,2,6_8,L,2,6.7,10:17,,
2025-Jul,2025-07-05,Robert_rocks,DCO,na,1,8,2,8_10,L,2,6.7,10:17,,
2025-Jul,2025-07-05,Robert_rocks,DCO,na,1,10,2,10_12,L,0,6.7,10:17,,
2025-Jul,2025-07-05,Robert_rocks,DCO,na,1,12,2,12_14,L,0,6.7,10:17,,
2025-Jul,2025-07-05,Robert_rocks,DCO,na,1,14,2,14_16,L,0,6.7,10:17,,
2025-Jul,2025-07-05,Robert_rocks,DCO,na,1,16,2,16_18,L,0,6.7,10:17,,
2025-Jul,2025-07-05,Robert_rocks,DCO,na,1,18,2,18_20,L,1,6.7,10:17,,
2025-Jul,2025-07-05,Robert_rocks,DCO,na,1,20,2,20_22,L,0,6.7,10:17,,
2025-Jul,2025-07-05,Robert_rocks,DCO,na,1,22,2,22_24,L,0,6.7,10:17,,
2025-Jul,2025-07-05,Robert_rocks,DCO,na,1,24,2,24_26,L,0,6.7,10:17,,
2025-Jul,2025-07-05,Robert_rocks,DCO,na,1,26,2,26_28,L,0,6.7,10:17,,
2025-Jul,2025-07-05,Robert_rocks,DCO,na,1,28,2,28_30,L,0,6.7,10:17,,
2025-Jul,2025-07-05,Granville,DCO,na,1,0,2,0_2,R,1,6.4,12:48,,
2025-Jul,2025-07-05,Granville,DCO,na,1,2,2,2_4,R,6,6.4,12:48,,
2025-Jul,2025-07-05,Granville,DCO,na,1,4,2,4_6,R,3,6.4,12:48,,
2025-Jul,2025-07-05,Granville,DCO,na,1,6,2,6_8,R,4,6.4,12:48,,
2025-Jul,2025-07-05,Granville,DCO,na,1,8,2,8_10,R,0,6.4,12:48,,
2025-Jul,2025-07-05,Granville,DCO,na,1,10,2,10_12,R,0,6.4,12:48,,
2025-Jul,2025-07-05,Granville,DCO,na,1,12,2,12_14,R,1,6.4,12:48,,
2025-Jul,2025-07-05,Granville,DCO,na,1,14,2,14_16,R,10,6.4,12:48,,
2025-Jul,2025-07-05,Granville,DCO,na,1,16,2,16_18,R,20,6.4,12:48,,
2025-Jul,2025-07-05,Granville,DCO,na,1,18,2,18_20,R,9,6.4,12:48,,
2025-Jul,2025-07-05,Granville,DCO,na,1,20,2,20_22,R,11,6.4,12:48,,
2025-Jul,2025-07-05,Granville,DCO,na,1,22,2,22_24,R,9,6.4,12:48,,
2025-Jul,2025-07-05,Granville,DCO,na,1,24,2,24_26,R,7,6.4,12:48,,
2025-Jul,2025-07-05,Granville,DCO,na,1,26,2,26_28,R,12,6.4,12:48,,
2025-Jul,2025-07-05,Granville,DCO,na,1,28,2,28_30,R,12,6.4,12:48,,
2025-Jul,2025-07-05,Granville,DCO,na,1,0,2,0_2,L,0,6.4,12:48,,
2025-Jul,2025-07-05,Granville,DCO,na,1,2,2,2_4,L,7,6.4,12:48,,
2025-Jul,2025-07-05,Granville,DCO,na,1,4,2,4_6,L,7,6.4,12:48,,
2025-Jul,2025-07-05,Granville,DCO,na,1,6,2,6_8,L,4,6.4,12:48,,
2025-Jul,2025-07-05,Granville,DCO,na,1,8,2,8_10,L,0,6.4,12:48,,
2025-Jul,2025-07-05,Granville,DCO,na,1,10,2,10_12,L,0,6.4,12:48,,
2025-Jul,2025-07-05,Granville,DCO,na,1,12,2,12_14,L,0,6.4,12:48,,
2025-Jul,2025-07-05,Granville,DCO,na,1,14,2,14_16,L,0,6.4,12:48,,
2025-Jul,2025-07-05,Granville,DCO,na,1,16,2,16_18,L,1,6.4,12:48,,
2025-Jul,2025-07-05,Granville,DCO,na,1,18,2,18_20,L,0,6.4,12:48,,
2025-Jul,2025-07-05,Granville,DCO,na,1,20,2,20_22,L,0,6.4,12:48,,
2025-Jul,2025-07-05,Granville,DCO,na,1,22,2,22_24,L,6,6.4,12:48,,
2025-Jul,2025-07-05,Granville,DCO,na,1,24,2,24_26,L,6,6.4,12:48,,
2025-Jul,2025-07-05,Granville,DCO,na,1,26,2,26_28,L,7,6.4,12:48,,
2025-Jul,2025-07-05,Granville,DCO,na,1,28,2,28_30,L,10,6.4,12:48,,
2025-Jul,2025-07-08,Turf,DCO,na,1,0,2,0_2,R,10,5.2-6.9,10:30,,
2025-Jul,2025-07-08,Turf,DCO,na,1,2,2,2_4,R,5,5.2-6.9,10:30,,
2025-Jul,2025-07-08,Turf,DCO,na,1,4,2,4_6,R,22,5.2-6.9,10:30,,
2025-Jul,2025-07-08,Turf,DCO,na,1,6,2,6_8,R,8,5.2-6.9,10:30,,
2025-Jul,2025-07-08,Turf,DCO,na,1,8,2,8_10,R,4,5.2-6.9,10:30,,
2025-Jul,2025-07-08,Turf,DCO,na,1,10,2,10_12,R,4,5.2-6.9,10:30,,
2025-Jul,2025-07-08,Turf,DCO,na,1,12,2,12_14,R,2,5.2-6.9,10:30,,
2025-Jul,2025-07-08,Turf,DCO,na,1,14,2,14_16,R,2,5.2-6.9,10:30,,
2025-Jul,2025-07-08,Turf,DCO,na,1,16,2,16_18,R,0,5.2-6.9,10:30,,
2025-Jul,2025-07-08,Turf,DCO,na,1,18,2,18_20,R,0,5.2-6.9,10:30,,
2025-Jul,2025-07-08,Turf,DCO,na,1,20,2,20_22,R,0,5.2-6.9,10:30,,
2025-Jul,2025-07-08,Turf,DCO,na,1,22,2,22_24,R,0,5.2-6.9,10:30,,
2025-Jul,2025-07-08,Turf,DCO,na,1,24,2,24_26,R,2,5.2-6.9,10:30,,
2025-Jul,2025-07-08,Turf,DCO,na,1,26,2,26_28,R,0,5.2-6.9,10:30,,
2025-Jul,2025-07-08,Turf,DCO,na,1,28,2,28_30,R,0,5.2-6.9,10:30,,
2025-Jul,2025-07-08,Turf,DCO,na,1,0,2,0_2,L,7,5.2-6.9,10:30,,
2025-Jul,2025-07-08,Turf,DCO,na,1,2,2,2_4,L,1,5.2-6.9,10:30,,
2025-Jul,2025-07-08,Turf,DCO,na,1,4,2,4_6,L,12,5.2-6.9,10:30,,
2025-Jul,2025-07-08,Turf,DCO,na,1,6,2,6_8,L,12,5.2-6.9,10:30,,
2025-Jul,2025-07-08,Turf,DCO,na,1,8,2,8_10,L,6,5.2-6.9,10:30,,
2025-Jul,2025-07-08,Turf,DCO,na,1,10,2,10_12,L,5,5.2-6.9,10:30,,
2025-Jul,2025-07-08,Turf,DCO,na,1,12,2,12_14,L,2,5.2-6.9,10:30,,
2025-Jul,2025-07-08,Turf,DCO,na,1,14,2,14_16,L,3,5.2-6.9,10:30,,
2025-Jul,2025-07-08,Turf,DCO,na,1,16,2,16_18,L,0,5.2-6.9,10:30,,
2025-Jul,2025-07-08,Turf,DCO,na,1,18,2,18_20,L,0,5.2-6.9,10:30,,
2025-Jul,2025-07-08,Turf,DCO,na,1,20,2,20_22,L,0,5.2-6.9,10:30,,
2025-Jul,2025-07-08,Turf,DCO,na,1,22,2,22_24,L,0,5.2-6.9,10:30,,
2025-Jul,2025-07-08,Turf,DCO,na,1,24,2,24_26,L,1,5.2-6.9,10:30,,
2025-Jul,2025-07-08,Turf,DCO,na,1,26,2,26_28,L,0,5.2-6.9,10:30,,
2025-Jul,2025-07-08,Turf,DCO,na,1,28,2,28_30,L,0,5.2-6.9,10:30,,
2025-Jul,2025-07-05,Robert_rocks,OP,na,3,0,2,0_2,R,0,6-8,9:48,,
2025-Jul,2025-07-05,Robert_rocks,OP,na,3,2,2,2_4,R,0,6-8,9:48,,
2025-Jul,2025-07-05,Robert_rocks,OP,na,3,4,2,4_6,R,0,6-8,9:48,,
2025-Jul,2025-07-05,Robert_rocks,OP,na,3,6,2,6_8,R,0,6-8,9:48,,
2025-Jul,2025-07-05,Robert_rocks,OP,na,3,8,2,8_10,R,3,6-8,9:48,,
2025-Jul,2025-07-05,Robert_rocks,OP,na,3,10,2,10_12,R,1,6-8,9:48,,
2025-Jul,2025-07-05,Robert_rocks,OP,na,3,12,2,12_14,R,4,6-8,9:48,,
2025-Jul,2025-07-05,Robert_rocks,OP,na,3,14,2,14_16,R,2,6-8,9:48,,
2025-Jul,2025-07-05,Robert_rocks,OP,na,3,16,2,16_18,R,2,6-8,9:48,,
2025-Jul,2025-07-05,Robert_rocks,OP,na,3,18,2,18_20,R,0,6-8,9:48,,
2025-Jul,2025-07-05,Robert_rocks,OP,na,3,20,2,20_22,R,1,6-8,9:48,,
2025-Jul,2025-07-05,Robert_rocks,OP,na,3,22,2,22_24,R,0,6-8,9:48,,
2025-Jul,2025-07-05,Robert_rocks,OP,na,3,24,2,24_26,R,7,6-8,9:48,,
2025-Jul,2025-07-05,Robert_rocks,OP,na,3,26,2,26_28,R,4,6-8,9:48,,
2025-Jul,2025-07-05,Robert_rocks,OP,na,3,28,2,28_30,R,1,6-8,9:48,,
2025-Jul,2025-07-05,Robert_rocks,OP,na,3,0,2,0_2,L,2,6-8,9:48,,
2025-Jul,2025-07-05,Robert_rocks,OP,na,3,2,2,2_4,L,0,6-8,9:48,,
2025-Jul,2025-07-05,Robert_rocks,OP,na,3,4,2,4_6,L,0,6-8,9:48,,
2025-Jul,2025-07-05,Robert_rocks,OP,na,3,6,2,6_8,L,0,6-8,9:48,,
2025-Jul,2025-07-05,Robert_rocks,OP,na,3,8,2,8_10,L,3,6-8,9:48,,
2025-Jul,2025-07-05,Robert_rocks,OP,na,3,10,2,10_12,L,0,6-8,9:48,,
2025-Jul,2025-07-05,Robert_rocks,OP,na,3,12,2,12_14,L,0,6-8,9:48,,
2025-Jul,2025-07-05,Robert_rocks,OP,na,3,14,2,14_16,L,0,6-8,9:48,,
2025-Jul,2025-07-05,Robert_rocks,OP,na,3,16,2,16_18,L,0,6-8,9:48,,
2025-Jul,2025-07-05,Robert_rocks,OP,na,3,18,2,18_20,L,0,6-8,9:48,,
2025-Jul,2025-07-05,Robert_rocks,OP,na,3,20,2,20_22,L,0,6-8,9:48,,
2025-Jul,2025-07-05,Robert_rocks,OP,na,3,22,2,22_24,L,0,6-8,9:48,,
2025-Jul,2025-07-05,Robert_rocks,OP,na,3,24,2,24_26,L,0,6-8,9:48,,
2025-Jul,2025-07-05,Robert_rocks,OP,na,3,26,2,26_28,L,7,6-8,9:48,,
2025-Jul,2025-07-05,Robert_rocks,OP,na,3,28,2,28_30,L,1,6-8,9:48,,
2025-Jul,2025-07-05,Granville,OP,na,3,0,2,0_2,R,3,5-7,12:30,,
2025-Jul,2025-07-05,Granville,OP,na,3,2,2,2_4,R,0,5-7,12:30,,
2025-Jul,2025-07-05,Granville,OP,na,3,4,2,4_6,R,14,5-7,12:30,,
2025-Jul,2025-07-05,Granville,OP,na,3,6,2,6_8,R,1,5-7,12:30,,
2025-Jul,2025-07-05,Granville,OP,na,3,8,2,8_10,R,6,5-7,12:30,,
2025-Jul,2025-07-05,Granville,OP,na,3,10,2,10_12,R,1,5-7,12:30,,
2025-Jul,2025-07-05,Granville,OP,na,3,12,2,12_14,R,7,5-7,12:30,,
2025-Jul,2025-07-05,Granville,OP,na,3,14,2,14_16,R,3,5-7,12:30,,
2025-Jul,2025-07-05,Granville,OP,na,3,16,2,16_18,R,4,5-7,12:30,,
2025-Jul,2025-07-05,Granville,OP,na,3,18,2,18_20,R,11,5-7,12:30,,
2025-Jul,2025-07-05,Granville,OP,na,3,20,2,20_22,R,0,5-7,12:30,,
2025-Jul,2025-07-05,Granville,OP,na,3,22,2,22_24,R,0,5-7,12:30,,
2025-Jul,2025-07-05,Granville,OP,na,3,24,2,24_26,R,0,5-7,12:30,,
2025-Jul,2025-07-05,Granville,OP,na,3,26,2,26_28,R,1,5-7,12:30,,
2025-Jul,2025-07-05,Granville,OP,na,3,28,2,28_30,R,4,5-7,12:30,,
2025-Jul,2025-07-05,Granville,OP,na,3,0,2,0_2,L,7,5-7,12:30,,
2025-Jul,2025-07-05,Granville,OP,na,3,2,2,2_4,L,8,5-7,12:30,,
2025-Jul,2025-07-05,Granville,OP,na,3,4,2,4_6,L,4,5-7,12:30,,
2025-Jul,2025-07-05,Granville,OP,na,3,6,2,6_8,L,2,5-7,12:30,,
2025-Jul,2025-07-05,Granville,OP,na,3,8,2,8_10,L,5,5-7,12:30,,
2025-Jul,2025-07-05,Granville,OP,na,3,10,2,10_12,L,6,5-7,12:30,,
2025-Jul,2025-07-05,Granville,OP,na,3,12,2,12_14,L,2,5-7,12:30,,
2025-Jul,2025-07-05,Granville,OP,na,3,14,2,14_16,L,4,5-7,12:30,,
2025-Jul,2025-07-05,Granville,OP,na,3,16,2,16_18,L,1,5-7,12:30,,
2025-Jul,2025-07-05,Granville,OP,na,3,18,2,18_20,L,5,5-7,12:30,,
2025-Jul,2025-07-05,Granville,OP,na,3,20,2,20_22,L,6,5-7,12:30,,
2025-Jul,2025-07-05,Granville,OP,na,3,22,2,22_24,L,4,5-7,12:30,,
2025-Jul,2025-07-05,Granville,OP,na,3,24,2,24_26,L,0,5-7,12:30,,
2025-Jul,2025-07-05,Granville,OP,na,3,26,2,26_28,L,3,5-7,12:30,,
2025-Jul,2025-07-05,Granville,OP,na,3,28,2,28_30,L,1,5-7,12:30,,
2025-Jul,2025-07-08,Turf,LL,na,2,0,2,0_2,R,0,4.3-7.3,10:30,,
2025-Jul,2025-07-08,Turf,LL,na,2,2,2,2_4,R,0,4.3-7.3,10:30,,
2025-Jul,2025-07-08,Turf,LL,na,2,4,2,4_6,R,5,4.3-7.3,10:30,,
2025-Jul,2025-07-08,Turf,LL,na,2,6,2,6_8,R,14,4.3-7.3,10:30,,
2025-Jul,2025-07-08,Turf,LL,na,2,8,2,8_10,R,2,4.3-7.3,10:30,,
2025-Jul,2025-07-08,Turf,LL,na,2,10,2,10_12,R,2,4.3-7.3,10:30,,
2025-Jul,2025-07-08,Turf,LL,na,2,12,2,12_14,R,0,4.3-7.3,10:30,,
2025-Jul,2025-07-08,Turf,LL,na,2,14,2,14_16,R,0,4.3-7.3,10:30,,
2025-Jul,2025-07-08,Turf,LL,na,2,16,2,16_18,R,0,4.3-7.3,10:30,,
2025-Jul,2025-07-08,Turf,LL,na,2,18,2,18_20,R,3,4.3-7.3,10:30,,
2025-Jul,2025-07-08,Turf,LL,na,2,20,2,20_22,R,3,4.3-7.3,10:30,,
2025-Jul,2025-07-08,Turf,LL,na,2,22,2,22_24,R,0,4.3-7.3,10:30,,
2025-Jul,2025-07-08,Turf,LL,na,2,24,2,24_26,R,0,4.3-7.3,10:30,,
2025-Jul,2025-07-08,Turf,LL,na,2,26,2,26_28,R,0,4.3-7.3,10:30,,
2025-Jul,2025-07-08,Turf,LL,na,2,28,2,28_30,R,3,4.3-7.3,10:30,,
2025-Jul,2025-07-08,Turf,LL,na,2,0,2,0_2,L,3,4.3-7.3,10:30,,
2025-Jul,2025-07-08,Turf,LL,na,2,2,2,2_4,L,0,4.3-7.3,10:30,,
2025-Jul,2025-07-08,Turf,LL,na,2,4,2,4_6,L,2,4.3-7.3,10:30,,
2025-Jul,2025-07-08,Turf,LL,na,2,6,2,6_8,L,9,4.3-7.3,10:30,,
2025-Jul,2025-07-08,Turf,LL,na,2,8,2,8_10,L,1,4.3-7.3,10:30,,
2025-Jul,2025-07-08,Turf,LL,na,2,10,2,10_12,L,0,4.3-7.3,10:30,,
2025-Jul,2025-07-08,Turf,LL,na,2,12,2,12_14,L,4,4.3-7.3,10:30,,
2025-Jul,2025-07-08,Turf,LL,na,2,14,2,14_16,L,15,4.3-7.3,10:30,,
2025-Jul,2025-07-08,Turf,LL,na,2,16,2,16_18,L,5,4.3-7.3,10:30,,
2025-Jul,2025-07-08,Turf,LL,na,2,18,2,18_20,L,0,4.3-7.3,10:30,,
2025-Jul,2025-07-08,Turf,LL,na,2,20,2,20_22,L,0,4.3-7.3,10:30,,
2025-Jul,2025-07-08,Turf,LL,na,2,22,2,22_24,L,0,4.3-7.3,10:30,,
2025-Jul,2025-07-08,Turf,LL,na,2,24,2,24_26,L,0,4.3-7.3,10:30,,
2025-Jul,2025-07-08,Turf,LL,na,2,26,2,26_28,L,1,4.3-7.3,10:30,,
2025-Jul,2025-07-08,Turf,LL,na,2,28,2,28_30,L,11,4.3-7.3,10:30,,
2025-Jul,2025-07-13,Manley,DVM,na,3,0,2,0_2,R,0,5-6,14:30,,
2025-Jul,2025-07-13,Manley,DVM,na,3,2,2,2_4,R,0,5-6,14:30,,
2025-Jul,2025-07-13,Manley,DVM,na,3,4,2,4_6,R,0,5-6,14:30,,
2025-Jul,2025-07-13,Manley,DVM,na,3,6,2,6_8,R,0,5-6,14:30,,
2025-Jul,2025-07-13,Manley,DVM,na,3,8,2,8_10,R,0,5-6,14:30,,
2025-Jul,2025-07-13,Manley,DVM,na,3,10,2,10_12,R,0,5-6,14:30,,
2025-Jul,2025-07-13,Manley,DVM,na,3,12,2,12_14,R,0,5-6,14:30,,
2025-Jul,2025-07-13,Manley,DVM,na,3,14,2,14_16,R,0,5-6,14:30,,
2025-Jul,2025-07-13,Manley,DVM,na,3,16,2,16_18,R,2,5-6,14:30,,
2025-Jul,2025-07-13,Manley,DVM,na,3,18,2,18_20,R,0,5-6,14:30,,
2025-Jul,2025-07-13,Manley,DVM,na,3,0,2,0_2,L,1,5-6,14:30,,
2025-Jul,2025-07-13,Manley,DVM,na,3,2,2,2_4,L,0,5-6,14:30,,
2025-Jul,2025-07-13,Manley,DVM,na,3,4,2,4_6,L,0,5-6,14:30,,
2025-Jul,2025-07-13,Manley,DVM,na,3,6,2,6_8,L,0,5-6,14:30,,
2025-Jul,2025-07-13,Manley,DVM,na,3,8,2,8_10,L,0,5-6,14:30,,
2025-Jul,2025-07-13,Manley,DVM,na,3,10,2,10_12,L,0,5-6,14:30,,
2025-Jul,2025-07-13,Manley,DVM,na,3,12,2,12_14,L,1,5-6,14:30,,
2025-Jul,2025-07-13,Manley,DVM,na,3,14,2,14_16,L,3,5-6,14:30,,
2025-Jul,2025-07-13,Manley,DVM,na,3,16,2,16_18,L,7,5-6,14:30,,
2025-Jul,2025-07-13,Manley,DVM,na,3,18,2,18_20,L,0,5-6,14:30,,
2025-Jul,2025-07-13,Manley,DCO,na,1,0,2,0_2,R,1,na,12:20,,
2025-Jul,2025-07-13,Manley,DCO,na,1,2,2,2_4,R,0,na,12:20,,
2025-Jul,2025-07-13,Manley,DCO,na,1,4,2,4_6,R,0,na,12:20,,
2025-Jul,2025-07-13,Manley,DCO,na,1,6,2,6_8,R,0,na,12:20,,
2025-Jul,2025-07-13,Manley,DCO,na,1,8,2,8_10,R,0,na,12:20,,
2025-Jul,2025-07-13,Manley,DCO,na,1,10,2,10_12,R,0,na,12:20,,
2025-Jul,2025-07-13,Manley,DCO,na,1,12,2,12_14,R,0,na,12:20,,
2025-Jul,2025-07-13,Manley,DCO,na,1,14,2,14_16,R,0,na,12:20,,
2025-Jul,2025-07-13,Manley,DCO,na,1,16,2,16_18,R,0,na,12:20,,
2025-Jul,2025-07-13,Manley,DCO,na,1,18,2,18_20,R,0,na,12:20,,
2025-Jul,2025-07-13,Manley,DCO,na,1,0,2,0_2,L,1,na,12:20,,
2025-Jul,2025-07-13,Manley,DCO,na,1,2,2,2_4,L,0,na,12:20,,
2025-Jul,2025-07-13,Manley,DCO,na,1,4,2,4_6,L,0,na,12:20,,
2025-Jul,2025-07-13,Manley,DCO,na,1,6,2,6_8,L,0,na,12:20,,
2025-Jul,2025-07-13,Manley,DCO,na,1,8,2,8_10,L,0,na,12:20,,
2025-Jul,2025-07-13,Manley,DCO,na,1,10,2,10_12,L,0,na,12:20,,
2025-Jul,2025-07-13,Manley,DCO,na,1,12,2,12_14,L,0,na,12:20,,
2025-Jul,2025-07-13,Manley,DCO,na,1,14,2,14_16,L,0,na,12:20,,
2025-Jul,2025-07-13,Manley,DCO,na,1,16,2,16_18,L,0,na,12:20,,
2025-Jul,2025-07-13,Manley,DCO,na,1,18,2,18_20,L,0,na,12:20,,
2025-Jul,2025-07-13,Manley,LL,na,2,0,2,0_2,R,0,na,12:20,,
2025-Jul,2025-07-13,Manley,LL,na,2,2,2,2_4,R,0,na,12:20,,
2025-Jul,2025-07-13,Manley,LL,na,2,4,2,4_6,R,0,na,12:20,,
2025-Jul,2025-07-13,Manley,LL,na,2,6,2,6_8,R,0,na,12:20,,
2025-Jul,2025-07-13,Manley,LL,na,2,8,2,8_10,R,0,na,12:20,,
2025-Jul,2025-07-13,Manley,LL,na,2,10,2,10_12,R,0,na,12:20,,
2025-Jul,2025-07-13,Manley,LL,na,2,12,2,12_14,R,0,na,12:20,,
2025-Jul,2025-07-13,Manley,LL,na,2,14,2,14_16,R,0,na,12:20,,
2025-Jul,2025-07-13,Manley,LL,na,2,16,2,16_18,R,1,na,12:20,,
2025-Jul,2025-07-13,Manley,LL,na,2,18,2,18_20,R,2,na,12:20,,
2025-Jul,2025-07-13,Manley,LL,na,2,0,2,0_2,L,0,na,12:20,,
2025-Jul,2025-07-13,Manley,LL,na,2,2,2,2_4,L,0,na,12:20,,
2025-Jul,2025-07-13,Manley,LL,na,2,4,2,4_6,L,0,na,12:20,,
2025-Jul,2025-07-13,Manley,LL,na,2,6,2,6_8,L,0,na,12:20,,
2025-Jul,2025-07-13,Manley,LL,na,2,8,2,8_10,L,0,na,12:20,,
2025-Jul,2025-07-13,Manley,LL,na,2,10,2,10_12,L,0,na,12:20,,
2025-Jul,2025-07-13,Manley,LL,na,2,12,2,12_14,L,0,na,12:20,,
2025-Jul,2025-07-13,Manley,LL,na,2,14,2,14_16,L,0,na,12:20,,
2025-Jul,2025-07-13,Manley,LL,na,2,16,2,16_18,L,0,na,12:20,,
2025-Jul,2025-07-13,Manley,LL,na,2,18,2,18_20,L,1,na,12:20,,
2025-Jul,2025-07-14,Triquetta,AS,na,1,0,2,0_2,R,0,na,12:20,,
2025-Jul,2025-07-14,Triquetta,AS,na,1,2,2,2_4,R,0,na,12:20,,
2025-Jul,2025-07-14,Triquetta,AS,na,1,4,2,4_6,R,1,na,12:20,,
2025-Jul,2025-07-14,Triquetta,AS,na,1,6,2,6_8,R,1,na,12:20,,
2025-Jul,2025-07-14,Triquetta,AS,na,1,8,2,8_10,R,1,na,12:20,,
2025-Jul,2025-07-14,Triquetta,AS,na,1,10,2,10_12,R,0,na,12:20,,
2025-Jul,2025-07-14,Triquetta,AS,na,1,12,2,12_14,R,1,na,12:20,,
2025-Jul,2025-07-14,Triquetta,AS,na,1,14,2,14_16,R,1,na,12:20,,
2025-Jul,2025-07-14,Triquetta,AS,na,1,16,2,16_18,R,0,na,12:20,,
2025-Jul,2025-07-14,Triquetta,AS,na,1,18,2,18_20,R,3,na,12:20,,
2025-Jul,2025-07-14,Triquetta,AS,na,1,0,2,0_2,L,2,na,12:20,,
2025-Jul,2025-07-14,Triquetta,AS,na,1,2,2,2_4,L,0,na,12:20,,
2025-Jul,2025-07-14,Triquetta,AS,na,1,4,2,4_6,L,0,na,12:20,,
2025-Jul,2025-07-14,Triquetta,AS,na,1,6,2,6_8,L,0,na,12:20,,
2025-Jul,2025-07-14,Triquetta,AS,na,1,8,2,8_10,L,1,na,12:20,,
2025-Jul,2025-07-14,Triquetta,AS,na,1,10,2,10_12,L,0,na,12:20,,
2025-Jul,2025-07-14,Triquetta,AS,na,1,12,2,12_14,L,1,na,12:20,,
2025-Jul,2025-07-14,Triquetta,AS,na,1,14,2,14_16,L,0,na,12:20,,
2025-Jul,2025-07-14,Triquetta,AS,na,1,16,2,16_18,L,1,na,12:20,,
2025-Jul,2025-07-14,Triquetta,AS,na,1,18,2,18_20,L,1,na,12:20,,
2025-Jul,2025-07-14,Triquetta,LL,na,2,0,2,0_2,R,13,na,12:20,,
2025-Jul,2025-07-14,Triquetta,LL,na,2,2,2,2_4,R,8,na,12:20,,
2025-Jul,2025-07-14,Triquetta,LL,na,2,4,2,4_6,R,4,na,12:20,,
2025-Jul,2025-07-14,Triquetta,LL,na,2,6,2,6_8,R,0,na,12:20,,
2025-Jul,2025-07-14,Triquetta,LL,na,2,8,2,8_10,R,4,na,12:20,,
2025-Jul,2025-07-14,Triquetta,LL,na,2,10,2,10_12,R,2,na,12:20,,
2025-Jul,2025-07-14,Triquetta,LL,na,2,12,2,12_14,R,0,na,12:20,,
2025-Jul,2025-07-14,Triquetta,LL,na,2,14,2,14_16,R,2,na,12:20,,
2025-Jul,2025-07-14,Triquetta,LL,na,2,16,2,16_18,R,0,na,12:20,,
2025-Jul,2025-07-14,Triquetta,LL,na,2,18,2,18_20,R,3,na,12:20,,
2025-Jul,2025-07-14,Triquetta,LL,na,2,0,2,0_2,L,4,na,12:20,,
2025-Jul,2025-07-14,Triquetta,LL,na,2,2,2,2_4,L,7,na,12:20,,
2025-Jul,2025-07-14,Triquetta,LL,na,2,4,2,4_6,L,0,na,12:20,,
2025-Jul,2025-07-14,Triquetta,LL,na,2,6,2,6_8,L,1,na,12:20,,
2025-Jul,2025-07-14,Triquetta,LL,na,2,8,2,8_10,L,0,na,12:20,,
2025-Jul,2025-07-14,Triquetta,LL,na,2,10,2,10_12,L,1,na,12:20,,
2025-Jul,2025-07-14,Triquetta,LL,na,2,12,2,12_14,L,0,na,12:20,,
2025-Jul,2025-07-14,Triquetta,LL,na,2,14,2,14_16,L,0,na,12:20,,
2025-Jul,2025-07-14,Triquetta,LL,na,2,16,2,16_18,L,0,na,12:20,,
2025-Jul,2025-07-14,Triquetta,LL,na,2,18,2,18_20,L,6,na,12:20,,
2025-Jul,2025-07-14,Triquetta,DCO,na,3,0,2,0_2,R,7,,,,
2025-Jul,2025-07-14,Triquetta,DCO,na,3,2,2,2_4,R,6,,,,
2025-Jul,2025-07-14,Triquetta,DCO,na,3,4,2,4_6,R,6,,,,
2025-Jul,2025-07-14,Triquetta,DCO,na,3,6,2,6_8,R,8,,,,
2025-Jul,2025-07-14,Triquetta,DCO,na,3,8,2,8_10,R,10,,,,
2025-Jul,2025-07-14,Triquetta,DCO,na,3,10,2,10_12,R,5,,,,
2025-Jul,2025-07-14,Triquetta,DCO,na,3,12,2,12_14,R,3,,,,
2025-Jul,2025-07-14,Triquetta,DCO,na,3,14,2,14_16,R,15,,,,
2025-Jul,2025-07-14,Triquetta,DCO,na,3,16,2,16_18,R,16,,,,
2025-Jul,2025-07-14,Triquetta,DCO,na,3,18,2,18_20,R,12,,,,
2025-Jul,2025-07-14,Triquetta,DCO,na,3,0,2,0_2,L,3,,,,
2025-Jul,2025-07-14,Triquetta,DCO,na,3,2,2,2_4,L,7,,,,
2025-Jul,2025-07-14,Triquetta,DCO,na,3,4,2,4_6,L,5,,,,
2025-Jul,2025-07-14,Triquetta,DCO,na,3,6,2,6_8,L,6,,,,
2025-Jul,2025-07-14,Triquetta,DCO,na,3,8,2,8_10,L,5,,,,
2025-Jul,2025-07-14,Triquetta,DCO,na,3,10,2,10_12,L,1,,,,
2025-Jul,2025-07-14,Triquetta,DCO,na,3,12,2,12_14,L,2,,,,
2025-Jul,2025-07-14,Triquetta,DCO,na,3,14,2,14_16,L,7,,,,
2025-Jul,2025-07-14,Triquetta,DCO,na,3,16,2,16_18,L,17,,,,
2025-Jul,2025-07-14,Triquetta,DCO,na,3,18,2,18_20,L,15,,,,
2025-Jul,2025-07-15,Ratatouille,AS,na,1,0,2,0_2,R,8,5.1-5.5,10:20,,
2025-Jul,2025-07-15,Ratatouille,AS,na,1,2,2,2_4,R,4,5.1-5.5,10:20,,
2025-Jul,2025-07-15,Ratatouille,AS,na,1,4,2,4_6,R,8,5.1-5.5,10:20,,
2025-Jul,2025-07-15,Ratatouille,AS,na,1,6,2,6_8,R,13,5.1-5.5,10:20,,
2025-Jul,2025-07-15,Ratatouille,AS,na,1,8,2,8_10,R,26,5.1-5.5,10:20,,
2025-Jul,2025-07-15,Ratatouille,AS,na,1,10,2,10_12,R,28,5.1-5.5,10:20,,
2025-Jul,2025-07-15,Ratatouille,AS,na,1,12,2,12_14,R,3,5.1-5.5,10:20,,
2025-Jul,2025-07-15,Ratatouille,AS,na,1,14,2,14_16,R,5,5.1-5.5,10:20,,
2025-Jul,2025-07-15,Ratatouille,AS,na,1,16,2,16_18,R,45,5.1-5.5,10:20,,
2025-Jul,2025-07-15,Ratatouille,AS,na,1,18,2,18_20,R,30,5.1-5.5,10:20,,
2025-Jul,2025-07-15,Ratatouille,AS,na,1,0,2,0_2,L,15,5.1-5.5,10:20,,
2025-Jul,2025-07-15,Ratatouille,AS,na,1,2,2,2_4,L,20,5.1-5.5,10:20,,
2025-Jul,2025-07-15,Ratatouille,AS,na,1,4,2,4_6,L,5,5.1-5.5,10:20,,
2025-Jul,2025-07-15,Ratatouille,AS,na,1,6,2,6_8,L,17,5.1-5.5,10:20,,
2025-Jul,2025-07-15,Ratatouille,AS,na,1,8,2,8_10,L,15,5.1-5.5,10:20,,
2025-Jul,2025-07-15,Ratatouille,AS,na,1,10,2,10_12,L,31,5.1-5.5,10:20,,
2025-Jul,2025-07-15,Ratatouille,AS,na,1,12,2,12_14,L,30,5.1-5.5,10:20,,
2025-Jul,2025-07-15,Ratatouille,AS,na,1,14,2,14_16,L,30,5.1-5.5,10:20,,
2025-Jul,2025-07-15,Ratatouille,AS,na,1,16,2,16_18,L,30,5.1-5.5,10:20,,
2025-Jul,2025-07-15,Ratatouille,AS,na,1,18,2,18_20,L,30,5.1-5.5,10:20,,
2025-Jul,2025-07-15,Ratatouille,LL,na,2,0,2,0_2,R,20,3.0-5.2,10:20,,
2025-Jul,2025-07-15,Ratatouille,LL,na,2,2,2,2_4,R,13,3.0-5.2,10:20,,
2025-Jul,2025-07-15,Ratatouille,LL,na,2,4,2,4_6,R,16,3.0-5.2,10:20,,
2025-Jul,2025-07-15,Ratatouille,LL,na,2,6,2,6_8,R,5,3.0-5.2,10:20,,
2025-Jul,2025-07-15,Ratatouille,LL,na,2,8,2,8_10,R,11,3.0-5.2,10:20,,
2025-Jul,2025-07-15,Ratatouille,LL,na,2,10,2,10_12,R,13,3.0-5.2,10:20,,
2025-Jul,2025-07-15,Ratatouille,LL,na,2,12,2,12_14,R,1,3.0-5.2,10:20,,
2025-Jul,2025-07-15,Ratatouille,LL,na,2,14,2,14_16,R,7,3.0-5.2,10:20,,
2025-Jul,2025-07-15,Ratatouille,LL,na,2,16,2,16_18,R,8,3.0-5.2,10:20,,
2025-Jul,2025-07-15,Ratatouille,LL,na,2,18,2,18_20,R,15,3.0-5.2,10:20,,
2025-Jul,2025-07-15,Ratatouille,LL,na,2,0,2,0_2,L,30,3.0-5.2,10:20,,
2025-Jul,2025-07-15,Ratatouille,LL,na,2,2,2,2_4,L,2,3.0-5.2,10:20,,
2025-Jul,2025-07-15,Ratatouille,LL,na,2,4,2,4_6,L,7,3.0-5.2,10:20,,
2025-Jul,2025-07-15,Ratatouille,LL,na,2,6,2,6_8,L,15,3.0-5.2,10:20,,
2025-Jul,2025-07-15,Ratatouille,LL,na,2,8,2,8_10,L,8,3.0-5.2,10:20,,
2025-Jul,2025-07-15,Ratatouille,LL,na,2,10,2,10_12,L,3,3.0-5.2,10:20,,
2025-Jul,2025-07-15,Ratatouille,LL,na,2,12,2,12_14,L,0,3.0-5.2,10:20,,
2025-Jul,2025-07-15,Ratatouille,LL,na,2,14,2,14_16,L,3,3.0-5.2,10:20,,
2025-Jul,2025-07-15,Ratatouille,LL,na,2,16,2,16_18,L,4,3.0-5.2,10:20,,
2025-Jul,2025-07-15,Ratatouille,LL,na,2,18,2,18_20,L,4,3.0-5.2,10:20,,
2025-Jul,2025-07-15,Ratatouille,OP,na,3,0,2,0_2,R,14,3.6-4.2,10:40,,
2025-Jul,2025-07-15,Ratatouille,OP,na,3,2,2,2_4,R,9,3.6-4.2,10:40,,
2025-Jul,2025-07-15,Ratatouille,OP,na,3,4,2,4_6,R,0,3.6-4.2,10:40,,
2025-Jul,2025-07-15,Ratatouille,OP,na,3,6,2,6_8,R,11,3.6-4.2,10:40,,
2025-Jul,2025-07-15,Ratatouille,OP,na,3,8,2,8_10,R,26,3.6-4.2,10:40,,
2025-Jul,2025-07-15,Ratatouille,OP,na,3,10,2,10_12,R,11,3.6-4.2,10:40,,
2025-Jul,2025-07-15,Ratatouille,OP,na,3,12,2,12_14,R,14,3.6-4.2,10:40,,
2025-Jul,2025-07-15,Ratatouille,OP,na,3,14,2,14_16,R,15,3.6-4.2,10:40,,
2025-Jul,2025-07-15,Ratatouille,OP,na,3,16,2,16_18,R,5,3.6-4.2,10:40,,
2025-Jul,2025-07-15,Ratatouille,OP,na,3,18,2,18_20,R,22,3.6-4.2,10:40,,
2025-Jul,2025-07-15,Ratatouille,OP,na,3,0,2,0_2,L,4,3.6-4.2,10:40,,
2025-Jul,2025-07-15,Ratatouille,OP,na,3,2,2,2_4,L,8,3.6-4.2,10:40,,
2025-Jul,2025-07-15,Ratatouille,OP,na,3,4,2,4_6,L,8,3.6-4.2,10:40,,
2025-Jul,2025-07-15,Ratatouille,OP,na,3,6,2,6_8,L,8,3.6-4.2,10:40,,
2025-Jul,2025-07-15,Ratatouille,OP,na,3,8,2,8_10,L,25,3.6-4.2,10:40,,
2025-Jul,2025-07-15,Ratatouille,OP,na,3,10,2,10_12,L,1,3.6-4.2,10:40,,
2025-Jul,2025-07-15,Ratatouille,OP,na,3,12,2,12_14,L,7,3.6-4.2,10:40,,
2025-Jul,2025-07-15,Ratatouille,OP,na,3,14,2,14_16,L,5,3.6-4.2,10:40,,
2025-Jul,2025-07-15,Ratatouille,OP,na,3,16,2,16_18,L,4,3.6-4.2,10:40,,
2025-Jul,2025-07-15,Ratatouille,OP,na,3,18,2,18_20,L,2,3.6-4.2,10:40,,
2025-Jul,2025-07-15,North,OP,na,1,0,2,0_2,R,0,4.4,12:45,,
2025-Jul,2025-07-15,North,OP,na,1,2,2,2_4,R,0,4.4,12:45,,
2025-Jul,2025-07-15,North,OP,na,1,4,2,4_6,R,0,4.4,12:45,,
2025-Jul,2025-07-15,North,OP,na,1,6,2,6_8,R,0,4.4,12:45,,
2025-Jul,2025-07-15,North,OP,na,1,8,2,8_10,R,0,4.4,12:45,,
2025-Jul,2025-07-15,North,OP,na,1,10,2,10_12,R,0,4.4,12:45,,
2025-Jul,2025-07-15,North,OP,na,1,12,2,12_14,R,3,4.4,12:45,,
2025-Jul,2025-07-15,North,OP,na,1,14,2,14_16,R,2,4.4,12:45,,
2025-Jul,2025-07-15,North,OP,na,1,16,2,16_18,R,2,4.4,12:45,,
2025-Jul,2025-07-15,North,OP,na,1,18,2,18_20,R,2,4.4,12:45,,
2025-Jul,2025-07-15,North,OP,na,1,0,2,0_2,L,0,4.4,12:45,,
2025-Jul,2025-07-15,North,OP,na,1,2,2,2_4,L,0,4.4,12:45,,
2025-Jul,2025-07-15,North,OP,na,1,4,2,4_6,L,0,4.4,12:45,,
2025-Jul,2025-07-15,North,OP,na,1,6,2,6_8,L,0,4.4,12:45,,
2025-Jul,2025-07-15,North,OP,na,1,8,2,8_10,L,0,4.4,12:45,,
2025-Jul,2025-07-15,North,OP,na,1,10,2,10_12,L,0,4.4,12:45,,
2025-Jul,2025-07-15,North,OP,na,1,12,2,12_14,L,0,4.4,12:45,,
2025-Jul,2025-07-15,North,OP,na,1,14,2,14_16,L,0,4.4,12:45,,
2025-Jul,2025-07-15,North,OP,na,1,16,2,16_18,L,5,4.4,12:45,,
2025-Jul,2025-07-15,North,OP,na,1,18,2,18_20,L,1,4.4,12:45,,
2025-Jul,2025-07-15,North,AS,na,3,0,2,0_2,R,1,3-3.9,12:49,,
2025-Jul,2025-07-15,North,AS,na,3,2,2,2_4,R,4,3-3.9,12:49,,
2025-Jul,2025-07-15,North,AS,na,3,4,2,4_6,R,1,3-3.9,12:49,,
2025-Jul,2025-07-15,North,AS,na,3,6,2,6_8,R,1,3-3.9,12:49,,
2025-Jul,2025-07-15,North,AS,na,3,8,2,8_10,R,2,3-3.9,12:49,,
2025-Jul,2025-07-15,North,AS,na,3,10,2,10_12,R,10,3-3.9,12:49,,
2025-Jul,2025-07-15,North,AS,na,3,12,2,12_14,R,4,3-3.9,12:49,,
2025-Jul,2025-07-15,North,AS,na,3,14,2,14_16,R,2,3-3.9,12:49,,
2025-Jul,2025-07-15,North,AS,na,3,16,2,16_18,R,2,3-3.9,12:49,,
2025-Jul,2025-07-15,North,AS,na,3,18,2,18_20,R,2,3-3.9,12:49,,
2025-Jul,2025-07-15,North,AS,na,3,0,2,0_2,L,0,3-3.9,12:49,,
2025-Jul,2025-07-15,North,AS,na,3,2,2,2_4,L,4,3-3.9,12:49,,
2025-Jul,2025-07-15,North,AS,na,3,4,2,4_6,L,1,3-3.9,12:49,,
2025-Jul,2025-07-15,North,AS,na,3,6,2,6_8,L,0,3-3.9,12:49,,
2025-Jul,2025-07-15,North,AS,na,3,8,2,8_10,L,0,3-3.9,12:49,,
2025-Jul,2025-07-15,North,AS,na,3,10,2,10_12,L,4,3-3.9,12:49,,
2025-Jul,2025-07-15,North,AS,na,3,12,2,12_14,L,0,3-3.9,12:49,,
2025-Jul,2025-07-15,North,AS,na,3,14,2,14_16,L,1,3-3.9,12:49,,
2025-Jul,2025-07-15,North,AS,na,3,16,2,16_18,L,4,3-3.9,12:49,,
2025-Jul,2025-07-15,North,AS,na,3,18,2,18_20,L,5,3-3.9,12:49,,
2025-Jul,2025-07-15,North,LL,na,2,0,2,0_2,R,0,3.8-4.1,12:56,,
2025-Jul,2025-07-15,North,LL,na,2,2,2,2_4,R,1,3.8-4.1,12:56,,
2025-Jul,2025-07-15,North,LL,na,2,4,2,4_6,R,2,3.8-4.1,12:56,,
2025-Jul,2025-07-15,North,LL,na,2,6,2,6_8,R,3,3.8-4.1,12:56,,
2025-Jul,2025-07-15,North,LL,na,2,8,2,8_10,R,1,3.8-4.1,12:56,,
2025-Jul,2025-07-15,North,LL,na,2,10,2,10_12,R,1,3.8-4.1,12:56,,
2025-Jul,2025-07-15,North,LL,na,2,12,2,12_14,R,3,3.8-4.1,12:56,,
2025-Jul,2025-07-15,North,LL,na,2,14,2,14_16,R,3,3.8-4.1,12:56,,
2025-Jul,2025-07-15,North,LL,na,2,16,2,16_18,R,2,3.8-4.1,12:56,,
2025-Jul,2025-07-15,North,LL,na,2,18,2,18_20,R,7,3.8-4.1,12:56,,
2025-Jul,2025-07-15,North,LL,na,2,0,2,0_2,L,0,3.8-4.1,12:56,,
2025-Jul,2025-07-15,North,LL,na,2,2,2,2_4,L,1,3.8-4.1,12:56,,
2025-Jul,2025-07-15,North,LL,na,2,4,2,4_6,L,0,3.8-4.1,12:56,,
2025-Jul,2025-07-15,North,LL,na,2,6,2,6_8,L,3,3.8-4.1,12:56,,
2025-Jul,2025-07-15,North,LL,na,2,8,2,8_10,L,2,3.8-4.1,12:56,,
2025-Jul,2025-07-15,North,LL,na,2,10,2,10_12,L,0,3.8-4.1,12:56,,
2025-Jul,2025-07-15,North,LL,na,2,12,2,12_14,L,9,3.8-4.1,12:56,,
2025-Jul,2025-07-15,North,LL,na,2,14,2,14_16,L,2,3.8-4.1,12:56,,
2025-Jul,2025-07-15,North,LL,na,2,16,2,16_18,L,4,3.8-4.1,12:56,,
2025-Jul,2025-07-15,North,LL,na,2,18,2,18_20,L,0,3.8-4.1,12:56,,
2025-Jul,2025-07-17,Breaker,DVM,na,3,0,2,0_2,R,29,,,,
2025-Jul,2025-07-17,Breaker,DVM,na,3,2,2,2_4,R,22,,,,
2025-Jul,2025-07-17,Breaker,DVM,na,3,4,2,4_6,R,37,,,,
2025-Jul,2025-07-17,Breaker,DVM,na,3,6,2,6_8,R,36,,,,
2025-Jul,2025-07-17,Breaker,DVM,na,3,8,2,8_10,R,27,,,,
2025-Jul,2025-07-17,Breaker,DVM,na,3,10,2,10_12,R,18,,,,
2025-Jul,2025-07-17,Breaker,DVM,na,3,12,2,12_14,R,23,,,,
2025-Jul,2025-07-17,Breaker,DVM,na,3,14,2,14_16,R,27,,,,
2025-Jul,2025-07-17,Breaker,DVM,na,3,16,2,16_18,R,18,,,,
2025-Jul,2025-07-17,Breaker,DVM,na,3,18,2,18_20,R,16,,,,
2025-Jul,2025-07-17,Breaker,DVM,na,3,0,2,0_2,L,33,,,,
2025-Jul,2025-07-17,Breaker,DVM,na,3,2,2,2_4,L,16,,,,
2025-Jul,2025-07-17,Breaker,DVM,na,3,4,2,4_6,L,18,,,,
2025-Jul,2025-07-17,Breaker,DVM,na,3,6,2,6_8,L,19,,,,
2025-Jul,2025-07-17,Breaker,DVM,na,3,8,2,8_10,L,27,,,,
2025-Jul,2025-07-17,Breaker,DVM,na,3,10,2,10_12,L,23,,,,
2025-Jul,2025-07-17,Breaker,DVM,na,3,12,2,12_14,L,17,,,,
2025-Jul,2025-07-17,Breaker,DVM,na,3,14,2,14_16,L,13,,,,
2025-Jul,2025-07-17,Breaker,DVM,na,3,16,2,16_18,L,23,,,,
2025-Jul,2025-07-17,Breaker,DVM,na,3,18,2,18_20,L,11,,,,
2025-Jul,2025-07-17,Breaker,DCO,na,2,0,2,0_2,R,24,,,,
2025-Jul,2025-07-17,Breaker,DCO,na,2,2,2,2_4,R,16,,,,
2025-Jul,2025-07-17,Breaker,DCO,na,2,4,2,4_6,R,23,,,,
2025-Jul,2025-07-17,Breaker,DCO,na,2,6,2,6_8,R,17,,,,
2025-Jul,2025-07-17,Breaker,DCO,na,2,8,2,8_10,R,12,,,,
2025-Jul,2025-07-17,Breaker,DCO,na,2,10,2,10_12,R,15,,,,
2025-Jul,2025-07-17,Breaker,DCO,na,2,12,2,12_14,R,14,,,,
2025-Jul,2025-07-17,Breaker,DCO,na,2,14,2,14_16,R,16,,,,
2025-Jul,2025-07-17,Breaker,DCO,na,2,16,2,16_18,R,32,,,,
2025-Jul,2025-07-17,Breaker,DCO,na,2,18,2,18_20,R,12,,,,
2025-Jul,2025-07-17,Breaker,DCO,na,2,0,2,0_2,L,15,,,,
2025-Jul,2025-07-17,Breaker,DCO,na,2,2,2,2_4,L,14,,,,
2025-Jul,2025-07-17,Breaker,DCO,na,2,4,2,4_6,L,15,,,,
2025-Jul,2025-07-17,Breaker,DCO,na,2,6,2,6_8,L,16,,,,
2025-Jul,2025-07-17,Breaker,DCO,na,2,8,2,8_10,L,17,,,,
2025-Jul,2025-07-17,Breaker,DCO,na,2,10,2,10_12,L,5,,,,
2025-Jul,2025-07-17,Breaker,DCO,na,2,12,2,12_14,L,16,,,,
2025-Jul,2025-07-17,Breaker,DCO,na,2,14,2,14_16,L,24,,,,
2025-Jul,2025-07-17,Breaker,DCO,na,2,16,2,16_18,L,31,,,,
2025-Jul,2025-07-17,Breaker,DCO,na,2,18,2,18_20,L,28,,,,
2025-Jul,2025-07-17,Breaker,OP,na,1,0,2,0_2,R,4,,,,
2025-Jul,2025-07-17,Breaker,OP,na,1,2,2,2_4,R,4,,,,
2025-Jul,2025-07-17,Breaker,OP,na,1,4,2,4_6,R,21,,,,
2025-Jul,2025-07-17,Breaker,OP,na,1,6,2,6_8,R,14,,,,
2025-Jul,2025-07-17,Breaker,OP,na,1,8,2,8_10,R,12,,,,
2025-Jul,2025-07-17,Breaker,OP,na,1,10,2,10_12,R,2,,,,
2025-Jul,2025-07-17,Breaker,OP,na,1,12,2,12_14,R,9,,,,
2025-Jul,2025-07-17,Breaker,OP,na,1,14,2,14_16,R,18,,,,
2025-Jul,2025-07-17,Breaker,OP,na,1,16,2,16_18,R,10,,,,
2025-Jul,2025-07-17,Breaker,OP,na,1,18,2,18_20,R,12,,,,
2025-Jul,2025-07-17,Breaker,OP,na,1,0,2,0_2,L,6,,,,
2025-Jul,2025-07-17,Breaker,OP,na,1,2,2,2_4,L,20,,,,
2025-Jul,2025-07-17,Breaker,OP,na,1,4,2,4_6,L,9,,,,
2025-Jul,2025-07-17,Breaker,OP,na,1,6,2,6_8,L,10,,,,
2025-Jul,2025-07-17,Breaker,OP,na,1,8,2,8_10,L,17,,,,
2025-Jul,2025-07-17,Breaker,OP,na,1,10,2,10_12,L,11,,,,
2025-Jul,2025-07-17,Breaker,OP,na,1,12,2,12_14,L,15,,,,
2025-Jul,2025-07-17,Breaker,OP,na,1,14,2,14_16,L,3,,,,
2025-Jul,2025-07-17,Breaker,OP,na,1,16,2,16_18,L,10,,,,
2025-Jul,2025-07-17,Breaker,OP,na,1,18,2,18_20,L,8,,,,
2025-Jul,2025-07-18,Second,OP,na,3,0,2,0_2,R,5,4.5,10:00,,
2025-Jul,2025-07-18,Second,OP,na,3,2,2,2_4,R,12,4.5,10:00,,
2025-Jul,2025-07-18,Second,OP,na,3,4,2,4_6,R,2,4.5,10:00,,
2025-Jul,2025-07-18,Second,OP,na,3,6,2,6_8,R,6,4.5,10:00,,
2025-Jul,2025-07-18,Second,OP,na,3,8,2,8_10,R,9,4.5,10:00,,
2025-Jul,2025-07-18,Second,OP,na,3,10,2,10_12,R,5,4.5,10:00,,
2025-Jul,2025-07-18,Second,OP,na,3,12,2,12_14,R,10,4.5,10:00,,
2025-Jul,2025-07-18,Second,OP,na,3,14,2,14_16,R,10,4.5,10:00,,
2025-Jul,2025-07-18,Second,OP,na,3,16,2,16_18,R,16,4.5,10:00,,
2025-Jul,2025-07-18,Second,OP,na,3,18,2,18_20,R,5,4.5,10:00,,
2025-Jul,2025-07-18,Second,OP,na,3,0,2,0_2,L,8,4.5,10:00,,
2025-Jul,2025-07-18,Second,OP,na,3,2,2,2_4,L,2,4.5,10:00,,
2025-Jul,2025-07-18,Second,OP,na,3,4,2,4_6,L,0,4.5,10:00,,
2025-Jul,2025-07-18,Second,OP,na,3,6,2,6_8,L,2,4.5,10:00,,
2025-Jul,2025-07-18,Second,OP,na,3,8,2,8_10,L,2,4.5,10:00,,
2025-Jul,2025-07-18,Second,OP,na,3,10,2,10_12,L,9,4.5,10:00,,
2025-Jul,2025-07-18,Second,OP,na,3,12,2,12_14,L,4,4.5,10:00,,
2025-Jul,2025-07-18,Second,OP,na,3,14,2,14_16,L,32,4.5,10:00,,
2025-Jul,2025-07-18,Second,OP,na,3,16,2,16_18,L,11,4.5,10:00,,
2025-Jul,2025-07-18,Second,OP,na,3,18,2,18_20,L,14,4.5,10:00,,
2025-Jul,2025-07-18,Second,LL,na,2,0,2,0_2,R,11,3.7 - 7.0,9:55,,
2025-Jul,2025-07-18,Second,LL,na,2,2,2,2_4,R,4,3.7 - 7.0,9:55,,
2025-Jul,2025-07-18,Second,LL,na,2,4,2,4_6,R,2,3.7 - 7.0,9:55,,
2025-Jul,2025-07-18,Second,LL,na,2,6,2,6_8,R,1,3.7 - 7.0,9:55,,
2025-Jul,2025-07-18,Second,LL,na,2,8,2,8_10,R,3,3.7 - 7.0,9:55,,
2025-Jul,2025-07-18,Second,LL,na,2,10,2,10_12,R,0,3.7 - 7.0,9:55,,
2025-Jul,2025-07-18,Second,LL,na,2,12,2,12_14,R,1,3.7 - 7.0,9:55,,
2025-Jul,2025-07-18,Second,LL,na,2,14,2,14_16,R,1,3.7 - 7.0,9:55,,
2025-Jul,2025-07-18,Second,LL,na,2,16,2,16_18,R,0,3.7 - 7.0,9:55,,
2025-Jul,2025-07-18,Second,LL,na,2,18,2,18_20,R,7,3.7 - 7.0,9:55,,
2025-Jul,2025-07-18,Second,LL,na,2,0,2,0_2,L,7,3.7 - 7.0,9:55,,
2025-Jul,2025-07-18,Second,LL,na,2,2,2,2_4,L,7,3.7 - 7.0,9:55,,
2025-Jul,2025-07-18,Second,LL,na,2,4,2,4_6,L,6,3.7 - 7.0,9:55,,
2025-Jul,2025-07-18,Second,LL,na,2,6,2,6_8,L,6,3.7 - 7.0,9:55,,
2025-Jul,2025-07-18,Second,LL,na,2,8,2,8_10,L,12,3.7 - 7.0,9:55,,
2025-Jul,2025-07-18,Second,LL,na,2,10,2,10_12,L,11,3.7 - 7.0,9:55,,
2025-Jul,2025-07-18,Second,LL,na,2,12,2,12_14,L,4,3.7 - 7.0,9:55,,
2025-Jul,2025-07-18,Second,LL,na,2,14,2,14_16,L,13,3.7 - 7.0,9:55,,
2025-Jul,2025-07-18,Second,LL,na,2,16,2,16_18,L,0,3.7 - 7.0,9:55,,
2025-Jul,2025-07-18,Second,LL,na,2,18,2,18_20,L,0,3.7 - 7.0,9:55,,
2025-Jul,2025-07-18,Second,DVM,na,1,0,2,0_2,R,14,4.3 - 6.4,9:53,,
2025-Jul,2025-07-18,Second,DVM,na,1,2,2,2_4,R,7,4.3 - 6.4,9:53,,
2025-Jul,2025-07-18,Second,DVM,na,1,4,2,4_6,R,5,4.3 - 6.4,9:53,,
2025-Jul,2025-07-18,Second,DVM,na,1,6,2,6_8,R,6,4.3 - 6.4,9:53,,
2025-Jul,2025-07-18,Second,DVM,na,1,8,2,8_10,R,5,4.3 - 6.4,9:53,,
2025-Jul,2025-07-18,Second,DVM,na,1,10,2,10_12,R,7,4.3 - 6.4,9:53,,
2025-Jul,2025-07-18,Second,DVM,na,1,12,2,12_14,R,3,4.3 - 6.4,9:53,,
2025-Jul,2025-07-18,Second,DVM,na,1,14,2,14_16,R,1,4.3 - 6.4,9:53,,
2025-Jul,2025-07-18,Second,DVM,na,1,16,2,16_18,R,1,4.3 - 6.4,9:53,,
2025-Jul,2025-07-18,Second,DVM,na,1,18,2,18_20,R,3,4.3 - 6.4,9:53,,
2025-Jul,2025-07-18,Second,DVM,na,1,0,2,0_2,L,8,4.3 - 6.4,9:53,,
2025-Jul,2025-07-18,Second,DVM,na,1,2,2,2_4,L,2,4.3 - 6.4,9:53,,
2025-Jul,2025-07-18,Second,DVM,na,1,4,2,4_6,L,9,4.3 - 6.4,9:53,,
2025-Jul,2025-07-18,Second,DVM,na,1,6,2,6_8,L,10,4.3 - 6.4,9:53,,
2025-Jul,2025-07-18,Second,DVM,na,1,8,2,8_10,L,11,4.3 - 6.4,9:53,,
2025-Jul,2025-07-18,Second,DVM,na,1,10,2,10_12,L,8,4.3 - 6.4,9:53,,
2025-Jul,2025-07-18,Second,DVM,na,1,12,2,12_14,L,2,4.3 - 6.4,9:53,,
2025-Jul,2025-07-18,Second,DVM,na,1,14,2,14_16,L,7,4.3 - 6.4,9:53,,
2025-Jul,2025-07-18,Second,DVM,na,1,16,2,16_18,L,5,4.3 - 6.4,9:53,,
2025-Jul,2025-07-18,Second,DVM,na,1,18,2,18_20,L,14,4.3 - 6.4,9:53,,
2025-Jul,2025-07-24,Owen,DCO,na,2,0,2,0_2,R,15,6.8,17:28,,
2025-Jul,2025-07-24,Owen,DCO,na,2,2,2,2_4,R,24,6.8,17:28,,
2025-Jul,2025-07-24,Owen,DCO,na,2,4,2,4_6,R,22,6.8,17:28,,
2025-Jul,2025-07-24,Owen,DCO,na,2,6,2,6_8,R,18,6.8,17:28,,
2025-Jul,2025-07-24,Owen,DCO,na,2,8,2,8_10,R,19,6.8,17:28,,
2025-Jul,2025-07-24,Owen,DCO,na,2,10,2,10_12,R,26,6.8,17:28,,
2025-Jul,2025-07-24,Owen,DCO,na,2,12,2,12_14,R,19,6.8,17:28,,
2025-Jul,2025-07-24,Owen,DCO,na,2,14,2,14_16,R,17,6.8,17:28,,
2025-Jul,2025-07-24,Owen,DCO,na,2,16,2,16_18,R,21,6.8,17:28,,
2025-Jul,2025-07-24,Owen,DCO,na,2,18,2,18_20,R,7,6.8,17:28,,
2025-Jul,2025-07-24,Owen,DCO,na,2,0,2,0_2,L,23,6.8,17:28,,
2025-Jul,2025-07-24,Owen,DCO,na,2,2,2,2_4,L,26,6.8,17:28,,
2025-Jul,2025-07-24,Owen,DCO,na,2,4,2,4_6,L,29,6.8,17:28,,
2025-Jul,2025-07-24,Owen,DCO,na,2,6,2,6_8,L,32,6.8,17:28,,
2025-Jul,2025-07-24,Owen,DCO,na,2,8,2,8_10,L,25,6.8,17:28,,
2025-Jul,2025-07-24,Owen,DCO,na,2,10,2,10_12,L,29,6.8,17:28,,
2025-Jul,2025-07-24,Owen,DCO,na,2,12,2,12_14,L,27,6.8,17:28,,
2025-Jul,2025-07-24,Owen,DCO,na,2,14,2,14_16,L,23,6.8,17:28,,
2025-Jul,2025-07-24,Owen,DCO,na,2,16,2,16_18,L,14,6.8,17:28,,
2025-Jul,2025-07-24,Owen,DCO,na,2,18,2,18_20,L,8,6.8,17:28,,
2025-Jul,2025-07-24,Owen,OP/DCO,na,5,0,2,0_2,R,19,6,18:00,,
2025-Jul,2025-07-24,Owen,OP/DCO,na,5,2,2,2_4,R,0,6,18:00,,
2025-Jul,2025-07-24,Owen,OP/DCO,na,5,4,2,4_6,R,7,6,18:00,,
2025-Jul,2025-07-24,Owen,OP/DCO,na,5,6,2,6_8,R,10,6,18:00,,
2025-Jul,2025-07-24,Owen,OP/DCO,na,5,8,2,8_10,R,22,6,18:00,,
2025-Jul,2025-07-24,Owen,OP/DCO,na,5,10,2,10_12,R,29,6,18:00,,
2025-Jul,2025-07-24,Owen,OP/DCO,na,5,12,2,12_14,R,25,6,18:00,,
2025-Jul,2025-07-24,Owen,OP/DCO,na,5,14,2,14_16,R,20,6,18:00,,
2025-Jul,2025-07-24,Owen,OP/DCO,na,5,16,2,16_18,R,21,6,18:00,,
2025-Jul,2025-07-24,Owen,OP/DCO,na,5,18,2,18_20,R,19,6,18:00,,
2025-Jul,2025-07-24,Owen,OP/DCO,na,5,0,2,0_2,L,7,6,18:00,,
2025-Jul,2025-07-24,Owen,OP/DCO,na,5,2,2,2_4,L,9,6,18:00,,
2025-Jul,2025-07-24,Owen,OP/DCO,na,5,4,2,4_6,L,12,6,18:00,,
2025-Jul,2025-07-24,Owen,OP/DCO,na,5,6,2,6_8,L,3,6,18:00,,
2025-Jul,2025-07-24,Owen,OP/DCO,na,5,8,2,8_10,L,9,6,18:00,,
2025-Jul,2025-07-24,Owen,OP/DCO,na,5,10,2,10_12,L,2,6,18:00,,
2025-Jul,2025-07-24,Owen,OP/DCO,na,5,12,2,12_14,L,5,6,18:00,,
2025-Jul,2025-07-24,Owen,OP/DCO,na,5,14,2,14_16,L,15,6,18:00,,
2025-Jul,2025-07-24,Owen,OP/DCO,na,5,16,2,16_18,L,5,6,18:00,,
2025-Jul,2025-07-24,Owen,OP/DCO,na,5,18,2,18_20,L,7,6,18:00,,
2025-Oct,2025-10-20,Owen,DCO,na,1,0,2,0_2,R,5,4.5,10:40,,
2025-Oct,2025-10-20,Owen,DCO,na,1,2,2,2_4,R,3,4.5,10:40,,
2025-Oct,2025-10-20,Owen,DCO,na,1,4,2,4_6,R,2,4.5,10:40,,
2025-Oct,2025-10-20,Owen,DCO,na,1,6,2,6_8,R,8,4.5,10:40,,
2025-Oct,2025-10-20,Owen,DCO,na,1,8,2,8_10,R,12,4.5,10:40,,
2025-Oct,2025-10-20,Owen,DCO,na,1,10,2,10_12,R,8,4.5,10:40,,
2025-Oct,2025-10-20,Owen,DCO,na,1,12,2,12_14,R,12,4.5,10:40,,
2025-Oct,2025-10-20,Owen,DCO,na,1,14,2,14_16,R,5,4.5,10:40,,
2025-Oct,2025-10-20,Owen,DCO,na,1,16,2,16_18,R,2,4.5,10:40,,
2025-Oct,2025-10-20,Owen,DCO,na,1,18,2,18_20,R,12,4.5,10:40,,
2025-Oct,2025-10-20,Owen,DCO,na,1,0,2,0_2,L,7,4.5,10:40,,
2025-Oct,2025-10-20,Owen,DCO,na,1,2,2,2_4,L,5,4.5,10:40,,
2025-Oct,2025-10-20,Owen,DCO,na,1,4,2,4_6,L,4,4.5,10:40,,
2025-Oct,2025-10-20,Owen,DCO,na,1,6,2,6_8,L,7,4.5,10:40,,
2025-Oct,2025-10-20,Owen,DCO,na,1,8,2,8_10,L,12,4.5,10:40,,
2025-Oct,2025-10-20,Owen,DCO,na,1,10,2,10_12,L,10,4.5,10:40,,
2025-Oct,2025-10-20,Owen,DCO,na,1,12,2,12_14,L,15,4.5,10:40,,
2025-Oct,2025-10-20,Owen,DCO,na,1,14,2,14_16,L,4,4.5,10:40,,
2025-Oct,2025-10-20,Owen,DCO,na,1,16,2,16_18,L,3,4.5,10:40,,
2025-Oct,2025-10-20,Owen,DCO,na,1,18,2,18_20,L,10,4.5,10:40,,
2025-Oct,2025-10-20,Owen,DCO,na,2,0,2,0_2,R,4,5,11:10,,
2025-Oct,2025-10-20,Owen,DCO,na,2,2,2,2_4,R,1,5,11:10,,
2025-Oct,2025-10-20,Owen,DCO,na,2,4,2,4_6,R,1,5,11:10,,
2025-Oct,2025-10-20,Owen,DCO,na,2,6,2,6_8,R,16,5,11:10,,
2025-Oct,2025-10-20,Owen,DCO,na,2,8,2,8_10,R,3,5,11:10,,
2025-Oct,2025-10-20,Owen,DCO,na,2,10,2,10_12,R,5,5,11:10,,
2025-Oct,2025-10-20,Owen,DCO,na,2,12,2,12_14,R,1,5,11:10,,
2025-Oct,2025-10-20,Owen,DCO,na,2,14,2,14_16,R,3,5,11:10,,
2025-Oct,2025-10-20,Owen,DCO,na,2,16,2,16_18,R,4,5,11:10,,
2025-Oct,2025-10-20,Owen,DCO,na,2,18,2,18_20,R,2,5,11:10,,
2025-Oct,2025-10-20,Owen,DCO,na,2,0,2,0_2,L,2,5,11:10,,
2025-Oct,2025-10-20,Owen,DCO,na,2,2,2,2_4,L,1,5,11:10,,
2025-Oct,2025-10-20,Owen,DCO,na,2,4,2,4_6,L,1,5,11:10,,
2025-Oct,2025-10-20,Owen,DCO,na,2,6,2,6_8,L,12,5,11:10,,
2025-Oct,2025-10-20,Owen,DCO,na,2,8,2,8_10,L,2,5,11:10,,
2025-Oct,2025-10-20,Owen,DCO,na,2,10,2,10_12,L,8,5,11:10,,
2025-Oct,2025-10-20,Owen,DCO,na,2,12,2,12_14,L,2,5,11:10,,
2025-Oct,2025-10-20,Owen,DCO,na,2,14,2,14_16,L,3,5,11:10,,
2025-Oct,2025-10-20,Owen,DCO,na,2,16,2,16_18,L,3,5,11:10,,
2025-Oct,2025-10-20,Owen,DCO,na,2,18,2,18_20,L,2,5,11:10,,
2025-Oct,2025-10-20,Owen,DCO,na,3,0,2,0_2,R,2,6,11:30,"technically past transect 3, continued northward past transect 2",
2025-Oct,2025-10-20,Owen,DCO,na,3,2,2,2_4,R,3,6,11:30,"technically past transect 3, continued northward past transect 3",
2025-Oct,2025-10-20,Owen,DCO,na,3,4,2,4_6,R,7,6,11:30,"technically past transect 3, continued northward past transect 4",
2025-Oct,2025-10-20,Owen,DCO,na,3,6,2,6_8,R,1,6,11:30,"technically past transect 3, continued northward past transect 5",
2025-Oct,2025-10-20,Owen,DCO,na,3,8,2,8_10,R,3,6,11:30,"technically past transect 3, continued northward past transect 6",
2025-Oct,2025-10-20,Owen,DCO,na,3,10,2,10_12,R,4,6,11:30,"technically past transect 3, continued northward past transect 7",
2025-Oct,2025-10-20,Owen,DCO,na,3,12,2,12_14,R,3,6,11:30,"technically past transect 3, continued northward past transect 8",
2025-Oct,2025-10-20,Owen,DCO,na,3,14,2,14_16,R,12,6,11:30,"technically past transect 3, continued northward past transect 9",
2025-Oct,2025-10-20,Owen,DCO,na,3,16,2,16_18,R,8,6,11:30,"technically past transect 3, continued northward past transect 10",
2025-Oct,2025-10-20,Owen,DCO,na,3,18,2,18_20,R,14,6,11:30,"technically past transect 3, continued northward past transect 11",
2025-Oct,2025-10-20,Owen,DCO,na,3,0,2,0_2,L,2,6,11:30,"technically past transect 3, continued northward past transect 12",
2025-Oct,2025-10-20,Owen,DCO,na,3,2,2,2_4,L,2,6,11:30,"technically past transect 3, continued northward past transect 13",
2025-Oct,2025-10-20,Owen,DCO,na,3,4,2,4_6,L,6,6,11:30,"technically past transect 3, continued northward past transect 14",
2025-Oct,2025-10-20,Owen,DCO,na,3,6,2,6_8,L,2,6,11:30,"technically past transect 3, continued northward past transect 15",
2025-Oct,2025-10-20,Owen,DCO,na,3,8,2,8_10,L,5,6,11:30,"technically past transect 3, continued northward past transect 16",
2025-Oct,2025-10-20,Owen,DCO,na,3,10,2,10_12,L,3,6,11:30,"technically past transect 3, continued northward past transect 17",
2025-Oct,2025-10-20,Owen,DCO,na,3,12,2,12_14,L,4,6,11:30,"technically past transect 3, continued northward past transect 18",
2025-Oct,2025-10-20,Owen,DCO,na,3,14,2,14_16,L,10,6,11:30,"technically past transect 3, continued northward past transect 19",
2025-Oct,2025-10-20,Owen,DCO,na,3,16,2,16_18,L,6,6,11:30,"technically past transect 3, continued northward past transect 20",
2025-Oct,2025-10-20,Owen,DCO,na,3,18,2,18_20,L,12,6,11:30,"technically past transect 3, continued northward past transect 21",
2025-Oct,2025-10-28,Miners,DCO,na,1,0,2,0_2,R,0,6.4,10:50,,
2025-Oct,2025-10-28,Miners,DCO,na,1,2,2,2_4,R,0,6.4,10:50,,
2025-Oct,2025-10-28,Miners,DCO,na,1,4,2,4_6,R,0,6.4,10:50,,
2025-Oct,2025-10-28,Miners,DCO,na,1,6,2,6_8,R,0,6.4,10:50,,
2025-Oct,2025-10-28,Miners,DCO,na,1,8,2,8_10,R,0,6.4,10:50,,
2025-Oct,2025-10-28,Miners,DCO,na,1,10,2,10_12,R,0,6.4,10:50,,
2025-Oct,2025-10-28,Miners,DCO,na,1,12,2,12_14,R,0,6.4,10:50,,
2025-Oct,2025-10-28,Miners,DCO,na,1,14,2,14_16,R,0,6.4,10:50,,
2025-Oct,2025-10-28,Miners,DCO,na,1,16,2,16_18,R,0,6.4,10:50,,
2025-Oct,2025-10-28,Miners,DCO,na,1,18,2,18_20,R,0,6.4,10:50,,
2025-Oct,2025-10-28,Miners,DCO,na,1,20,2,20_22,R,0,6.4,10:50,,
2025-Oct,2025-10-28,Miners,DCO,na,1,22,2,22_24,R,0,6.4,10:50,,
2025-Oct,2025-10-28,Miners,DCO,na,1,24,2,24_26,R,0,6.4,10:50,,
2025-Oct,2025-10-28,Miners,DCO,na,1,26,2,26_28,R,0,6.4,10:50,,
2025-Oct,2025-10-28,Miners,DCO,na,1,28,2,28_30,R,1,6.4,10:50,,
2025-Oct,2025-10-28,Miners,DCO,na,1,0,2,0_2,L,0,6.4,10:50,,
2025-Oct,2025-10-28,Miners,DCO,na,1,2,2,2_4,L,0,6.4,10:50,,
2025-Oct,2025-10-28,Miners,DCO,na,1,4,2,4_6,L,0,6.4,10:50,,
2025-Oct,2025-10-28,Miners,DCO,na,1,6,2,6_8,L,0,6.4,10:50,,
2025-Oct,2025-10-28,Miners,DCO,na,1,8,2,8_10,L,0,6.4,10:50,,
2025-Oct,2025-10-28,Miners,DCO,na,1,10,2,10_12,L,0,6.4,10:50,,
2025-Oct,2025-10-28,Miners,DCO,na,1,12,2,12_14,L,0,6.4,10:50,,
2025-Oct,2025-10-28,Miners,DCO,na,1,14,2,14_16,L,0,6.4,10:50,,
2025-Oct,2025-10-28,Miners,DCO,na,1,16,2,16_18,L,0,6.4,10:50,,
2025-Oct,2025-10-28,Miners,DCO,na,1,18,2,18_20,L,0,6.4,10:50,,
2025-Oct,2025-10-28,Miners,DCO,na,1,20,2,20_22,L,0,6.4,10:50,,
2025-Oct,2025-10-28,Miners,DCO,na,1,22,2,22_24,L,0,6.4,10:50,,
2025-Oct,2025-10-28,Miners,DCO,na,1,24,2,24_26,L,0,6.4,10:50,,
2025-Oct,2025-10-28,Miners,DCO,na,1,26,2,26_28,L,0,6.4,10:50,,
2025-Oct,2025-10-28,Miners,DCO,na,1,28,2,28_30,L,0,6.4,10:50,,
2025-Oct,2025-10-28,Miners,DCO,na,2,0,2,0_2,R,0,6,11:20,,
2025-Oct,2025-10-28,Miners,DCO,na,2,2,2,2_4,R,0,6,11:20,,
2025-Oct,2025-10-28,Miners,DCO,na,2,4,2,4_6,R,0,6,11:20,,
2025-Oct,2025-10-28,Miners,DCO,na,2,6,2,6_8,R,0,6,11:20,,
2025-Oct,2025-10-28,Miners,DCO,na,2,8,2,8_10,R,0,6,11:20,,
2025-Oct,2025-10-28,Miners,DCO,na,2,10,2,10_12,R,0,6,11:20,,
2025-Oct,2025-10-28,Miners,DCO,na,2,12,2,12_14,R,0,6,11:20,,
2025-Oct,2025-10-28,Miners,DCO,na,2,14,2,14_16,R,0,6,11:20,,
2025-Oct,2025-10-28,Miners,DCO,na,2,16,2,16_18,R,0,6,11:20,,
2025-Oct,2025-10-28,Miners,DCO,na,2,18,2,18_20,R,0,6,11:20,,
2025-Oct,2025-10-28,Miners,DCO,na,2,20,2,20_22,R,0,6,11:20,,
2025-Oct,2025-10-28,Miners,DCO,na,2,22,2,22_24,R,0,6,11:20,,
2025-Oct,2025-10-28,Miners,DCO,na,2,24,2,24_26,R,0,6,11:20,,
2025-Oct,2025-10-28,Miners,DCO,na,2,26,2,26_28,R,0,6,11:20,,
2025-Oct,2025-10-28,Miners,DCO,na,2,28,2,28_30,R,0,6,11:20,,
2025-Oct,2025-10-28,Miners,DCO,na,2,0,2,0_2,L,0,6,11:20,,
2025-Oct,2025-10-28,Miners,DCO,na,2,2,2,2_4,L,0,6,11:20,,
2025-Oct,2025-10-28,Miners,DCO,na,2,4,2,4_6,L,0,6,11:20,,
2025-Oct,2025-10-28,Miners,DCO,na,2,6,2,6_8,L,0,6,11:20,,
2025-Oct,2025-10-28,Miners,DCO,na,2,8,2,8_10,L,0,6,11:20,,
2025-Oct,2025-10-28,Miners,DCO,na,2,10,2,10_12,L,1,6,11:20,,
2025-Oct,2025-10-28,Miners,DCO,na,2,12,2,12_14,L,0,6,11:20,,
2025-Oct,2025-10-28,Miners,DCO,na,2,14,2,14_16,L,0,6,11:20,,
2025-Oct,2025-10-28,Miners,DCO,na,2,16,2,16_18,L,1,6,11:20,,
2025-Oct,2025-10-28,Miners,DCO,na,2,18,2,18_20,L,0,6,11:20,,
2025-Oct,2025-10-28,Miners,DCO,na,2,20,2,20_22,L,0,6,11:20,,
2025-Oct,2025-10-28,Miners,DCO,na,2,22,2,22_24,L,0,6,11:20,,
2025-Oct,2025-10-28,Miners,DCO,na,2,24,2,24_26,L,0,6,11:20,,
2025-Oct,2025-10-28,Miners,DCO,na,2,26,2,26_28,L,0,6,11:20,,
2025-Oct,2025-10-28,Miners,DCO,na,2,28,2,28_30,L,0,6,11:20,,
2025-Oct,2025-10-28,Miners,DCO,na,3,0,2,0_2,R,0,3.9,11:30,,
2025-Oct,2025-10-28,Miners,DCO,na,3,2,2,2_4,R,0,3.9,11:30,,
2025-Oct,2025-10-28,Miners,DCO,na,3,4,2,4_6,R,0,3.9,11:30,,
2025-Oct,2025-10-28,Miners,DCO,na,3,6,2,6_8,R,0,3.9,11:30,,
2025-Oct,2025-10-28,Miners,DCO,na,3,8,2,8_10,R,0,3.9,11:30,,
2025-Oct,2025-10-28,Miners,DCO,na,3,10,2,10_12,R,0,3.9,11:30,,
2025-Oct,2025-10-28,Miners,DCO,na,3,12,2,12_14,R,0,3.9,11:30,,
2025-Oct,2025-10-28,Miners,DCO,na,3,14,2,14_16,R,0,3.9,11:30,,
2025-Oct,2025-10-28,Miners,DCO,na,3,16,2,16_18,R,0,3.9,11:30,,
2025-Oct,2025-10-28,Miners,DCO,na,3,18,2,18_20,R,0,3.9,11:30,,
2025-Oct,2025-10-28,Miners,DCO,na,3,20,2,20_22,R,0,3.9,11:30,,
2025-Oct,2025-10-28,Miners,DCO,na,3,22,2,22_24,R,0,3.9,11:30,,
2025-Oct,2025-10-28,Miners,DCO,na,3,24,2,24_26,R,0,3.9,11:30,,
2025-Oct,2025-10-28,Miners,DCO,na,3,26,2,26_28,R,0,3.9,11:30,,
2025-Oct,2025-10-28,Miners,DCO,na,3,28,2,28_30,R,0,3.9,11:30,,
2025-Oct,2025-10-28,Miners,DCO,na,3,0,2,0_2,L,1,3.9,11:30,,
2025-Oct,2025-10-28,Miners,DCO,na,3,2,2,2_4,L,0,3.9,11:30,,
2025-Oct,2025-10-28,Miners,DCO,na,3,4,2,4_6,L,1,3.9,11:30,,
2025-Oct,2025-10-28,Miners,DCO,na,3,6,2,6_8,L,0,3.9,11:30,,
2025-Oct,2025-10-28,Miners,DCO,na,3,8,2,8_10,L,1,3.9,11:30,,
2025-Oct,2025-10-28,Miners,DCO,na,3,10,2,10_12,L,0,3.9,11:30,,
2025-Oct,2025-10-28,Miners,DCO,na,3,12,2,12_14,L,1,3.9,11:30,,
2025-Oct,2025-10-28,Miners,DCO,na,3,14,2,14_16,L,0,3.9,11:30,,
2025-Oct,2025-10-28,Miners,DCO,na,3,16,2,16_18,L,0,3.9,11:30,,
2025-Oct,2025-10-28,Miners,DCO,na,3,18,2,18_20,L,0,3.9,11:30,,
2025-Oct,2025-10-28,Miners,DCO,na,3,20,2,20_22,L,0,3.9,11:30,,
2025-Oct,2025-10-28,Miners,DCO,na,3,22,2,22_24,L,0,3.9,11:30,,
2025-Oct,2025-10-28,Miners,DCO,na,3,24,2,24_26,L,0,3.9,11:30,,
2025-Oct,2025-10-28,Miners,DCO,na,3,26,2,26_28,L,0,3.9,11:30,,
2025-Oct,2025-10-28,Miners,DCO,na,3,28,2,28_30,L,0,3.9,11:30,,
2025-Dec,2025-12-18,Burrard,OP,na,1,0,2,0_2,R,0,7.65,13:40,,
2025-Dec,2025-12-18,Burrard,OP,na,1,2,2,2_4,R,0,7.65,13:40,,
2025-Dec,2025-12-18,Burrard,OP,na,1,4,2,4_6,R,0,7.65,13:40,,
2025-Dec,2025-12-18,Burrard,OP,na,1,6,2,6_8,R,0,7.65,13:40,,
2025-Dec,2025-12-18,Burrard,OP,na,1,8,2,8_10,R,0,7.65,13:40,,
2025-Dec,2025-12-18,Burrard,OP,na,1,10,2,10_12,R,0,7.65,13:40,,
2025-Dec,2025-12-18,Burrard,OP,na,1,12,2,12_14,R,0,7.65,13:40,,
2025-Dec,2025-12-18,Burrard,OP,na,1,14,2,14_16,R,0,7.65,13:40,,
2025-Dec,2025-12-18,Burrard,OP,na,1,16,2,16_18,R,0,7.65,13:40,,
2025-Dec,2025-12-18,Burrard,OP,na,1,18,2,18_20,R,0,7.65,13:40,,
2025-Dec,2025-12-18,Burrard,OP,na,1,20,2,20_22,R,0,7.65,13:40,,
2025-Dec,2025-12-18,Burrard,OP,na,1,22,2,22_24,R,0,7.65,13:40,,
2025-Dec,2025-12-18,Burrard,OP,na,1,24,2,24_26,R,0,7.65,13:40,,
2025-Dec,2025-12-18,Burrard,OP,na,1,26,2,26_28,R,0,7.65,13:40,,
2025-Dec,2025-12-18,Burrard,OP,na,1,28,2,28_30,R,0,7.65,13:40,,
2025-Dec,2025-12-18,Burrard,OP,na,1,0,2,0_2,L,0,7.65,13:40,,
2025-Dec,2025-12-18,Burrard,OP,na,1,2,2,2_4,L,0,7.65,13:40,,
2025-Dec,2025-12-18,Burrard,OP,na,1,4,2,4_6,L,0,7.65,13:40,,
2025-Dec,2025-12-18,Burrard,OP,na,1,6,2,6_8,L,0,7.65,13:40,,
2025-Dec,2025-12-18,Burrard,OP,na,1,8,2,8_10,L,0,7.65,13:40,,
2025-Dec,2025-12-18,Burrard,OP,na,1,10,2,10_12,L,0,7.65,13:40,,
2025-Dec,2025-12-18,Burrard,OP,na,1,12,2,12_14,L,0,7.65,13:40,,
2025-Dec,2025-12-18,Burrard,OP,na,1,14,2,14_16,L,0,7.65,13:40,,
2025-Dec,2025-12-18,Burrard,OP,na,1,16,2,16_18,L,0,7.65,13:40,,
2025-Dec,2025-12-18,Burrard,OP,na,1,18,2,18_20,L,0,7.65,13:40,,
2025-Dec,2025-12-18,Burrard,OP,na,1,20,2,20_22,L,0,7.65,13:40,,
2025-Dec,2025-12-18,Burrard,OP,na,1,22,2,22_24,L,0,7.65,13:40,,
2025-Dec,2025-12-18,Burrard,OP,na,1,24,2,24_26,L,0,7.65,13:40,,
2025-Dec,2025-12-18,Burrard,OP,na,1,26,2,26_28,L,0,7.65,13:40,,
2025-Dec,2025-12-18,Burrard,OP,na,1,28,2,28_30,L,0,7.65,13:40,,
2025-Dec,2025-12-18,Burrard,OP,na,2,0,2,0_2,R,0,7.45,13:50,,
2025-Dec,2025-12-18,Burrard,OP,na,2,2,2,2_4,R,0,7.45,13:50,,
2025-Dec,2025-12-18,Burrard,OP,na,2,4,2,4_6,R,0,7.45,13:50,,
2025-Dec,2025-12-18,Burrard,OP,na,2,6,2,6_8,R,0,7.45,13:50,,
2025-Dec,2025-12-18,Burrard,OP,na,2,8,2,8_10,R,0,7.45,13:50,,
2025-Dec,2025-12-18,Burrard,OP,na,2,10,2,10_12,R,0,7.45,13:50,,
2025-Dec,2025-12-18,Burrard,OP,na,2,12,2,12_14,R,0,7.45,13:50,,
2025-Dec,2025-12-18,Burrard,OP,na,2,14,2,14_16,R,0,7.45,13:50,,
2025-Dec,2025-12-18,Burrard,OP,na,2,16,2,16_18,R,0,7.45,13:50,,
2025-Dec,2025-12-18,Burrard,OP,na,2,18,2,18_20,R,0,7.45,13:50,,
2025-Dec,2025-12-18,Burrard,OP,na,2,20,2,20_22,R,0,7.45,13:50,,
2025-Dec,2025-12-18,Burrard,OP,na,2,22,2,22_24,R,0,7.45,13:50,,
2025-Dec,2025-12-18,Burrard,OP,na,2,24,2,24_26,R,0,7.45,13:50,,
2025-Dec,2025-12-18,Burrard,OP,na,2,26,2,26_28,R,0,7.45,13:50,,
2025-Dec,2025-12-18,Burrard,OP,na,2,28,2,28_30,R,0,7.45,13:50,,
2025-Dec,2025-12-18,Burrard,OP,na,2,0,2,0_2,L,0,7.45,13:50,,
2025-Dec,2025-12-18,Burrard,OP,na,2,2,2,2_4,L,0,7.45,13:50,,
2025-Dec,2025-12-18,Burrard,OP,na,2,4,2,4_6,L,0,7.45,13:50,,
2025-Dec,2025-12-18,Burrard,OP,na,2,6,2,6_8,L,0,7.45,13:50,,
2025-Dec,2025-12-18,Burrard,OP,na,2,8,2,8_10,L,0,7.45,13:50,,
2025-Dec,2025-12-18,Burrard,OP,na,2,10,2,10_12,L,0,7.45,13:50,,
2025-Dec,2025-12-18,Burrard,OP,na,2,12,2,12_14,L,0,7.45,13:50,,
2025-Dec,2025-12-18,Burrard,OP,na,2,14,2,14_16,L,0,7.45,13:50,,
2025-Dec,2025-12-18,Burrard,OP,na,2,16,2,16_18,L,0,7.45,13:50,,
2025-Dec,2025-12-18,Burrard,OP,na,2,18,2,18_20,L,0,7.45,13:50,,
2025-Dec,2025-12-18,Burrard,OP,na,2,20,2,20_22,L,0,7.45,13:50,,
2025-Dec,2025-12-18,Burrard,OP,na,2,22,2,22_24,L,0,7.45,13:50,,
2025-Dec,2025-12-18,Burrard,OP,na,2,24,2,24_26,L,0,7.45,13:50,,
2025-Dec,2025-12-18,Burrard,OP,na,2,26,2,26_28,L,0,7.45,13:50,,
2025-Dec,2025-12-18,Burrard,OP,na,2,28,2,28_30,L,0,7.45,13:50,,
2025-Dec,2025-12-18,Burrard,OP,na,3,0,2,0_2,R,0,8.5,14:00,,
2025-Dec,2025-12-18,Burrard,OP,na,3,2,2,2_4,R,0,8.5,14:00,,
2025-Dec,2025-12-18,Burrard,OP,na,3,4,2,4_6,R,0,8.5,14:00,,
2025-Dec,2025-12-18,Burrard,OP,na,3,6,2,6_8,R,0,8.5,14:00,,
2025-Dec,2025-12-18,Burrard,OP,na,3,8,2,8_10,R,0,8.5,14:00,,
2025-Dec,2025-12-18,Burrard,OP,na,3,10,2,10_12,R,0,8.5,14:00,,
2025-Dec,2025-12-18,Burrard,OP,na,3,12,2,12_14,R,0,8.5,14:00,,
2025-Dec,2025-12-18,Burrard,OP,na,3,14,2,14_16,R,0,8.5,14:00,,
2025-Dec,2025-12-18,Burrard,OP,na,3,16,2,16_18,R,0,8.5,14:00,,
2025-Dec,2025-12-18,Burrard,OP,na,3,18,2,18_20,R,0,8.5,14:00,,
2025-Dec,2025-12-18,Burrard,OP,na,3,20,2,20_22,R,0,8.5,14:00,,
2025-Dec,2025-12-18,Burrard,OP,na,3,22,2,22_24,R,0,8.5,14:00,,
2025-Dec,2025-12-18,Burrard,OP,na,3,24,2,24_26,R,0,8.5,14:00,,
2025-Dec,2025-12-18,Burrard,OP,na,3,26,2,26_28,R,0,8.5,14:00,,
2025-Dec,2025-12-18,Burrard,OP,na,3,28,2,28_30,R,0,8.5,14:00,,
2025-Dec,2025-12-18,Burrard,OP,na,3,0,2,0_2,L,0,8.5,14:00,,
2025-Dec,2025-12-18,Burrard,OP,na,3,2,2,2_4,L,0,8.5,14:00,,
2025-Dec,2025-12-18,Burrard,OP,na,3,4,2,4_6,L,0,8.5,14:00,,
2025-Dec,2025-12-18,Burrard,OP,na,3,6,2,6_8,L,0,8.5,14:00,,
2025-Dec,2025-12-18,Burrard,OP,na,3,8,2,8_10,L,0,8.5,14:00,,
2025-Dec,2025-12-18,Burrard,OP,na,3,10,2,10_12,L,0,8.5,14:00,,
2025-Dec,2025-12-18,Burrard,OP,na,3,12,2,12_14,L,0,8.5,14:00,,
2025-Dec,2025-12-18,Burrard,OP,na,3,14,2,14_16,L,0,8.5,14:00,,
2025-Dec,2025-12-18,Burrard,OP,na,3,16,2,16_18,L,0,8.5,14:00,,
2025-Dec,2025-12-18,Burrard,OP,na,3,18,2,18_20,L,0,8.5,14:00,,
2025-Dec,2025-12-18,Burrard,OP,na,3,20,2,20_22,L,0,8.5,14:00,,
2025-Dec,2025-12-18,Burrard,OP,na,3,22,2,22_24,L,0,8.5,14:00,,
2025-Dec,2025-12-18,Burrard,OP,na,3,24,2,24_26,L,0,8.5,14:00,,
2025-Dec,2025-12-18,Burrard,OP,na,3,26,2,26_28,L,0,8.5,14:00,,
2025-Dec,2025-12-18,Burrard,OP,na,3,28,2,28_30,L,0,8.5,14:00,,
2026-Jan,2026-01-13,Owen,DCO,na,1,0,2,0_2,R,3,4,11:23,,
2026-Jan,2026-01-13,Owen,DCO,na,1,2,2,2_4,R,1,4,11:23,,
2026-Jan,2026-01-13,Owen,DCO,na,1,4,2,4_6,R,2,4,11:23,,
2026-Jan,2026-01-13,Owen,DCO,na,1,6,2,6_8,R,2,4,11:23,,
2026-Jan,2026-01-13,Owen,DCO,na,1,8,2,8_10,R,0,4,11:23,,
2026-Jan,2026-01-13,Owen,DCO,na,1,10,2,10_12,R,0,4,11:23,,
2026-Jan,2026-01-13,Owen,DCO,na,1,12,2,12_14,R,2,4,11:23,,
2026-Jan,2026-01-13,Owen,DCO,na,1,14,2,14_16,R,2,4,11:23,,
2026-Jan,2026-01-13,Owen,DCO,na,1,16,2,16_18,R,2,4,11:23,,
2026-Jan,2026-01-13,Owen,DCO,na,1,18,2,18_20,R,2,4,11:23,,
2026-Jan,2026-01-13,Owen,DCO,na,1,20,2,20_22,R,0,4,11:23,,
2026-Jan,2026-01-13,Owen,DCO,na,1,22,2,22_24,R,0,4,11:23,,
2026-Jan,2026-01-13,Owen,DCO,na,1,24,2,24_26,R,0,4,11:23,,
2026-Jan,2026-01-13,Owen,DCO,na,1,26,2,26_28,R,0,4,11:23,,
2026-Jan,2026-01-13,Owen,DCO,na,1,28,2,28_30,R,0,4,11:23,,
2026-Jan,2026-01-13,Owen,DCO,na,1,0,2,0_2,L,4,4,11:23,,
2026-Jan,2026-01-13,Owen,DCO,na,1,2,2,2_4,L,3,4,11:23,,
2026-Jan,2026-01-13,Owen,DCO,na,1,4,2,4_6,L,3,4,11:23,,
2026-Jan,2026-01-13,Owen,DCO,na,1,6,2,6_8,L,2,4,11:23,,
2026-Jan,2026-01-13,Owen,DCO,na,1,8,2,8_10,L,0,4,11:23,,
2026-Jan,2026-01-13,Owen,DCO,na,1,10,2,10_12,L,0,4,11:23,,
2026-Jan,2026-01-13,Owen,DCO,na,1,12,2,12_14,L,4,4,11:23,,
2026-Jan,2026-01-13,Owen,DCO,na,1,14,2,14_16,L,2,4,11:23,,
2026-Jan,2026-01-13,Owen,DCO,na,1,16,2,16_18,L,3,4,11:23,,
2026-Jan,2026-01-13,Owen,DCO,na,1,18,2,18_20,L,3,4,11:23,,
2026-Jan,2026-01-13,Owen,DCO,na,1,20,2,20_22,L,4,4,11:23,,
2026-Jan,2026-01-13,Owen,DCO,na,1,22,2,22_24,L,3,4,11:23,,
2026-Jan,2026-01-13,Owen,DCO,na,1,24,2,24_26,L,0,4,11:23,,
2026-Jan,2026-01-13,Owen,DCO,na,1,26,2,26_28,L,1,4,11:23,,
2026-Jan,2026-01-13,Owen,DCO,na,1,28,2,28_30,L,0,4,11:23,,
2026-Jan,2026-01-13,Owen,DCO,na,2,0,2,0_2,R,1,5,11:52,,
2026-Jan,2026-01-13,Owen,DCO,na,2,2,2,2_4,R,0,5,11:52,,
2026-Jan,2026-01-13,Owen,DCO,na,2,4,2,4_6,R,0,5,11:52,,
2026-Jan,2026-01-13,Owen,DCO,na,2,6,2,6_8,R,0,5,11:52,,
2026-Jan,2026-01-13,Owen,DCO,na,2,8,2,8_10,R,0,5,11:52,,
2026-Jan,2026-01-13,Owen,DCO,na,2,10,2,10_12,R,0,5,11:52,,
2026-Jan,2026-01-13,Owen,DCO,na,2,12,2,12_14,R,0,5,11:52,,
2026-Jan,2026-01-13,Owen,DCO,na,2,14,2,14_16,R,0,5,11:52,,
2026-Jan,2026-01-13,Owen,DCO,na,2,16,2,16_18,R,0,5,11:52,,
2026-Jan,2026-01-13,Owen,DCO,na,2,18,2,18_20,R,0,5,11:52,,
2026-Jan,2026-01-13,Owen,DCO,na,2,20,2,20_22,R,0,5,11:52,,
2026-Jan,2026-01-13,Owen,DCO,na,2,22,2,22_24,R,1,5,11:52,,
2026-Jan,2026-01-13,Owen,DCO,na,2,24,2,24_26,R,0,5,11:52,,
2026-Jan,2026-01-13,Owen,DCO,na,2,26,2,26_28,R,0,5,11:52,,
2026-Jan,2026-01-13,Owen,DCO,na,2,28,2,28_30,R,0,5,11:52,,
2026-Jan,2026-01-13,Owen,DCO,na,2,0,2,0_2,L,0,5,11:52,,
2026-Jan,2026-01-13,Owen,DCO,na,2,2,2,2_4,L,0,5,11:52,,
2026-Jan,2026-01-13,Owen,DCO,na,2,4,2,4_6,L,0,5,11:52,,
2026-Jan,2026-01-13,Owen,DCO,na,2,6,2,6_8,L,0,5,11:52,,
2026-Jan,2026-01-13,Owen,DCO,na,2,8,2,8_10,L,0,5,11:52,,
2026-Jan,2026-01-13,Owen,DCO,na,2,10,2,10_12,L,0,5,11:52,,
2026-Jan,2026-01-13,Owen,DCO,na,2,12,2,12_14,L,0,5,11:52,,
2026-Jan,2026-01-13,Owen,DCO,na,2,14,2,14_16,L,0,5,11:52,,
2026-Jan,2026-01-13,Owen,DCO,na,2,16,2,16_18,L,0,5,11:52,,
2026-Jan,2026-01-13,Owen,DCO,na,2,18,2,18_20,L,0,5,11:52,,
2026-Jan,2026-01-13,Owen,DCO,na,2,20,2,20_22,L,0,5,11:52,,
2026-Jan,2026-01-13,Owen,DCO,na,2,22,2,22_24,L,0,5,11:52,,
2026-Jan,2026-01-13,Owen,DCO,na,2,24,2,24_26,L,0,5,11:52,,
2026-Jan,2026-01-13,Owen,DCO,na,2,26,2,26_28,L,0,5,11:52,,
2026-Jan,2026-01-13,Owen,DCO,na,2,28,2,28_30,L,0,5,11:52,,
2026-Jan,2026-01-13,Owen,DCO,na,3,0,2,0_2,R,0,5.6,12:23,,
2026-Jan,2026-01-13,Owen,DCO,na,3,2,2,2_4,R,0,5.6,12:23,,
2026-Jan,2026-01-13,Owen,DCO,na,3,4,2,4_6,R,2,5.6,12:23,,
2026-Jan,2026-01-13,Owen,DCO,na,3,6,2,6_8,R,1,5.6,12:23,,
2026-Jan,2026-01-13,Owen,DCO,na,3,8,2,8_10,R,1,5.6,12:23,,
2026-Jan,2026-01-13,Owen,DCO,na,3,10,2,10_12,R,1,5.6,12:23,,
2026-Jan,2026-01-13,Owen,DCO,na,3,12,2,12_14,R,1,5.6,12:23,,
2026-Jan,2026-01-13,Owen,DCO,na,3,14,2,14_16,R,1,5.6,12:23,,
2026-Jan,2026-01-13,Owen,DCO,na,3,16,2,16_18,R,2,5.6,12:23,,
2026-Jan,2026-01-13,Owen,DCO,na,3,18,2,18_20,R,0,5.6,12:23,,
2026-Jan,2026-01-13,Owen,DCO,na,3,20,2,20_22,R,0,5.6,12:23,,
2026-Jan,2026-01-13,Owen,DCO,na,3,22,2,22_24,R,0,5.6,12:23,,
2026-Jan,2026-01-13,Owen,DCO,na,3,24,2,24_26,R,0,5.6,12:23,,
2026-Jan,2026-01-13,Owen,DCO,na,3,26,2,26_28,R,0,5.6,12:23,,
2026-Jan,2026-01-13,Owen,DCO,na,3,28,2,28_30,R,0,5.6,12:23,,
2026-Jan,2026-01-13,Owen,DCO,na,3,0,2,0_2,L,0,5.6,12:23,,
2026-Jan,2026-01-13,Owen,DCO,na,3,2,2,2_4,L,0,5.6,12:23,,
2026-Jan,2026-01-13,Owen,DCO,na,3,4,2,4_6,L,0,5.6,12:23,,
2026-Jan,2026-01-13,Owen,DCO,na,3,6,2,6_8,L,0,5.6,12:23,,
2026-Jan,2026-01-13,Owen,DCO,na,3,8,2,8_10,L,0,5.6,12:23,,
2026-Jan,2026-01-13,Owen,DCO,na,3,10,2,10_12,L,0,5.6,12:23,,
2026-Jan,2026-01-13,Owen,DCO,na,3,12,2,12_14,L,2,5.6,12:23,,
2026-Jan,2026-01-13,Owen,DCO,na,3,14,2,14_16,L,1,5.6,12:23,,
2026-Jan,2026-01-13,Owen,DCO,na,3,16,2,16_18,L,3,5.6,12:23,,
2026-Jan,2026-01-13,Owen,DCO,na,3,18,2,18_20,L,0,5.6,12:23,,
2026-Jan,2026-01-13,Owen,DCO,na,3,20,2,20_22,L,0,5.6,12:23,,
2026-Jan,2026-01-13,Owen,DCO,na,3,22,2,22_24,L,0,5.6,12:23,,
2026-Jan,2026-01-13,Owen,DCO,na,3,24,2,24_26,L,0,5.6,12:23,,
2026-Jan,2026-01-13,Owen,DCO,na,3,26,2,26_28,L,0,5.6,12:23,,
2026-Jan,2026-01-13,Owen,DCO,na,3,28,2,28_30,L,0,5.6,12:23,,
2026-Apr,2026-04-24,Owen,DCO,na,1,0,2,0_2,R,35,3.5,10:15,,
2026-Apr,2026-04-24,Owen,DCO,na,1,2,2,2_4,R,37,3.5,10:15,,
2026-Apr,2026-04-24,Owen,DCO,na,1,4,2,4_6,R,20,3.5,10:15,,
2026-Apr,2026-04-24,Owen,DCO,na,1,6,2,6_8,R,28,3.5,10:15,,
2026-Apr,2026-04-24,Owen,DCO,na,1,8,2,8_10,R,30,3.5,10:15,,
2026-Apr,2026-04-24,Owen,DCO,na,1,10,2,10_12,R,16,3.5,10:15,,
2026-Apr,2026-04-24,Owen,DCO,na,1,12,2,12_14,R,25,3.5,10:15,,
2026-Apr,2026-04-24,Owen,DCO,na,1,14,2,14_16,R,18,3.5,10:15,,
2026-Apr,2026-04-24,Owen,DCO,na,1,16,2,16_18,R,24,3.5,10:15,,
2026-Apr,2026-04-24,Owen,DCO,na,1,18,2,18_20,R,21,3.5,10:15,,
2026-Apr,2026-04-24,Owen,DCO,na,1,20,2,20_22,R,28,3.5,10:15,,
2026-Apr,2026-04-24,Owen,DCO,na,1,22,2,22_24,R,31,3.5,10:15,,
2026-Apr,2026-04-24,Owen,DCO,na,1,24,2,24_26,R,29,3.5,10:15,,
2026-Apr,2026-04-24,Owen,DCO,na,1,26,2,26_28,R,32,3.5,10:15,,
2026-Apr,2026-04-24,Owen,DCO,na,1,28,2,28_30,R,47,3.5,10:15,,
2026-Apr,2026-04-24,Owen,DCO,na,1,0,2,0_2,L,36,3.5,10:20,,
2026-Apr,2026-04-24,Owen,DCO,na,1,2,2,2_4,L,42,3.5,10:20,,
2026-Apr,2026-04-24,Owen,DCO,na,1,4,2,4_6,L,37,3.5,10:20,,
2026-Apr,2026-04-24,Owen,DCO,na,1,6,2,6_8,L,34,3.5,10:20,,
2026-Apr,2026-04-24,Owen,DCO,na,1,8,2,8_10,L,15,3.5,10:20,,
2026-Apr,2026-04-24,Owen,DCO,na,1,10,2,10_12,L,20,3.5,10:20,,
2026-Apr,2026-04-24,Owen,DCO,na,1,12,2,12_14,L,27,3.5,10:20,,
2026-Apr,2026-04-24,Owen,DCO,na,1,14,2,14_16,L,25,3.5,10:20,,
2026-Apr,2026-04-24,Owen,DCO,na,1,16,2,16_18,L,22,3.5,10:20,,
2026-Apr,2026-04-24,Owen,DCO,na,1,18,2,18_20,L,11,3.5,10:20,,
2026-Apr,2026-04-24,Owen,DCO,na,1,20,2,20_22,L,33,3.5,10:20,,
2026-Apr,2026-04-24,Owen,DCO,na,1,22,2,22_24,L,51,3.5,10:20,,
2026-Apr,2026-04-24,Owen,DCO,na,1,24,2,24_26,L,46,3.5,10:20,,
2026-Apr,2026-04-24,Owen,DCO,na,1,26,2,26_28,L,38,3.5,10:20,,
2026-Apr,2026-04-24,Owen,DCO,na,1,28,2,28_30,L,15,3.5,10:20,,
2026-Apr,2026-04-24,Owen,DCO,na,2,0,2,0_2,R,44,3.4,11:25,,
2026-Apr,2026-04-24,Owen,DCO,na,2,2,2,2_4,R,41,3.4,11:25,,
2026-Apr,2026-04-24,Owen,DCO,na,2,4,2,4_6,R,35,3.4,11:25,,
2026-Apr,2026-04-24,Owen,DCO,na,2,6,2,6_8,R,31,3.4,11:25,,
2026-Apr,2026-04-24,Owen,DCO,na,2,8,2,8_10,R,24,3.4,11:25,,
2026-Apr,2026-04-24,Owen,DCO,na,2,10,2,10_12,R,29,3.4,11:25,,
2026-Apr,2026-04-24,Owen,DCO,na,2,12,2,12_14,R,52,3.4,11:25,,
2026-Apr,2026-04-24,Owen,DCO,na,2,14,2,14_16,R,39,3.4,11:25,,
2026-Apr,2026-04-24,Owen,DCO,na,2,16,2,16_18,R,32,3.4,11:25,,
2026-Apr,2026-04-24,Owen,DCO,na,2,18,2,18_20,R,18,3.4,11:25,,
2026-Apr,2026-04-24,Owen,DCO,na,2,20,2,20_22,R,31,3.4,11:25,,
2026-Apr,2026-04-24,Owen,DCO,na,2,22,2,22_24,R,19,3.4,11:25,,
2026-Apr,2026-04-24,Owen,DCO,na,2,24,2,24_26,R,12,3.4,11:25,,
2026-Apr,2026-04-24,Owen,DCO,na,2,26,2,26_28,R,19,3.4,11:25,,
2026-Apr,2026-04-24,Owen,DCO,na,2,28,2,28_30,R,30,3.4,11:25,,
2026-Apr,2026-04-24,Owen,DCO,na,2,0,2,0_2,L,35,3.4,11:30,,
2026-Apr,2026-04-24,Owen,DCO,na,2,2,2,2_4,L,38,3.4,11:30,,
2026-Apr,2026-04-24,Owen,DCO,na,2,4,2,4_6,L,41,3.4,11:30,,
2026-Apr,2026-04-24,Owen,DCO,na,2,6,2,6_8,L,29,3.4,11:30,,
2026-Apr,2026-04-24,Owen,DCO,na,2,8,2,8_10,L,45,3.4,11:30,,
2026-Apr,2026-04-24,Owen,DCO,na,2,10,2,10_12,L,35,3.4,11:30,,
2026-Apr,2026-04-24,Owen,DCO,na,2,12,2,12_14,L,51,3.4,11:30,,
2026-Apr,2026-04-24,Owen,DCO,na,2,14,2,14_16,L,34,3.4,11:30,,
2026-Apr,2026-04-24,Owen,DCO,na,2,16,2,16_18,L,26,3.4,11:30,,
2026-Apr,2026-04-24,Owen,DCO,na,2,18,2,18_20,L,23,3.4,11:30,,
2026-Apr,2026-04-24,Owen,DCO,na,2,20,2,20_22,L,15,3.4,11:30,,
2026-Apr,2026-04-24,Owen,DCO,na,2,22,2,22_24,L,25,3.4,11:30,,
2026-Apr,2026-04-24,Owen,DCO,na,2,24,2,24_26,L,21,3.4,11:30,,
2026-Apr,2026-04-24,Owen,DCO,na,2,26,2,26_28,L,20,3.4,11:30,,
2026-Apr,2026-04-24,Owen,DCO,na,2,28,2,28_30,L,29,3.4,11:30,,
2026-Jul,2026-07-06,Second,SMM,na,2,0_2,2,0_2,R,1,6,13:15,,
2026-Jul,2026-07-06,Second,SMM,na,2,2_4,2,2_4,R,9,6,13:15,,
2026-Jul,2026-07-06,Second,SMM,na,2,4_6,2,4_6,R,7,6,13:15,,
2026-Jul,2026-07-06,Second,SMM,na,2,6_8,2,6_8,R,9,6,13:15,,
2026-Jul,2026-07-06,Second,SMM,na,2,8_10,2,8_10,R,29,6,13:15,,
2026-Jul,2026-07-06,Second,SMM,na,2,10_12,2,10_12,R,15,6,13:15,,
2026-Jul,2026-07-06,Second,SMM,na,2,12_14,2,12_14,R,4,6,13:15,,
2026-Jul,2026-07-06,Second,SMM,na,2,14_16,2,14_16,R,2,6,13:15,,
2026-Jul,2026-07-06,Second,SMM,na,2,16_18,2,16_18,R,1,6,13:15,,
2026-Jul,2026-07-06,Second,SMM,na,2,18_20,2,18_20,R,2,6,13:15,,
2026-Jul,2026-07-06,Second,SMM,na,2,0_2,2,0_2,L,3,6,13:15,,
2026-Jul,2026-07-06,Second,SMM,na,2,2_4,2,2_4,L,9,6,13:15,,
2026-Jul,2026-07-06,Second,SMM,na,2,4_6,2,4_6,L,10,6,13:15,,
2026-Jul,2026-07-06,Second,SMM,na,2,6_8,2,6_8,L,13,6,13:15,,
2026-Jul,2026-07-06,Second,SMM,na,2,8_10,2,8_10,L,7,6,13:15,,
2026-Jul,2026-07-06,Second,SMM,na,2,10_12,2,10_12,L,10,6,13:15,,
2026-Jul,2026-07-06,Second,SMM,na,2,12_14,2,12_14,L,21,6,13:15,,
2026-Jul,2026-07-06,Second,SMM,na,2,14_16,2,14_16,L,0,6,13:15,,
2026-Jul,2026-07-06,Second,SMM,na,2,16_18,2,16_18,L,0,6,13:15,,
2026-Jul,2026-07-06,Second,SMM,na,2,18_20,2,18_20,L,1,6,13:15,,
2026-Jul,2026-07-06,Second,DVM,na,1,0_2,2,0_2,R,3,5,13:11,,
2026-Jul,2026-07-06,Second,DVM,na,1,2_4,2,2_4,R,2,5,13:11,,
2026-Jul,2026-07-06,Second,DVM,na,1,4_6,2,4_6,R,4,5,13:11,,
2026-Jul,2026-07-06,Second,DVM,na,1,6_8,2,6_8,R,7,5,13:11,,
2026-Jul,2026-07-06,Second,DVM,na,1,8_10,2,8_10,R,0,5,13:11,,
2026-Jul,2026-07-06,Second,DVM,na,1,10_12,2,10_12,R,1,5,13:11,,
2026-Jul,2026-07-06,Second,DVM,na,1,12_14,2,12_14,R,0,5,13:11,,
2026-Jul,2026-07-06,Second,DVM,na,1,14_16,2,14_16,R,6,5,13:11,,
2026-Jul,2026-07-06,Second,DVM,na,1,16_18,2,16_18,R,5,5,13:11,,
2026-Jul,2026-07-06,Second,DVM,na,1,18_20,2,18_20,R,3,5,13:11,,
2026-Jul,2026-07-06,Second,DVM,na,1,0_2,2,0_2,L,4,5,13:11,,
2026-Jul,2026-07-06,Second,DVM,na,1,2_4,2,2_4,L,1,5,13:11,,
2026-Jul,2026-07-06,Second,DVM,na,1,4_6,2,4_6,L,7,5,13:11,,
2026-Jul,2026-07-06,Second,DVM,na,1,6_8,2,6_8,L,9,5,13:11,,
2026-Jul,2026-07-06,Second,DVM,na,1,8_10,2,8_10,L,5,5,13:11,,
2026-Jul,2026-07-06,Second,DVM,na,1,10_12,2,10_12,L,7,5,13:11,,
2026-Jul,2026-07-06,Second,DVM,na,1,12_14,2,12_14,L,4,5,13:11,,
2026-Jul,2026-07-06,Second,DVM,na,1,14_16,2,14_16,L,4,5,13:11,,
2026-Jul,2026-07-06,Second,DVM,na,1,16_18,2,16_18,L,3,5,13:11,,
2026-Jul,2026-07-06,Second,DVM,na,1,18_20,2,18_20,L,1,5,13:11,,
2026-Jul,2026-07-07,North,SMM,na,2,0_2,2,0_2,R,0,4.3,12:05,,
2026-Jul,2026-07-07,North,SMM,na,2,2_4,2,2_4,R,0,4.3,12:05,,
2026-Jul,2026-07-07,North,SMM,na,2,4_6,2,4_6,R,0,4.3,12:05,,
2026-Jul,2026-07-07,North,SMM,na,2,6_8,2,6_8,R,0,4.3,12:05,,
2026-Jul,2026-07-07,North,SMM,na,2,8_10,2,8_10,R,47,4.3,12:05,,
2026-Jul,2026-07-07,North,SMM,na,2,10_12,2,10_12,R,24,4.3,12:05,,
2026-Jul,2026-07-07,North,SMM,na,2,12_14,2,12_14,R,28,4.3,12:05,,
2026-Jul,2026-07-07,North,SMM,na,2,14_16,2,14_16,R,13,4.3,12:05,,
2026-Jul,2026-07-07,North,SMM,na,2,16_18,2,16_18,R,17,4.3,12:05,,
2026-Jul,2026-07-07,North,SMM,na,2,18_20,2,18_20,R,28,4.3,12:05,,
2026-Jul,2026-07-07,North,SMM,na,2,0_2,2,0_2,L,0,4.3,12:05,,
2026-Jul,2026-07-07,North,SMM,na,2,2_4,2,2_4,L,0,4.3,12:05,,
2026-Jul,2026-07-07,North,SMM,na,2,4_6,2,4_6,L,0,4.3,12:05,,
2026-Jul,2026-07-07,North,SMM,na,2,6_8,2,6_8,L,23,4.3,12:05,,
2026-Jul,2026-07-07,North,SMM,na,2,8_10,2,8_10,L,38,4.3,12:05,,
2026-Jul,2026-07-07,North,SMM,na,2,10_12,2,10_12,L,42,4.3,12:05,,
2026-Jul,2026-07-07,North,SMM,na,2,12_14,2,12_14,L,16,4.3,12:05,,
2026-Jul,2026-07-07,North,SMM,na,2,14_16,2,14_16,L,30,4.3,12:05,,
2026-Jul,2026-07-07,North,SMM,na,2,16_18,2,16_18,L,20,4.3,12:05,,
2026-Jul,2026-07-07,North,SMM,na,2,18_20,2,18_20,L,34,4.3,12:05,,
2026-Jul,2026-07-07,North,OP,na,1,0_2,2,0_2,R,0,4.2,12:30,,
2026-Jul,2026-07-07,North,OP,na,1,2_4,2,2_4,R,0,4.2,12:30,,
2026-Jul,2026-07-07,North,OP,na,1,4_6,2,4_6,R,0,4.2,12:30,,
2026-Jul,2026-07-07,North,OP,na,1,6_8,2,6_8,R,0,4.2,12:30,,
2026-Jul,2026-07-07,North,OP,na,1,8_10,2,8_10,R,0,4.2,12:30,,
2026-Jul,2026-07-07,North,OP,na,1,10_12,2,10_12,R,0,5.1,12:30,,
2026-Jul,2026-07-07,North,OP,na,1,12_14,2,12_14,R,4,5.1,12:30,,
2026-Jul,2026-07-07,North,OP,na,1,14_16,2,14_16,R,4,5.1,12:30,,
2026-Jul,2026-07-07,North,OP,na,1,16_18,2,16_18,R,27,5.1,12:30,,
2026-Jul,2026-07-07,North,OP,na,1,18_20,2,18_20,R,8,5.1,12:30,,
2026-Jul,2026-07-07,North,OP,na,1,0_2,2,0_2,L,0,4.2,12:30,,
2026-Jul,2026-07-07,North,OP,na,1,2_4,2,2_4,L,0,4.2,12:30,,
2026-Jul,2026-07-07,North,OP,na,1,4_6,2,4_6,L,0,4.2,12:30,,
2026-Jul,2026-07-07,North,OP,na,1,6_8,2,6_8,L,0,4.2,12:30,,
2026-Jul,2026-07-07,North,OP,na,1,8_10,2,8_10,L,2,4.2,12:30,,
2026-Jul,2026-07-07,North,OP,na,1,10_12,2,10_12,L,2,5.1,12:30,,
2026-Jul,2026-07-07,North,OP,na,1,12_14,2,12_14,L,5,5.1,12:30,,
2026-Jul,2026-07-07,North,OP,na,1,14_16,2,14_16,L,5,5.1,12:30,,
2026-Jul,2026-07-07,North,OP,na,1,16_18,2,16_18,L,6,5.1,12:30,,
2026-Jul,2026-07-07,North,OP,na,1,18_20,2,18_20,L,19,5.1,12:30,,
2026-Jul,2026-07-06,Second,DCO,na,3,0_2,2,0_2,R,6,5.6,13:20,,
2026-Jul,2026-07-06,Second,DCO,na,3,2_4,2,2_4,R,4,5.6,13:20,,
2026-Jul,2026-07-06,Second,DCO,na,3,4_6,2,4_6,R,0,5.6,13:20,,
2026-Jul,2026-07-06,Second,DCO,na,3,6_8,2,6_8,R,1,5.6,13:20,,
2026-Jul,2026-07-06,Second,DCO,na,3,8_10,2,8_10,R,1,5.6,13:20,,
2026-Jul,2026-07-06,Second,DCO,na,3,10_12,2,10_12,R,3,5.6,13:20,,
2026-Jul,2026-07-06,Second,DCO,na,3,12_14,2,12_14,R,4,5.6,13:20,,
2026-Jul,2026-07-06,Second,DCO,na,3,14_16,2,14_16,R,7,5.6,13:20,,
2026-Jul,2026-07-06,Second,DCO,na,3,16_18,2,16_18,R,6,5.6,13:20,,
2026-Jul,2026-07-06,Second,DCO,na,3,18_20,2,18_20,R,8,5.6,13:20,,
2026-Jul,2026-07-06,Second,DCO,na,3,0_2,2,0_2,L,7,5.6,13:20,,
2026-Jul,2026-07-06,Second,DCO,na,3,2_4,2,2_4,L,5,5.6,13:20,,
2026-Jul,2026-07-06,Second,DCO,na,3,4_6,2,4_6,L,1,5.6,13:20,,
2026-Jul,2026-07-06,Second,DCO,na,3,6_8,2,6_8,L,3,5.6,13:20,,
2026-Jul,2026-07-06,Second,DCO,na,3,8_10,2,8_10,L,0,5.6,13:20,,
2026-Jul,2026-07-06,Second,DCO,na,3,10_12,2,10_12,L,2,5.6,13:20,,
2026-Jul,2026-07-06,Second,DCO,na,3,12_14,2,12_14,L,5,5.6,13:20,,
2026-Jul,2026-07-06,Second,DCO,na,3,14_16,2,14_16,L,5,5.6,13:20,,
2026-Jul,2026-07-06,Second,DCO,na,3,16_18,2,16_18,L,7,5.6,13:20,,
2026-Jul,2026-07-06,Second,DCO,na,3,18_20,2,18_20,L,6,5.6,13:20,,
2026-Jul,2026-07-07,North,DVM,na,3,0_2,2,0_2,R,13,4.5,12:32,,
2026-Jul,2026-07-07,North,DVM,na,3,2_4,2,2_4,R,7,4.5,12:32,,
2026-Jul,2026-07-07,North,DVM,na,3,4_6,2,4_6,R,8,4.5,12:32,,
2026-Jul,2026-07-07,North,DVM,na,3,6_8,2,6_8,R,17,4.5,12:32,,
2026-Jul,2026-07-07,North,DVM,na,3,8_10,2,8_10,R,6,4.5,12:32,,
2026-Jul,2026-07-07,North,DVM,na,3,10_12,2,10_12,R,20,4.5,12:32,,
2026-Jul,2026-07-07,North,DVM,na,3,12_14,2,12_14,R,29,4.5,12:32,,
2026-Jul,2026-07-07,North,DVM,na,3,14_16,2,14_16,R,14,4.5,12:32,,
2026-Jul,2026-07-07,North,DVM,na,3,16_18,2,16_18,R,11,4.5,12:32,,
2026-Jul,2026-07-07,North,DVM,na,3,18_20,2,18_20,R,28,4.5,12:32,,
2026-Jul,2026-07-07,North,DVM,na,3,0_2,2,0_2,L,10,4.5,12:32,,
2026-Jul,2026-07-07,North,DVM,na,3,2_4,2,2_4,L,5,4.5,12:32,,
2026-Jul,2026-07-07,North,DVM,na,3,4_6,2,4_6,L,7,4.5,12:32,,
2026-Jul,2026-07-07,North,DVM,na,3,6_8,2,6_8,L,9,4.5,12:32,,
2026-Jul,2026-07-07,North,DVM,na,3,8_10,2,8_10,L,18,4.5,12:32,,
2026-Jul,2026-07-07,North,DVM,na,3,10_12,2,10_12,L,34,4.5,12:32,,
2026-Jul,2026-07-07,North,DVM,na,3,12_14,2,12_14,L,36,4.5,12:32,,
2026-Jul,2026-07-07,North,DVM,na,3,14_16,2,14_16,L,8,4.5,12:32,,
2026-Jul,2026-07-07,North,DVM,na,3,16_18,2,16_18,L,18,4.5,12:32,,
2026-Jul,2026-07-07,North,DVM,na,3,18_20,2,18_20,L,25,4.5,12:32,,
2026-Jul,2026-07-11,Manley,DCO,na,3,0_2,2,0_2,R,0,5.5,14:20,,
2026-Jul,2026-07-11,Manley,DCO,na,3,2_4,2,2_4,R,0,5.5,14:20,,
2026-Jul,2026-07-11,Manley,DCO,na,3,4_6,2,4_6,R,0,5.5,14:20,,
2026-Jul,2026-07-11,Manley,DCO,na,3,6_8,2,6_8,R,0,5.5,14:20,,
2026-Jul,2026-07-11,Manley,DCO,na,3,8_10,2,8_10,R,0,5.5,14:20,,
2026-Jul,2026-07-11,Manley,DCO,na,3,10_12,2,10_12,R,0,5.5,14:20,,
2026-Jul,2026-07-11,Manley,DCO,na,3,12_14,2,12_14,R,0,5.5,14:20,,
2026-Jul,2026-07-11,Manley,DCO,na,3,14_16,2,14_16,R,0,5.5,14:20,,
2026-Jul,2026-07-11,Manley,DCO,na,3,16_18,2,16_18,R,0,5.5,14:20,,
2026-Jul,2026-07-11,Manley,DCO,na,3,18_20,2,18_20,R,0,5.5,14:20,,
2026-Jul,2026-07-11,Manley,DCO,na,3,0_2,2,0_2,L,0,5.5,14:20,,
2026-Jul,2026-07-11,Manley,DCO,na,3,2_4,2,2_4,L,0,5.5,14:20,,
2026-Jul,2026-07-11,Manley,DCO,na,3,4_6,2,4_6,L,0,5.5,14:20,,
2026-Jul,2026-07-11,Manley,DCO,na,3,6_8,2,6_8,L,0,5.5,14:20,,
2026-Jul,2026-07-11,Manley,DCO,na,3,8_10,2,8_10,L,0,5.5,14:20,,
2026-Jul,2026-07-11,Manley,DCO,na,3,10_12,2,10_12,L,0,5.5,14:20,,
2026-Jul,2026-07-11,Manley,DCO,na,3,12_14,2,12_14,L,0,5.5,14:20,,
2026-Jul,2026-07-11,Manley,DCO,na,3,14_16,2,14_16,L,0,5.5,14:20,,
2026-Jul,2026-07-11,Manley,DCO,na,3,16_18,2,16_18,L,1,5.5,14:20,,
2026-Jul,2026-07-11,Manley,DCO,na,3,18_20,2,18_20,L,0,5.5,14:20,,
2026-Jul,2026-07-13,Triquetta,SMM,na,3,0_2,2,0_2,R,5,5.8,10:30,,
2026-Jul,2026-07-13,Triquetta,SMM,na,3,2_4,2,2_4,R,2,5.8,10:30,,
2026-Jul,2026-07-13,Triquetta,SMM,na,3,4_6,2,4_6,R,4,5.8,10:30,,
2026-Jul,2026-07-13,Triquetta,SMM,na,3,6_8,2,6_8,R,9,5.8,10:30,,
2026-Jul,2026-07-13,Triquetta,SMM,na,3,8_10,2,8_10,R,0,5.8,10:30,,
2026-Jul,2026-07-13,Triquetta,SMM,na,3,10_12,2,10_12,R,4,5.8,10:30,,
2026-Jul,2026-07-13,Triquetta,SMM,na,3,12_14,2,12_14,R,6,5.8,10:30,,
2026-Jul,2026-07-13,Triquetta,SMM,na,3,14_16,2,14_16,R,7,5.8,10:30,,
2026-Jul,2026-07-13,Triquetta,SMM,na,3,16_18,2,16_18,R,31,5.8,10:30,,
2026-Jul,2026-07-13,Triquetta,SMM,na,3,18_20,2,18_20,R,6,5.8,10:30,,
2026-Jul,2026-07-13,Triquetta,SMM,na,3,0_2,2,0_2,L,1,5.8,10:30,,
2026-Jul,2026-07-13,Triquetta,SMM,na,3,2_4,2,2_4,L,4,5.8,10:30,,
2026-Jul,2026-07-13,Triquetta,SMM,na,3,4_6,2,4_6,L,3,5.8,10:30,,
2026-Jul,2026-07-13,Triquetta,SMM,na,3,6_8,2,6_8,L,20,5.8,10:30,,
2026-Jul,2026-07-13,Triquetta,SMM,na,3,8_10,2,8_10,L,2,5.8,10:30,,
2026-Jul,2026-07-13,Triquetta,SMM,na,3,10_12,2,10_12,L,1,5.8,10:30,,
2026-Jul,2026-07-13,Triquetta,SMM,na,3,12_14,2,12_14,L,7,5.8,10:30,,
2026-Jul,2026-07-13,Triquetta,SMM,na,3,14_16,2,14_16,L,5,5.8,10:30,,
2026-Jul,2026-07-13,Triquetta,SMM,na,3,16_18,2,16_18,L,13,5.8,10:30,,
2026-Jul,2026-07-13,Triquetta,SMM,na,3,18_20,2,18_20,L,8,5.8,10:30,,
2026-Jul,2026-07-11,Manley,DVM,na,1,0_2,2,0_2,R,0,4.7,14:00,,
2026-Jul,2026-07-11,Manley,DVM,na,1,2_4,2,2_4,R,0,4.7,14:22,,
2026-Jul,2026-07-11,Manley,DVM,na,1,4_6,2,4_6,R,0,4.7,14:22,,
2026-Jul,2026-07-11,Manley,DVM,na,1,6_8,2,6_8,R,0,4.7,14:22,,
2026-Jul,2026-07-11,Manley,DVM,na,1,8_10,2,8_10,R,1,4.7,14:22,,
2026-Jul,2026-07-11,Manley,DVM,na,1,10_12,2,10_12,R,0,4.7,14:22,,
2026-Jul,2026-07-11,Manley,DVM,na,1,12_14,2,12_14,R,0,4.7,14:22,,
2026-Jul,2026-07-11,Manley,DVM,na,1,14_16,2,14_16,R,1,4.7,14:22,,
2026-Jul,2026-07-11,Manley,DVM,na,1,16_18,2,16_18,R,0,4.7,14:22,,
2026-Jul,2026-07-11,Manley,DVM,na,1,18_20,2,18_20,R,0,4.7,14:22,,
2026-Jul,2026-07-11,Manley,DVM,na,1,0_2,2,0_2,L,0,4.7,14:22,,
2026-Jul,2026-07-11,Manley,DVM,na,1,2_4,2,2_4,L,0,4.7,14:22,,
2026-Jul,2026-07-11,Manley,DVM,na,1,4_6,2,4_6,L,0,4.7,14:22,,
2026-Jul,2026-07-11,Manley,DVM,na,1,6_8,2,6_8,L,0,4.7,14:22,,
2026-Jul,2026-07-11,Manley,DVM,na,1,8_10,2,8_10,L,1,4.7,14:22,,
2026-Jul,2026-07-11,Manley,DVM,na,1,10_12,2,10_12,L,0,4.7,14:22,,
2026-Jul,2026-07-11,Manley,DVM,na,1,12_14,2,12_14,L,0,4.7,14:22,,
2026-Jul,2026-07-11,Manley,DVM,na,1,14_16,2,14_16,L,0,4.7,14:22,,
2026-Jul,2026-07-11,Manley,DVM,na,1,16_18,2,16_18,L,0,4.7,14:22,,
2026-Jul,2026-07-11,Manley,DVM,na,1,18_20,2,18_20,L,0,4.7,14:22,,
2026-Jul,2026-07-13,Triquetta,DCO,na,1,0_2,2,0_2,R,0,5.4,10:10,,
2026-Jul,2026-07-13,Triquetta,DCO,na,1,2_4,2,2_4,R,0,5.4,10:10,,
2026-Jul,2026-07-13,Triquetta,DCO,na,1,4_6,2,4_6,R,0,5.4,10:10,,
2026-Jul,2026-07-13,Triquetta,DCO,na,1,6_8,2,6_8,R,0,5.4,10:10,,
2026-Jul,2026-07-13,Triquetta,DCO,na,1,8_10,2,8_10,R,0,5.4,10:10,,
2026-Jul,2026-07-13,Triquetta,DCO,na,1,10_12,2,10_12,R,0,5.4,10:10,,
2026-Jul,2026-07-13,Triquetta,DCO,na,1,12_14,2,12_14,R,2,5.4,10:10,,
2026-Jul,2026-07-13,Triquetta,DCO,na,1,14_16,2,14_16,R,1,5.4,10:10,,
2026-Jul,2026-07-13,Triquetta,DCO,na,1,16_18,2,16_18,R,0,5.4,10:10,,
2026-Jul,2026-07-13,Triquetta,DCO,na,1,18_20,2,18_20,R,2,5.4,10:10,,
2026-Jul,2026-07-13,Triquetta,DCO,na,1,0_2,2,0_2,L,3,5.4,10:10,,
2026-Jul,2026-07-13,Triquetta,DCO,na,1,2_4,2,2_4,L,3,5.4,10:10,,
2026-Jul,2026-07-13,Triquetta,DCO,na,1,4_6,2,4_6,L,0,5.4,10:10,,
2026-Jul,2026-07-13,Triquetta,DCO,na,1,6_8,2,6_8,L,0,5.4,10:10,,
2026-Jul,2026-07-13,Triquetta,DCO,na,1,8_10,2,8_10,L,0,5.4,10:10,,
2026-Jul,2026-07-13,Triquetta,DCO,na,1,10_12,2,10_12,L,0,5.4,10:10,,
2026-Jul,2026-07-13,Triquetta,DCO,na,1,12_14,2,12_14,L,4,5.4,10:10,,
2026-Jul,2026-07-13,Triquetta,DCO,na,1,14_16,2,14_16,L,3,5.4,10:10,,
2026-Jul,2026-07-13,Triquetta,DCO,na,1,16_18,2,16_18,L,0,5.4,10:10,,
2026-Jul,2026-07-13,Triquetta,DCO,na,1,18_20,2,18_20,L,5,5.4,10:10,,
2026-Jul,2026-07-11,Manley,DCO,na,1,0_2,2,0_2,R,,,,,
2026-Jul,2026-07-11,Manley,DCO,na,1,2_4,2,2_4,R,,,,,
2026-Jul,2026-07-11,Manley,DCO,na,1,4_6,2,4_6,R,,,,,
2026-Jul,2026-07-11,Manley,DCO,na,1,6_8,2,6_8,R,,,,,
2026-Jul,2026-07-11,Manley,DCO,na,1,8_10,2,8_10,R,,,,,
2026-Jul,2026-07-11,Manley,DCO,na,1,10_12,2,10_12,R,,,,,
2026-Jul,2026-07-11,Manley,DCO,na,1,12_14,2,12_14,R,,,,,
2026-Jul,2026-07-11,Manley,DCO,na,1,14_16,2,14_16,R,,,,,
2026-Jul,2026-07-11,Manley,DCO,na,1,16_18,2,16_18,R,11,,,,
2026-Jul,2026-07-11,Manley,DCO,na,1,18_20,2,18_20,R,11,,,,
2026-Jul,2026-07-11,Manley,DCO,na,1,0_2,2,0_2,L,,,,,
2026-Jul,2026-07-11,Manley,DCO,na,1,2_4,2,2_4,L,,,,,
2026-Jul,2026-07-11,Manley,DCO,na,1,4_6,2,4_6,L,,,,,
2026-Jul,2026-07-11,Manley,DCO,na,1,6_8,2,6_8,L,,,,,
2026-Jul,2026-07-11,Manley,DCO,na,1,8_10,2,8_10,L,,,,,
2026-Jul,2026-07-11,Manley,DCO,na,1,10_12,2,10_12,L,,,,,
2026-Jul,2026-07-11,Manley,DCO,na,1,12_14,2,12_14,L,,,,,
2026-Jul,2026-07-11,Manley,DCO,na,1,14_16,2,14_16,L,,,,,
2026-Jul,2026-07-11,Manley,DCO,na,1,16_18,2,16_18,L,3,5.5,9:52,,
2026-Jul,2026-07-11,Manley,DCO,na,1,18_20,2,18_20,L,5,5.5,9:52,,
2026-Jul,2026-07-13,Triquetta,DVM,na,1,0_2,2,0_2,R,0,5.5,9:52,,
2026-Jul,2026-07-13,Triquetta,DVM,na,1,2_4,2,2_4,R,1,5.5,9:52,,
2026-Jul,2026-07-13,Triquetta,DVM,na,1,4_6,2,4_6,R,0,5.5,9:52,,
2026-Jul,2026-07-13,Triquetta,DVM,na,1,6_8,2,6_8,R,0,5.5,9:52,,
2026-Jul,2026-07-13,Triquetta,DVM,na,1,8_10,2,8_10,R,0,5.5,9:52,,
2026-Jul,2026-07-13,Triquetta,DVM,na,1,10_12,2,10_12,R,1,5.5,9:52,,
2026-Jul,2026-07-13,Triquetta,DVM,na,1,12_14,2,12_14,R,0,5.5,9:52,,
2026-Jul,2026-07-13,Triquetta,DVM,na,1,14_16,2,14_16,R,0,5.5,9:52,,
2026-Jul,2026-07-13,Triquetta,DVM,na,1,16_18,2,16_18,R,0,5.5,9:52,,
2026-Jul,2026-07-13,Triquetta,DVM,na,1,18_20,2,18_20,R,0,5.5,9:52,,
2026-Jul,2026-07-13,Triquetta,DVM,na,1,0_2,2,0_2,L,0,5.5,9:52,,
2026-Jul,2026-07-13,Triquetta,DVM,na,1,2_4,2,2_4,L,0,5.5,9:52,,
2026-Jul,2026-07-13,Triquetta,DVM,na,1,4_6,2,4_6,L,1,5.5,9:52,,
2026-Jul,2026-07-13,Triquetta,DVM,na,1,6_8,2,6_8,L,0,5.5,9:52,,
2026-Jul,2026-07-13,Triquetta,DVM,na,1,8_10,2,8_10,L,5,5.5,9:52,,
2026-Jul,2026-07-13,Triquetta,DVM,na,1,10_12,2,10_12,L,1,5.5,9:52,,
2026-Jul,2026-07-13,Triquetta,DVM,na,1,12_14,2,12_14,L,0,5.5,9:52,,
2026-Jul,2026-07-13,Triquetta,DVM,na,1,14_16,2,14_16,L,1,5.5,9:52,,
2026-Jul,2026-07-13,Triquetta,DVM,na,1,16_18,2,16_18,L,0,5.5,9:52,,
2026-Jul,2026-07-13,Triquetta,DVM,na,1,18_20,2,18_20,L,0,5.5,9:52,,
2026-Jul,2026-07-16,Breaker,OP,na,1,0_2,2,0_2,R,4,6,10:30,,
2026-Jul,2026-07-16,Breaker,OP,na,1,2_4,2,2_4,R,4,6,10:30,,
2026-Jul,2026-07-16,Breaker,OP,na,1,4_6,2,4_6,R,0,6,10:30,,
2026-Jul,2026-07-16,Breaker,OP,na,1,6_8,2,6_8,R,13,6,10:30,,
2026-Jul,2026-07-16,Breaker,OP,na,1,8_10,2,8_10,R,3,6,10:30,,
2026-Jul,2026-07-16,Breaker,OP,na,1,10_12,2,10_12,R,6,6,10:30,,
2026-Jul,2026-07-16,Breaker,OP,na,1,12_14,2,12_14,R,4,6,10:30,,
2026-Jul,2026-07-16,Breaker,OP,na,1,14_16,2,14_16,R,2,6,10:30,,
2026-Jul,2026-07-16,Breaker,OP,na,1,16_18,2,16_18,R,12,6,10:30,,
2026-Jul,2026-07-16,Breaker,OP,na,1,18_20,2,18_20,R,3,6,10:30,,
2026-Jul,2026-07-16,Breaker,OP,na,1,0_2,2,0_2,L,7,6,10:30,,
2026-Jul,2026-07-16,Breaker,OP,na,1,2_4,2,2_4,L,0,6,10:30,,
2026-Jul,2026-07-16,Breaker,OP,na,1,4_6,2,4_6,L,0,6,10:30,,
2026-Jul,2026-07-16,Breaker,OP,na,1,6_8,2,6_8,L,2,6,10:30,,
2026-Jul,2026-07-16,Breaker,OP,na,1,8_10,2,8_10,L,5,6,10:30,,
2026-Jul,2026-07-16,Breaker,OP,na,1,10_12,2,10_12,L,5,6,10:30,,
2026-Jul,2026-07-16,Breaker,OP,na,1,12_14,2,12_14,L,3,6,10:30,,
2026-Jul,2026-07-16,Breaker,OP,na,1,14_16,2,14_16,L,2,6,10:30,,
2026-Jul,2026-07-16,Breaker,OP,na,1,16_18,2,16_18,L,1,6,10:30,,
2026-Jul,2026-07-16,Breaker,OP,na,1,18_20,2,18_20,L,0,6,10:30,,
2026-Jul,2026-07-16,Breaker,BW,na,2,0_2,2,0_2,R,3,7.3,13:51,,
2026-Jul,2026-07-16,Breaker,BW,na,2,2_4,2,2_4,R,2,7.3,13:51,,
2026-Jul,2026-07-16,Breaker,BW,na,2,4_6,2,4_6,R,10,7.3,13:51,,
2026-Jul,2026-07-16,Breaker,BW,na,2,6_8,2,6_8,R,6,7.3,13:51,,
2026-Jul,2026-07-16,Breaker,BW,na,2,8_10,2,8_10,R,2,7.3,13:51,,
2026-Jul,2026-07-16,Breaker,BW,na,2,10_12,2,10_12,R,19,7.3,13:51,,
2026-Jul,2026-07-16,Breaker,BW,na,2,12_14,2,12_14,R,24,7.3,13:51,,
2026-Jul,2026-07-16,Breaker,BW,na,2,14_16,2,14_16,R,1,7.3,13:51,,
2026-Jul,2026-07-16,Breaker,BW,na,2,16_18,2,16_18,R,2,7.3,13:51,,
2026-Jul,2026-07-16,Breaker,BW,na,2,18_20,2,18_20,R,0,7.3,13:51,,
2026-Jul,2026-07-16,Breaker,BW,na,2,0_2,2,0_2,L,6,7.3,13:51,,
2026-Jul,2026-07-16,Breaker,BW,na,2,2_4,2,2_4,L,5,7.3,13:51,,
2026-Jul,2026-07-16,Breaker,BW,na,2,4_6,2,4_6,L,2,7.3,13:51,,
2026-Jul,2026-07-16,Breaker,BW,na,2,6_8,2,6_8,L,4,7.3,13:51,,
2026-Jul,2026-07-16,Breaker,BW,na,2,8_10,2,8_10,L,5,7.3,13:51,,
2026-Jul,2026-07-16,Breaker,BW,na,2,10_12,2,10_12,L,12,7.3,13:51,,
2026-Jul,2026-07-16,Breaker,BW,na,2,12_14,2,12_14,L,8,7.3,13:51,,
2026-Jul,2026-07-16,Breaker,BW,na,2,14_16,2,14_16,L,2,7.3,13:51,,
2026-Jul,2026-07-16,Breaker,BW,na,2,16_18,2,16_18,L,6,7.3,13:51,,
2026-Jul,2026-07-16,Breaker,BW,na,2,18_20,2,18_20,L,1,7.3,13:51,,
2026-Jul,2026-07-16,Ratatouille,DVM,na,1,0_2,2,0_2,R,19,1.8,10:00,,
2026-Jul,2026-07-16,Ratatouille,DVM,na,1,2_4,2,2_4,R,25,1.8,10:00,,
2026-Jul,2026-07-16,Ratatouille,DVM,na,1,4_6,2,4_6,R,15,1.8,10:00,,
2026-Jul,2026-07-16,Ratatouille,DVM,na,1,6_8,2,6_8,R,36,1.8,10:00,,
2026-Jul,2026-07-16,Ratatouille,DVM,na,1,8_10,2,8_10,R,20,1.8,10:00,,
2026-Jul,2026-07-16,Ratatouille,DVM,na,1,10_12,2,10_12,R,19,1.8,10:00,,
2026-Jul,2026-07-16,Ratatouille,DVM,na,1,12_14,2,12_14,R,63,1.8,10:00,,
2026-Jul,2026-07-16,Ratatouille,DVM,na,1,14_16,2,14_16,R,38,1.8,10:00,,
2026-Jul,2026-07-16,Ratatouille,DVM,na,1,16_18,2,16_18,R,24,1.8,10:00,,
2026-Jul,2026-07-16,Ratatouille,DVM,na,1,18_20,2,18_20,R,12,1.8,10:00,,
2026-Jul,2026-07-16,Ratatouille,DVM,na,1,0_2,2,0_2,L,62,1.8,10:00,,
2026-Jul,2026-07-16,Ratatouille,DVM,na,1,2_4,2,2_4,L,20,1.8,10:00,,
2026-Jul,2026-07-16,Ratatouille,DVM,na,1,4_6,2,4_6,L,21,1.8,10:00,,
2026-Jul,2026-07-16,Ratatouille,DVM,na,1,6_8,2,6_8,L,25,1.8,10:00,,
2026-Jul,2026-07-16,Ratatouille,DVM,na,1,8_10,2,8_10,L,49,1.8,10:00,,
2026-Jul,2026-07-16,Ratatouille,DVM,na,1,10_12,2,10_12,L,29,1.8,10:00,,
2026-Jul,2026-07-16,Ratatouille,DVM,na,1,12_14,2,12_14,L,36,1.8,10:00,,
2026-Jul,2026-07-16,Ratatouille,DVM,na,1,14_16,2,14_16,L,29,1.8,10:00,,
2026-Jul,2026-07-16,Ratatouille,DVM,na,1,16_18,2,16_18,L,39,1.8,10:00,,
2026-Jul,2026-07-16,Ratatouille,DVM,na,1,18_20,2,18_20,L,10,1.8,10:00,,
2026-Jul,2026-07-16,Ratatouille,BW,na,2,0_2,2,0_2,R,12,2,9:51,,
2026-Jul,2026-07-16,Ratatouille,BW,na,2,2_4,2,2_4,R,7,2,9:51,,
2026-Jul,2026-07-16,Ratatouille,BW,na,2,4_6,2,4_6,R,1,2,9:51,,
2026-Jul,2026-07-16,Ratatouille,BW,na,2,6_8,2,6_8,R,0,2,9:51,,
2026-Jul,2026-07-16,Ratatouille,BW,na,2,8_10,2,8_10,R,5,2,9:51,,
2026-Jul,2026-07-16,Ratatouille,BW,na,2,10_12,2,10_12,R,14,2,9:51,,
2026-Jul,2026-07-16,Ratatouille,BW,na,2,12_14,2,12_14,R,1,2,9:51,,
2026-Jul,2026-07-16,Ratatouille,BW,na,2,14_16,2,14_16,R,5,2,9:51,,
2026-Jul,2026-07-16,Ratatouille,BW,na,2,16_18,2,16_18,R,17,2,9:51,,
2026-Jul,2026-07-16,Ratatouille,BW,na,2,18_20,2,18_20,R,10,2,9:51,,
2026-Jul,2026-07-16,Ratatouille,BW,na,2,0_2,2,0_2,L,17,2,9:51,,
2026-Jul,2026-07-16,Ratatouille,BW,na,2,2_4,2,2_4,L,11,2,9:51,,
2026-Jul,2026-07-16,Ratatouille,BW,na,2,4_6,2,4_6,L,7,2,9:51,,
2026-Jul,2026-07-16,Ratatouille,BW,na,2,6_8,2,6_8,L,4,2,9:51,,
2026-Jul,2026-07-16,Ratatouille,BW,na,2,8_10,2,8_10,L,6,2,9:51,,
2026-Jul,2026-07-16,Ratatouille,BW,na,2,10_12,2,10_12,L,7,2,9:51,,
2026-Jul,2026-07-16,Ratatouille,BW,na,2,12_14,2,12_14,L,10,2,9:51,,
2026-Jul,2026-07-16,Ratatouille,BW,na,2,14_16,2,14_16,L,14,2,9:51,,
2026-Jul,2026-07-16,Ratatouille,BW,na,2,16_18,2,16_18,L,27,2,9:51,,
2026-Jul,2026-07-16,Ratatouille,BW,na,2,18_20,2,18_20,L,12,2,9:51,,
2026-Jul,2026-07-16,Breaker,DVM,na,3,0_2,2,0_2,R,11,4.9,13:40,,
2026-Jul,2026-07-16,Breaker,DVM,na,3,2_4,2,2_4,R,7,4.9,13:40,,
2026-Jul,2026-07-16,Breaker,DVM,na,3,4_6,2,4_6,R,9,4.9,13:40,,
2026-Jul,2026-07-16,Breaker,DVM,na,3,6_8,2,6_8,R,3,4.9,13:40,,
2026-Jul,2026-07-16,Breaker,DVM,na,3,8_10,2,8_10,R,16,4.9,13:40,,
2026-Jul,2026-07-16,Breaker,DVM,na,3,10_12,2,10_12,R,12,4.9,13:40,,
2026-Jul,2026-07-16,Breaker,DVM,na,3,12_14,2,12_14,R,14,4.9,13:40,,
2026-Jul,2026-07-16,Breaker,DVM,na,3,14_16,2,14_16,R,3,4.9,13:40,,
2026-Jul,2026-07-16,Breaker,DVM,na,3,16_18,2,16_18,R,7,4.9,13:40,,
2026-Jul,2026-07-16,Breaker,DVM,na,3,18_20,2,18_20,R,5,4.9,13:40,,
2026-Jul,2026-07-16,Breaker,DVM,na,3,0_2,2,0_2,L,5,4.9,13:40,,
2026-Jul,2026-07-16,Breaker,DVM,na,3,2_4,2,2_4,L,12,4.9,13:40,,
2026-Jul,2026-07-16,Breaker,DVM,na,3,4_6,2,4_6,L,3,4.9,13:40,,
2026-Jul,2026-07-16,Breaker,DVM,na,3,6_8,2,6_8,L,16,4.9,13:40,,
2026-Jul,2026-07-16,Breaker,DVM,na,3,8_10,2,8_10,L,2,4.9,13:40,,
2026-Jul,2026-07-16,Breaker,DVM,na,3,10_12,2,10_12,L,6,4.9,13:40,,
2026-Jul,2026-07-16,Breaker,DVM,na,3,12_14,2,12_14,L,7,4.9,13:40,,
2026-Jul,2026-07-16,Breaker,DVM,na,3,14_16,2,14_16,L,14,4.9,13:40,,
2026-Jul,2026-07-16,Breaker,DVM,na,3,16_18,2,16_18,L,13,4.9,13:40,,
2026-Jul,2026-07-16,Breaker,DVM,na,3,18_20,2,18_20,L,7,4.9,13:40,,
2026-Jul,2026-07-16,Ratatouille,OP,na,3,0_2,2,0_2,R,16,5,10:30,,
2026-Jul,2026-07-16,Ratatouille,OP,na,3,2_4,2,2_4,R,5,5,10:30,,
2026-Jul,2026-07-16,Ratatouille,OP,na,3,4_6,2,4_6,R,9,5,10:30,,
2026-Jul,2026-07-16,Ratatouille,OP,na,3,6_8,2,6_8,R,4,5,10:30,,
2026-Jul,2026-07-16,Ratatouille,OP,na,3,8_10,2,8_10,R,1,5,10:30,,
2026-Jul,2026-07-16,Ratatouille,OP,na,3,10_12,2,10_12,R,4,5,10:30,,
2026-Jul,2026-07-16,Ratatouille,OP,na,3,12_14,2,12_14,R,3,5,10:30,,
2026-Jul,2026-07-16,Ratatouille,OP,na,3,14_16,2,14_16,R,3,5,10:30,,
2026-Jul,2026-07-16,Ratatouille,OP,na,3,16_18,2,16_18,R,18,5,10:30,,
2026-Jul,2026-07-16,Ratatouille,OP,na,3,18_20,2,18_20,R,2,5,10:30,,
2026-Jul,2026-07-16,Ratatouille,OP,na,3,0_2,2,0_2,L,5,5,10:30,,
2026-Jul,2026-07-16,Ratatouille,OP,na,3,2_4,2,2_4,L,3,5,10:30,,
2026-Jul,2026-07-16,Ratatouille,OP,na,3,4_6,2,4_6,L,10,5,10:30,,
2026-Jul,2026-07-16,Ratatouille,OP,na,3,6_8,2,6_8,L,7,5,10:30,,
2026-Jul,2026-07-16,Ratatouille,OP,na,3,8_10,2,8_10,L,5,5,10:30,,
2026-Jul,2026-07-16,Ratatouille,OP,na,3,10_12,2,10_12,L,12,5,10:30,,
2026-Jul,2026-07-16,Ratatouille,OP,na,3,12_14,2,12_14,L,7,5,10:30,,
2026-Jul,2026-07-16,Ratatouille,OP,na,3,14_16,2,14_16,L,3,5,10:30,,
2026-Jul,2026-07-16,Ratatouille,OP,na,3,16_18,2,16_18,L,6,5,10:30,,
2026-Jul,2026-07-16,Ratatouille,OP,na,3,18_20,2,18_20,L,20,5,10:30,,