"period","site","diver","transect","side","dist","date","tag","Sbulb_max","data_source"
"2019-Jul","Manley","ZM",1,"R",1.4,"2019-07-03",NA,17,"nereo_metricsT1"
"2019-Jul","Manley","ZM",1,"R",2.8,"2019-07-03",NA,8,"nereo_metricsT1"
"2019-Jul","Manley","ZM",1,"R",4.2,"2019-07-03",NA,7,"nereo_metricsT1"
"2019-Jul","Manley","ZM",1,"R",4.1,"2019-07-03",NA,35,"nereo_metricsT1"
"2019-Jul","Manley","ZM",1,"R",8.1,"2019-07-03",NA,4,"nereo_metricsT1"
"2019-Jul","Manley","ZM",1,"R",11.5,"2019-07-03",NA,40,"nereo_metricsT1"
"2019-Jul","Manley","ZM",1,"R",12.7,"2019-07-03",NA,15,"nereo_metricsT1"
"2019-Jul","Manley","ZM",1,"R",13.5,"2019-07-03",NA,36,"nereo_metricsT1"
"2019-Jul","Manley","ZM",1,"R",17.5,"2019-07-03",NA,16,"nereo_metricsT1"
"2019-Jul","Manley","ZM",1,"R",17.5,"2019-07-03",NA,32,"nereo_metricsT1"
"2019-Jul","Manley","ZM",1,"R",17.6,"2019-07-03",NA,20,"nereo_metricsT1"
"2019-Jul","Manley","ZM",2,"L",13,"2019-07-03",NA,38,"nereo_metricsT1"
"2019-Jul","Manley","ZM",2,"L",13,"2019-07-03",NA,39,"nereo_metricsT1"
"2019-Jul","Manley","ZM",2,"L",13,"2019-07-03",NA,44,"nereo_metricsT1"
"2019-Jul","Manley","ZM",2,"L",13,"2019-07-03",NA,43,"nereo_metricsT1"
"2019-Jul","Manley","ZM",2,"L",15.2,"2019-07-03",NA,16,"nereo_metricsT1"
"2019-Jul","Manley","ZM",2,"R",15.7,"2019-07-03",NA,34,"nereo_metricsT1"
"2019-Jul","Manley","ZM",2,"R",15.7,"2019-07-03",NA,48,"nereo_metricsT1"
"2019-Jul","Manley","ZM",2,"L",9.5,"2019-07-03",NA,10,"nereo_metricsT1"
"2019-Jul","Manley","ZM",2,"L",9.5,"2019-07-03",NA,11,"nereo_metricsT1"
"2019-Jul","Manley","ZM",3,"R",6.1,"2019-07-03",NA,7,"nereo_metricsT1"
"2019-Jul","Manley","ZM",3,"L",5.1,"2019-07-03",NA,20,"nereo_metricsT1"
"2019-Jul","Manley","OP",1,"R",19.8,"2019-07-07",228,38,"nereo_metricsT2"
"2019-Jul","Manley","OP",1,"R",17.4,"2019-07-07",247,12,"nereo_metricsT2"
"2019-Jul","Manley","OP",1,"R",17.6,"2019-07-07",236,10,"nereo_metricsT2"
"2019-Jul","Manley","OP",1,"L",14.4,"2019-07-07",246,15,"nereo_metricsT2"
"2019-Jul","Manley","OP",1,"L",6.4,"2019-07-07",237,10,"nereo_metricsT2"
"2019-Jul","Manley","OP",1,"R",1.7,"2019-07-07",238,16,"nereo_metricsT2"
"2019-Jul","Manley","OP",1,"R",18.8,"2019-07-07",46,46,"nereo_metricsT2"
"2019-Jul","Manley","OP",3,"R",4.5,"2019-07-07",244,21,"nereo_metricsT2"
"2019-Jul","Manley","DNO",2,"L",1.2,"2019-07-07",233,38,"nereo_metricsT2"
"2019-Jul","Manley","DNO",2,"R",9.4,"2019-07-07",229,48,"nereo_metricsT2"
"2019-Jul","Manley","DNO",2,"L",13,"2019-07-07",225,38,"nereo_metricsT2"
"2019-Jul","Manley","DNO",2,"R",13.8,"2019-07-07",245,36,"nereo_metricsT2"
"2019-Jul","Manley","DNO",2,"R",15.8,"2019-07-07",235,47,"nereo_metricsT2"
"2019-Jul","Manley","DNO",2,"L",16,"2019-07-07",241,42,"nereo_metricsT2"
"2019-Jul","Manley","KH",1,NA,2,"2019-07-20",NA,12,"nereo_metricsT1"
"2019-Jul","Manley","KH",1,NA,4,"2019-07-20",NA,11,"nereo_metricsT1"
"2019-Jul","Manley","KH",1,NA,4.5,"2019-07-20",NA,16,"nereo_metricsT1"
"2019-Jul","Manley","KH",1,NA,6,"2019-07-20",NA,25,"nereo_metricsT1"
"2019-Jul","Manley","KH",1,NA,12.5,"2019-07-20",NA,43,"nereo_metricsT1"
"2019-Jul","Manley","KH",1,NA,13,"2019-07-20",NA,32,"nereo_metricsT1"
"2019-Jul","Manley","KH",1,NA,13.5,"2019-07-20",NA,18,"nereo_metricsT1"
"2019-Jul","Manley","KH",1,NA,19.8,"2019-07-20",NA,8,"nereo_metricsT1"
"2019-Jul","Manley","KH",1,NA,19.8,"2019-07-20",NA,8,"nereo_metricsT1"
"2019-Jul","Manley","KH",1,NA,19.5,"2019-07-20",NA,32,"nereo_metricsT1"
"2019-Jul","Manley","KH",1,NA,19.5,"2019-07-20",NA,22,"nereo_metricsT1"
"2019-Jul","Manley","KH",1,NA,19.9,"2019-07-20",NA,43,"nereo_metricsT1"
"2019-Jul","Manley","KH",1,NA,19.9,"2019-07-20",NA,46,"nereo_metricsT1"
"2019-Jul","Manley","KH",1,NA,19.9,"2019-07-20",NA,12,"nereo_metricsT1"
"2019-Jul","Manley","LL",2,NA,17,"2019-07-20",NA,46,"nereo_metricsT1"
"2019-Jul","Manley","LL",2,NA,17,"2019-07-20",NA,16,"nereo_metricsT1"
"2019-Jul","Manley","LL",2,NA,16,"2019-07-20",NA,20,"nereo_metricsT1"
"2019-Jul","Manley","LL",2,NA,13,"2019-07-20",NA,44,"nereo_metricsT1"
"2019-Jul","Manley","LL",2,NA,13,"2019-07-20",NA,46,"nereo_metricsT1"
"2019-Jul","Manley","LL",3,NA,13,"2019-07-20",NA,45,"nereo_metricsT1"
"2019-Jul","Manley","LL",3,NA,20,"2019-07-20",NA,38,"nereo_metricsT1"
"2019-Jul","Manley","LL",3,NA,20,"2019-07-20",NA,35,"nereo_metricsT1"
"2019-Jul","Manley","LL",3,NA,20,"2019-07-20",NA,47,"nereo_metricsT1"
"2019-Jul","Manley","LL",3,NA,20,"2019-07-20",NA,19,"nereo_metricsT1"
"2019-Jul","North","ZM",1,"R",1.5,"2019-07-06",NA,51,"nereo_metricsT1"
"2019-Jul","North","ZM",1,"R",4,"2019-07-06",NA,41,"nereo_metricsT1"
"2019-Jul","North","ZM",1,"L",5,"2019-07-06",NA,48,"nereo_metricsT1"
"2019-Jul","North","ZM",1,"R",5,"2019-07-06",NA,31,"nereo_metricsT1"
"2019-Jul","North","ZM",1,"R",5,"2019-07-06",NA,36,"nereo_metricsT1"
"2019-Jul","North","ZM",1,"L",5,"2019-07-06",NA,36,"nereo_metricsT1"
"2019-Jul","North","ZM",1,"R",8,"2019-07-06",NA,45,"nereo_metricsT1"
"2019-Jul","North","ZM",1,"L",20,"2019-07-06",NA,51,"nereo_metricsT1"
"2019-Jul","North","ZM",1,"R",18,"2019-07-06",NA,28,"nereo_metricsT1"
"2019-Jul","North","ZM",1,"R",5.5,"2019-07-06",NA,38,"nereo_metricsT1"
"2019-Jul","North","ZM",1,"R",4,"2019-07-06",NA,38,"nereo_metricsT1"
"2019-Jul","North","ZM",1,"R",4,"2019-07-06",NA,41,"nereo_metricsT1"
"2019-Jul","North","ZM",1,"L",5,"2019-07-06",NA,35,"nereo_metricsT1"
"2019-Jul","North","ZM",1,"L",5,"2019-07-06",NA,45,"nereo_metricsT1"
"2019-Jul","North","ZM",1,"L",5,"2019-07-06",NA,37,"nereo_metricsT1"
"2019-Jul","North","DVM",3,"L",18.5,"2019-07-06",NA,20,"nereo_metricsT1"
"2019-Jul","North","DVM",3,"R",16.1,"2019-07-06",NA,38,"nereo_metricsT1"
"2019-Jul","North","DVM",3,"L",15.4,"2019-07-06",NA,46,"nereo_metricsT1"
"2019-Jul","North","DVM",3,"L",14.2,"2019-07-06",NA,20,"nereo_metricsT1"
"2019-Jul","North","DVM",3,"L",12.5,"2019-07-06",NA,18,"nereo_metricsT1"
"2019-Jul","North","DVM",3,"L",12.5,"2019-07-06",NA,17,"nereo_metricsT1"
"2019-Jul","North","DVM",3,"L",11.8,"2019-07-06",NA,39,"nereo_metricsT1"
"2019-Jul","North","DVM",3,"L",11.5,"2019-07-06",NA,14,"nereo_metricsT1"
"2019-Jul","North","DVM",3,"L",8.4,"2019-07-06",NA,46,"nereo_metricsT1"
"2019-Jul","North","DVM",3,"R",7.4,"2019-07-06",NA,7,"nereo_metricsT1"
"2019-Jul","North","DVM",3,"L",0.7,"2019-07-06",NA,24,"nereo_metricsT1"
"2019-Jul","North","DVM",3,"L",2.2,"2019-07-06",NA,38,"nereo_metricsT1"
"2019-Jul","North","DVM",3,"L",0.5,"2019-07-06",NA,47,"nereo_metricsT1"
"2019-Jul","North","DVM",3,"L",3.4,"2019-07-06",NA,22,"nereo_metricsT1"
"2019-Jul","North","DVM",3,"L",1.1,"2019-07-06",NA,47,"nereo_metricsT1"
"2019-Jul","North","DVM",2,"L",0,"2019-07-06",NA,50,"nereo_metricsT1"
"2019-Jul","North","DVM",2,"L",2.8,"2019-07-06",NA,35,"nereo_metricsT1"
"2019-Jul","North","DVM",2,"R",2.9,"2019-07-06",NA,56,"nereo_metricsT1"
"2019-Jul","North","DVM",2,"R",2.9,"2019-07-06",NA,69,"nereo_metricsT1"
"2019-Jul","North","DVM",2,"R",3.7,"2019-07-06",NA,51,"nereo_metricsT1"
"2019-Jul","North","DVM",2,"R",4.8,"2019-07-06",NA,45,"nereo_metricsT1"
"2019-Jul","North","LL",2,"L",17.6,"2019-07-06",291.1,28,"nereo_metricsT2"
"2019-Jul","North","LL",2,"L",17.5,"2019-07-06",284,29,"nereo_metricsT2"
"2019-Jul","North","LL",2,"R",13.8,"2019-07-06",293.1,39,"nereo_metricsT2"
"2019-Jul","North","LL",2,"L",4.8,"2019-07-06",289.1,50,"nereo_metricsT2"
"2019-Jul","North","LL",2,"R",1.5,"2019-07-06",295.1,50,"nereo_metricsT2"
"2019-Jul","North","LL",1,"L",4.5,"2019-07-06",239,20,"nereo_metricsT2"
"2019-Jul","North","LL",1,"L",5.3,"2019-07-06",299,32,"nereo_metricsT2"
"2019-Jul","North","LL",1,"L",7.5,"2019-07-06",287.1,40,"nereo_metricsT2"
"2019-Jul","North","DNO",3,"L",12.8,"2019-07-06",96.1,39,"nereo_metricsT2"
"2019-Jul","North","DNO",3,"L",10,"2019-07-06",226,26,"nereo_metricsT2"
"2019-Jul","North","DNO",3,"R",7,"2019-07-06",242,33,"nereo_metricsT2"
"2019-Jul","North","DNO",3,"R",10.4,"2019-07-06",232,34,"nereo_metricsT2"
"2019-Jul","North","DNO",3,"R",16,"2019-07-06",249,42,"nereo_metricsT2"
"2019-Jul","North","DNO",3,"R",17.2,"2019-07-06",227,30,"nereo_metricsT2"
"2019-Jul","North","DNO",2,"R",18.5,"2019-07-06",230,23,"nereo_metricsT2"
"2019-Jul","North","KH",1,NA,3,"2019-07-20",NA,42,"nereo_metricsT1"
"2019-Jul","North","KH",1,NA,4,"2019-07-20",NA,53,"nereo_metricsT1"
"2019-Jul","North","KH",1,NA,6,"2019-07-20",NA,62,"nereo_metricsT1"
"2019-Jul","North","KH",1,NA,9,"2019-07-20",NA,49,"nereo_metricsT1"
"2019-Jul","North","KH",1,NA,18,"2019-07-20",NA,52,"nereo_metricsT1"
"2019-Jul","North","KH",1,NA,3.1,"2019-07-20",NA,42,"nereo_metricsT1"
"2019-Jul","North","KH",1,NA,3.5,"2019-07-20",NA,48,"nereo_metricsT1"
"2019-Jul","North","KH",1,NA,4,"2019-07-20",NA,36,"nereo_metricsT1"
"2019-Jul","North","KH",1,NA,4,"2019-07-20",NA,49,"nereo_metricsT1"
"2019-Jul","North","KH",1,NA,6.2,"2019-07-20",NA,33,"nereo_metricsT1"
"2019-Jul","North","KH",1,NA,6.2,"2019-07-20",NA,51,"nereo_metricsT1"
"2019-Jul","North","KH",1,NA,7,"2019-07-20",NA,47,"nereo_metricsT1"
"2019-Jul","North","KH",1,NA,7,"2019-07-20",NA,51,"nereo_metricsT1"
"2019-Jul","North","KH",1,NA,7.2,"2019-07-20",NA,33,"nereo_metricsT1"
"2019-Jul","North","KH",1,NA,7.3,"2019-07-20",NA,36,"nereo_metricsT1"
"2019-Jul","North","LL",2,NA,0,"2019-07-20",NA,52,"nereo_metricsT1"
"2019-Jul","North","LL",2,NA,0,"2019-07-20",NA,59,"nereo_metricsT1"
"2019-Jul","North","LL",2,NA,6,"2019-07-20",NA,61,"nereo_metricsT1"
"2019-Jul","North","LL",2,NA,6,"2019-07-20",NA,59,"nereo_metricsT1"
"2019-Jul","North","LL",2,NA,6,"2019-07-20",NA,41,"nereo_metricsT1"
"2019-Jul","North","LL",2,NA,8,"2019-07-20",NA,53,"nereo_metricsT1"
"2019-Jul","North","LL",2,NA,8,"2019-07-20",NA,43,"nereo_metricsT1"
"2019-Jul","North","LL",2,NA,8,"2019-07-20",NA,66,"nereo_metricsT1"
"2019-Jul","North","LL",2,NA,8,"2019-07-20",NA,46,"nereo_metricsT1"
"2019-Jul","North","LL",2,NA,10,"2019-07-20",NA,55,"nereo_metricsT1"
"2019-Jul","North","LL",3,NA,2,"2019-07-20",NA,35,"nereo_metricsT1"
"2019-Jul","North","LL",3,NA,6,"2019-07-20",NA,14,"nereo_metricsT1"
"2019-Jul","North","LL",3,NA,10,"2019-07-20",NA,46,"nereo_metricsT1"
"2019-Jul","North","LL",3,NA,10,"2019-07-20",NA,31,"nereo_metricsT1"
"2019-Jul","North","LL",3,NA,10,"2019-07-20",NA,6,"nereo_metricsT1"
"2019-Jul","North","LL",3,NA,10,"2019-07-20",NA,29,"nereo_metricsT1"
"2019-Jul","North","LL",3,NA,10,"2019-07-20",NA,39,"nereo_metricsT1"
"2019-Jul","North","LL",3,NA,12,"2019-07-20",NA,49,"nereo_metricsT1"
"2019-Jul","North","LL",3,NA,20,"2019-07-20",NA,32,"nereo_metricsT1"
"2019-Jul","Second","DVM",1,"R",5,"2019-07-06",NA,24,"nereo_metricsT1"
"2019-Jul","Second","DVM",1,"R",5.5,"2019-07-06",NA,30,"nereo_metricsT1"
"2019-Jul","Second","DVM",1,"L",5.4,"2019-07-06",NA,30,"nereo_metricsT1"
"2019-Jul","Second","DVM",1,"L",9.8,"2019-07-06",NA,19,"nereo_metricsT1"
"2019-Jul","Second","DVM",1,"R",9.8,"2019-07-06",NA,44,"nereo_metricsT1"
"2019-Jul","Second","DVM",1,"L",10.5,"2019-07-06",NA,22,"nereo_metricsT1"
"2019-Jul","Second","DVM",1,"L",12,"2019-07-06",NA,51,"nereo_metricsT1"
"2019-Jul","Second","DVM",1,"L",13.6,"2019-07-06",NA,19,"nereo_metricsT1"
"2019-Jul","Second","DVM",1,"L",13.6,"2019-07-06",NA,5,"nereo_metricsT1"
"2019-Jul","Second","DVM",1,"R",14.2,"2019-07-06",NA,46,"nereo_metricsT1"
"2019-Jul","Second","DVM",1,"R",15.4,"2019-07-06",NA,12,"nereo_metricsT1"
"2019-Jul","Second","DVM",1,"L",15,"2019-07-06",NA,6,"nereo_metricsT1"
"2019-Jul","Second","DVM",1,"L",15,"2019-07-06",NA,4,"nereo_metricsT1"
"2019-Jul","Second","DVM",1,"R",12.8,"2019-07-06",NA,35,"nereo_metricsT1"
"2019-Jul","Second","DVM",2,"R",1,"2019-07-06",NA,47,"nereo_metricsT1"
"2019-Jul","Second","DVM",2,"R",1,"2019-07-06",NA,21,"nereo_metricsT1"
"2019-Jul","Second","DVM",2,"R",1,"2019-07-06",NA,36,"nereo_metricsT1"
"2019-Jul","Second","DVM",2,"L",3,"2019-07-06",NA,55,"nereo_metricsT1"
"2019-Jul","Second","DVM",2,"R",3,"2019-07-06",NA,34,"nereo_metricsT1"
"2019-Jul","Second","DVM",2,"R",3.5,"2019-07-06",NA,42,"nereo_metricsT1"
"2019-Jul","Second","DVM",2,"R",3.5,"2019-07-06",NA,38,"nereo_metricsT1"
"2019-Jul","Second","DVM",2,"R",4,"2019-07-06",NA,36,"nereo_metricsT1"
"2019-Jul","Second","DVM",2,"R",3.8,"2019-07-06",NA,50,"nereo_metricsT1"
"2019-Jul","Second","DVM",2,"R",5,"2019-07-06",NA,22,"nereo_metricsT1"
"2019-Jul","Second","DVM",2,"R",3.8,"2019-07-06",NA,18,"nereo_metricsT1"
"2019-Jul","Second","DVM",2,"R",3.7,"2019-07-06",NA,24,"nereo_metricsT1"
"2019-Jul","Second","DVM",2,"R",3.5,"2019-07-06",NA,34,"nereo_metricsT1"
"2019-Jul","Second","DVM",2,"R",3.5,"2019-07-06",NA,35,"nereo_metricsT1"
"2019-Jul","Second","ZM",3,"R",5,"2019-07-06",NA,7,"nereo_metricsT1"
"2019-Jul","Second","ZM",2,"L",3.3,"2019-07-06",NA,42,"nereo_metricsT1"
"2019-Jul","Second","ZM",2,"L",5.5,"2019-07-06",NA,40,"nereo_metricsT1"
"2019-Jul","Second","ZM",2,"L",5.5,"2019-07-06",NA,43,"nereo_metricsT1"
"2019-Jul","Second","ZM",2,"R",20,"2019-07-06",NA,5,"nereo_metricsT1"
"2019-Jul","Second","ZM",2,"R",20,"2019-07-06",NA,7,"nereo_metricsT1"
"2019-Jul","Second","ZM",2,"R",20,"2019-07-06",NA,9,"nereo_metricsT1"
"2019-Jul","Second","DNO",1,"L",5.9,"2019-07-06",268,63,"nereo_metricsT2"
"2019-Jul","Second","DNO",1,"L",12.6,"2019-07-06",280.1,43,"nereo_metricsT2"
"2019-Jul","Second","DNO",1,"L",18,"2019-07-06",297.1,34,"nereo_metricsT2"
"2019-Jul","Second","DNO",1,"R",14,"2019-07-06",279.1,37,"nereo_metricsT2"
"2019-Jul","Second","DNO",1,"R",12,"2019-07-06",294,53,"nereo_metricsT2"
"2019-Jul","Second","DNO",1,"R",10,"2019-07-06",290,45,"nereo_metricsT2"
"2019-Jul","Second","OP",3,"R",8.5,"2019-07-06",5,37,"nereo_metricsT2"
"2019-Jul","Second","OP",3,"R",18.4,"2019-07-06",254,30,"nereo_metricsT2"
"2019-Jul","Second","OP",3,"R",18.3,"2019-07-06",0,16,"nereo_metricsT2"
"2019-Jul","Second","OP",2,"L",19.6,"2019-07-06",37,21,"nereo_metricsT2"
"2019-Jul","Second","OP",2,"L",16.7,"2019-07-06",23,10,"nereo_metricsT2"
"2019-Jul","Second","OP",2,"L",15.8,"2019-07-06",21,12,"nereo_metricsT2"
"2019-Jul","Second","OP",2,"R",14,"2019-07-06",48,16,"nereo_metricsT2"
"2019-Jul","Second","OP",2,"R",4,"2019-07-06",260,23,"nereo_metricsT2"
"2019-Jul","Second","OP",2,"R",4.1,"2019-07-06",255,37,"nereo_metricsT2"
"2019-Jul","Second","KH",2,NA,0,"2019-07-20",NA,51,"nereo_metricsT1"
"2019-Jul","Second","KH",2,NA,1,"2019-07-20",NA,49,"nereo_metricsT1"
"2019-Jul","Second","KH",2,NA,4.5,"2019-07-20",NA,39,"nereo_metricsT1"
"2019-Jul","Second","KH",2,NA,4.6,"2019-07-20",NA,52,"nereo_metricsT1"
"2019-Jul","Second","KH",2,NA,4.4,"2019-07-20",NA,56,"nereo_metricsT1"
"2019-Jul","Second","KH",2,NA,7.5,"2019-07-20",NA,43,"nereo_metricsT1"
"2019-Jul","Second","KH",2,NA,7.5,"2019-07-20",NA,46,"nereo_metricsT1"
"2019-Jul","Second","KH",2,NA,16,"2019-07-20",NA,10,"nereo_metricsT1"
"2019-Jul","Second","LL",1,NA,5,"2019-07-20",NA,25,"nereo_metricsT1"
"2019-Jul","Second","LL",1,NA,10,"2019-07-20",NA,32,"nereo_metricsT1"
"2019-Jul","Second","LL",1,NA,15,"2019-07-20",NA,26,"nereo_metricsT1"
"2019-Jul","Second","LL",1,NA,17,"2019-07-20",NA,4,"nereo_metricsT1"
"2019-Jul","Second","LL",1,NA,17,"2019-07-20",NA,23,"nereo_metricsT1"
"2019-Jul","Second","LL",1,NA,17,"2019-07-20",NA,52,"nereo_metricsT1"
"2019-Jul","Second","LL",1,NA,20,"2019-07-20",NA,43,"nereo_metricsT1"
"2019-Jul","Triquetta","LL",1,"L",1,"2019-07-07",NA,23,"nereo_metricsT1"
"2019-Jul","Triquetta","LL",1,"L",5,"2019-07-07",NA,20,"nereo_metricsT1"
"2019-Jul","Triquetta","LL",1,"R",7,"2019-07-07",NA,16,"nereo_metricsT1"
"2019-Jul","Triquetta","LL",1,"R",9,"2019-07-07",NA,37,"nereo_metricsT1"
"2019-Jul","Triquetta","LL",1,"L",11,"2019-07-07",NA,15,"nereo_metricsT1"
"2019-Jul","Triquetta","LL",1,"R",13,"2019-07-07",NA,25,"nereo_metricsT1"
"2019-Jul","Triquetta","LL",1,"L",13,"2019-07-07",NA,37,"nereo_metricsT1"
"2019-Jul","Triquetta","LL",1,"L",16,"2019-07-07",NA,34,"nereo_metricsT1"
"2019-Jul","Triquetta","LL",1,"L",19,"2019-07-07",NA,35,"nereo_metricsT1"
"2019-Jul","Triquetta","LL",1,"L",19.5,"2019-07-07",NA,34,"nereo_metricsT1"
"2019-Jul","Triquetta","DNO",2,"R",0.9,"2019-07-07",NA,56,"nereo_metricsT1"
"2019-Jul","Triquetta","DNO",2,"L",2,"2019-07-07",NA,29,"nereo_metricsT1"
"2019-Jul","Triquetta","DNO",2,"L",3,"2019-07-07",NA,46,"nereo_metricsT1"
"2019-Jul","Triquetta","DNO",2,"L",4.5,"2019-07-07",NA,21,"nereo_metricsT1"
"2019-Jul","Triquetta","DNO",2,"L",8,"2019-07-07",NA,44,"nereo_metricsT1"
"2019-Jul","Triquetta","DNO",2,"R",10,"2019-07-07",NA,51,"nereo_metricsT1"
"2019-Jul","Triquetta","DNO",2,"L",14,"2019-07-07",NA,48,"nereo_metricsT1"
"2019-Jul","Triquetta","DNO",2,"L",16,"2019-07-07",NA,29,"nereo_metricsT1"
"2019-Jul","Triquetta","DNO",2,"R",11,"2019-07-07",NA,26,"nereo_metricsT1"
"2019-Jul","Triquetta","ZM",2,"L",0.5,"2019-07-07",NA,34,"nereo_metricsT1"
"2019-Jul","Triquetta","ZM",2,"R",2.2,"2019-07-07",NA,37,"nereo_metricsT1"
"2019-Jul","Triquetta","ZM",2,"L",4.3,"2019-07-07",NA,41,"nereo_metricsT1"
"2019-Jul","Triquetta","ZM",2,"R",6.8,"2019-07-07",NA,50,"nereo_metricsT1"
"2019-Jul","Triquetta","ZM",2,"L",9.1,"2019-07-07",NA,37,"nereo_metricsT1"
"2019-Jul","Triquetta","ZM",2,"R",10.1,"2019-07-07",NA,48,"nereo_metricsT1"
"2019-Jul","Triquetta","ZM",2,"L",12.2,"2019-07-07",NA,27,"nereo_metricsT1"
"2019-Jul","Triquetta","ZM",2,"R",14,"2019-07-07",NA,39,"nereo_metricsT1"
"2019-Jul","Triquetta","ZM",2,"L",16,"2019-07-07",NA,40,"nereo_metricsT1"
"2019-Jul","Triquetta","ZM",2,"R",18.2,"2019-07-07",NA,28,"nereo_metricsT1"
"2019-Jul","Triquetta","DNO",3,"L",3.5,"2019-07-07",234,32,"nereo_metricsT2"
"2019-Jul","Triquetta","DNO",3,"L",5,"2019-07-07",231,50,"nereo_metricsT2"
"2019-Jul","Triquetta","DNO",3,"L",6,"2019-07-07",278,46,"nereo_metricsT2"
"2019-Jul","Triquetta","DNO",3,"R",9,"2019-07-07",243,56,"nereo_metricsT2"
"2019-Jul","Triquetta","DNO",3,"R",15,"2019-07-07",248,28,"nereo_metricsT2"
"2019-Jul","Triquetta","DNO",2,"L",5,"2019-07-07",269.1,50,"nereo_metricsT2"
"2019-Jul","Triquetta","DNO",2,"L",1,"2019-07-07",266,26,"nereo_metricsT2"
"2019-Jul","Triquetta","OP",1,"R",18.3,"2019-07-07",10.2,42,"nereo_metricsT2"
"2019-Jul","Triquetta","OP",1,"L",17.5,"2019-07-07",4.2,22,"nereo_metricsT2"
"2019-Jul","Triquetta","OP",1,"L",9,"2019-07-07",7.2,25,"nereo_metricsT2"
"2019-Jul","Triquetta","OP",1,"L",0.8,"2019-07-07",6.1,23,"nereo_metricsT2"
"2019-Jul","Triquetta","OP",1,"R",3.5,"2019-07-07",8.1,34,"nereo_metricsT2"
"2019-Jul","Triquetta","OP",2,"R",6,"2019-07-07",1.2,48,"nereo_metricsT2"
"2019-Jul","Triquetta","OP",2,"L",10.9,"2019-07-07",9.2,32,"nereo_metricsT2"
"2019-Jul","Triquetta","OP",2,"L",19,"2019-07-07",2.1,39,"nereo_metricsT2"
"2019-Jul","Triquetta","LL",1,NA,17,"2019-07-20",NA,42,"nereo_metricsT1"
"2019-Jul","Triquetta","LL",1,NA,17,"2019-07-20",NA,34,"nereo_metricsT1"
"2019-Jul","Triquetta","LL",1,NA,2,"2019-07-20",NA,6,"nereo_metricsT1"
"2019-Jul","Triquetta","LL",1,NA,2,"2019-07-20",NA,27,"nereo_metricsT1"
"2019-Jul","Triquetta","LL",1,NA,3,"2019-07-20",NA,30,"nereo_metricsT1"
"2019-Jul","Triquetta","LL",1,NA,5,"2019-07-20",NA,16,"nereo_metricsT1"
"2019-Jul","Triquetta","LL",1,NA,5,"2019-07-20",NA,35,"nereo_metricsT1"
"2019-Jul","Triquetta","LL",1,NA,6,"2019-07-20",NA,36,"nereo_metricsT1"
"2019-Jul","Triquetta","LL",1,NA,6,"2019-07-20",NA,15,"nereo_metricsT1"
"2019-Jul","Triquetta","LL",1,NA,9,"2019-07-20",NA,45,"nereo_metricsT1"
"2019-Jul","Triquetta","LL",1,NA,9,"2019-07-20",NA,39,"nereo_metricsT1"
"2019-Jul","Triquetta","LL",1,NA,11,"2019-07-20",NA,48,"nereo_metricsT1"
"2019-Jul","Triquetta","LL",1,NA,11,"2019-07-20",NA,33,"nereo_metricsT1"
"2019-Jul","Triquetta","LL",1,NA,13,"2019-07-20",NA,30,"nereo_metricsT1"
"2019-Jul","Triquetta","LL",1,NA,13,"2019-07-20",NA,26,"nereo_metricsT1"
"2019-Jul","Triquetta","LL",2,NA,12,"2019-07-20",NA,25,"nereo_metricsT1"
"2019-Jul","Triquetta","KH",3,NA,1,"2019-07-20",NA,16,"nereo_metricsT1"
"2019-Jul","Triquetta","KH",3,NA,2,"2019-07-20",NA,36,"nereo_metricsT1"
"2019-Jul","Triquetta","KH",3,NA,5,"2019-07-20",NA,38,"nereo_metricsT1"
"2019-Jul","Triquetta","KH",3,NA,8,"2019-07-20",NA,28,"nereo_metricsT1"
"2019-Jul","Triquetta","KH",3,NA,8,"2019-07-20",NA,27,"nereo_metricsT1"
"2019-Jul","Triquetta","KH",3,NA,10,"2019-07-20",NA,52,"nereo_metricsT1"
"2019-Jul","Triquetta","KH",3,NA,11.5,"2019-07-20",NA,19,"nereo_metricsT1"
"2019-Jul","Triquetta","KH",3,NA,12.5,"2019-07-20",NA,48,"nereo_metricsT1"
"2019-Jul","Triquetta","KH",3,NA,15,"2019-07-20",NA,40,"nereo_metricsT1"
"2019-Jul","Triquetta","KH",3,NA,16.5,"2019-07-20",NA,46,"nereo_metricsT1"
"2019-Jul","Triquetta","KH",3,NA,17,"2019-07-20",NA,31,"nereo_metricsT1"
"2019-Jul","Triquetta","KH",3,NA,18,"2019-07-20",NA,31,"nereo_metricsT1"
"2019-Jul","Triquetta","KH",3,NA,19,"2019-07-20",NA,41,"nereo_metricsT1"
"2019-Jul","Triquetta","KH",3,NA,19.5,"2019-07-20",NA,32,"nereo_metricsT1"
"2019-Jul","Triquetta","KH",3,NA,20,"2019-07-20",NA,36,"nereo_metricsT1"
"2019-Jul","Triquetta","KH",2,NA,18.5,"2019-07-20",NA,35,"nereo_metricsT1"
"2019-Jul","Triquetta","KH",2,NA,17.5,"2019-07-20",NA,41,"nereo_metricsT1"
"2019-Jul","Triquetta","KH",2,NA,16,"2019-07-20",NA,30,"nereo_metricsT1"
"2019-Jul","Triquetta","KH",2,NA,10,"2019-07-20",NA,21,"nereo_metricsT1"
"2019-Jul","Triquetta","KH",2,NA,10,"2019-07-20",NA,26,"nereo_metricsT1"
"2019-Jul","Triquetta","KH",2,NA,6,"2019-07-20",NA,21,"nereo_metricsT1"
"2019-Jul","Triquetta","KH",2,NA,6,"2019-07-20",NA,31,"nereo_metricsT1"
"2019-Jul","Triquetta","KH",2,NA,6,"2019-07-20",NA,42,"nereo_metricsT1"
"2019-Jul","Triquetta","KH",2,NA,3,"2019-07-20",NA,50,"nereo_metricsT1"
"2020-Jul","Manley","OP/BT",NA,NA,NA,"2020-07-05",2550,26,"nereo_metricsT1"
"2020-Jul","Manley","OP/BT",NA,NA,NA,"2020-07-05",2072,26,"nereo_metricsT1"
"2020-Jul","Manley","OP/BT",NA,NA,NA,"2020-07-05",276,52,"nereo_metricsT1"
"2020-Jul","Manley","OP/BT",NA,NA,NA,"2020-07-05",2064,36,"nereo_metricsT1"
"2020-Jul","Manley","OP/BT",NA,NA,NA,"2020-07-05",2543,25,"nereo_metricsT1"
"2020-Jul","Manley","OP/BT",NA,NA,NA,"2020-07-05",1820,52,"nereo_metricsT1"
"2020-Jul","Manley","OP/BT",NA,NA,NA,"2020-07-05",281,40,"nereo_metricsT1"
"2020-Jul","Manley","OP/BT",NA,NA,NA,"2020-07-05",2589,21,"nereo_metricsT1"
"2020-Jul","Manley","OP/BT",NA,NA,NA,"2020-07-05",1891,28,"nereo_metricsT1"
"2020-Jul","Manley","DVM/LL",NA,NA,NA,"2020-07-05",2565,34,"nereo_metricsT1"
"2020-Jul","Manley","DVM/LL",NA,NA,NA,"2020-07-05",2592,43,"nereo_metricsT1"
"2020-Jul","Manley","DVM/LL",NA,NA,NA,"2020-07-05",2580,41,"nereo_metricsT1"
"2020-Jul","Manley","DVM/LL",NA,NA,NA,"2020-07-05",2581,35,"nereo_metricsT1"
"2020-Jul","Manley","DVM/LL",NA,NA,NA,"2020-07-05",2549,45,"nereo_metricsT1"
"2020-Jul","Manley","DVM/LL",NA,NA,NA,"2020-07-05",2046,44,"nereo_metricsT1"
"2020-Jul","Manley","LL",1,"R",12.4,"2020-07-06",NA,23,"nereo_metricsT1"
"2020-Jul","Manley","LL",1,"L",6.9,"2020-07-06",NA,29,"nereo_metricsT1"
"2020-Jul","Manley","LL",1,"R",3.7,"2020-07-06",NA,26,"nereo_metricsT1"
"2020-Jul","Manley","LL",1,"L",0,"2020-07-06",NA,19,"nereo_metricsT1"
"2020-Jul","Manley","LL",2,"L",6,"2020-07-06",NA,41,"nereo_metricsT1"
"2020-Jul","Manley","LL",2,"R",6,"2020-07-06",NA,20,"nereo_metricsT1"
"2020-Jul","Manley","LL",2,"L",8,"2020-07-06",NA,43,"nereo_metricsT1"
"2020-Jul","Manley","LL",2,"L",8,"2020-07-06",NA,4,"nereo_metricsT1"
"2020-Jul","Manley","LL",2,"R",12,"2020-07-06",NA,26,"nereo_metricsT1"
"2020-Jul","Manley","LL",2,"L",15,"2020-07-06",NA,26,"nereo_metricsT1"
"2020-Jul","Manley","LL",2,"L",16,"2020-07-06",NA,26,"nereo_metricsT1"
"2020-Jul","Manley","LL",2,"R",15,"2020-07-06",NA,33,"nereo_metricsT1"
"2020-Jul","Manley","LL",2,"R",17,"2020-07-06",NA,24,"nereo_metricsT1"
"2020-Jul","Manley","LL",2,"R",17,"2020-07-06",NA,33,"nereo_metricsT1"
"2020-Jul","Manley","OP",3,"R",0,"2020-07-06",NA,15,"nereo_metricsT1"
"2020-Jul","Manley","OP",3,"R",0.5,"2020-07-06",NA,11,"nereo_metricsT1"
"2020-Jul","Manley","OP",3,"R",1,"2020-07-06",NA,17,"nereo_metricsT1"
"2020-Jul","Manley","OP",3,"L",3,"2020-07-06",NA,17,"nereo_metricsT1"
"2020-Jul","Manley","OP",3,"L",3,"2020-07-06",NA,30,"nereo_metricsT1"
"2020-Jul","Manley","OP",3,"R",15,"2020-07-06",NA,24,"nereo_metricsT1"
"2020-Jul","Manley","OP/BT",NA,NA,NA,"2020-07-11",NA,26,"nereo_size"
"2020-Jul","Manley","OP/BT",NA,NA,NA,"2020-07-11",NA,26,"nereo_size"
"2020-Jul","Manley","OP/BT",NA,NA,NA,"2020-07-11",NA,52,"nereo_size"
"2020-Jul","Manley","OP/BT",NA,NA,NA,"2020-07-11",NA,36,"nereo_size"
"2020-Jul","Manley","OP/BT",NA,NA,NA,"2020-07-11",NA,25,"nereo_size"
"2020-Jul","Manley","OP/BT",NA,NA,NA,"2020-07-11",NA,52,"nereo_size"
"2020-Jul","Manley","OP/BT",NA,NA,NA,"2020-07-11",NA,40,"nereo_size"
"2020-Jul","Manley","OP/BT",NA,NA,NA,"2020-07-11",NA,21,"nereo_size"
"2020-Jul","Manley","OP/BT",NA,NA,NA,"2020-07-11",NA,28,"nereo_size"
"2020-Jul","Manley","DVM/LL",NA,NA,NA,"2020-07-11",NA,34,"nereo_size"
"2020-Jul","Manley","DVM/LL",NA,NA,NA,"2020-07-11",NA,43,"nereo_size"
"2020-Jul","Manley","DVM/LL",NA,NA,NA,"2020-07-11",NA,41,"nereo_size"
"2020-Jul","Manley","DVM/LL",NA,NA,NA,"2020-07-11",NA,35,"nereo_size"
"2020-Jul","Manley","DVM/LL",NA,NA,NA,"2020-07-11",NA,45,"nereo_size"
"2020-Jul","Manley","DVM/LL",NA,NA,NA,"2020-07-11",NA,44,"nereo_size"
"2020-Jul","Manley","OP/BT",NA,NA,NA,"2020-07-26",2072,28,"nereo_metricsT3"
"2020-Jul","Manley","OP/BT",NA,NA,NA,"2020-07-26",276,54,"nereo_metricsT3"
"2020-Jul","Manley","OP/BT",NA,NA,NA,"2020-07-26",1820,54,"nereo_metricsT3"
"2020-Jul","Manley","OP/BT",NA,NA,NA,"2020-07-26",281,44,"nereo_metricsT3"
"2020-Jul","Manley","OP/BT",NA,NA,NA,"2020-07-26",2589,26,"nereo_metricsT3"
"2020-Jul","Manley","OP/BT",NA,NA,NA,"2020-07-26",1891,28,"nereo_metricsT3"
"2020-Jul","North","OP/BT",NA,NA,NA,"2020-07-04",2083,58,"nereo_metricsT1"
"2020-Jul","North","OP/BT",NA,NA,NA,"2020-07-04",1708,41,"nereo_metricsT1"
"2020-Jul","North","OP/BT",NA,NA,NA,"2020-07-04",1768,52,"nereo_metricsT1"
"2020-Jul","North","OP/BT",NA,NA,NA,"2020-07-04",1817,45,"nereo_metricsT1"
"2020-Jul","North","OP/BT",NA,NA,NA,"2020-07-04",2066,68,"nereo_metricsT1"
"2020-Jul","North","OP/BT",NA,NA,NA,"2020-07-04",2080,50,"nereo_metricsT1"
"2020-Jul","North","KH/DVM",NA,NA,NA,"2020-07-04",2333,45,"nereo_metricsT1"
"2020-Jul","North","KH/DVM",NA,NA,NA,"2020-07-04",1720,28,"nereo_metricsT1"
"2020-Jul","North","KH/DVM",NA,NA,NA,"2020-07-04",1913,45,"nereo_metricsT1"
"2020-Jul","North","KH/DVM",NA,NA,NA,"2020-07-04",2509,59,"nereo_metricsT1"
"2020-Jul","North","KH/DVM",NA,NA,NA,"2020-07-04",1861,57,"nereo_metricsT1"
"2020-Jul","North","KH/DVM",NA,NA,NA,"2020-07-04",1921,50,"nereo_metricsT1"
"2020-Jul","North","KH/DVM",NA,NA,NA,"2020-07-04",1937,70,"nereo_metricsT1"
"2020-Jul","North","KH/DVM",NA,NA,NA,"2020-07-04",2076,40,"nereo_metricsT1"
"2020-Jul","North","KH/DVM",NA,NA,NA,"2020-07-04",2001,50,"nereo_metricsT1"
"2020-Jul","North","OP/BT",NA,NA,NA,"2020-07-11",NA,58,"nereo_size"
"2020-Jul","North","OP/BT",NA,NA,NA,"2020-07-11",NA,41,"nereo_size"
"2020-Jul","North","OP/BT",NA,NA,NA,"2020-07-11",NA,52,"nereo_size"
"2020-Jul","North","OP/BT",NA,NA,NA,"2020-07-11",NA,45,"nereo_size"
"2020-Jul","North","OP/BT",NA,NA,NA,"2020-07-11",NA,68,"nereo_size"
"2020-Jul","North","OP/BT",NA,NA,NA,"2020-07-11",NA,50,"nereo_size"
"2020-Jul","North","KH/DVM",NA,NA,NA,"2020-07-11",NA,45,"nereo_size"
"2020-Jul","North","KH/DVM",NA,NA,NA,"2020-07-11",NA,28,"nereo_size"
"2020-Jul","North","KH/DVM",NA,NA,NA,"2020-07-11",NA,45,"nereo_size"
"2020-Jul","North","KH/DVM",NA,NA,NA,"2020-07-11",NA,59,"nereo_size"
"2020-Jul","North","KH/DVM",NA,NA,NA,"2020-07-11",NA,57,"nereo_size"
"2020-Jul","North","KH/DVM",NA,NA,NA,"2020-07-11",NA,50,"nereo_size"
"2020-Jul","North","KH/DVM",NA,NA,NA,"2020-07-11",NA,70,"nereo_size"
"2020-Jul","North","KH/DVM",NA,NA,NA,"2020-07-11",NA,40,"nereo_size"
"2020-Jul","North","KH/DVM",NA,NA,NA,"2020-07-11",NA,50,"nereo_size"
"2020-Jul","North","OP/BT",NA,NA,NA,"2020-07-26",2083,62,"nereo_metricsT3"
"2020-Jul","North","OP/BT",NA,NA,NA,"2020-07-26",1708,33,"nereo_metricsT3"
"2020-Jul","North","OP/BT",NA,NA,NA,"2020-07-26",1768,55,"nereo_metricsT3"
"2020-Jul","North","OP/BT",NA,NA,NA,"2020-07-26",1817,44,"nereo_metricsT3"
"2020-Jul","North","KH/DVM",NA,NA,NA,"2020-07-26",1937,72,"nereo_metricsT3"
"2020-Jul","North","KH/DVM",NA,NA,NA,"2020-07-26",2001,51,"nereo_metricsT3"
"2020-Jul","Second","KH/DVM",NA,NA,NA,"2020-07-04",2552,19,"nereo_metricsT1"
"2020-Jul","Second","KH/DVM",NA,NA,NA,"2020-07-04",2590,32,"nereo_metricsT1"
"2020-Jul","Second","KH/DVM",NA,NA,NA,"2020-07-04",2584,29,"nereo_metricsT1"
"2020-Jul","Second","KH/DVM",NA,NA,NA,"2020-07-04",1825,38,"nereo_metricsT1"
"2020-Jul","Second","KH/DVM",NA,NA,NA,"2020-07-04",1803,38,"nereo_metricsT1"
"2020-Jul","Second","KH/DVM",NA,NA,NA,"2020-07-04",2022,36,"nereo_metricsT1"
"2020-Jul","Second","KH/DVM",NA,NA,NA,"2020-07-04",1769,34,"nereo_metricsT1"
"2020-Jul","Second","OP/BT",NA,NA,NA,"2020-07-04",1799,44,"nereo_metricsT1"
"2020-Jul","Second","OP/BT",NA,NA,NA,"2020-07-04",2515,24,"nereo_metricsT1"
"2020-Jul","Second","OP/BT",NA,NA,NA,"2020-07-04",1969,34,"nereo_metricsT1"
"2020-Jul","Second","OP/BT",NA,NA,NA,"2020-07-04",2134,35,"nereo_metricsT1"
"2020-Jul","Second","OP/BT",NA,NA,NA,"2020-07-04",2073,48,"nereo_metricsT1"
"2020-Jul","Second","OP/BT",NA,NA,NA,"2020-07-04",1911,50,"nereo_metricsT1"
"2020-Jul","Second","OP/BT",NA,NA,NA,"2020-07-04",2117,45,"nereo_metricsT1"
"2020-Jul","Second","KH/DVM",NA,NA,NA,"2020-07-11",NA,19,"nereo_size"
"2020-Jul","Second","KH/DVM",NA,NA,NA,"2020-07-11",NA,32,"nereo_size"
"2020-Jul","Second","KH/DVM",NA,NA,NA,"2020-07-11",NA,29,"nereo_size"
"2020-Jul","Second","KH/DVM",NA,NA,NA,"2020-07-11",NA,38,"nereo_size"
"2020-Jul","Second","KH/DVM",NA,NA,NA,"2020-07-11",NA,38,"nereo_size"
"2020-Jul","Second","KH/DVM",NA,NA,NA,"2020-07-11",NA,36,"nereo_size"
"2020-Jul","Second","KH/DVM",NA,NA,NA,"2020-07-11",NA,34,"nereo_size"
"2020-Jul","Second","OP/BT",NA,NA,NA,"2020-07-11",NA,44,"nereo_size"
"2020-Jul","Second","OP/BT",NA,NA,NA,"2020-07-11",NA,24,"nereo_size"
"2020-Jul","Second","OP/BT",NA,NA,NA,"2020-07-11",NA,34,"nereo_size"
"2020-Jul","Second","OP/BT",NA,NA,NA,"2020-07-11",NA,35,"nereo_size"
"2020-Jul","Second","OP/BT",NA,NA,NA,"2020-07-11",NA,48,"nereo_size"
"2020-Jul","Second","OP/BT",NA,NA,NA,"2020-07-11",NA,50,"nereo_size"
"2020-Jul","Second","OP/BT",NA,NA,NA,"2020-07-11",NA,45,"nereo_size"
"2020-Jul","Second","KH/DVM",NA,NA,NA,"2020-07-26",2552,26,"nereo_metricsT3"
"2020-Jul","Second","KH/DVM",NA,NA,NA,"2020-07-26",2590,40,"nereo_metricsT3"
"2020-Jul","Second","KH/DVM",NA,NA,NA,"2020-07-26",2584,30,"nereo_metricsT3"
"2020-Jul","Second","KH/DVM",NA,NA,NA,"2020-07-26",1825,45,"nereo_metricsT3"
"2020-Jul","Second","KH/DVM",NA,NA,NA,"2020-07-26",1803,44,"nereo_metricsT3"
"2020-Jul","Second","KH/DVM",NA,NA,NA,"2020-07-26",2022,41,"nereo_metricsT3"
"2020-Jul","Second","OP/BT",NA,NA,NA,"2020-07-26",1799,41,"nereo_metricsT3"
"2020-Jul","Second","OP/BT",NA,NA,NA,"2020-07-26",2515,30,"nereo_metricsT3"
"2020-Jul","Second","OP/BT",NA,NA,NA,"2020-07-26",1969,38,"nereo_metricsT3"
"2020-Jul","Second","OP/BT",NA,NA,NA,"2020-07-26",2134,36,"nereo_metricsT3"
"2020-Jul","Second","OP/BT",NA,NA,NA,"2020-07-26",2073,50,"nereo_metricsT3"
"2020-Jul","Second","OP/BT",NA,NA,NA,"2020-07-26",1911,53,"nereo_metricsT3"
"2020-Jul","Second","OP/BT",NA,NA,NA,"2020-07-26",2117,46,"nereo_metricsT3"
"2020-Jul","Second_intertidal","OP",NA,NA,NA,"2020-07-06",NA,23,"nereo_size"
"2020-Jul","Second_intertidal","OP",NA,NA,NA,"2020-07-06",NA,19,"nereo_size"
"2020-Jul","Second_intertidal","OP",NA,NA,NA,"2020-07-06",NA,24,"nereo_size"
"2020-Jul","Second_intertidal","OP",NA,NA,NA,"2020-07-06",NA,37,"nereo_size"
"2020-Jul","Second_intertidal","OP",NA,NA,NA,"2020-07-06",NA,30,"nereo_size"
"2020-Jul","Second_intertidal","OP",NA,NA,NA,"2020-07-06",NA,33,"nereo_size"
"2020-Jul","Second_intertidal","OP",NA,NA,NA,"2020-07-06",NA,28,"nereo_size"
"2020-Jul","Second_intertidal","OP",NA,NA,NA,"2020-07-06",NA,31,"nereo_size"
"2020-Jul","Second_intertidal","OP",NA,NA,NA,"2020-07-06",NA,55,"nereo_size"
"2020-Jul","Second_intertidal","OP",NA,NA,NA,"2020-07-06",NA,41,"nereo_size"
"2020-Jul","Second_intertidal","OP",NA,NA,NA,"2020-07-06",NA,41,"nereo_size"
"2020-Jul","Second_intertidal","OP",NA,NA,NA,"2020-07-06",NA,45,"nereo_size"
"2020-Jul","Second_intertidal","OP",NA,NA,NA,"2020-07-06",NA,17,"nereo_size"
"2020-Jul","Second_intertidal","OP",NA,NA,NA,"2020-07-06",NA,35,"nereo_size"
"2020-Jul","Second_intertidal","OP",NA,NA,NA,"2020-07-06",NA,51,"nereo_size"
"2020-Jul","Triquetta","OP/BT",1,"L",1.5,"2020-07-04",2541,12,"nereo_metricsT1"
"2020-Jul","Triquetta","OP/BT",1,"L",6.5,"2020-07-04",2558,17,"nereo_metricsT1"
"2020-Jul","Triquetta","OP/BT",1,"L",10,"2020-07-04",2544,19,"nereo_metricsT1"
"2020-Jul","Triquetta","OP/BT",1,"R",13.5,"2020-07-04",2547,49,"nereo_metricsT1"
"2020-Jul","Triquetta","OP/BT",3,"L",16.5,"2020-07-04",2557,38,"nereo_metricsT1"
"2020-Jul","Triquetta","OP/BT",3,"L",15,"2020-07-04",2572.3,20,"nereo_metricsT1"
"2020-Jul","Triquetta","KH/DVM",2,"R",4,"2020-07-04",2571,30,"nereo_metricsT1"
"2020-Jul","Triquetta","KH/DVM",2,"R",7,"2020-07-04",2566,29,"nereo_metricsT1"
"2020-Jul","Triquetta","KH/DVM",2,"L",10,"2020-07-04",2559,40,"nereo_metricsT1"
"2020-Jul","Triquetta","KH/DVM",2,"L",14,"2020-07-04",2576,39,"nereo_metricsT1"
"2020-Jul","Triquetta","KH/DVM",2,"L",18.5,"2020-07-04",2578,39,"nereo_metricsT1"
"2020-Jul","Triquetta","KH/DVM",1,"L",20,"2020-07-04",2561,32,"nereo_metricsT1"
"2020-Jul","Triquetta","KH/DVM",3,"R",1,"2020-07-04",2582,26,"nereo_metricsT1"
"2020-Jul","Triquetta","KH/DVM",3,"L",6,"2020-07-04",2554,25,"nereo_metricsT1"
"2020-Jul","Triquetta","KH/DVM",3,"R",10,"2020-07-04",2540,38,"nereo_metricsT1"
"2020-Jul","Triquetta","OP/KH",2,"R",2,"2020-07-06",NA,18,"nereo_metricsT1"
"2020-Jul","Triquetta","OP/KH",2,"R",2,"2020-07-06",NA,10,"nereo_metricsT1"
"2020-Jul","Triquetta","OP/KH",2,"R",2,"2020-07-06",NA,12,"nereo_metricsT1"
"2020-Jul","Triquetta","OP/KH",2,"R",3,"2020-07-06",NA,8,"nereo_metricsT1"
"2020-Jul","Triquetta","OP/KH",2,"L",4,"2020-07-06",NA,21,"nereo_metricsT1"
"2020-Jul","Triquetta","OP/KH",2,"L",4,"2020-07-06",NA,11,"nereo_metricsT1"
"2020-Jul","Triquetta","OP/KH",2,"L",4,"2020-07-06",NA,21,"nereo_metricsT1"
"2020-Jul","Triquetta","OP/KH",2,"L",4,"2020-07-06",NA,29,"nereo_metricsT1"
"2020-Jul","Triquetta","OP/KH",2,"R",4.2,"2020-07-06",NA,22,"nereo_metricsT1"
"2020-Jul","Triquetta","OP/KH",2,"R",4,"2020-07-06",NA,16,"nereo_metricsT1"
"2020-Jul","Triquetta","OP/KH",2,"R",4,"2020-07-06",NA,22,"nereo_metricsT1"
"2020-Jul","Triquetta","OP/KH",2,"R",4,"2020-07-06",NA,52,"nereo_metricsT1"
"2020-Jul","Triquetta","OP/KH",2,"R",6,"2020-07-06",NA,18,"nereo_metricsT1"
"2020-Jul","Triquetta","OP/KH",2,"L",9,"2020-07-06",NA,19,"nereo_metricsT1"
"2020-Jul","Triquetta","OP/KH",2,"R",16,"2020-07-06",NA,13,"nereo_metricsT1"
"2020-Jul","Triquetta","OP/KH",1,"L",19,"2020-07-06",NA,11,"nereo_metricsT1"
"2020-Jul","Triquetta","OP/KH",1,"L",19,"2020-07-06",NA,4,"nereo_metricsT1"
"2020-Jul","Triquetta","OP/KH",1,"L",15,"2020-07-06",NA,4,"nereo_metricsT1"
"2020-Jul","Triquetta","OP/KH",1,"R",9,"2020-07-06",NA,7,"nereo_metricsT1"
"2020-Jul","Triquetta","OP/KH",1,"R",6.6,"2020-07-06",NA,3,"nereo_metricsT1"
"2020-Jul","Triquetta","OP/KH",1,"L",7,"2020-07-06",NA,12,"nereo_metricsT1"
"2020-Jul","Triquetta","OP/KH",1,"L",7,"2020-07-06",NA,4,"nereo_metricsT1"
"2020-Jul","Triquetta","OP/KH",1,"L",7,"2020-07-06",NA,53,"nereo_metricsT1"
"2020-Jul","Triquetta","OP/KH",1,"L",4,"2020-07-06",NA,16,"nereo_metricsT1"
"2020-Jul","Triquetta","OP/KH",1,"R",2,"2020-07-06",NA,21,"nereo_metricsT1"
"2020-Jul","Triquetta","OP/KH",1,"R",2,"2020-07-06",NA,32,"nereo_metricsT1"
"2020-Jul","Triquetta","OP/KH",1,"R",2,"2020-07-06",NA,14,"nereo_metricsT1"
"2020-Jul","Triquetta","OP/KH",1,"L",1,"2020-07-06",NA,40,"nereo_metricsT1"
"2020-Jul","Triquetta","OP/KH",3,"L",1,"2020-07-06",NA,10,"nereo_metricsT1"
"2020-Jul","Triquetta","OP/KH",3,"R",1,"2020-07-06",NA,14,"nereo_metricsT1"
"2020-Jul","Triquetta","OP/KH",3,"R",2,"2020-07-06",NA,22,"nereo_metricsT1"
"2020-Jul","Triquetta","OP/KH",3,"R",2,"2020-07-06",NA,16,"nereo_metricsT1"
"2020-Jul","Triquetta","OP/KH",3,"R",4,"2020-07-06",NA,7,"nereo_metricsT1"
"2020-Jul","Triquetta","OP/KH",3,"L",5.3,"2020-07-06",NA,14,"nereo_metricsT1"
"2020-Jul","Triquetta","OP/KH",3,"L",7.4,"2020-07-06",NA,18,"nereo_metricsT1"
"2020-Jul","Triquetta","OP/KH",3,"R",7.4,"2020-07-06",NA,23,"nereo_metricsT1"
"2020-Jul","Triquetta","OP/KH",3,"R",8,"2020-07-06",NA,22,"nereo_metricsT1"
"2020-Jul","Triquetta","OP/KH",3,"L",8.5,"2020-07-06",NA,15,"nereo_metricsT1"
"2020-Jul","Triquetta","OP/KH",3,"R",9.2,"2020-07-06",NA,35,"nereo_metricsT1"
"2020-Jul","Triquetta","OP/KH",3,"R",11.5,"2020-07-06",NA,15,"nereo_metricsT1"
"2020-Jul","Triquetta","OP/KH",3,"R",13,"2020-07-06",NA,22,"nereo_metricsT1"
"2020-Jul","Triquetta","OP/KH",3,"L",14,"2020-07-06",NA,20,"nereo_metricsT1"
"2020-Jul","Triquetta","OP/KH",3,"R",15,"2020-07-06",NA,15,"nereo_metricsT1"
"2020-Jul","Triquetta","OP/BT",1,"L",1.5,"2020-07-11",NA,12,"nereo_size"
"2020-Jul","Triquetta","OP/BT",1,"L",6.5,"2020-07-11",NA,17,"nereo_size"
"2020-Jul","Triquetta","OP/BT",1,"L",10,"2020-07-11",NA,19,"nereo_size"
"2020-Jul","Triquetta","OP/BT",1,"R",13.5,"2020-07-11",NA,49,"nereo_size"
"2020-Jul","Triquetta","OP/BT",3,"L",16.5,"2020-07-11",NA,38,"nereo_size"
"2020-Jul","Triquetta","OP/BT",3,"L",15,"2020-07-11",NA,20,"nereo_size"
"2020-Jul","Triquetta","KH/DVM",2,"R",4,"2020-07-11",NA,30,"nereo_size"
"2020-Jul","Triquetta","KH/DVM",2,"R",7,"2020-07-11",NA,29,"nereo_size"
"2020-Jul","Triquetta","KH/DVM",2,"L",10,"2020-07-11",NA,40,"nereo_size"
"2020-Jul","Triquetta","KH/DVM",2,"L",14,"2020-07-11",NA,39,"nereo_size"
"2020-Jul","Triquetta","KH/DVM",2,"L",18.5,"2020-07-11",NA,39,"nereo_size"
"2020-Jul","Triquetta","KH/DVM",1,"L",20,"2020-07-11",NA,32,"nereo_size"
"2020-Jul","Triquetta","KH/DVM",3,"R",1,"2020-07-11",NA,26,"nereo_size"
"2020-Jul","Triquetta","KH/DVM",3,"L",6,"2020-07-11",NA,25,"nereo_size"
"2020-Jul","Triquetta","KH/DVM",3,"R",10,"2020-07-11",NA,38,"nereo_size"
"2020-Jul","Triquetta","KH",1,"L",19.5,"2020-07-25",NA,18,"nereo_metricsT1"
"2020-Jul","Triquetta","KH",1,"L",19.5,"2020-07-25",NA,12,"nereo_metricsT1"
"2020-Jul","Triquetta","KH",1,"R",19,"2020-07-25",NA,24,"nereo_metricsT1"
"2020-Jul","Triquetta","KH",1,"L",16,"2020-07-25",NA,17,"nereo_metricsT1"
"2020-Jul","Triquetta","KH",1,"L",14,"2020-07-25",NA,16,"nereo_metricsT1"
"2020-Jul","Triquetta","KH",1,"R",8,"2020-07-25",NA,7,"nereo_metricsT1"
"2020-Jul","Triquetta","KH",1,"R",8,"2020-07-25",NA,11,"nereo_metricsT1"
"2020-Jul","Triquetta","KH",1,"R",8,"2020-07-25",NA,13,"nereo_metricsT1"
"2020-Jul","Triquetta","KH",1,"L",8,"2020-07-25",NA,54,"nereo_metricsT1"
"2020-Jul","Triquetta","KH",1,"L",8,"2020-07-25",NA,12,"nereo_metricsT1"
"2020-Jul","Triquetta","KH",1,"L",8,"2020-07-25",NA,12,"nereo_metricsT1"
"2020-Jul","Triquetta","KH",1,"L",4,"2020-07-25",NA,24,"nereo_metricsT1"
"2020-Jul","Triquetta","KH",1,"L",2,"2020-07-25",NA,24,"nereo_metricsT1"
"2020-Jul","Triquetta","KH",1,"R",1,"2020-07-25",NA,27,"nereo_metricsT1"
"2020-Jul","Triquetta","KH",1,"R",1,"2020-07-25",NA,32,"nereo_metricsT1"
"2020-Jul","Triquetta","KH",2,"L",0.5,"2020-07-25",NA,6,"nereo_metricsT1"
"2020-Jul","Triquetta","KH",2,"L",0.5,"2020-07-25",NA,6,"nereo_metricsT1"
"2020-Jul","Triquetta","KH",2,"L",0.5,"2020-07-25",NA,14,"nereo_metricsT1"
"2020-Jul","Triquetta","KH",2,"L",0.5,"2020-07-25",NA,12,"nereo_metricsT1"
"2020-Jul","Triquetta","KH",2,"L",0.5,"2020-07-25",NA,30,"nereo_metricsT1"
"2020-Jul","Triquetta","KH",2,"R",2,"2020-07-25",NA,24,"nereo_metricsT1"
"2020-Jul","Triquetta","KH",2,"R",2,"2020-07-25",NA,15,"nereo_metricsT1"
"2020-Jul","Triquetta","KH",2,"R",2,"2020-07-25",NA,17,"nereo_metricsT1"
"2020-Jul","Triquetta","KH",2,"R",3,"2020-07-25",NA,11,"nereo_metricsT1"
"2020-Jul","Triquetta","KH",2,"R",8,"2020-07-25",NA,16,"nereo_metricsT1"
"2020-Jul","Triquetta","KH",2,"L",11,"2020-07-25",NA,5,"nereo_metricsT1"
"2020-Jul","Triquetta","KH",2,"L",15,"2020-07-25",NA,10,"nereo_metricsT1"
"2020-Jul","Triquetta","KH",2,"R",18,"2020-07-25",NA,20,"nereo_metricsT1"
"2020-Jul","Triquetta","KH",2,"R",18,"2020-07-25",NA,11,"nereo_metricsT1"
"2020-Jul","Triquetta","KH",2,"L",19,"2020-07-25",NA,22,"nereo_metricsT1"
"2020-Jul","Triquetta","OP",3,"L",19.9,"2020-07-25",NA,29,"nereo_metricsT1"
"2020-Jul","Triquetta","OP",3,"R",18.75,"2020-07-25",NA,24,"nereo_metricsT1"
"2020-Jul","Triquetta","OP",3,"R",17,"2020-07-25",NA,10,"nereo_metricsT1"
"2020-Jul","Triquetta","OP",3,"R",17,"2020-07-25",NA,17,"nereo_metricsT1"
"2020-Jul","Triquetta","OP",3,"L",16.5,"2020-07-25",NA,20,"nereo_metricsT1"
"2020-Jul","Triquetta","OP",3,"R",15,"2020-07-25",NA,16,"nereo_metricsT1"
"2020-Jul","Triquetta","OP",3,"R",15,"2020-07-25",NA,22,"nereo_metricsT1"
"2020-Jul","Triquetta","OP",3,"R",11,"2020-07-25",NA,21,"nereo_metricsT1"
"2020-Jul","Triquetta","OP",3,"L",9.3,"2020-07-25",NA,20,"nereo_metricsT1"
"2020-Jul","Triquetta","OP",3,"L",9.3,"2020-07-25",NA,25,"nereo_metricsT1"
"2020-Jul","Triquetta","OP",3,"L",7.2,"2020-07-25",NA,28,"nereo_metricsT1"
"2020-Jul","Triquetta","OP",3,"R",6.5,"2020-07-25",NA,28,"nereo_metricsT1"
"2020-Jul","Triquetta","OP",3,"R",6.5,"2020-07-25",NA,22,"nereo_metricsT1"
"2020-Jul","Triquetta","OP",3,"L",1.75,"2020-07-25",NA,18,"nereo_metricsT1"
"2020-Jul","Triquetta","OP",3,"R",1,"2020-07-25",NA,20,"nereo_metricsT1"
"2020-Jul","Triquetta","OP/BT",1,"L",1.5,"2020-07-25",2541,17,"nereo_metricsT3"
"2020-Jul","Triquetta","OP/BT",1,"L",10,"2020-07-25",2544,22,"nereo_metricsT3"
"2020-Jul","Triquetta","OP/BT",1,"R",13.5,"2020-07-25",2547,53,"nereo_metricsT3"
"2020-Jul","Triquetta","OP/BT",3,"L",16.5,"2020-07-25",2557,40,"nereo_metricsT3"
"2020-Jul","Triquetta","OP/BT",3,"L",15,"2020-07-25",2572.3,41,"nereo_metricsT3"
"2020-Jul","Triquetta","KH/DVM",2,"R",4,"2020-07-25",2571,39,"nereo_metricsT3"
"2020-Jul","Triquetta","KH/DVM",2,"R",7,"2020-07-25",2566,36,"nereo_metricsT3"
"2020-Jul","Triquetta","KH/DVM",2,"L",10,"2020-07-25",2559,40,"nereo_metricsT3"
"2020-Jul","Triquetta","KH/DVM",2,"L",14,"2020-07-25",2576,39,"nereo_metricsT3"
"2020-Jul","Triquetta","KH/DVM",2,"L",18.5,"2020-07-25",2578,41,"nereo_metricsT3"
"2020-Jul","Triquetta","KH/DVM",1,"L",20,"2020-07-25",2561,37,"nereo_metricsT3"
"2020-Jul","Triquetta","KH/DVM",3,"R",1,"2020-07-25",2582,27,"nereo_metricsT3"
"2020-Jul","Triquetta","KH/DVM",3,"L",6,"2020-07-25",2554,32,"nereo_metricsT3"
"2020-Jul","Triquetta","KH/DVM",3,"R",10,"2020-07-25",2540,42,"nereo_metricsT3"
"2021-Aug","Owen","MA",2,"L",1,"2021-08-09",45.2,36,"nereo_metricsT2"
"2021-Aug","Owen","MA",2,"L",8,"2021-08-09",46.2,33,"nereo_metricsT2"
"2021-Aug","Owen","MA",3,"R",3,"2021-08-09",47.2,39,"nereo_metricsT2"
"2021-Aug","Owen","MA",3,"R",9,"2021-08-09",53,49,"nereo_metricsT2"
"2021-Aug","Owen","MA",1,"R",15,"2021-08-09",55.2,44,"nereo_metricsT2"
"2021-Aug","Owen","MA",1,"R",20,"2021-08-09",49.2,43,"nereo_metricsT2"
"2021-Aug","Owen","KH",2,"R",3,"2021-08-09",44.2,41,"nereo_metricsT2"
"2021-Aug","Owen","KH",2,"R",5,"2021-08-09",40.2,37,"nereo_metricsT2"
"2021-Aug","Owen","KH",2,"R",14,"2021-08-09",43.2,22,"nereo_metricsT2"
"2021-Aug","Owen","KH",3,"L",1.5,"2021-08-09",52.2,37,"nereo_metricsT2"
"2021-Aug","Owen","KH",3,"L",8,"2021-08-09",50.2,39,"nereo_metricsT2"
"2021-Aug","Owen","KH",3,"L",16,"2021-08-09",51,33,"nereo_metricsT2"
"2021-Aug","Owen","KH",1,"L",4,"2021-08-09",42.2,38,"nereo_metricsT2"
"2021-Aug","Owen","KH",1,"L",10,"2021-08-09",41.2,39,"nereo_metricsT2"
"2021-Jul","Breaker","KH",3,"R",1,"2021-07-03",2587,29,"nereo_metricsT1"
"2021-Jul","Breaker","KH",3,"L",7,"2021-07-03",2083.2,37,"nereo_metricsT1"
"2021-Jul","Breaker","KH",3,"L",19,"2021-07-03",2551,54,"nereo_metricsT1"
"2021-Jul","Breaker","DVM",2,"R",1,"2021-07-03",1697.2,40,"nereo_metricsT1"
"2021-Jul","Breaker","DVM",2,"R",3,"2021-07-03",1698,20,"nereo_metricsT1"
"2021-Jul","Breaker","DVM",2,"R",5,"2021-07-03",1848.2,43,"nereo_metricsT1"
"2021-Jul","Breaker","DVM",2,"R",15,"2021-07-03",1714.2,32,"nereo_metricsT1"
"2021-Jul","Breaker","DVM",2,"L",19.5,"2021-07-03",1946.2,33,"nereo_metricsT1"
"2021-Jul","Breaker","ZM",1,"L",0.5,"2021-07-03",220,25,"nereo_metricsT1"
"2021-Jul","Breaker","ZM",1,"R",4.5,"2021-07-03",106,43,"nereo_metricsT1"
"2021-Jul","Breaker","ZM",1,"R",13,"2021-07-03",202,41,"nereo_metricsT1"
"2021-Jul","Breaker","ZM",1,"R",17.5,"2021-07-03",207,30,"nereo_metricsT1"
"2021-Jul","Breaker","OP",3,"L",2,"2021-07-08",NA,26,"nereo_metricsT1"
"2021-Jul","Breaker","OP",3,"L",2.5,"2021-07-08",NA,44,"nereo_metricsT1"
"2021-Jul","Breaker","OP",3,"L",3.5,"2021-07-08",NA,39,"nereo_metricsT1"
"2021-Jul","Breaker","OP",3,"L",6,"2021-07-08",NA,24,"nereo_metricsT1"
"2021-Jul","Breaker","OP",3,"R",6,"2021-07-08",NA,43,"nereo_metricsT1"
"2021-Jul","Breaker","OP",3,"R",8,"2021-07-08",NA,45,"nereo_metricsT1"
"2021-Jul","Breaker","OP",3,"L",10,"2021-07-08",NA,12,"nereo_metricsT1"
"2021-Jul","Breaker","OP",3,"L",10,"2021-07-08",NA,23,"nereo_metricsT1"
"2021-Jul","Breaker","OP",3,"L",10,"2021-07-08",NA,42,"nereo_metricsT1"
"2021-Jul","Breaker","OP",3,"L",10,"2021-07-08",NA,32,"nereo_metricsT1"
"2021-Jul","Breaker","OP",3,"L",14.5,"2021-07-08",NA,27,"nereo_metricsT1"
"2021-Jul","Breaker","OP",3,"R",14,"2021-07-08",NA,42,"nereo_metricsT1"
"2021-Jul","Breaker","OP",3,"R",14.2,"2021-07-08",NA,32,"nereo_metricsT1"
"2021-Jul","Breaker","OP",3,"R",20,"2021-07-08",NA,32,"nereo_metricsT1"
"2021-Jul","Breaker","OP",3,"L",19,"2021-07-08",NA,44,"nereo_metricsT1"
"2021-Jul","Breaker","DVM",1,"L",19,"2021-07-08",NA,51,"nereo_metricsT1"
"2021-Jul","Breaker","DVM",1,"R",19,"2021-07-08",NA,12,"nereo_metricsT1"
"2021-Jul","Breaker","DVM",1,"L",16,"2021-07-08",NA,49,"nereo_metricsT1"
"2021-Jul","Breaker","DVM",1,"L",15.5,"2021-07-08",NA,52,"nereo_metricsT1"
"2021-Jul","Breaker","DVM",1,"R",8,"2021-07-08",NA,22,"nereo_metricsT1"
"2021-Jul","Breaker","DVM",1,"L",7.5,"2021-07-08",NA,15,"nereo_metricsT1"
"2021-Jul","Breaker","DVM",1,"L",7,"2021-07-08",NA,34,"nereo_metricsT1"
"2021-Jul","Breaker","DVM",1,"L",5.5,"2021-07-08",NA,9,"nereo_metricsT1"
"2021-Jul","Breaker","DVM",1,"R",4.5,"2021-07-08",NA,25,"nereo_metricsT1"
"2021-Jul","Breaker","DVM",1,"R",3.5,"2021-07-08",NA,28,"nereo_metricsT1"
"2021-Jul","Breaker","DVM",1,"L",3,"2021-07-08",NA,45,"nereo_metricsT1"
"2021-Jul","Breaker","DVM",1,"R",1,"2021-07-08",NA,13,"nereo_metricsT1"
"2021-Jul","Breaker","DVM",1,"R",1,"2021-07-08",NA,5,"nereo_metricsT1"
"2021-Jul","Breaker","DVM",1,"L",2,"2021-07-08",NA,28,"nereo_metricsT1"
"2021-Jul","Breaker","DVM",1,"L",2.5,"2021-07-08",NA,45,"nereo_metricsT1"
"2021-Jul","Breaker","MA",2,"L",20,"2021-07-08",NA,35,"nereo_metricsT1"
"2021-Jul","Breaker","MA",2,"R",18,"2021-07-08",NA,24,"nereo_metricsT1"
"2021-Jul","Breaker","MA",2,"L",18.5,"2021-07-08",NA,30,"nereo_metricsT1"
"2021-Jul","Breaker","MA",2,"R",17.5,"2021-07-08",NA,31,"nereo_metricsT1"
"2021-Jul","Breaker","MA",2,"L",17,"2021-07-08",NA,45,"nereo_metricsT1"
"2021-Jul","Breaker","MA",2,"L",16,"2021-07-08",NA,32,"nereo_metricsT1"
"2021-Jul","Breaker","MA",2,"L",15.5,"2021-07-08",NA,32,"nereo_metricsT1"
"2021-Jul","Breaker","MA",2,"L",15,"2021-07-08",NA,31,"nereo_metricsT1"
"2021-Jul","Breaker","MA",2,"L",14.5,"2021-07-08",NA,42,"nereo_metricsT1"
"2021-Jul","Breaker","MA",2,"R",12,"2021-07-08",NA,34,"nereo_metricsT1"
"2021-Jul","Breaker","MA",2,"L",11,"2021-07-08",NA,15,"nereo_metricsT1"
"2021-Jul","Breaker","MA",2,"R",9,"2021-07-08",NA,27,"nereo_metricsT1"
"2021-Jul","Breaker","MA",2,"R",8.5,"2021-07-08",NA,41,"nereo_metricsT1"
"2021-Jul","Breaker","MA",2,"R",2,"2021-07-08",NA,22,"nereo_metricsT1"
"2021-Jul","Breaker","MA",2,"L",0,"2021-07-08",NA,46,"nereo_metricsT1"
"2021-Jul","Breaker","KH",3,"R",1,"2021-07-08",NA,29,"nereo_size"
"2021-Jul","Breaker","KH",3,"L",7,"2021-07-08",NA,37,"nereo_size"
"2021-Jul","Breaker","KH",3,"L",19,"2021-07-08",NA,54,"nereo_size"
"2021-Jul","Breaker","DVM",2,"R",1,"2021-07-08",NA,40,"nereo_size"
"2021-Jul","Breaker","DVM",2,"R",3,"2021-07-08",NA,20,"nereo_size"
"2021-Jul","Breaker","DVM",2,"R",5,"2021-07-08",NA,43,"nereo_size"
"2021-Jul","Breaker","DVM",2,"R",15,"2021-07-08",NA,32,"nereo_size"
"2021-Jul","Breaker","DVM",2,"L",19.5,"2021-07-08",NA,33,"nereo_size"
"2021-Jul","Breaker","ZM",1,"L",0.5,"2021-07-08",NA,25,"nereo_size"
"2021-Jul","Breaker","ZM",1,"R",4.5,"2021-07-08",NA,43,"nereo_size"
"2021-Jul","Breaker","ZM",1,"R",13,"2021-07-08",NA,41,"nereo_size"
"2021-Jul","Breaker","ZM",1,"R",17.5,"2021-07-08",NA,30,"nereo_size"
"2021-Jul","Breaker","OP",3,"L",20,"2021-07-19",NA,36,"nereo_metricsT1"
"2021-Jul","Breaker","OP",3,"R",20,"2021-07-19",NA,46,"nereo_metricsT1"
"2021-Jul","Breaker","OP",3,"R",17,"2021-07-19",NA,21,"nereo_metricsT1"
"2021-Jul","Breaker","OP",3,"L",17,"2021-07-19",NA,41,"nereo_metricsT1"
"2021-Jul","Breaker","OP",3,"R",17,"2021-07-19",NA,36,"nereo_metricsT1"
"2021-Jul","Breaker","OP",3,"R",17,"2021-07-19",NA,49,"nereo_metricsT1"
"2021-Jul","Breaker","OP",3,"L",15,"2021-07-19",NA,54,"nereo_metricsT1"
"2021-Jul","Breaker","OP",3,"R",15,"2021-07-19",NA,36,"nereo_metricsT1"
"2021-Jul","Breaker","OP",3,"R",15,"2021-07-19",NA,43,"nereo_metricsT1"
"2021-Jul","Breaker","OP",3,"L",10,"2021-07-19",NA,22,"nereo_metricsT1"
"2021-Jul","Breaker","OP",3,"L",10,"2021-07-19",NA,43,"nereo_metricsT1"
"2021-Jul","Breaker","OP",3,"L",3,"2021-07-19",NA,42,"nereo_metricsT1"
"2021-Jul","Breaker","KH",2,"L",19.5,"2021-07-19",NA,26,"nereo_metricsT1"
"2021-Jul","Breaker","KH",2,"R",19,"2021-07-19",NA,32,"nereo_metricsT1"
"2021-Jul","Breaker","KH",2,"L",15.5,"2021-07-19",NA,32,"nereo_metricsT1"
"2021-Jul","Breaker","KH",2,"R",14.5,"2021-07-19",NA,46,"nereo_metricsT1"
"2021-Jul","Breaker","KH",2,"R",14.6,"2021-07-19",NA,33,"nereo_metricsT1"
"2021-Jul","Breaker","KH",2,"L",11.5,"2021-07-19",NA,40,"nereo_metricsT1"
"2021-Jul","Breaker","KH",2,"L",11,"2021-07-19",NA,34,"nereo_metricsT1"
"2021-Jul","Breaker","KH",2,"L",10.5,"2021-07-19",NA,37,"nereo_metricsT1"
"2021-Jul","Breaker","KH",2,"L",9,"2021-07-19",NA,29,"nereo_metricsT1"
"2021-Jul","Breaker","KH",2,"L",8.5,"2021-07-19",NA,35,"nereo_metricsT1"
"2021-Jul","Breaker","KH",2,"L",8.3,"2021-07-19",NA,28,"nereo_metricsT1"
"2021-Jul","Breaker","KH",2,"R",3,"2021-07-19",NA,21,"nereo_metricsT1"
"2021-Jul","Breaker","KH",2,"R",2,"2021-07-19",NA,31,"nereo_metricsT1"
"2021-Jul","Breaker","KH",2,"R",0,"2021-07-19",NA,46,"nereo_metricsT1"
"2021-Jul","Breaker","KH",2,"L",0,"2021-07-19",NA,37,"nereo_metricsT1"
"2021-Jul","Breaker","KH",1,"R",0,"2021-07-19",NA,5,"nereo_metricsT1"
"2021-Jul","Breaker","KH",1,"L",0.5,"2021-07-19",NA,39,"nereo_metricsT1"
"2021-Jul","Breaker","KH",1,"R",2.5,"2021-07-19",NA,18,"nereo_metricsT1"
"2021-Jul","Breaker","KH",1,"L",3,"2021-07-19",NA,47,"nereo_metricsT1"
"2021-Jul","Breaker","KH",1,NA,NA,"2021-07-19",NA,39,"nereo_metricsT1"
"2021-Jul","Breaker","MA",1,"L",19.5,"2021-07-19",NA,36,"nereo_metricsT1"
"2021-Jul","Breaker","MA",1,"L",15.5,"2021-07-19",NA,56,"nereo_metricsT1"
"2021-Jul","Breaker","MA",1,"R",15,"2021-07-19",NA,37,"nereo_metricsT1"
"2021-Jul","Breaker","MA",1,"R",13,"2021-07-19",NA,25,"nereo_metricsT1"
"2021-Jul","Breaker","MA",1,"L",13,"2021-07-19",NA,10,"nereo_metricsT1"
"2021-Jul","Breaker","MA",1,"R",10,"2021-07-19",NA,35,"nereo_metricsT1"
"2021-Jul","Breaker","MA",1,"R",9.5,"2021-07-19",NA,33,"nereo_metricsT1"
"2021-Jul","Breaker","MA",1,"L",8,"2021-07-19",NA,18,"nereo_metricsT1"
"2021-Jul","Breaker","MA",1,"L",7,"2021-07-19",NA,17,"nereo_metricsT1"
"2021-Jul","Breaker","MA",1,"R",6,"2021-07-19",NA,24,"nereo_metricsT1"
"2021-Jul","Breaker","MA",1,"R",8.5,"2021-07-19",NA,46,"nereo_metricsT1"
"2021-Jul","Breaker","KH",3,"L",0,"2021-07-19",NA,33,"nereo_metricsT1"
"2021-Jul","Breaker","KH",3,"R",2,"2021-07-19",NA,28,"nereo_metricsT1"
"2021-Jul","Manley","DVM",2,"L",18,"2021-07-03",2047.2,55,"nereo_metricsT1"
"2021-Jul","Manley","DVM",2,"R",17.5,"2021-07-03",2573,19,"nereo_metricsT1"
"2021-Jul","Manley","DVM",2,"L",13,"2021-07-03",2574,24,"nereo_metricsT1"
"2021-Jul","Manley","KH",3,"R",4.2,"2021-07-03",2080.2,12,"nereo_metricsT1"
"2021-Jul","Manley","KH",3,"R",4,"2021-07-03",2554.2,25,"nereo_metricsT1"
"2021-Jul","Manley","KH",3,"L",3,"2021-07-03",2591,16,"nereo_metricsT1"
"2021-Jul","Manley","KH",3,"L",3.5,"2021-07-03",2545,16,"nereo_metricsT1"
"2021-Jul","Manley","ZM",1,"R",12,"2021-07-03",219,40,"nereo_metricsT1"
"2021-Jul","Manley","ZM",1,"L",6,"2021-07-03",222,16,"nereo_metricsT1"
"2021-Jul","Manley","ZM",1,"L",18,"2021-07-03",1803.2,28,"nereo_metricsT1"
"2021-Jul","Manley","DVM",2,"L",18,"2021-07-08",NA,55,"nereo_size"
"2021-Jul","Manley","DVM",2,"R",17.5,"2021-07-08",NA,19,"nereo_size"
"2021-Jul","Manley","DVM",2,"L",13,"2021-07-08",NA,24,"nereo_size"
"2021-Jul","Manley","KH",3,"R",4.2,"2021-07-08",NA,12,"nereo_size"
"2021-Jul","Manley","KH",3,"R",4,"2021-07-08",NA,25,"nereo_size"
"2021-Jul","Manley","KH",3,"L",3,"2021-07-08",NA,16,"nereo_size"
"2021-Jul","Manley","KH",3,"L",3.5,"2021-07-08",NA,16,"nereo_size"
"2021-Jul","Manley","ZM",1,"R",12,"2021-07-08",NA,40,"nereo_size"
"2021-Jul","Manley","ZM",1,"L",6,"2021-07-08",NA,16,"nereo_size"
"2021-Jul","Manley","ZM",1,"L",18,"2021-07-08",NA,28,"nereo_size"
"2021-Jul","Manley","GSB",1,"R",10,"2021-07-18",NA,42,"nereo_metricsT1"
"2021-Jul","Manley","GSB",1,"L",10,"2021-07-18",NA,13,"nereo_metricsT1"
"2021-Jul","Manley","GSB",1,"L",10,"2021-07-18",NA,22,"nereo_metricsT1"
"2021-Jul","Manley","GSB",1,"R",8,"2021-07-18",NA,10,"nereo_metricsT1"
"2021-Jul","Manley","GSB",1,"R",7.5,"2021-07-18",NA,18,"nereo_metricsT1"
"2021-Jul","Manley","GSB",2,"R",7,"2021-07-18",NA,9,"nereo_metricsT1"
"2021-Jul","Manley","GSB",2,"L",13,"2021-07-18",NA,53,"nereo_metricsT1"
"2021-Jul","Manley","GSB",2,"L",20,"2021-07-18",NA,26,"nereo_metricsT1"
"2021-Jul","North","OP",NA,NA,NA,"2021-07-02",2072.2,54,"nereo_metricsT1"
"2021-Jul","North","OP",NA,NA,NA,"2021-07-02",2565.2,35,"nereo_metricsT1"
"2021-Jul","North","OP",NA,NA,NA,"2021-07-02",2560,56,"nereo_metricsT1"
"2021-Jul","North","OP",NA,NA,NA,"2021-07-02",1708.2,35,"nereo_metricsT1"
"2021-Jul","North","OP",NA,NA,NA,"2021-07-02",1937.2,52,"nereo_metricsT1"
"2021-Jul","North","ZM",NA,NA,NA,"2021-07-02",2001.2,45,"nereo_metricsT1"
"2021-Jul","North","ZM",NA,NA,NA,"2021-07-02",2134.2,41,"nereo_metricsT1"
"2021-Jul","North","ZM",NA,NA,NA,"2021-07-02",2066.2,43,"nereo_metricsT1"
"2021-Jul","North","KH",NA,NA,NA,"2021-07-02",2547.2,40,"nereo_metricsT1"
"2021-Jul","North","KH",NA,NA,NA,"2021-07-02",2544.2,32,"nereo_metricsT1"
"2021-Jul","North","KH",NA,NA,NA,"2021-07-02",2582.2,55,"nereo_metricsT1"
"2021-Jul","North","KH",NA,NA,NA,"2021-07-02",2557.2,55,"nereo_metricsT1"
"2021-Jul","North","KH",NA,NA,NA,"2021-07-02",2571.2,53,"nereo_metricsT1"
"2021-Jul","North","OP",NA,NA,NA,"2021-07-07",NA,54,"nereo_size"
"2021-Jul","North","OP",NA,NA,NA,"2021-07-07",NA,35,"nereo_size"
"2021-Jul","North","OP",NA,NA,NA,"2021-07-07",NA,56,"nereo_size"
"2021-Jul","North","OP",NA,NA,NA,"2021-07-07",NA,35,"nereo_size"
"2021-Jul","North","OP",NA,NA,NA,"2021-07-07",NA,52,"nereo_size"
"2021-Jul","North","ZM",NA,NA,NA,"2021-07-07",NA,45,"nereo_size"
"2021-Jul","North","ZM",NA,NA,NA,"2021-07-07",NA,41,"nereo_size"
"2021-Jul","North","ZM",NA,NA,NA,"2021-07-07",NA,43,"nereo_size"
"2021-Jul","North","KH",NA,NA,NA,"2021-07-07",NA,40,"nereo_size"
"2021-Jul","North","KH",NA,NA,NA,"2021-07-07",NA,32,"nereo_size"
"2021-Jul","North","KH",NA,NA,NA,"2021-07-07",NA,55,"nereo_size"
"2021-Jul","North","KH",NA,NA,NA,"2021-07-07",NA,55,"nereo_size"
"2021-Jul","North","KH",NA,NA,NA,"2021-07-07",NA,53,"nereo_size"
"2021-Jul","Ratatouille","ZM",2,"R",1,"2021-07-02",2572.2,52,"nereo_metricsT1"
"2021-Jul","Ratatouille","ZM",2,"L",10,"2021-07-02",2540.2,38,"nereo_metricsT1"
"2021-Jul","Ratatouille","ZM",2,"R",17.5,"2021-07-02",2566.2,36,"nereo_metricsT1"
"2021-Jul","Ratatouille","KH",3,"R",7.8,"2021-07-02",281.2,46,"nereo_metricsT1"
"2021-Jul","Ratatouille","KH",3,"L",11.5,"2021-07-02",2584.2,54,"nereo_metricsT1"
"2021-Jul","Ratatouille","KH",3,"L",13.5,"2021-07-02",1765.2,42,"nereo_metricsT1"
"2021-Jul","Ratatouille","KH",3,"R",14,"2021-07-02",1921.2,40,"nereo_metricsT1"
"2021-Jul","Ratatouille","OP",1,"L",1,"2021-07-02",2590.2,27,"nereo_metricsT1"
"2021-Jul","Ratatouille","OP",1,"R",2,"2021-07-02",2580,34,"nereo_metricsT1"
"2021-Jul","Ratatouille","OP",1,"L",4,"2021-07-02",2581.2,43,"nereo_metricsT1"
"2021-Jul","Ratatouille","OP",1,"R",6.5,"2021-07-02",1891.2,39,"nereo_metricsT1"
"2021-Jul","Ratatouille","ZM",2,"R",1,"2021-07-06",NA,50,"nereo_metricsT1"
"2021-Jul","Ratatouille","ZM",2,"L",3.3,"2021-07-06",NA,33,"nereo_metricsT1"
"2021-Jul","Ratatouille","ZM",2,"R",4.5,"2021-07-06",NA,27,"nereo_metricsT1"
"2021-Jul","Ratatouille","ZM",2,"R",5.5,"2021-07-06",NA,45,"nereo_metricsT1"
"2021-Jul","Ratatouille","ZM",2,"L",7.2,"2021-07-06",NA,25,"nereo_metricsT1"
"2021-Jul","Ratatouille","ZM",2,"R",8,"2021-07-06",NA,26,"nereo_metricsT1"
"2021-Jul","Ratatouille","ZM",2,"L",8.3,"2021-07-06",NA,35,"nereo_metricsT1"
"2021-Jul","Ratatouille","ZM",2,"R",9.2,"2021-07-06",NA,15,"nereo_metricsT1"
"2021-Jul","Ratatouille","ZM",2,"L",10,"2021-07-06",NA,38,"nereo_metricsT1"
"2021-Jul","Ratatouille","ZM",2,"R",10,"2021-07-06",NA,57,"nereo_metricsT1"
"2021-Jul","Ratatouille","OP",1,"R",19,"2021-07-06",NA,21,"nereo_metricsT1"
"2021-Jul","Ratatouille","OP",1,"R",18.5,"2021-07-06",NA,45,"nereo_metricsT1"
"2021-Jul","Ratatouille","OP",1,"R",16,"2021-07-06",NA,40,"nereo_metricsT1"
"2021-Jul","Ratatouille","OP",1,"R",5,"2021-07-06",NA,39,"nereo_metricsT1"
"2021-Jul","Ratatouille","OP",1,"L",5,"2021-07-06",NA,21,"nereo_metricsT1"
"2021-Jul","Ratatouille","OP",1,"R",13,"2021-07-06",NA,38,"nereo_metricsT1"
"2021-Jul","Ratatouille","OP",1,"L",8,"2021-07-06",NA,28,"nereo_metricsT1"
"2021-Jul","Ratatouille","OP",1,"R",5,"2021-07-06",NA,42,"nereo_metricsT1"
"2021-Jul","Ratatouille","OP",1,"R",1,"2021-07-06",NA,53,"nereo_metricsT1"
"2021-Jul","Ratatouille","OP",1,"L",1,"2021-07-06",NA,30,"nereo_metricsT1"
"2021-Jul","Ratatouille","KH",3,"R",0,"2021-07-06",NA,15,"nereo_metricsT1"
"2021-Jul","Ratatouille","KH",3,"R",1.5,"2021-07-06",NA,12,"nereo_metricsT1"
"2021-Jul","Ratatouille","KH",3,"L",3.2,"2021-07-06",NA,45,"nereo_metricsT1"
"2021-Jul","Ratatouille","KH",3,"R",12,"2021-07-06",NA,45,"nereo_metricsT1"
"2021-Jul","Ratatouille","KH",3,"R",13,"2021-07-06",NA,43,"nereo_metricsT1"
"2021-Jul","Ratatouille","KH",3,"L",3.9,"2021-07-06",NA,31,"nereo_metricsT1"
"2021-Jul","Ratatouille","KH",3,"L",4,"2021-07-06",NA,23,"nereo_metricsT1"
"2021-Jul","Ratatouille","KH",3,"R",8.3,"2021-07-06",NA,32,"nereo_metricsT1"
"2021-Jul","Ratatouille","KH",3,"R",9.5,"2021-07-06",NA,58,"nereo_metricsT1"
"2021-Jul","Ratatouille","KH",3,"R",11,"2021-07-06",NA,41,"nereo_metricsT1"
"2021-Jul","Ratatouille","KH",3,"L",11.5,"2021-07-06",NA,48,"nereo_metricsT1"
"2021-Jul","Ratatouille","KH",3,"L",14.8,"2021-07-06",NA,37,"nereo_metricsT1"
"2021-Jul","Ratatouille","KH",3,"R",15.5,"2021-07-06",NA,33,"nereo_metricsT1"
"2021-Jul","Ratatouille","KH",3,"R",18.8,"2021-07-06",NA,43,"nereo_metricsT1"
"2021-Jul","Ratatouille","KH",3,"R",19,"2021-07-06",NA,43,"nereo_metricsT1"
"2021-Jul","Ratatouille","ZM",2,"R",1,"2021-07-07",NA,52,"nereo_size"
"2021-Jul","Ratatouille","ZM",2,"L",10,"2021-07-07",NA,38,"nereo_size"
"2021-Jul","Ratatouille","ZM",2,"R",17.5,"2021-07-07",NA,36,"nereo_size"
"2021-Jul","Ratatouille","KH",3,"R",7.8,"2021-07-07",NA,46,"nereo_size"
"2021-Jul","Ratatouille","KH",3,"L",11.5,"2021-07-07",NA,54,"nereo_size"
"2021-Jul","Ratatouille","KH",3,"L",13.5,"2021-07-07",NA,42,"nereo_size"
"2021-Jul","Ratatouille","KH",3,"R",14,"2021-07-07",NA,40,"nereo_size"
"2021-Jul","Ratatouille","OP",1,"L",1,"2021-07-07",NA,27,"nereo_size"
"2021-Jul","Ratatouille","OP",1,"R",2,"2021-07-07",NA,34,"nereo_size"
"2021-Jul","Ratatouille","OP",1,"L",4,"2021-07-07",NA,43,"nereo_size"
"2021-Jul","Ratatouille","OP",1,"R",6.5,"2021-07-07",NA,39,"nereo_size"
"2021-Jul","Ratatouille","KH",3,"R",0,"2021-07-19",NA,23,"nereo_metricsT1"
"2021-Jul","Ratatouille","KH",3,"R",8.2,"2021-07-19",NA,44,"nereo_metricsT1"
"2021-Jul","Ratatouille","KH",3,"L",20,"2021-07-19",NA,36,"nereo_metricsT1"
"2021-Jul","Ratatouille","KH",3,"R",19,"2021-07-19",NA,46,"nereo_metricsT1"
"2021-Jul","Ratatouille","KH",3,"R",19,"2021-07-19",NA,43,"nereo_metricsT1"
"2021-Jul","Ratatouille","KH",3,"R",17,"2021-07-19",NA,43,"nereo_metricsT1"
"2021-Jul","Ratatouille","KH",3,"R",16.5,"2021-07-19",NA,48,"nereo_metricsT1"
"2021-Jul","Ratatouille","KH",3,"R",15.7,"2021-07-19",NA,43,"nereo_metricsT1"
"2021-Jul","Ratatouille","KH",3,"R",15.8,"2021-07-19",NA,43,"nereo_metricsT1"
"2021-Jul","Ratatouille","KH",3,"L",14.7,"2021-07-19",NA,38,"nereo_metricsT1"
"2021-Jul","Ratatouille","KH",3,"R",13,"2021-07-19",NA,46,"nereo_metricsT1"
"2021-Jul","Ratatouille","KH",3,"R",13.5,"2021-07-19",NA,36,"nereo_metricsT1"
"2021-Jul","Ratatouille","KH",3,"R",8.5,"2021-07-19",NA,48,"nereo_metricsT1"
"2021-Jul","Ratatouille","KH",3,"L",3.5,"2021-07-19",NA,48,"nereo_metricsT1"
"2021-Jul","Ratatouille","KH",3,"L",3.5,"2021-07-19",NA,13,"nereo_metricsT1"
"2021-Jul","Ratatouille","MA",2,"L",20,"2021-07-19",NA,43,"nereo_metricsT1"
"2021-Jul","Ratatouille","MA",2,"R",19,"2021-07-19",NA,37,"nereo_metricsT1"
"2021-Jul","Ratatouille","MA",2,"L",17.5,"2021-07-19",NA,36,"nereo_metricsT1"
"2021-Jul","Ratatouille","MA",2,"R",17,"2021-07-19",NA,28,"nereo_metricsT1"
"2021-Jul","Ratatouille","MA",2,"L",16,"2021-07-19",NA,30,"nereo_metricsT1"
"2021-Jul","Ratatouille","MA",2,"L",15.5,"2021-07-19",NA,18,"nereo_metricsT1"
"2021-Jul","Ratatouille","MA",2,"L",13,"2021-07-19",NA,37,"nereo_metricsT1"
"2021-Jul","Ratatouille","MA",2,"R",10.5,"2021-07-19",NA,50,"nereo_metricsT1"
"2021-Jul","Ratatouille","MA",2,"R",9.5,"2021-07-19",NA,14,"nereo_metricsT1"
"2021-Jul","Ratatouille","MA",2,"L",9,"2021-07-19",NA,26,"nereo_metricsT1"
"2021-Jul","Ratatouille","MA",2,"R",9,"2021-07-19",NA,43,"nereo_metricsT1"
"2021-Jul","Ratatouille","MA",2,NA,NA,"2021-07-19",NA,39,"nereo_metricsT1"
"2021-Jul","Ratatouille","OP",1,"L",8,"2021-07-19",NA,34,"nereo_metricsT1"
"2021-Jul","Ratatouille","OP",1,"R",9,"2021-07-19",NA,37,"nereo_metricsT1"
"2021-Jul","Ratatouille","OP",1,"R",11,"2021-07-19",NA,47,"nereo_metricsT1"
"2021-Jul","Ratatouille","OP",1,"R",13.5,"2021-07-19",NA,41,"nereo_metricsT1"
"2021-Jul","Ratatouille","OP",1,"L",14,"2021-07-19",NA,22,"nereo_metricsT1"
"2021-Jul","Ratatouille","OP",1,"R",16,"2021-07-19",NA,43,"nereo_metricsT1"
"2021-Jul","Ratatouille","OP",1,"R",20,"2021-07-19",NA,13,"nereo_metricsT1"
"2021-Jul","Ratatouille","OP",1,"R",5,"2021-07-19",NA,47,"nereo_metricsT1"
"2021-Jul","Ratatouille","OP",1,"L",3,"2021-07-19",NA,40,"nereo_metricsT1"
"2021-Jul","Ratatouille","OP",1,"L",3,"2021-07-19",NA,56,"nereo_metricsT1"
"2021-Jul","Ratatouille","OP",1,"L",12,"2021-07-19",NA,48,"nereo_metricsT1"
"2021-Jul","Ratatouille","OP",1,"L",8.5,"2021-07-19",NA,53,"nereo_metricsT1"
"2021-Jul","Ratatouille","OP",1,"L",8,"2021-07-19",NA,50,"nereo_metricsT1"
"2021-Jul","Second","ZM",NA,NA,NA,"2021-07-02",48.2,22,"nereo_metricsT1"
"2021-Jul","Second","ZM",NA,NA,NA,"2021-07-02",2549.2,11,"nereo_metricsT1"
"2021-Jul","Second","ZM",NA,NA,NA,"2021-07-02",2509.2,49,"nereo_metricsT1"
"2021-Jul","Second","ZM",NA,NA,NA,"2021-07-02",1825.2,27,"nereo_metricsT1"
"2021-Jul","Second","KH",NA,NA,NA,"2021-07-02",1969.2,43,"nereo_metricsT1"
"2021-Jul","Second","KH",NA,NA,NA,"2021-07-02",1952.2,25,"nereo_metricsT1"
"2021-Jul","Second","KH",NA,NA,NA,"2021-07-02",2542,29,"nereo_metricsT1"
"2021-Jul","Second","KH",NA,NA,NA,"2021-07-02",2064.2,30,"nereo_metricsT1"
"2021-Jul","Second","KH",NA,NA,NA,"2021-07-02",2022.2,43,"nereo_metricsT1"
"2021-Jul","Second","KH",NA,NA,NA,"2021-07-02",2073.2,48,"nereo_metricsT1"
"2021-Jul","Second","OP",NA,NA,NA,"2021-07-02",1911.2,49,"nereo_metricsT1"
"2021-Jul","Second","OP",NA,NA,NA,"2021-07-02",1799.2,46,"nereo_metricsT1"
"2021-Jul","Second","OP",NA,NA,NA,"2021-07-02",2576.2,36,"nereo_metricsT1"
"2021-Jul","Second","OP",NA,NA,NA,"2021-07-02",2578.2,25,"nereo_metricsT1"
"2021-Jul","Second","OP",NA,NA,NA,"2021-07-02",2541.2,46,"nereo_metricsT1"
"2021-Jul","Second","ZM",NA,NA,NA,"2021-07-07",NA,22,"nereo_size"
"2021-Jul","Second","ZM",NA,NA,NA,"2021-07-07",NA,11,"nereo_size"
"2021-Jul","Second","ZM",NA,NA,NA,"2021-07-07",NA,49,"nereo_size"
"2021-Jul","Second","ZM",NA,NA,NA,"2021-07-07",NA,27,"nereo_size"
"2021-Jul","Second","KH",NA,NA,NA,"2021-07-07",NA,43,"nereo_size"
"2021-Jul","Second","KH",NA,NA,NA,"2021-07-07",NA,25,"nereo_size"
"2021-Jul","Second","KH",NA,NA,NA,"2021-07-07",NA,29,"nereo_size"
"2021-Jul","Second","KH",NA,NA,NA,"2021-07-07",NA,30,"nereo_size"
"2021-Jul","Second","KH",NA,NA,NA,"2021-07-07",NA,43,"nereo_size"
"2021-Jul","Second","KH",NA,NA,NA,"2021-07-07",NA,48,"nereo_size"
"2021-Jul","Second","OP",NA,NA,NA,"2021-07-07",NA,49,"nereo_size"
"2021-Jul","Second","OP",NA,NA,NA,"2021-07-07",NA,46,"nereo_size"
"2021-Jul","Second","OP",NA,NA,NA,"2021-07-07",NA,36,"nereo_size"
"2021-Jul","Second","OP",NA,NA,NA,"2021-07-07",NA,25,"nereo_size"
"2021-Jul","Second","OP",NA,NA,NA,"2021-07-07",NA,46,"nereo_size"
"2021-Jul","Triquetta","ZM",1,"R",0,"2021-07-03",224,10,"nereo_metricsT1"
"2021-Jul","Triquetta","ZM",1,"L",1.3,"2021-07-03",204,36,"nereo_metricsT1"
"2021-Jul","Triquetta","ZM",1,"R",3.2,"2021-07-03",214,10,"nereo_metricsT1"
"2021-Jul","Triquetta","ZM",1,"L",13.2,"2021-07-03",209,21,"nereo_metricsT1"
"2021-Jul","Triquetta","ZM",1,"R",19,"2021-07-03",211,17,"nereo_metricsT1"
"2021-Jul","Triquetta","DVM",2,"R",2,"2021-07-03",2515.2,50,"nereo_metricsT1"
"2021-Jul","Triquetta","DVM",2,"L",5,"2021-07-03",2592.2,20,"nereo_metricsT1"
"2021-Jul","Triquetta","DVM",2,"R",7,"2021-07-03",1817.2,11,"nereo_metricsT1"
"2021-Jul","Triquetta","DVM",2,"L",11.5,"2021-07-03",2563,14,"nereo_metricsT1"
"2021-Jul","Triquetta","KH",3,"L",2,"2021-07-03",2585,23,"nereo_metricsT1"
"2021-Jul","Triquetta","KH",3,"L",4,"2021-07-03",2117.2,28,"nereo_metricsT1"
"2021-Jul","Triquetta","KH",3,"L",7.5,"2021-07-03",1897.2,29,"nereo_metricsT1"
"2021-Jul","Triquetta","KH",3,"L",19,"2021-07-03",2562,50,"nereo_metricsT1"
"2021-Jul","Triquetta","KH",3,"L",17,"2021-07-03",1843,15,"nereo_metricsT1"
"2021-Jul","Triquetta","KH",3,"R",14.5,"2021-07-03",1820.2,50,"nereo_metricsT1"
"2021-Jul","Triquetta","ZM",1,"L",20,"2021-07-08",NA,39,"nereo_metricsT1"
"2021-Jul","Triquetta","ZM",1,"L",17.5,"2021-07-08",NA,21,"nereo_metricsT1"
"2021-Jul","Triquetta","ZM",1,"R",14,"2021-07-08",NA,33,"nereo_metricsT1"
"2021-Jul","Triquetta","ZM",1,"L",13,"2021-07-08",NA,21,"nereo_metricsT1"
"2021-Jul","Triquetta","ZM",1,"L",10.5,"2021-07-08",NA,30,"nereo_metricsT1"
"2021-Jul","Triquetta","ZM",1,"L",10,"2021-07-08",NA,12,"nereo_metricsT1"
"2021-Jul","Triquetta","ZM",1,"R",9,"2021-07-08",NA,39,"nereo_metricsT1"
"2021-Jul","Triquetta","ZM",1,"R",8.5,"2021-07-08",NA,19,"nereo_metricsT1"
"2021-Jul","Triquetta","ZM",1,"R",8,"2021-07-08",NA,28,"nereo_metricsT1"
"2021-Jul","Triquetta","ZM",1,"R",7,"2021-07-08",NA,46,"nereo_metricsT1"
"2021-Jul","Triquetta","ZM",1,"R",6.5,"2021-07-08",NA,17,"nereo_metricsT1"
"2021-Jul","Triquetta","KH",3,"R",20,"2021-07-08",NA,31,"nereo_metricsT1"
"2021-Jul","Triquetta","KH",3,"L",19.2,"2021-07-08",NA,11,"nereo_metricsT1"
"2021-Jul","Triquetta","KH",3,"R",17.5,"2021-07-08",NA,7,"nereo_metricsT1"
"2021-Jul","Triquetta","KH",3,"R",17.5,"2021-07-08",NA,16,"nereo_metricsT1"
"2021-Jul","Triquetta","KH",3,"L",15,"2021-07-08",NA,13,"nereo_metricsT1"
"2021-Jul","Triquetta","KH",3,"L",15,"2021-07-08",NA,17,"nereo_metricsT1"
"2021-Jul","Triquetta","KH",3,"L",15,"2021-07-08",NA,19,"nereo_metricsT1"
"2021-Jul","Triquetta","KH",3,"L",10,"2021-07-08",NA,7,"nereo_metricsT1"
"2021-Jul","Triquetta","KH",3,"L",0.5,"2021-07-08",NA,10,"nereo_metricsT1"
"2021-Jul","Triquetta","KH",3,"L",4,"2021-07-08",NA,20,"nereo_metricsT1"
"2021-Jul","Triquetta","KH",3,"L",2.2,"2021-07-08",NA,25,"nereo_metricsT1"
"2021-Jul","Triquetta","DVM",2,"R",19,"2021-07-08",NA,40,"nereo_metricsT1"
"2021-Jul","Triquetta","DVM",2,"R",19,"2021-07-08",NA,20,"nereo_metricsT1"
"2021-Jul","Triquetta","DVM",2,"L",18,"2021-07-08",NA,48,"nereo_metricsT1"
"2021-Jul","Triquetta","DVM",2,"R",18,"2021-07-08",NA,14,"nereo_metricsT1"
"2021-Jul","Triquetta","DVM",2,"R",16,"2021-07-08",NA,25,"nereo_metricsT1"
"2021-Jul","Triquetta","DVM",2,"R",14,"2021-07-08",NA,17,"nereo_metricsT1"
"2021-Jul","Triquetta","DVM",2,"L",12,"2021-07-08",NA,33,"nereo_metricsT1"
"2021-Jul","Triquetta","DVM",2,"R",11,"2021-07-08",NA,16,"nereo_metricsT1"
"2021-Jul","Triquetta","DVM",2,"R",10.5,"2021-07-08",NA,47,"nereo_metricsT1"
"2021-Jul","Triquetta","DVM",2,"L",9,"2021-07-08",NA,15,"nereo_metricsT1"
"2021-Jul","Triquetta","DVM",2,"R",9,"2021-07-08",NA,16,"nereo_metricsT1"
"2021-Jul","Triquetta","DVM",2,"L",8.5,"2021-07-08",NA,9,"nereo_metricsT1"
"2021-Jul","Triquetta","DVM",2,"R",6.5,"2021-07-08",NA,13,"nereo_metricsT1"
"2021-Jul","Triquetta","DVM",2,"R",5,"2021-07-08",NA,10,"nereo_metricsT1"
"2021-Jul","Triquetta","DVM",2,"L",4,"2021-07-08",NA,28,"nereo_metricsT1"
"2021-Jul","Triquetta","ZM",1,"R",0,"2021-07-08",NA,10,"nereo_size"
"2021-Jul","Triquetta","ZM",1,"L",1.3,"2021-07-08",NA,36,"nereo_size"
"2021-Jul","Triquetta","ZM",1,"R",3.2,"2021-07-08",NA,10,"nereo_size"
"2021-Jul","Triquetta","ZM",1,"L",13.2,"2021-07-08",NA,21,"nereo_size"
"2021-Jul","Triquetta","ZM",1,"R",19,"2021-07-08",NA,17,"nereo_size"
"2021-Jul","Triquetta","DVM",2,"R",2,"2021-07-08",NA,50,"nereo_size"
"2021-Jul","Triquetta","DVM",2,"L",5,"2021-07-08",NA,20,"nereo_size"
"2021-Jul","Triquetta","DVM",2,"R",7,"2021-07-08",NA,11,"nereo_size"
"2021-Jul","Triquetta","DVM",2,"L",11.5,"2021-07-08",NA,14,"nereo_size"
"2021-Jul","Triquetta","KH",3,"L",2,"2021-07-08",NA,23,"nereo_size"
"2021-Jul","Triquetta","KH",3,"L",4,"2021-07-08",NA,28,"nereo_size"
"2021-Jul","Triquetta","KH",3,"L",7.5,"2021-07-08",NA,29,"nereo_size"
"2021-Jul","Triquetta","KH",3,"L",19,"2021-07-08",NA,50,"nereo_size"
"2021-Jul","Triquetta","KH",3,"L",17,"2021-07-08",NA,15,"nereo_size"
"2021-Jul","Triquetta","KH",3,"R",14.5,"2021-07-08",NA,50,"nereo_size"
"2021-Jul","Triquetta","GSB",1,"R",1,"2021-07-18",NA,6,"nereo_metricsT1"
"2021-Jul","Triquetta","GSB",1,"L",2,"2021-07-18",NA,5,"nereo_metricsT1"
"2021-Jul","Triquetta","GSB",1,"L",2,"2021-07-18",NA,73,"nereo_metricsT1"
"2021-Jul","Triquetta","GSB",1,NA,3,"2021-07-18",NA,30,"nereo_metricsT1"
"2021-Jul","Triquetta","GSB",1,NA,NA,"2021-07-18",NA,22,"nereo_metricsT1"
"2021-Jul","Triquetta","GSB",1,NA,NA,"2021-07-18",NA,28,"nereo_metricsT1"
"2021-Jul","Triquetta","GSB",1,NA,NA,"2021-07-18",NA,11,"nereo_metricsT1"
"2021-Jul","Triquetta","GSB",1,NA,NA,"2021-07-18",NA,43,"nereo_metricsT1"
"2021-Jul","Triquetta","GSB",1,NA,NA,"2021-07-18",NA,50,"nereo_metricsT1"
"2021-Jul","Triquetta","GSB",1,NA,NA,"2021-07-18",NA,28,"nereo_metricsT1"
"2021-Jul","Triquetta","GSB",1,NA,NA,"2021-07-18",NA,17,"nereo_metricsT1"
"2021-Jul","Triquetta","GSB",1,NA,NA,"2021-07-18",NA,21,"nereo_metricsT1"
"2021-Jul","Triquetta","GSB",1,NA,NA,"2021-07-18",NA,4,"nereo_metricsT1"
"2021-Jul","Triquetta","GSB",1,NA,NA,"2021-07-18",NA,11,"nereo_metricsT1"
"2021-Jul","Triquetta","GSB",1,NA,NA,"2021-07-18",NA,31,"nereo_metricsT1"
"2021-Jul","Triquetta","DVM",2,"R",1,"2021-07-18",NA,22,"nereo_metricsT1"
"2021-Jul","Triquetta","DVM",2,"R",2,"2021-07-18",NA,13,"nereo_metricsT1"
"2021-Jul","Triquetta","DVM",2,"R",3.5,"2021-07-18",NA,10,"nereo_metricsT1"
"2021-Jul","Triquetta","DVM",2,"L",4.5,"2021-07-18",NA,31,"nereo_metricsT1"
"2021-Jul","Triquetta","DVM",2,"R",5.5,"2021-07-18",NA,24,"nereo_metricsT1"
"2021-Jul","Triquetta","DVM",2,"R",5.5,"2021-07-18",NA,9,"nereo_metricsT1"
"2021-Jul","Triquetta","DVM",2,"R",5.5,"2021-07-18",NA,8,"nereo_metricsT1"
"2021-Jul","Triquetta","DVM",2,"R",6,"2021-07-18",NA,21,"nereo_metricsT1"
"2021-Jul","Triquetta","DVM",2,"L",8,"2021-07-18",NA,12,"nereo_metricsT1"
"2021-Jul","Triquetta","DVM",2,"L",8,"2021-07-18",NA,14,"nereo_metricsT1"
"2021-Jul","Triquetta","DVM",2,"L",8,"2021-07-18",NA,24,"nereo_metricsT1"
"2021-Jul","Triquetta","DVM",2,"R",8.5,"2021-07-18",NA,18,"nereo_metricsT1"
"2021-Jul","Triquetta","DVM",2,"R",10,"2021-07-18",NA,49,"nereo_metricsT1"
"2021-Jul","Triquetta","DVM",2,"R",11,"2021-07-18",NA,18,"nereo_metricsT1"
"2021-Jul","Triquetta","DVM",2,"R",12,"2021-07-18",NA,20,"nereo_metricsT1"
"2021-Jul","Triquetta","OP",3,NA,20,"2021-07-18",NA,5,"nereo_metricsT1"
"2021-Jul","Triquetta","OP",3,NA,20,"2021-07-18",NA,32,"nereo_metricsT1"
"2021-Jul","Triquetta","OP",3,NA,19,"2021-07-18",NA,10,"nereo_metricsT1"
"2021-Jul","Triquetta","OP",3,NA,19,"2021-07-18",NA,18,"nereo_metricsT1"
"2021-Jul","Triquetta","OP",3,NA,16,"2021-07-18",NA,10,"nereo_metricsT1"
"2021-Jul","Triquetta","OP",3,NA,16,"2021-07-18",NA,12,"nereo_metricsT1"
"2021-Jul","Triquetta","OP",3,NA,16,"2021-07-18",NA,21,"nereo_metricsT1"
"2021-Jul","Triquetta","OP",3,NA,16,"2021-07-18",NA,21,"nereo_metricsT1"
"2021-Jul","Triquetta","OP",3,NA,2,"2021-07-18",NA,29,"nereo_metricsT1"
"2021-Jul","Triquetta","OP",3,NA,5,"2021-07-18",NA,13,"nereo_metricsT1"
"2021-Jun","Owen","OP",2,"L",8.5,"2021-06-07",NA,33,"nereo_metricsT1"
"2021-Jun","Owen","OP",2,"L",11.2,"2021-06-07",NA,27,"nereo_metricsT1"
"2021-Jun","Owen","OP",2,"L",11.6,"2021-06-07",NA,24,"nereo_metricsT1"
"2021-Jun","Owen","OP",2,"L",14,"2021-06-07",NA,29,"nereo_metricsT1"
"2021-Jun","Owen","OP",2,"L",16,"2021-06-07",NA,17,"nereo_metricsT1"
"2021-Jun","Owen","OP",1,"L",7,"2021-06-07",NA,38,"nereo_metricsT1"
"2021-Jun","Owen","OP",1,"L",19.5,"2021-06-07",NA,18,"nereo_metricsT1"
"2021-Jun","Owen","OP",1,"L",17,"2021-06-07",NA,35,"nereo_metricsT1"
"2021-Jun","Owen","OP",1,"L",13.6,"2021-06-07",NA,15,"nereo_metricsT1"
"2021-Jun","Owen","OP",1,"L",11,"2021-06-07",NA,35,"nereo_metricsT1"
"2021-Jun","Owen","OP",3,"L",16,"2021-06-07",NA,29,"nereo_metricsT1"
"2021-Jun","Owen","OP",3,"L",14,"2021-06-07",NA,14,"nereo_metricsT1"
"2021-Jun","Owen","OP",3,"L",8.2,"2021-06-07",NA,38,"nereo_metricsT1"
"2021-Jun","Owen","KH",2,"R",8,"2021-06-07",NA,25,"nereo_metricsT1"
"2021-Jun","Owen","KH",2,"R",5,"2021-06-07",NA,29,"nereo_metricsT1"
"2021-Jun","Owen","KH",2,"R",4,"2021-06-07",NA,33,"nereo_metricsT1"
"2021-Jun","Owen","KH",2,"R",6,"2021-06-07",NA,30,"nereo_metricsT1"
"2021-Jun","Owen","KH",2,"R",0,"2021-06-07",NA,35,"nereo_metricsT1"
"2021-Jun","Owen","KH",1,"R",1.5,"2021-06-07",NA,12,"nereo_metricsT1"
"2021-Jun","Owen","KH",1,"R",5,"2021-06-07",NA,22,"nereo_metricsT1"
"2021-Jun","Owen","KH",1,"R",11,"2021-06-07",NA,28,"nereo_metricsT1"
"2021-Jun","Owen","KH",1,"R",19.8,"2021-06-07",NA,43,"nereo_metricsT1"
"2021-Jun","Owen","KH",1,"R",0,"2021-06-07",NA,28,"nereo_metricsT1"
"2021-Jun","Owen","KH",3,"R",11,"2021-06-07",NA,31,"nereo_metricsT1"
"2021-Jun","Owen","KH",3,"R",9.5,"2021-06-07",NA,41,"nereo_metricsT1"
"2021-Jun","Owen","KH",3,"R",6,"2021-06-07",NA,17,"nereo_metricsT1"
"2021-Jun","Owen","OP",2,"L",19.9,"2021-06-07",87.2,31,"nereo_metricsT1"
"2021-Jun","Owen","OP",2,"L",19,"2021-06-07",86.2,20,"nereo_metricsT1"
"2021-Jun","Owen","OP",2,"L",15.2,"2021-06-07",85.2,33,"nereo_metricsT1"
"2021-Jun","Owen","OP",1,"R",0,"2021-06-07",92.2,27,"nereo_metricsT1"
"2021-Jun","Owen","OP",1,"L",2,"2021-06-07",90.2,20,"nereo_metricsT1"
"2021-Jun","Owen","OP",1,"L",6.8,"2021-06-07",89.2,28,"nereo_metricsT1"
"2021-Jun","Owen","OP",3,"L",9.2,"2021-06-07",88.2,30,"nereo_metricsT1"
"2021-Jun","Owen","MA",2,"R",19.1,"2021-06-07",96.2,23,"nereo_metricsT1"
"2021-Jun","Owen","MA",2,"R",18.9,"2021-06-07",95.2,22,"nereo_metricsT1"
"2021-Jun","Owen","MA",2,"R",16.5,"2021-06-07",94.2,32,"nereo_metricsT1"
"2021-Jun","Owen","MA",2,"R",14.3,"2021-06-07",93.2,46,"nereo_metricsT1"
"2021-Jun","Owen","MA",1,"R",1.9,"2021-06-07",83.2,31,"nereo_metricsT1"
"2021-Jun","Owen","MA",1,"R",4.5,"2021-06-07",82.2,31,"nereo_metricsT1"
"2021-Jun","Owen","MA",1,"R",16,"2021-06-07",81.2,42,"nereo_metricsT1"
"2021-Jun","Owen","MA",3,"R",12,"2021-06-07",80.2,37,"nereo_metricsT1"
"2021-Jun","Owen","OP",2,"L",19.9,"2021-06-10",NA,31,"nereo_size"
"2021-Jun","Owen","OP",2,"L",19,"2021-06-10",NA,20,"nereo_size"
"2021-Jun","Owen","OP",2,"L",15.2,"2021-06-10",NA,33,"nereo_size"
"2021-Jun","Owen","OP",1,"R",0,"2021-06-10",NA,27,"nereo_size"
"2021-Jun","Owen","OP",1,"L",2,"2021-06-10",NA,20,"nereo_size"
"2021-Jun","Owen","OP",1,"L",6.8,"2021-06-10",NA,28,"nereo_size"
"2021-Jun","Owen","OP",3,"L",9.2,"2021-06-10",NA,30,"nereo_size"
"2021-Jun","Owen","MA",2,"R",19.1,"2021-06-10",NA,23,"nereo_size"
"2021-Jun","Owen","MA",2,"R",18.9,"2021-06-10",NA,22,"nereo_size"
"2021-Jun","Owen","MA",2,"R",16.5,"2021-06-10",NA,32,"nereo_size"
"2021-Jun","Owen","MA",2,"R",14.3,"2021-06-10",NA,46,"nereo_size"
"2021-Jun","Owen","MA",1,"R",1.9,"2021-06-10",NA,31,"nereo_size"
"2021-Jun","Owen","MA",1,"R",4.5,"2021-06-10",NA,31,"nereo_size"
"2021-Jun","Owen","MA",1,"R",16,"2021-06-10",NA,42,"nereo_size"
"2021-Jun","Owen","MA",3,"R",12,"2021-06-10",NA,37,"nereo_size"
"2022-Aug","Owen","OP",2,NA,NA,"2022-08-02",NA,41,"nereo_size"
"2022-Aug","Owen","OP",2,NA,NA,"2022-08-02",NA,34,"nereo_size"
"2022-Aug","Owen","OP",2,NA,NA,"2022-08-02",NA,41,"nereo_size"
"2022-Aug","Owen","OP",2,NA,NA,"2022-08-02",NA,18,"nereo_size"
"2022-Aug","Owen","OP",2,NA,NA,"2022-08-02",NA,24,"nereo_size"
"2022-Aug","Owen","OP",2,NA,NA,"2022-08-02",NA,35,"nereo_size"
"2022-Aug","Owen","OP",2,NA,NA,"2022-08-02",NA,20,"nereo_size"
"2022-Aug","Owen","OP",2,NA,NA,"2022-08-02",NA,38,"nereo_size"
"2022-Aug","Owen","OP",2,NA,NA,"2022-08-02",NA,41,"nereo_size"
"2022-Aug","Owen","OP",2,NA,NA,"2022-08-02",NA,40,"nereo_size"
"2022-Aug","Owen","OP",2,NA,NA,"2022-08-02",NA,41,"nereo_size"
"2022-Aug","Owen","OP",2,NA,NA,"2022-08-02",NA,44,"nereo_size"
"2022-Aug","Owen","OP",2,NA,NA,"2022-08-02",NA,22,"nereo_size"
"2022-Aug","Owen","OP",2,NA,NA,"2022-08-02",NA,25,"nereo_size"
"2022-Aug","Owen","OP",2,NA,NA,"2022-08-02",NA,31,"nereo_size"
"2022-Aug","Owen","OP",2,NA,NA,"2022-08-02",NA,28,"nereo_size"
"2022-Aug","Owen","OP",2,NA,NA,"2022-08-02",NA,42,"nereo_size"
"2022-Aug","Owen","OR",3,NA,NA,"2022-08-02",NA,38,"nereo_size"
"2022-Aug","Owen","KH",3,NA,NA,"2022-08-02",NA,35,"nereo_size"
"2022-Aug","Owen","KH",3,NA,NA,"2022-08-02",NA,48,"nereo_size"
"2022-Aug","Owen","KH",3,NA,NA,"2022-08-02",NA,26,"nereo_size"
"2022-Aug","Owen","KH",3,NA,NA,"2022-08-02",NA,41,"nereo_size"
"2022-Aug","Owen","KH",3,NA,NA,"2022-08-02",NA,44,"nereo_size"
"2022-Aug","Owen","KH",3,NA,NA,"2022-08-02",NA,36,"nereo_size"
"2022-Aug","Owen","KH",3,NA,NA,"2022-08-02",NA,31,"nereo_size"
"2022-Aug","Owen","KH",3,NA,NA,"2022-08-02",NA,40,"nereo_size"
"2022-Aug","Owen","KH",3,NA,NA,"2022-08-02",NA,36,"nereo_size"
"2022-Aug","Owen","KH",3,NA,NA,"2022-08-02",NA,38,"nereo_size"
"2022-Aug","Owen","KH",3,NA,NA,"2022-08-02",NA,21,"nereo_size"
"2022-Aug","Owen","KH",3,NA,NA,"2022-08-02",NA,25,"nereo_size"
"2022-Aug","Owen","KH",3,NA,NA,"2022-08-02",NA,30,"nereo_size"
"2022-Aug","Owen","KH",3,NA,NA,"2022-08-02",NA,48,"nereo_size"
"2022-Aug","Owen","KH",3,NA,NA,"2022-08-02",NA,29,"nereo_size"
"2022-Aug","Owen","KH",1,NA,NA,"2022-08-02",NA,30,"nereo_size"
"2022-Aug","Owen","KH",1,NA,NA,"2022-08-02",NA,26,"nereo_size"
"2022-Aug","Owen","KH",1,NA,NA,"2022-08-02",NA,23,"nereo_size"
"2022-Aug","Owen","KH",1,NA,NA,"2022-08-02",NA,28,"nereo_size"
"2022-Aug","Owen","KH",1,NA,NA,"2022-08-02",NA,26,"nereo_size"
"2022-Aug","Owen","KH",1,NA,NA,"2022-08-02",NA,25,"nereo_size"
"2022-Aug","Owen","KH",1,NA,NA,"2022-08-02",NA,27,"nereo_size"
"2022-Aug","Owen","KH",1,NA,NA,"2022-08-02",NA,35,"nereo_size"
"2022-Aug","Owen","KH",1,NA,NA,"2022-08-02",NA,19,"nereo_size"
"2022-Aug","Owen","KH",1,NA,NA,"2022-08-02",NA,32,"nereo_size"
"2022-Aug","Owen","KH",1,NA,NA,"2022-08-02",NA,31,"nereo_size"
"2022-Aug","Owen","KH",1,NA,NA,"2022-08-02",NA,26,"nereo_size"
"2022-Aug","Owen","KH",1,NA,NA,"2022-08-02",NA,29,"nereo_size"
"2022-Aug","Owen","KH",1,NA,NA,"2022-08-02",NA,27,"nereo_size"
"2022-Aug","Owen","KH",1,NA,NA,"2022-08-02",NA,26,"nereo_size"
"2022-Aug","Owen","OP/KP",NA,NA,NA,"2022-08-25",NA,33,"nereo_size"
"2022-Aug","Owen","OP/KP",NA,NA,NA,"2022-08-25",NA,44,"nereo_size"
"2022-Aug","Owen","OP/KP",NA,NA,NA,"2022-08-25",NA,37,"nereo_size"
"2022-Aug","Owen","OP/KP",NA,NA,NA,"2022-08-25",NA,50,"nereo_size"
"2022-Aug","Owen","OP/KP",NA,NA,NA,"2022-08-25",NA,41,"nereo_size"
"2022-Aug","Owen","OP/KP",NA,NA,NA,"2022-08-25",NA,30,"nereo_size"
"2022-Aug","Owen","OP/KP",NA,NA,NA,"2022-08-25",NA,32,"nereo_size"
"2022-Aug","Owen","OP/KP",NA,NA,NA,"2022-08-25",NA,33,"nereo_size"
"2022-Jul","Breaker","OP",3,NA,NA,"2022-07-10",NA,15,"nereo_size"
"2022-Jul","Breaker","OP",3,NA,NA,"2022-07-10",NA,16,"nereo_size"
"2022-Jul","Breaker","OP",3,NA,NA,"2022-07-10",NA,22,"nereo_size"
"2022-Jul","Breaker","OP",3,NA,NA,"2022-07-10",NA,26,"nereo_size"
"2022-Jul","Breaker","OP",3,NA,NA,"2022-07-10",NA,28,"nereo_size"
"2022-Jul","Breaker","OP",3,NA,NA,"2022-07-10",NA,24,"nereo_size"
"2022-Jul","Breaker","OP",3,NA,NA,"2022-07-10",NA,32,"nereo_size"
"2022-Jul","Breaker","OP",3,NA,NA,"2022-07-10",NA,16,"nereo_size"
"2022-Jul","Breaker","OP",3,NA,NA,"2022-07-10",NA,34,"nereo_size"
"2022-Jul","Breaker","OP",3,NA,NA,"2022-07-10",NA,41,"nereo_size"
"2022-Jul","Breaker","OP",3,NA,NA,"2022-07-10",NA,14,"nereo_size"
"2022-Jul","Breaker","OP",3,NA,NA,"2022-07-10",NA,22,"nereo_size"
"2022-Jul","Breaker","OP",3,NA,NA,"2022-07-10",NA,27,"nereo_size"
"2022-Jul","Breaker","OP",3,NA,NA,"2022-07-10",NA,34,"nereo_size"
"2022-Jul","Breaker","OP",3,NA,NA,"2022-07-10",NA,39,"nereo_size"
"2022-Jul","Breaker","OP",3,NA,NA,"2022-07-10",NA,47,"nereo_size"
"2022-Jul","Breaker","OP",3,NA,NA,"2022-07-10",NA,47,"nereo_size"
"2022-Jul","Breaker","OP",3,NA,NA,"2022-07-10",NA,26,"nereo_size"
"2022-Jul","Breaker","OP",2,NA,NA,"2022-07-10",NA,26,"nereo_size"
"2022-Jul","Breaker","OP",2,NA,NA,"2022-07-10",NA,40,"nereo_size"
"2022-Jul","Breaker","OP",2,NA,NA,"2022-07-10",NA,31,"nereo_size"
"2022-Jul","Breaker","OP",2,NA,NA,"2022-07-10",NA,47,"nereo_size"
"2022-Jul","Breaker","OP",2,NA,NA,"2022-07-10",NA,44,"nereo_size"
"2022-Jul","Breaker","OP",2,NA,NA,"2022-07-10",NA,50,"nereo_size"
"2022-Jul","Breaker","OP",2,NA,NA,"2022-07-10",NA,52,"nereo_size"
"2022-Jul","Breaker","OP",2,NA,NA,"2022-07-10",NA,57,"nereo_size"
"2022-Jul","Breaker","OP",2,NA,NA,"2022-07-10",NA,20,"nereo_size"
"2022-Jul","Breaker","OP",2,NA,NA,"2022-07-10",NA,17,"nereo_size"
"2022-Jul","Breaker","OP",2,NA,NA,"2022-07-10",NA,9,"nereo_size"
"2022-Jul","Breaker","OP",2,NA,NA,"2022-07-10",NA,18,"nereo_size"
"2022-Jul","Breaker","OP",2,NA,NA,"2022-07-10",NA,15,"nereo_size"
"2022-Jul","Breaker","DVM",2,NA,NA,"2022-07-10",NA,40,"nereo_size"
"2022-Jul","Breaker","DVM",2,NA,NA,"2022-07-10",NA,21,"nereo_size"
"2022-Jul","Breaker","DVM",2,NA,NA,"2022-07-10",NA,24,"nereo_size"
"2022-Jul","Breaker","DVM",2,NA,NA,"2022-07-10",NA,32,"nereo_size"
"2022-Jul","Breaker","DVM",2,NA,NA,"2022-07-10",NA,45,"nereo_size"
"2022-Jul","Breaker","DVM",2,NA,NA,"2022-07-10",NA,51,"nereo_size"
"2022-Jul","Breaker","DVM",2,NA,NA,"2022-07-10",NA,36,"nereo_size"
"2022-Jul","Breaker","DVM",2,NA,NA,"2022-07-10",NA,38,"nereo_size"
"2022-Jul","Breaker","DVM",2,NA,NA,"2022-07-10",NA,34,"nereo_size"
"2022-Jul","Breaker","DVM",2,NA,NA,"2022-07-10",NA,44,"nereo_size"
"2022-Jul","Breaker","DVM",2,NA,NA,"2022-07-10",NA,52,"nereo_size"
"2022-Jul","Breaker","DVM",2,NA,NA,"2022-07-10",NA,22,"nereo_size"
"2022-Jul","Breaker","DVM",2,NA,NA,"2022-07-10",NA,41,"nereo_size"
"2022-Jul","Breaker","DVM",2,NA,NA,"2022-07-10",NA,27,"nereo_size"
"2022-Jul","Breaker","DVM",2,NA,NA,"2022-07-10",NA,20,"nereo_size"
"2022-Jul","Breaker","DVM",1,NA,NA,"2022-07-10",NA,16,"nereo_size"
"2022-Jul","Breaker","DVM",1,NA,NA,"2022-07-10",NA,24,"nereo_size"
"2022-Jul","Breaker","DVM",1,NA,NA,"2022-07-10",NA,22,"nereo_size"
"2022-Jul","Breaker","DVM",1,NA,NA,"2022-07-10",NA,25,"nereo_size"
"2022-Jul","Breaker","DVM",1,NA,NA,"2022-07-10",NA,32,"nereo_size"
"2022-Jul","Breaker","DVM",1,NA,NA,"2022-07-10",NA,9,"nereo_size"
"2022-Jul","Breaker","DVM",1,NA,NA,"2022-07-10",NA,14,"nereo_size"
"2022-Jul","Breaker","DVM",1,NA,NA,"2022-07-10",NA,24,"nereo_size"
"2022-Jul","Breaker","DVM",1,NA,NA,"2022-07-10",NA,19,"nereo_size"
"2022-Jul","Breaker","DVM",1,NA,NA,"2022-07-10",NA,42,"nereo_size"
"2022-Jul","Breaker","DVM",1,NA,NA,"2022-07-10",NA,49,"nereo_size"
"2022-Jul","Breaker","DVM",1,NA,NA,"2022-07-10",NA,19,"nereo_size"
"2022-Jul","Breaker","DVM",1,NA,NA,"2022-07-10",NA,44,"nereo_size"
"2022-Jul","Breaker","DVM",1,NA,NA,"2022-07-10",NA,42,"nereo_size"
"2022-Jul","Breaker","DVM",1,NA,NA,"2022-07-10",NA,42,"nereo_size"
"2022-Jul","Breaker","DVM",1,NA,NA,"2022-07-10",NA,10,"nereo_size"
"2022-Jul","Breaker","DVM",1,NA,NA,"2022-07-10",NA,10,"nereo_size"
"2022-Jul","Breaker","DVM",1,NA,NA,"2022-07-10",NA,13,"nereo_size"
"2022-Jul","Breaker","DVM",1,NA,NA,"2022-07-10",NA,26,"nereo_size"
"2022-Jul","Breaker","DVM",1,NA,NA,"2022-07-10",NA,43,"nereo_size"
"2022-Jul","Breaker","DVM",1,NA,NA,"2022-07-10",NA,17,"nereo_size"
"2022-Jul","Breaker","DVM",1,NA,NA,"2022-07-10",NA,12,"nereo_size"
"2022-Jul","Breaker","DVM",1,NA,NA,"2022-07-10",NA,18,"nereo_size"
"2022-Jul","Breaker","DVM",1,NA,NA,"2022-07-10",NA,19,"nereo_size"
"2022-Jul","Breaker","DVM",1,NA,NA,"2022-07-10",NA,34,"nereo_size"
"2022-Jul","Breaker","DVM",1,NA,NA,"2022-07-10",NA,14,"nereo_size"
"2022-Jul","Breaker","DVM",1,NA,NA,"2022-07-10",NA,15,"nereo_size"
"2022-Jul","Breaker","DVM",1,NA,NA,"2022-07-10",NA,23,"nereo_size"
"2022-Jul","Breaker","BT/KH",2,"L",1,"2022-07-13",2572.5,39,"nereo_metricsT2"
"2022-Jul","Breaker","BT/KH",2,"L",3,"2022-07-13",1897,52,"nereo_metricsT2"
"2022-Jul","Breaker","BT/KH",2,"R",8,"2022-07-13",2557,47,"nereo_metricsT2"
"2022-Jul","Breaker","BT/KH",2,"L",11,"2022-07-13",2572,21,"nereo_metricsT2"
"2022-Jul","Breaker","BT/KH",2,"R",13,"2022-07-13",2547,50,"nereo_metricsT2"
"2022-Jul","Breaker","BT/KH",2,"L",19,"2022-07-13",2509,38,"nereo_metricsT2"
"2022-Jul","Breaker","BT/KH",3,"R",19,"2022-07-13",2022,19,"nereo_metricsT2"
"2022-Jul","Breaker","BT/KH",3,"L",14,"2022-07-13",1784,21,"nereo_metricsT2"
"2022-Jul","Breaker","OP/DVM",1,"R",0,"2022-07-13",2668,26,"nereo_metricsT2"
"2022-Jul","Breaker","OP/DVM",1,"L",3,"2022-07-13",2070,48,"nereo_metricsT2"
"2022-Jul","Breaker","OP/DVM",1,"L",5,"2022-07-13",2673,35,"nereo_metricsT2"
"2022-Jul","Breaker","OP/DVM",1,"L",6,"2022-07-13",1833,17,"nereo_metricsT2"
"2022-Jul","Breaker","OP/DVM",1,"L",6,"2022-07-13",2561,39,"nereo_metricsT2"
"2022-Jul","Breaker","OP/DVM",1,"R",8,"2022-07-13",2665,54,"nereo_metricsT2"
"2022-Jul","Breaker","OP/DVM",1,"L",15,"2022-07-13",215,14,"nereo_metricsT2"
"2022-Jul","Breaker","OP/DVM",1,"L",18,"2022-07-13",202,28,"nereo_metricsT2"
"2022-Jul","Breaker","BT/KH",2,"L",1,"2022-07-24",2572.5,41,"nereo_metricsT3"
"2022-Jul","Breaker","BT/KH",2,"L",3,"2022-07-24",1897,54,"nereo_metricsT3"
"2022-Jul","Breaker","BT/KH",2,"R",8,"2022-07-24",2557,51,"nereo_metricsT3"
"2022-Jul","Breaker","BT/KH",2,"L",11,"2022-07-24",2572,30,"nereo_metricsT3"
"2022-Jul","Breaker","BT/KH",2,"R",13,"2022-07-24",2547,55,"nereo_metricsT3"
"2022-Jul","Breaker","BT/KH",2,"L",19,"2022-07-24",2509,40,"nereo_metricsT3"
"2022-Jul","Breaker","OP/DVM",1,"R",0,"2022-07-24",2668,30,"nereo_metricsT3"
"2022-Jul","Breaker","OP/DVM",1,"L",3,"2022-07-24",2070,50,"nereo_metricsT3"
"2022-Jul","Breaker","OP/DVM",1,"L",5,"2022-07-24",2673,37,"nereo_metricsT3"
"2022-Jul","Breaker","OP/DVM",1,"L",6,"2022-07-24",2561,41,"nereo_metricsT3"
"2022-Jul","Breaker","OP/DVM",1,"R",8,"2022-07-24",2665,54,"nereo_metricsT3"
"2022-Jul","Breaker","OP/DVM",1,"L",18,"2022-07-24",202,37,"nereo_metricsT3"
"2022-Jul","Manley","OP",3,NA,NA,"2022-07-10",NA,19,"nereo_size"
"2022-Jul","Manley","OP",3,NA,NA,"2022-07-10",NA,11,"nereo_size"
"2022-Jul","Manley","OP",3,NA,NA,"2022-07-10",NA,17,"nereo_size"
"2022-Jul","Manley","OP",3,NA,NA,"2022-07-10",NA,27,"nereo_size"
"2022-Jul","Manley","OP",3,NA,NA,"2022-07-10",NA,44,"nereo_size"
"2022-Jul","Manley","OP",3,NA,NA,"2022-07-10",NA,22,"nereo_size"
"2022-Jul","Manley","OP",3,NA,NA,"2022-07-10",NA,29,"nereo_size"
"2022-Jul","Manley","OP",3,NA,NA,"2022-07-10",NA,41,"nereo_size"
"2022-Jul","Manley","OP",3,NA,NA,"2022-07-10",NA,30,"nereo_size"
"2022-Jul","Manley","OP",3,NA,NA,"2022-07-10",NA,32,"nereo_size"
"2022-Jul","Manley","OP",3,NA,NA,"2022-07-10",NA,26,"nereo_size"
"2022-Jul","Manley","OP",3,NA,NA,"2022-07-10",NA,25,"nereo_size"
"2022-Jul","Manley","OP",3,NA,NA,"2022-07-10",NA,34,"nereo_size"
"2022-Jul","Manley","OP",3,NA,NA,"2022-07-10",NA,36,"nereo_size"
"2022-Jul","Manley","OP",3,NA,NA,"2022-07-10",NA,45,"nereo_size"
"2022-Jul","Manley","OP",3,NA,NA,"2022-07-10",NA,29,"nereo_size"
"2022-Jul","Manley","OP",3,NA,NA,"2022-07-10",NA,36,"nereo_size"
"2022-Jul","Manley","DVM",1,NA,NA,"2022-07-10",NA,25,"nereo_size"
"2022-Jul","Manley","DVM",1,NA,NA,"2022-07-10",NA,35,"nereo_size"
"2022-Jul","Manley","DVM",1,NA,NA,"2022-07-10",NA,16,"nereo_size"
"2022-Jul","Manley","DVM",1,NA,NA,"2022-07-10",NA,25,"nereo_size"
"2022-Jul","Manley","DVM",1,NA,NA,"2022-07-10",NA,15,"nereo_size"
"2022-Jul","Manley","DVM",1,NA,NA,"2022-07-10",NA,25,"nereo_size"
"2022-Jul","Manley","DVM",1,NA,NA,"2022-07-10",NA,32,"nereo_size"
"2022-Jul","Manley","DVM",1,NA,NA,"2022-07-10",NA,25,"nereo_size"
"2022-Jul","Manley","DVM",1,NA,NA,"2022-07-10",NA,11,"nereo_size"
"2022-Jul","Manley","DVM",1,NA,NA,"2022-07-10",NA,44,"nereo_size"
"2022-Jul","Manley","DVM",1,NA,NA,"2022-07-10",NA,12,"nereo_size"
"2022-Jul","Manley","DVM",1,NA,NA,"2022-07-10",NA,21,"nereo_size"
"2022-Jul","Manley","DVM",1,NA,NA,"2022-07-10",NA,20,"nereo_size"
"2022-Jul","Manley","DVM",1,NA,NA,"2022-07-10",NA,6,"nereo_size"
"2022-Jul","Manley","DVM",1,NA,NA,"2022-07-10",NA,18,"nereo_size"
"2022-Jul","Manley","DVM",1,NA,NA,"2022-07-10",NA,12,"nereo_size"
"2022-Jul","Manley","DVM",1,NA,NA,"2022-07-10",NA,29,"nereo_size"
"2022-Jul","Manley","DVM",1,NA,NA,"2022-07-10",NA,16,"nereo_size"
"2022-Jul","Manley","DVM",1,NA,NA,"2022-07-10",NA,14,"nereo_size"
"2022-Jul","Manley","DVM",1,NA,NA,"2022-07-10",NA,12,"nereo_size"
"2022-Jul","Manley","DVM",1,NA,NA,"2022-07-10",NA,32,"nereo_size"
"2022-Jul","Manley","DVM",1,NA,NA,"2022-07-10",NA,19,"nereo_size"
"2022-Jul","Manley","DVM",1,NA,NA,"2022-07-10",NA,18,"nereo_size"
"2022-Jul","Manley","DVM",1,NA,NA,"2022-07-10",NA,19,"nereo_size"
"2022-Jul","Manley","DVM",1,NA,NA,"2022-07-10",NA,24,"nereo_size"
"2022-Jul","Manley","DVM",1,NA,NA,"2022-07-10",NA,14,"nereo_size"
"2022-Jul","Manley","DVM",2,NA,NA,"2022-07-10",NA,23,"nereo_size"
"2022-Jul","Manley","DVM",2,NA,NA,"2022-07-10",NA,20,"nereo_size"
"2022-Jul","Manley","DVM",2,NA,NA,"2022-07-10",NA,35,"nereo_size"
"2022-Jul","Manley","DVM",2,NA,NA,"2022-07-10",NA,31,"nereo_size"
"2022-Jul","Manley","DVM",2,NA,NA,"2022-07-10",NA,27,"nereo_size"
"2022-Jul","Manley","DVM",2,NA,NA,"2022-07-10",NA,39,"nereo_size"
"2022-Jul","Manley","DVM",2,NA,NA,"2022-07-10",NA,26,"nereo_size"
"2022-Jul","Manley","DVM",2,NA,NA,"2022-07-10",NA,12,"nereo_size"
"2022-Jul","Manley","DVM",2,NA,NA,"2022-07-10",NA,17,"nereo_size"
"2022-Jul","Manley","DVM",2,NA,NA,"2022-07-10",NA,13,"nereo_size"
"2022-Jul","Manley","DVM",2,NA,NA,"2022-07-10",NA,40,"nereo_size"
"2022-Jul","Manley","DVM",2,NA,NA,"2022-07-10",NA,28,"nereo_size"
"2022-Jul","Manley","DVM",2,NA,NA,"2022-07-10",NA,14,"nereo_size"
"2022-Jul","Manley","DVM",2,NA,NA,"2022-07-10",NA,26,"nereo_size"
"2022-Jul","Manley","DVM",2,NA,NA,"2022-07-10",NA,21,"nereo_size"
"2022-Jul","Manley","OP/DVM",1,"R",1,"2022-07-13",1697,16,"nereo_metricsT2"
"2022-Jul","Manley","OP/DVM",1,"L",8,"2022-07-13",2571,10,"nereo_metricsT2"
"2022-Jul","Manley","OP/DVM",1,"L",8.1,"2022-07-13",1891,18,"nereo_metricsT2"
"2022-Jul","Manley","OP/DVM",1,"R",11,"2022-07-13",212,24,"nereo_metricsT2"
"2022-Jul","Manley","OP/DVM",1,"L",14,"2022-07-13",201,23,"nereo_metricsT2"
"2022-Jul","Manley","OP/DVM",1,"L",14.5,"2022-07-13",210,33,"nereo_metricsT2"
"2022-Jul","Manley","OP/DVM",1,"R",17,"2022-07-13",206,11,"nereo_metricsT2"
"2022-Jul","Manley","OP/DVM",1,"L",17,"2022-07-13",203,21,"nereo_metricsT2"
"2022-Jul","Manley","BT/KH",2,"R",18,"2022-07-13",2574,49,"nereo_metricsT2"
"2022-Jul","Manley","BT/KH",2,"R",17,"2022-07-13",2560,30,"nereo_metricsT2"
"2022-Jul","Manley","BT/KH",2,"L",14,"2022-07-13",2591,39,"nereo_metricsT2"
"2022-Jul","Manley","BT/KH",2,"R",11.5,"2022-07-13",2590,46,"nereo_metricsT2"
"2022-Jul","Manley","BT/KH",2,"L",9,"2022-07-13",286,4,"nereo_metricsT2"
"2022-Jul","Manley","BT/KH",3,"L",8.5,"2022-07-13",2080,31,"nereo_metricsT2"
"2022-Jul","Manley","BT/KH",3,"L",12,"2022-07-13",2579,35,"nereo_metricsT2"
"2022-Jul","Manley","BT/KH",3,"L",18.5,"2022-07-13",2554,34,"nereo_metricsT2"
"2022-Jul","Manley","OP/DVM",1,"R",1,"2022-07-24",1697,17,"nereo_metricsT3"
"2022-Jul","Manley","OP/DVM",1,"L",8.1,"2022-07-24",1891,19,"nereo_metricsT3"
"2022-Jul","Manley","OP/DVM",1,"R",11,"2022-07-24",212,26,"nereo_metricsT3"
"2022-Jul","Manley","OP/DVM",1,"L",14,"2022-07-24",201,26,"nereo_metricsT3"
"2022-Jul","Manley","OP/DVM",1,"L",14.5,"2022-07-24",210,34,"nereo_metricsT3"
"2022-Jul","Manley","OP/DVM",1,"R",17,"2022-07-24",206,12,"nereo_metricsT3"
"2022-Jul","Manley","OP/DVM",1,"L",17,"2022-07-24",203,22,"nereo_metricsT3"
"2022-Jul","Manley","BT/KH",2,"R",18,"2022-07-24",2574,51,"nereo_metricsT3"
"2022-Jul","Manley","BT/KH",2,"R",17,"2022-07-24",2560,32,"nereo_metricsT3"
"2022-Jul","Manley","BT/KH",2,"L",14,"2022-07-24",2591,39,"nereo_metricsT3"
"2022-Jul","Manley","BT/KH",2,"R",11.5,"2022-07-24",2590,54,"nereo_metricsT3"
"2022-Jul","Manley","BT/KH",3,"L",8.5,"2022-07-24",2080,30,"nereo_metricsT3"
"2022-Jul","Manley","BT/KH",3,"L",12,"2022-07-24",2579,34,"nereo_metricsT3"
"2022-Jul","Manley","BT/KH",3,"L",18.5,"2022-07-24",2554,33,"nereo_metricsT3"
"2022-Jul","North","LL/DVM",NA,NA,NA,"2022-07-14",2587,34,"nereo_metricsT2"
"2022-Jul","North","LL/DVM",NA,NA,NA,"2022-07-14",2562,43,"nereo_metricsT2"
"2022-Jul","North","LL/DVM",NA,NA,NA,"2022-07-14",205,30,"nereo_metricsT2"
"2022-Jul","North","LL/DVM",NA,NA,NA,"2022-07-14",216,41,"nereo_metricsT2"
"2022-Jul","North","LL/DVM",NA,NA,NA,"2022-07-14",209,39,"nereo_metricsT2"
"2022-Jul","North","LL/DVM",NA,NA,NA,"2022-07-14",2001,28,"nereo_metricsT2"
"2022-Jul","North","LL/DVM",NA,NA,NA,"2022-07-14",1803,44,"nereo_metricsT2"
"2022-Jul","North","LL/DVM",NA,NA,NA,"2022-07-14",2134,47,"nereo_metricsT2"
"2022-Jul","North","BT/KH",NA,NA,NA,"2022-07-14",2540,48,"nereo_metricsT2"
"2022-Jul","North","BT/KH",NA,NA,NA,"2022-07-14",2580,45,"nereo_metricsT2"
"2022-Jul","North","BT/KH",NA,NA,NA,"2022-07-14",1937,46,"nereo_metricsT2"
"2022-Jul","North","BT/KH",NA,NA,NA,"2022-07-14",1969,47,"nereo_metricsT2"
"2022-Jul","North","BT/KH",NA,NA,NA,"2022-07-14",2070,41,"nereo_metricsT2"
"2022-Jul","North","BT/KH",NA,NA,NA,"2022-07-14",2565,30,"nereo_metricsT2"
"2022-Jul","North","BT/KH",NA,NA,NA,"2022-07-14",1825,41,"nereo_metricsT2"
"2022-Jul","North","BT/KH",NA,NA,NA,"2022-07-14",1714,46,"nereo_metricsT2"
"2022-Jul","North","LL/DVM",NA,NA,NA,"2022-07-24",2587,39,"nereo_metricsT3"
"2022-Jul","North","LL/DVM",NA,NA,NA,"2022-07-24",2562,45,"nereo_metricsT3"
"2022-Jul","North","LL/DVM",NA,NA,NA,"2022-07-24",209,46,"nereo_metricsT3"
"2022-Jul","North","LL/DVM",NA,NA,NA,"2022-07-24",2001,34,"nereo_metricsT3"
"2022-Jul","North","LL/DVM",NA,NA,NA,"2022-07-24",1803,49,"nereo_metricsT3"
"2022-Jul","North","LL/DVM",NA,NA,NA,"2022-07-24",2134,52,"nereo_metricsT3"
"2022-Jul","North","BT/KH",NA,NA,NA,"2022-07-24",2540,52,"nereo_metricsT3"
"2022-Jul","North","BT/KH",NA,NA,NA,"2022-07-24",2070,43,"nereo_metricsT3"
"2022-Jul","North","BT/KH",NA,NA,NA,"2022-07-24",2565,41,"nereo_metricsT3"
"2022-Jul","North","BT/KH",NA,NA,NA,"2022-07-24",1825,41,"nereo_metricsT3"
"2022-Jul","North","BT/KH",NA,NA,NA,"2022-07-24",1714,48,"nereo_metricsT3"
"2022-Jul","Ratatouille","KH",2,NA,NA,"2022-07-12",NA,11,"nereo_size"
"2022-Jul","Ratatouille","KH",2,NA,NA,"2022-07-12",NA,36,"nereo_size"
"2022-Jul","Ratatouille","KH",2,NA,NA,"2022-07-12",NA,41,"nereo_size"
"2022-Jul","Ratatouille","KH",2,NA,NA,"2022-07-12",NA,27,"nereo_size"
"2022-Jul","Ratatouille","KH",2,NA,NA,"2022-07-12",NA,22,"nereo_size"
"2022-Jul","Ratatouille","KH",2,NA,NA,"2022-07-12",NA,33,"nereo_size"
"2022-Jul","Ratatouille","KH",2,NA,NA,"2022-07-12",NA,62,"nereo_size"
"2022-Jul","Ratatouille","KH",2,NA,NA,"2022-07-12",NA,30,"nereo_size"
"2022-Jul","Ratatouille","KH",2,NA,NA,"2022-07-12",NA,35,"nereo_size"
"2022-Jul","Ratatouille","KH",2,NA,NA,"2022-07-12",NA,9,"nereo_size"
"2022-Jul","Ratatouille","KH",2,NA,NA,"2022-07-12",NA,43,"nereo_size"
"2022-Jul","Ratatouille","KH",2,NA,NA,"2022-07-12",NA,17,"nereo_size"
"2022-Jul","Ratatouille","KH",2,NA,NA,"2022-07-12",NA,18,"nereo_size"
"2022-Jul","Ratatouille","KH",2,NA,NA,"2022-07-12",NA,27,"nereo_size"
"2022-Jul","Ratatouille","KH",2,NA,NA,"2022-07-12",NA,20,"nereo_size"
"2022-Jul","Ratatouille","OP",1,NA,NA,"2022-07-12",NA,17,"nereo_size"
"2022-Jul","Ratatouille","OP",1,NA,NA,"2022-07-12",NA,19,"nereo_size"
"2022-Jul","Ratatouille","OP",1,NA,NA,"2022-07-12",NA,41,"nereo_size"
"2022-Jul","Ratatouille","OP",1,NA,NA,"2022-07-12",NA,45,"nereo_size"
"2022-Jul","Ratatouille","OP",1,NA,NA,"2022-07-12",NA,22,"nereo_size"
"2022-Jul","Ratatouille","OP",1,NA,NA,"2022-07-12",NA,14,"nereo_size"
"2022-Jul","Ratatouille","OP",1,NA,NA,"2022-07-12",NA,52,"nereo_size"
"2022-Jul","Ratatouille","OP",1,NA,NA,"2022-07-12",NA,18,"nereo_size"
"2022-Jul","Ratatouille","OP",1,NA,NA,"2022-07-12",NA,55,"nereo_size"
"2022-Jul","Ratatouille","OP",1,NA,NA,"2022-07-12",NA,8,"nereo_size"
"2022-Jul","Ratatouille","OP",1,NA,NA,"2022-07-12",NA,9,"nereo_size"
"2022-Jul","Ratatouille","OP",1,NA,NA,"2022-07-12",NA,27,"nereo_size"
"2022-Jul","Ratatouille","OP",1,NA,NA,"2022-07-12",NA,54,"nereo_size"
"2022-Jul","Ratatouille","OP",1,NA,NA,"2022-07-12",NA,33,"nereo_size"
"2022-Jul","Ratatouille","DVM",3,NA,NA,"2022-07-12",NA,20,"nereo_size"
"2022-Jul","Ratatouille","DVM",3,NA,NA,"2022-07-12",NA,53,"nereo_size"
"2022-Jul","Ratatouille","DVM",3,NA,NA,"2022-07-12",NA,22,"nereo_size"
"2022-Jul","Ratatouille","DVM",3,NA,NA,"2022-07-12",NA,9,"nereo_size"
"2022-Jul","Ratatouille","DVM",3,NA,NA,"2022-07-12",NA,45,"nereo_size"
"2022-Jul","Ratatouille","DVM",3,NA,NA,"2022-07-12",NA,36,"nereo_size"
"2022-Jul","Ratatouille","DVM",3,NA,NA,"2022-07-12",NA,31,"nereo_size"
"2022-Jul","Ratatouille","DVM",3,NA,NA,"2022-07-12",NA,39,"nereo_size"
"2022-Jul","Ratatouille","DVM",3,NA,NA,"2022-07-12",NA,25,"nereo_size"
"2022-Jul","Ratatouille","DVM",3,NA,NA,"2022-07-12",NA,12,"nereo_size"
"2022-Jul","Ratatouille","DVM",3,NA,NA,"2022-07-12",NA,35,"nereo_size"
"2022-Jul","Ratatouille","DVM",3,NA,NA,"2022-07-12",NA,52,"nereo_size"
"2022-Jul","Ratatouille","DVM",3,NA,NA,"2022-07-12",NA,42,"nereo_size"
"2022-Jul","Ratatouille","DVM",3,NA,NA,"2022-07-12",NA,36,"nereo_size"
"2022-Jul","Ratatouille","DVM",3,NA,NA,"2022-07-12",NA,37,"nereo_size"
"2022-Jul","Ratatouille","LL/DVM",2,"L",20,"2022-07-13",2551,54,"nereo_metricsT2"
"2022-Jul","Ratatouille","LL/DVM",2,"L",16,"2022-07-13",2582,30,"nereo_metricsT2"
"2022-Jul","Ratatouille","LL/DVM",2,"L",16,"2022-07-13",2585,45,"nereo_metricsT2"
"2022-Jul","Ratatouille","LL/DVM",2,"R",15,"2022-07-13",106,47,"nereo_metricsT2"
"2022-Jul","Ratatouille","LL/DVM",2,"R",13,"2022-07-13",1921,21,"nereo_metricsT2"
"2022-Jul","Ratatouille","LL/DVM",3,"R",20,"2022-07-13",281,47,"nereo_metricsT2"
"2022-Jul","Ratatouille","LL/DVM",3,"R",16,"2022-07-13",2064,46,"nereo_metricsT2"
"2022-Jul","Ratatouille","LL/DVM",3,"R",15,"2022-07-13",1952,24,"nereo_metricsT2"
"2022-Jul","Ratatouille","BT/KH",2,"L",2,"2022-07-13",1799,26,"nereo_metricsT2"
"2022-Jul","Ratatouille","BT/KH",2,"R",5,"2022-07-13",2544,46,"nereo_metricsT2"
"2022-Jul","Ratatouille","BT/KH",2,"R",13,"2022-07-13",2584,22,"nereo_metricsT2"
"2022-Jul","Ratatouille","BT/KH",2,"R",15,"2022-07-13",2592,51,"nereo_metricsT2"
"2022-Jul","Ratatouille","BT/KH",2,"L",19.5,"2022-07-13",1787,52,"nereo_metricsT2"
"2022-Jul","Ratatouille","BT/KH",3,"R",14,"2022-07-13",1750,41,"nereo_metricsT2"
"2022-Jul","Ratatouille","BT/KH",3,"R",10,"2022-07-13",1817,23,"nereo_metricsT2"
"2022-Jul","Ratatouille","BT/KH",3,"L",1,"2022-07-13",276,56,"nereo_metricsT2"
"2022-Jul","Ratatouille","LL/DVM",2,"L",20,"2022-07-24",2551,56,"nereo_metricsT3"
"2022-Jul","Ratatouille","LL/DVM",2,"L",16,"2022-07-24",2582,35,"nereo_metricsT3"
"2022-Jul","Ratatouille","LL/DVM",2,"L",16,"2022-07-24",2585,49,"nereo_metricsT3"
"2022-Jul","Ratatouille","LL/DVM",2,"R",15,"2022-07-24",106,43,"nereo_metricsT3"
"2022-Jul","Ratatouille","LL/DVM",2,"R",13,"2022-07-24",1921,22,"nereo_metricsT3"
"2022-Jul","Ratatouille","LL/DVM",3,"R",20,"2022-07-24",281,50,"nereo_metricsT3"
"2022-Jul","Ratatouille","LL/DVM",3,"R",15,"2022-07-24",1952,23,"nereo_metricsT3"
"2022-Jul","Ratatouille","BT/KH",2,"L",2,"2022-07-24",1799,27,"nereo_metricsT3"
"2022-Jul","Ratatouille","BT/KH",2,"R",5,"2022-07-24",2544,52,"nereo_metricsT3"
"2022-Jul","Ratatouille","BT/KH",2,"R",13,"2022-07-24",2584,30,"nereo_metricsT3"
"2022-Jul","Ratatouille","BT/KH",2,"R",15,"2022-07-24",2592,53,"nereo_metricsT3"
"2022-Jul","Ratatouille","BT/KH",2,"L",19.5,"2022-07-24",1787,54,"nereo_metricsT3"
"2022-Jul","Ratatouille","BT/KH",3,"R",14,"2022-07-24",1750,43,"nereo_metricsT3"
"2022-Jul","Ratatouille","BT/KH",3,"R",10,"2022-07-24",1817,30,"nereo_metricsT3"
"2022-Jul","Ratatouille","BT/KH",3,"L",1,"2022-07-24",276,60,"nereo_metricsT3"
"2022-Jul","Second","LL",NA,NA,NA,"2022-07-13",1708,53,"nereo_metricsT2"
"2022-Jul","Second","LL",NA,NA,NA,"2022-07-13",222,48,"nereo_metricsT2"
"2022-Jul","Second","LL",NA,NA,NA,"2022-07-13",213,55,"nereo_metricsT2"
"2022-Jul","Second","LL",NA,NA,NA,"2022-07-13",1843,43,"nereo_metricsT2"
"2022-Jul","Second","LL",NA,NA,NA,"2022-07-13",204,54,"nereo_metricsT2"
"2022-Jul","Second","DVM",NA,NA,NA,"2022-07-13",2549,47,"nereo_metricsT2"
"2022-Jul","Second","DVM",NA,NA,NA,"2022-07-13",1765,30,"nereo_metricsT2"
"2022-Jul","Second","DVM",NA,NA,NA,"2022-07-13",1848,19,"nereo_metricsT2"
"2022-Jul","Second","DVM",NA,NA,NA,"2022-07-13",2578,52,"nereo_metricsT2"
"2022-Jul","Second","DVM",NA,NA,NA,"2022-07-13",2575,23,"nereo_metricsT2"
"2022-Jul","Second","BT",NA,NA,NA,"2022-07-13",2563,53,"nereo_metricsT2"
"2022-Jul","Second","BT",NA,NA,NA,"2022-07-13",2515,52,"nereo_metricsT2"
"2022-Jul","Second","BT",NA,NA,NA,"2022-07-13",2117,30,"nereo_metricsT2"
"2022-Jul","Second","BT",NA,NA,NA,"2022-07-13",1911,37,"nereo_metricsT2"
"2022-Jul","Second","KH",NA,NA,NA,"2022-07-13",224,45,"nereo_metricsT2"
"2022-Jul","Second","KH",NA,NA,NA,"2022-07-13",220,23,"nereo_metricsT2"
"2022-Jul","Second","KH",NA,NA,NA,"2022-07-13",207,51,"nereo_metricsT2"
"2022-Jul","Second","KH",NA,NA,NA,"2022-07-13",2566,32,"nereo_metricsT2"
"2022-Jul","Second","KH",NA,NA,NA,"2022-07-13",2073,43,"nereo_metricsT2"
"2022-Jul","Second","BT",NA,NA,NA,"2022-07-13",NA,38,"nereo_size"
"2022-Jul","Second","LL",NA,NA,NA,"2022-07-24",1708,54,"nereo_metricsT3"
"2022-Jul","Second","LL",NA,NA,NA,"2022-07-24",222,49,"nereo_metricsT3"
"2022-Jul","Second","LL",NA,NA,NA,"2022-07-24",213,59,"nereo_metricsT3"
"2022-Jul","Second","LL",NA,NA,NA,"2022-07-24",1843,55,"nereo_metricsT3"
"2022-Jul","Second","LL",NA,NA,NA,"2022-07-24",204,59,"nereo_metricsT3"
"2022-Jul","Second","DVM",NA,NA,NA,"2022-07-24",2549,48,"nereo_metricsT3"
"2022-Jul","Second","DVM",NA,NA,NA,"2022-07-24",1765,31,"nereo_metricsT3"
"2022-Jul","Second","DVM",NA,NA,NA,"2022-07-24",1848,22,"nereo_metricsT3"
"2022-Jul","Second","DVM",NA,NA,NA,"2022-07-24",2578,54,"nereo_metricsT3"
"2022-Jul","Second","DVM",NA,NA,NA,"2022-07-24",2575,25,"nereo_metricsT3"
"2022-Jul","Second","BT",NA,NA,NA,"2022-07-24",2563,55,"nereo_metricsT3"
"2022-Jul","Second","BT",NA,NA,NA,"2022-07-24",2515,54,"nereo_metricsT3"
"2022-Jul","Second","BT",NA,NA,NA,"2022-07-24",2117,36,"nereo_metricsT3"
"2022-Jul","Second","BT",NA,NA,NA,"2022-07-24",1911,46,"nereo_metricsT3"
"2022-Jul","Second","KH",NA,NA,NA,"2022-07-24",224,44,"nereo_metricsT3"
"2022-Jul","Second","KH",NA,NA,NA,"2022-07-24",220,27,"nereo_metricsT3"
"2022-Jul","Second","KH",NA,NA,NA,"2022-07-24",207,52,"nereo_metricsT3"
"2022-Jul","Second","KH",NA,NA,NA,"2022-07-24",2073,43,"nereo_metricsT3"
"2022-Jul","Triquetta","KH",3,NA,NA,"2022-07-12",NA,35,"nereo_size"
"2022-Jul","Triquetta","KH",3,NA,NA,"2022-07-12",NA,18,"nereo_size"
"2022-Jul","Triquetta","KH",3,NA,NA,"2022-07-12",NA,4,"nereo_size"
"2022-Jul","Triquetta","KH",3,NA,NA,"2022-07-12",NA,21,"nereo_size"
"2022-Jul","Triquetta","KH",3,NA,NA,"2022-07-12",NA,18,"nereo_size"
"2022-Jul","Triquetta","KH",3,NA,NA,"2022-07-12",NA,22,"nereo_size"
"2022-Jul","Triquetta","KH",3,NA,NA,"2022-07-12",NA,18,"nereo_size"
"2022-Jul","Triquetta","KH",3,NA,NA,"2022-07-12",NA,16,"nereo_size"
"2022-Jul","Triquetta","KH",3,NA,NA,"2022-07-12",NA,13,"nereo_size"
"2022-Jul","Triquetta","KH",3,NA,NA,"2022-07-12",NA,16,"nereo_size"
"2022-Jul","Triquetta","KH",3,NA,NA,"2022-07-12",NA,16,"nereo_size"
"2022-Jul","Triquetta","KH",3,NA,NA,"2022-07-12",NA,22,"nereo_size"
"2022-Jul","Triquetta","KH",3,NA,NA,"2022-07-12",NA,40,"nereo_size"
"2022-Jul","Triquetta","KH",3,NA,NA,"2022-07-12",NA,18,"nereo_size"
"2022-Jul","Triquetta","KH",3,NA,NA,"2022-07-12",NA,43,"nereo_size"
"2022-Jul","Triquetta","KH",3,NA,NA,"2022-07-12",NA,14,"nereo_size"
"2022-Jul","Triquetta","OP",1,NA,NA,"2022-07-12",NA,11,"nereo_size"
"2022-Jul","Triquetta","OP",1,NA,NA,"2022-07-12",NA,25,"nereo_size"
"2022-Jul","Triquetta","OP",1,NA,NA,"2022-07-12",NA,19,"nereo_size"
"2022-Jul","Triquetta","OP",1,NA,NA,"2022-07-12",NA,19,"nereo_size"
"2022-Jul","Triquetta","OP",1,NA,NA,"2022-07-12",NA,20,"nereo_size"
"2022-Jul","Triquetta","OP",1,NA,NA,"2022-07-12",NA,25,"nereo_size"
"2022-Jul","Triquetta","OP",1,NA,NA,"2022-07-12",NA,25,"nereo_size"
"2022-Jul","Triquetta","OP",1,NA,NA,"2022-07-12",NA,10,"nereo_size"
"2022-Jul","Triquetta","OP",1,NA,NA,"2022-07-12",NA,12,"nereo_size"
"2022-Jul","Triquetta","OP",1,NA,NA,"2022-07-12",NA,16,"nereo_size"
"2022-Jul","Triquetta","OP",1,NA,NA,"2022-07-12",NA,17,"nereo_size"
"2022-Jul","Triquetta","OP",1,NA,NA,"2022-07-12",NA,11,"nereo_size"
"2022-Jul","Triquetta","OP",1,NA,NA,"2022-07-12",NA,20,"nereo_size"
"2022-Jul","Triquetta","OP",1,NA,NA,"2022-07-12",NA,24,"nereo_size"
"2022-Jul","Triquetta","OP",1,NA,NA,"2022-07-12",NA,20,"nereo_size"
"2022-Jul","Triquetta","OP",1,NA,NA,"2022-07-12",NA,29,"nereo_size"
"2022-Jul","Triquetta","OP",1,NA,NA,"2022-07-12",NA,27,"nereo_size"
"2022-Jul","Triquetta","OP",1,NA,NA,"2022-07-12",NA,30,"nereo_size"
"2022-Jul","Triquetta","DVM",2,NA,NA,"2022-07-12",NA,12,"nereo_size"
"2022-Jul","Triquetta","DVM",2,NA,NA,"2022-07-12",NA,14,"nereo_size"
"2022-Jul","Triquetta","DVM",2,NA,NA,"2022-07-12",NA,28,"nereo_size"
"2022-Jul","Triquetta","DVM",2,NA,NA,"2022-07-12",NA,31,"nereo_size"
"2022-Jul","Triquetta","DVM",2,NA,NA,"2022-07-12",NA,44,"nereo_size"
"2022-Jul","Triquetta","DVM",2,NA,NA,"2022-07-12",NA,18,"nereo_size"
"2022-Jul","Triquetta","DVM",2,NA,NA,"2022-07-12",NA,35,"nereo_size"
"2022-Jul","Triquetta","DVM",2,NA,NA,"2022-07-12",NA,44,"nereo_size"
"2022-Jul","Triquetta","DVM",2,NA,NA,"2022-07-12",NA,12,"nereo_size"
"2022-Jul","Triquetta","DVM",2,NA,NA,"2022-07-12",NA,12,"nereo_size"
"2022-Jul","Triquetta","DVM",2,NA,NA,"2022-07-12",NA,20,"nereo_size"
"2022-Jul","Triquetta","DVM",2,NA,NA,"2022-07-12",NA,35,"nereo_size"
"2022-Jul","Triquetta","DVM",2,NA,NA,"2022-07-12",NA,22,"nereo_size"
"2022-Jul","Triquetta","DVM",2,NA,NA,"2022-07-12",NA,33,"nereo_size"
"2022-Jul","Triquetta","DVM",2,NA,NA,"2022-07-12",NA,51,"nereo_size"
"2022-Jul","Triquetta","DVM",2,NA,NA,"2022-07-12",NA,35,"nereo_size"
"2022-Jul","Triquetta","OP/DVM",3,"R",2.5,"2022-07-13",2674,25,"nereo_metricsT2"
"2022-Jul","Triquetta","OP/DVM",3,"R",3.7,"2022-07-13",2675,33,"nereo_metricsT2"
"2022-Jul","Triquetta","OP/DVM",3,"R",7.7,"2022-07-13",2679,35,"nereo_metricsT2"
"2022-Jul","Triquetta","OP/DVM",3,"L",9,"2022-07-13",221,16,"nereo_metricsT2"
"2022-Jul","Triquetta","OP/DVM",3,"L",12.5,"2022-07-13",208,21,"nereo_metricsT2"
"2022-Jul","Triquetta","OP/DVM",3,"R",15.2,"2022-07-13",73,32,"nereo_metricsT2"
"2022-Jul","Triquetta","OP/DVM",3,"R",16.5,"2022-07-13",223,15,"nereo_metricsT2"
"2022-Jul","Triquetta","OP/DVM",3,"R",20,"2022-07-13",217,18,"nereo_metricsT2"
"2022-Jul","Triquetta","BT/KH",1,"L",2,"2022-07-13",2663,24,"nereo_metricsT2"
"2022-Jul","Triquetta","BT/KH",1,"R",5.4,"2022-07-13",2671,26,"nereo_metricsT2"
"2022-Jul","Triquetta","BT/KH",1,"R",9,"2022-07-13",2676,33,"nereo_metricsT2"
"2022-Jul","Triquetta","BT/KH",1,"L",10,"2022-07-13",2666,30,"nereo_metricsT2"
"2022-Jul","Triquetta","BT/KH",1,"L",12,"2022-07-13",2677,11,"nereo_metricsT2"
"2022-Jul","Triquetta","BT/KH",1,"R",16,"2022-07-13",2678,31,"nereo_metricsT2"
"2022-Jul","Triquetta","BT/KH",2,"R",1,"2022-07-13",2669,35,"nereo_metricsT2"
"2022-Jul","Triquetta","BT/KH",2,"R",5,"2022-07-13",2581,23,"nereo_metricsT2"
"2022-Jul","Triquetta","OP/DVM",3,"R",2.5,"2022-07-24",2674,27,"nereo_metricsT3"
"2022-Jul","Triquetta","OP/DVM",3,"R",3.7,"2022-07-24",2675,35,"nereo_metricsT3"
"2022-Jul","Triquetta","OP/DVM",3,"R",7.7,"2022-07-24",2679,38,"nereo_metricsT3"
"2022-Jul","Triquetta","OP/DVM",3,"L",12.5,"2022-07-24",208,21,"nereo_metricsT3"
"2022-Jul","Triquetta","OP/DVM",3,"R",15.2,"2022-07-24",73,36,"nereo_metricsT3"
"2022-Jul","Triquetta","OP/DVM",3,"R",16.5,"2022-07-24",223,18,"nereo_metricsT3"
"2022-Jul","Triquetta","OP/DVM",3,"R",20,"2022-07-24",217,21,"nereo_metricsT3"
"2022-Jul","Triquetta","BT/KH",1,"L",2,"2022-07-24",2663,27,"nereo_metricsT3"
"2022-Jul","Triquetta","BT/KH",1,"R",5.4,"2022-07-24",2671,30,"nereo_metricsT3"
"2022-Jul","Triquetta","BT/KH",1,"R",9,"2022-07-24",2676,36,"nereo_metricsT3"
"2022-Jul","Triquetta","BT/KH",1,"L",12,"2022-07-24",2677,13,"nereo_metricsT3"
"2022-Jul","Triquetta","BT/KH",1,"R",16,"2022-07-24",2678,33,"nereo_metricsT3"
"2022-Jul","Triquetta","BT/KH",2,"R",1,"2022-07-24",2669,26,"nereo_metricsT3"
"2022-Jul","Triquetta","BT/KH",2,"R",5,"2022-07-24",2581,38,"nereo_metricsT3"
"2022-Jun","Owen","ZM",1,NA,NA,"2022-06-27",NA,18,"nereo_size"
"2022-Jun","Owen","ZM",1,NA,NA,"2022-06-27",NA,20,"nereo_size"
"2022-Jun","Owen","ZM",1,NA,NA,"2022-06-27",NA,27,"nereo_size"
"2022-Jun","Owen","ZM",1,NA,NA,"2022-06-27",NA,39,"nereo_size"
"2022-Jun","Owen","ZM",1,NA,NA,"2022-06-27",NA,31,"nereo_size"
"2022-Jun","Owen","ZM",1,NA,NA,"2022-06-27",NA,25,"nereo_size"
"2022-Jun","Owen","ZM",1,NA,NA,"2022-06-27",NA,28,"nereo_size"
"2022-Jun","Owen","ZM",1,NA,NA,"2022-06-27",NA,25,"nereo_size"
"2022-Jun","Owen","ZM",1,NA,NA,"2022-06-27",NA,31,"nereo_size"
"2022-Jun","Owen","ZM",1,NA,NA,"2022-06-27",NA,24,"nereo_size"
"2022-Jun","Owen","ZM",1,NA,NA,"2022-06-27",NA,35,"nereo_size"
"2022-Jun","Owen","ZM",1,NA,NA,"2022-06-27",NA,20,"nereo_size"
"2022-Jun","Owen","ZM",1,NA,NA,"2022-06-27",NA,24,"nereo_size"
"2022-Jun","Owen","ZM",1,NA,NA,"2022-06-27",NA,24,"nereo_size"
"2022-Jun","Owen","ZM",1,NA,NA,"2022-06-27",NA,32,"nereo_size"
"2022-Jun","Owen","LL",2,NA,NA,"2022-06-27",NA,21,"nereo_size"
"2022-Jun","Owen","LL",2,NA,NA,"2022-06-27",NA,31,"nereo_size"
"2022-Jun","Owen","LL",2,NA,NA,"2022-06-27",NA,25,"nereo_size"
"2022-Jun","Owen","LL",2,NA,NA,"2022-06-27",NA,23,"nereo_size"
"2022-Jun","Owen","LL",2,NA,NA,"2022-06-27",NA,34,"nereo_size"
"2022-Jun","Owen","LL",2,NA,NA,"2022-06-27",NA,6,"nereo_size"
"2022-Jun","Owen","LL",2,NA,NA,"2022-06-27",NA,10,"nereo_size"
"2022-Jun","Owen","LL",2,NA,NA,"2022-06-27",NA,26,"nereo_size"
"2022-Jun","Owen","LL",2,NA,NA,"2022-06-27",NA,35,"nereo_size"
"2022-Jun","Owen","LL",2,NA,NA,"2022-06-27",NA,10,"nereo_size"
"2022-Jun","Owen","LL",2,NA,NA,"2022-06-27",NA,25,"nereo_size"
"2022-Jun","Owen","LL",2,NA,NA,"2022-06-27",NA,24,"nereo_size"
"2022-Jun","Owen","LL",2,NA,NA,"2022-06-27",NA,22,"nereo_size"
"2022-Jun","Owen","LL",2,NA,NA,"2022-06-27",NA,21,"nereo_size"
"2022-Jun","Owen","LL",2,NA,NA,"2022-06-27",NA,16,"nereo_size"
"2022-Jun","Owen","LL",3,NA,NA,"2022-06-27",NA,20,"nereo_size"
"2022-Jun","Owen","LL",3,NA,NA,"2022-06-27",NA,25,"nereo_size"
"2022-Jun","Owen","LL",3,NA,NA,"2022-06-27",NA,15,"nereo_size"
"2022-Jun","Owen","LL",3,NA,NA,"2022-06-27",NA,12,"nereo_size"
"2022-Jun","Owen","LL",3,NA,NA,"2022-06-27",NA,11,"nereo_size"
"2022-Jun","Owen","LL",3,NA,NA,"2022-06-27",NA,37,"nereo_size"
"2022-Jun","Owen","LL",3,NA,NA,"2022-06-27",NA,21,"nereo_size"
"2022-Jun","Owen","LL",3,NA,NA,"2022-06-27",NA,11,"nereo_size"
"2022-Jun","Owen","LL",3,NA,NA,"2022-06-27",NA,27,"nereo_size"
"2022-Jun","Owen","LL",3,NA,NA,"2022-06-27",NA,16,"nereo_size"
"2022-Jun","Owen","LL",3,NA,NA,"2022-06-27",NA,30,"nereo_size"
"2022-Jun","Owen","LL",3,NA,NA,"2022-06-27",NA,45,"nereo_size"
"2022-Jun","Owen","LL",3,NA,NA,"2022-06-27",NA,38,"nereo_size"
"2022-Jun","Owen","LL",3,NA,NA,"2022-06-27",NA,32,"nereo_size"
"2022-Jun","Owen","LL",3,NA,NA,"2022-06-27",NA,29,"nereo_size"
"2022-Jun","Owen","LL/OP",NA,NA,NA,"2022-06-29",100,41,"nereo_metricsT2"
"2022-Jun","Owen","LL/OP",NA,NA,NA,"2022-06-29",98,26,"nereo_metricsT2"
"2022-Jun","Owen","LL/OP",NA,NA,NA,"2022-06-29",95,35,"nereo_metricsT2"
"2022-Jun","Owen","LL/OP",NA,NA,NA,"2022-06-29",94,42,"nereo_metricsT2"
"2022-Jun","Owen","LL/OP",NA,NA,NA,"2022-06-29",92,31,"nereo_metricsT2"
"2022-Jun","Owen","LL/OP",NA,NA,NA,"2022-06-29",93,39,"nereo_metricsT2"
"2022-Jun","Owen","LL/OP",NA,NA,NA,"2022-06-29",89,36,"nereo_metricsT2"
"2022-Jun","Owen","LL/OP",NA,NA,NA,"2022-06-29",85,36,"nereo_metricsT2"
"2022-Jun","Owen","LL/OP",NA,NA,NA,"2022-06-29",57,34,"nereo_metricsT2"
"2022-Jun","Owen","LL/OP",NA,NA,NA,"2022-06-29",59,28,"nereo_metricsT2"
"2022-Jun","Owen","LL/OP",NA,NA,NA,"2022-06-29",56.1,40,"nereo_metricsT2"
"2022-Jun","Owen","LL/OP",NA,NA,NA,"2022-06-29",56,40,"nereo_metricsT2"
"2022-May","Owen","DVM",2,NA,NA,"2022-05-06",NA,16,"nereo_size"
"2022-May","Owen","DVM",2,NA,NA,"2022-05-06",NA,22,"nereo_size"
"2022-May","Owen","DVM",2,NA,NA,"2022-05-06",NA,25,"nereo_size"
"2022-May","Owen","DVM",2,NA,NA,"2022-05-06",NA,36,"nereo_size"
"2022-May","Owen","DVM",2,NA,NA,"2022-05-06",NA,32,"nereo_size"
"2022-May","Owen","DVM",2,NA,NA,"2022-05-06",NA,18,"nereo_size"
"2022-May","Owen","DVM",2,NA,NA,"2022-05-06",NA,16,"nereo_size"
"2022-May","Owen","DVM",2,NA,NA,"2022-05-06",NA,31,"nereo_size"
"2022-May","Owen","DVM",2,NA,NA,"2022-05-06",NA,36,"nereo_size"
"2022-May","Owen","DVM",2,NA,NA,"2022-05-06",NA,25,"nereo_size"
"2022-May","Owen","DVM",2,NA,NA,"2022-05-06",NA,22,"nereo_size"
"2022-May","Owen","DVM",2,NA,NA,"2022-05-06",NA,37,"nereo_size"
"2022-May","Owen","DVM",2,NA,NA,"2022-05-06",NA,26,"nereo_size"
"2022-May","Owen","DVM",2,NA,NA,"2022-05-06",NA,35,"nereo_size"
"2022-May","Owen","DVM",2,NA,NA,"2022-05-06",NA,22,"nereo_size"
"2022-May","Owen","DVM",1,NA,NA,"2022-05-06",NA,14,"nereo_size"
"2022-May","Owen","DVM",1,NA,NA,"2022-05-06",NA,25,"nereo_size"
"2022-May","Owen","DVM",1,NA,NA,"2022-05-06",NA,13,"nereo_size"
"2022-May","Owen","DVM",1,NA,NA,"2022-05-06",NA,12,"nereo_size"
"2022-May","Owen","DVM",1,NA,NA,"2022-05-06",NA,21,"nereo_size"
"2022-May","Owen","DVM",1,NA,NA,"2022-05-06",NA,16,"nereo_size"
"2022-May","Owen","DVM",1,NA,NA,"2022-05-06",NA,14,"nereo_size"
"2022-May","Owen","DVM",1,NA,NA,"2022-05-06",NA,24,"nereo_size"
"2022-May","Owen","DVM",1,NA,NA,"2022-05-06",NA,15,"nereo_size"
"2022-May","Owen","DVM",1,NA,NA,"2022-05-06",NA,22,"nereo_size"
"2022-May","Owen","DVM",1,NA,NA,"2022-05-06",NA,10,"nereo_size"
"2022-May","Owen","DVM",1,NA,NA,"2022-05-06",NA,24,"nereo_size"
"2022-May","Owen","DVM",1,NA,NA,"2022-05-06",NA,21,"nereo_size"
"2022-May","Owen","DVM",1,NA,NA,"2022-05-06",NA,10,"nereo_size"
"2022-May","Owen","DVM",1,NA,NA,"2022-05-06",NA,12,"nereo_size"
"2022-May","Owen","DVM",3,NA,NA,"2022-05-06",NA,22,"nereo_size"
"2022-May","Owen","DVM",3,NA,NA,"2022-05-06",NA,24,"nereo_size"
"2022-May","Owen","DVM",3,NA,NA,"2022-05-06",NA,24,"nereo_size"
"2022-May","Owen","DVM",3,NA,NA,"2022-05-06",NA,32,"nereo_size"
"2022-May","Owen","DVM",3,NA,NA,"2022-05-06",NA,30,"nereo_size"
"2022-May","Owen","DVM",3,NA,NA,"2022-05-06",NA,10,"nereo_size"
"2022-May","Owen","DVM",3,NA,NA,"2022-05-06",NA,17,"nereo_size"
"2022-May","Owen","DVM",3,NA,NA,"2022-05-06",NA,27,"nereo_size"
"2022-May","Owen","DVM",3,NA,NA,"2022-05-06",NA,20,"nereo_size"
"2022-May","Owen","DVM",3,NA,NA,"2022-05-06",NA,21,"nereo_size"
"2022-May","Owen","DVM",3,NA,NA,"2022-05-06",NA,15,"nereo_size"
"2022-May","Owen","DVM",3,NA,NA,"2022-05-06",NA,16,"nereo_size"
"2022-May","Owen","DVM",3,NA,NA,"2022-05-06",NA,30,"nereo_size"
"2022-May","Owen","DVM",3,NA,NA,"2022-05-06",NA,26,"nereo_size"
"2022-May","Owen","DVM",3,NA,NA,"2022-05-06",NA,12,"nereo_size"
"2023-Jul","Breaker","DVM",1,"L",19,"2023-07-13",2572.1,43,"nereo_metricsT2"
"2023-Jul","Breaker","DVM",1,"L",19.5,"2023-07-13",1750,41,"nereo_metricsT2"
"2023-Jul","Breaker","DVM",1,"R",17.5,"2023-07-13",2540,45,"nereo_metricsT2"
"2023-Jul","Breaker","DVM",1,"R",10,"2023-07-13",2565,45,"nereo_metricsT2"
"2023-Jul","Breaker","DVM",1,"L",9,"2023-07-13",1843,26,"nereo_metricsT2"
"2023-Jul","Breaker","DVM",1,"L",2,"2023-07-13",2542,47,"nereo_metricsT2"
"2023-Jul","Breaker","DVM",1,"R",2,"2023-07-13",2515,44,"nereo_metricsT2"
"2023-Jul","Breaker","DVM",1,"L",5,"2023-07-13",2554,48,"nereo_metricsT2"
"2023-Jul","Breaker","OP",3,"R",18,"2023-07-13",2073,46,"nereo_metricsT2"
"2023-Jul","Breaker","OP",3,"R",18,"2023-07-13",2072,35,"nereo_metricsT2"
"2023-Jul","Breaker","OP",3,"R",18,"2023-07-13",1825,36,"nereo_metricsT2"
"2023-Jul","Breaker","OP",3,"R",15,"2023-07-13",1803,41,"nereo_metricsT2"
"2023-Jul","Breaker","OP",3,"R",15,"2023-07-13",2504,33,"nereo_metricsT2"
"2023-Jul","Breaker","OP",3,"L",15,"2023-07-13",2561,50,"nereo_metricsT2"
"2023-Jul","Breaker","OP",2,NA,NA,"2023-07-13",NA,10,"nereo_size"
"2023-Jul","Breaker","OP",2,NA,NA,"2023-07-13",NA,22,"nereo_size"
"2023-Jul","Breaker","OP",2,NA,NA,"2023-07-13",NA,24,"nereo_size"
"2023-Jul","Breaker","OP",2,NA,NA,"2023-07-13",NA,23,"nereo_size"
"2023-Jul","Breaker","OP",2,NA,NA,"2023-07-13",NA,57,"nereo_size"
"2023-Jul","Breaker","OP",2,NA,NA,"2023-07-13",NA,14,"nereo_size"
"2023-Jul","Breaker","OP",2,NA,NA,"2023-07-13",NA,31,"nereo_size"
"2023-Jul","Breaker","OP",2,NA,NA,"2023-07-13",NA,41,"nereo_size"
"2023-Jul","Breaker","OP",2,NA,NA,"2023-07-13",NA,39,"nereo_size"
"2023-Jul","Breaker","OP",2,NA,NA,"2023-07-13",NA,31,"nereo_size"
"2023-Jul","Breaker","OP",2,NA,NA,"2023-07-13",NA,17,"nereo_size"
"2023-Jul","Breaker","OP",2,NA,NA,"2023-07-13",NA,42,"nereo_size"
"2023-Jul","Breaker","OP",2,NA,NA,"2023-07-13",NA,50,"nereo_size"
"2023-Jul","Breaker","OP",2,NA,NA,"2023-07-13",NA,36,"nereo_size"
"2023-Jul","Breaker","OP",2,NA,NA,"2023-07-13",NA,24,"nereo_size"
"2023-Jul","Breaker","OP",2,NA,NA,"2023-07-13",NA,23,"nereo_size"
"2023-Jul","Breaker","OP",2,NA,NA,"2023-07-13",NA,18,"nereo_size"
"2023-Jul","Breaker","OP",2,NA,NA,"2023-07-13",NA,48,"nereo_size"
"2023-Jul","Breaker","OP",2,NA,NA,"2023-07-13",NA,38,"nereo_size"
"2023-Jul","Breaker","OP",2,NA,NA,"2023-07-13",NA,40,"nereo_size"
"2023-Jul","Breaker","OP",2,NA,NA,"2023-07-13",NA,34,"nereo_size"
"2023-Jul","Breaker","OP",2,NA,NA,"2023-07-13",NA,19,"nereo_size"
"2023-Jul","Breaker","OP",2,NA,NA,"2023-07-13",NA,25,"nereo_size"
"2023-Jul","Breaker","OP",2,NA,NA,"2023-07-13",NA,38,"nereo_size"
"2023-Jul","Breaker","OP",2,NA,NA,"2023-07-13",NA,25,"nereo_size"
"2023-Jul","Breaker","OP",2,NA,NA,"2023-07-13",NA,38,"nereo_size"
"2023-Jul","Breaker","OP",2,NA,NA,"2023-07-13",NA,47,"nereo_size"
"2023-Jul","Breaker","OP",2,NA,NA,"2023-07-13",NA,48,"nereo_size"
"2023-Jul","Breaker","OP",2,NA,NA,"2023-07-13",NA,46,"nereo_size"
"2023-Jul","Breaker","OP",2,NA,NA,"2023-07-13",NA,40,"nereo_size"
"2023-Jul","Breaker","DVM",1,NA,NA,"2023-07-13",NA,41,"nereo_size"
"2023-Jul","Breaker","DVM",1,NA,NA,"2023-07-13",NA,42,"nereo_size"
"2023-Jul","Breaker","DVM",1,NA,NA,"2023-07-13",NA,50,"nereo_size"
"2023-Jul","Breaker","DVM",1,NA,NA,"2023-07-13",NA,38,"nereo_size"
"2023-Jul","Breaker","DVM",1,NA,NA,"2023-07-13",NA,24,"nereo_size"
"2023-Jul","Breaker","DVM",1,NA,NA,"2023-07-13",NA,32,"nereo_size"
"2023-Jul","Breaker","DVM",1,NA,NA,"2023-07-13",NA,28,"nereo_size"
"2023-Jul","Breaker","DVM",1,NA,NA,"2023-07-13",NA,33,"nereo_size"
"2023-Jul","Breaker","DVM",1,NA,NA,"2023-07-13",NA,20,"nereo_size"
"2023-Jul","Breaker","DVM",1,NA,NA,"2023-07-13",NA,37,"nereo_size"
"2023-Jul","Breaker","DVM",1,NA,NA,"2023-07-13",NA,23,"nereo_size"
"2023-Jul","Breaker","DVM",1,NA,NA,"2023-07-13",NA,18,"nereo_size"
"2023-Jul","Breaker","DVM",1,NA,NA,"2023-07-13",NA,35,"nereo_size"
"2023-Jul","Breaker","DVM",1,NA,NA,"2023-07-13",NA,32,"nereo_size"
"2023-Jul","Breaker","DVM",1,NA,NA,"2023-07-13",NA,46,"nereo_size"
"2023-Jul","Breaker","DVM",1,NA,NA,"2023-07-13",NA,37,"nereo_size"
"2023-Jul","Breaker","DVM",1,NA,NA,"2023-07-13",NA,37,"nereo_size"
"2023-Jul","Breaker","DVM",1,NA,NA,"2023-07-13",NA,35,"nereo_size"
"2023-Jul","Breaker","DVM",1,NA,NA,"2023-07-13",NA,26,"nereo_size"
"2023-Jul","Breaker","DVM",1,NA,NA,"2023-07-13",NA,22,"nereo_size"
"2023-Jul","Breaker","DVM",1,NA,NA,"2023-07-13",NA,32,"nereo_size"
"2023-Jul","Breaker","DVM",1,NA,NA,"2023-07-13",NA,29,"nereo_size"
"2023-Jul","Breaker","DVM",1,NA,NA,"2023-07-13",NA,45,"nereo_size"
"2023-Jul","Breaker","DVM",1,NA,NA,"2023-07-13",NA,35,"nereo_size"
"2023-Jul","Breaker","DVM",1,NA,NA,"2023-07-13",NA,23,"nereo_size"
"2023-Jul","Breaker","DVM",1,"L",19,"2023-07-25",2572.1,46,"nereo_metricsT3"
"2023-Jul","Breaker","DVM",1,"R",17.5,"2023-07-25",2540,42,"nereo_metricsT3"
"2023-Jul","Breaker","DVM",1,"R",15,"2023-07-25",2557,44,"nereo_metricsT3"
"2023-Jul","Breaker","DVM",1,"R",10,"2023-07-25",2565,49,"nereo_metricsT3"
"2023-Jul","Breaker","DVM",1,"L",9,"2023-07-25",1843,23,"nereo_metricsT3"
"2023-Jul","Breaker","DVM",1,"L",2,"2023-07-25",2542,47,"nereo_metricsT3"
"2023-Jul","Breaker","DVM",1,"R",2,"2023-07-25",2515,42,"nereo_metricsT3"
"2023-Jul","Breaker","DVM",1,"L",5,"2023-07-25",2554,50,"nereo_metricsT3"
"2023-Jul","Breaker","OP",3,"R",18,"2023-07-25",2073,32,"nereo_metricsT3"
"2023-Jul","Breaker","OP",3,"R",18,"2023-07-25",2072,37,"nereo_metricsT3"
"2023-Jul","Breaker","OP",3,"R",18,"2023-07-25",1825,48,"nereo_metricsT3"
"2023-Jul","Breaker","OP",3,"R",15,"2023-07-25",1803,42,"nereo_metricsT3"
"2023-Jul","Breaker","OP",3,"R",15,"2023-07-25",2504,34,"nereo_metricsT3"
"2023-Jul","Breaker","OP",3,"L",15,"2023-07-25",2561,52,"nereo_metricsT3"
"2023-Jul","Manley","DVM",3,"R",15,"2023-07-14",2595,14,"nereo_metricsT2"
"2023-Jul","Manley","DVM",3,"R",10,"2023-07-14",2600,11,"nereo_metricsT2"
"2023-Jul","Manley","DVM",3,"R",3,"2023-07-14",2596,20,"nereo_metricsT2"
"2023-Jul","Manley","DVM",2,"L",18,"2023-07-14",2598,52,"nereo_metricsT2"
"2023-Jul","Manley","DVM",1,"L",17,"2023-07-14",2593,19,"nereo_metricsT2"
"2023-Jul","Manley","DVM",1,"L",15,"2023-07-14",1697,8,"nereo_metricsT2"
"2023-Jul","Manley","DVM",2,"R",10,"2023-07-14",1911,13,"nereo_metricsT2"
"2023-Jul","Manley","LL",3,"R",3,"2023-07-14",2594,9,"nereo_metricsT2"
"2023-Jul","Manley","LL",3,"L",6,"2023-07-14",2675,12,"nereo_metricsT2"
"2023-Jul","Manley","LL",2,"L",20,"2023-07-14",281,16,"nereo_metricsT2"
"2023-Jul","Manley","LL",2,"R",10,"2023-07-14",1817,32,"nereo_metricsT2"
"2023-Jul","Manley","DCO",3,"R",3,"2023-07-14",2597,18,"nereo_metricsT2"
"2023-Jul","Manley","DCO",3,"L",7,"2023-07-14",1946,33,"nereo_metricsT2"
"2023-Jul","Manley","DCO",3,"R",17,"2023-07-14",2022,28,"nereo_metricsT2"
"2023-Jul","Manley","DCO",3,"R",14,"2023-07-14",2601,43,"nereo_metricsT2"
"2023-Jul","Manley","DVM",1,NA,NA,"2023-07-16",NA,11,"nereo_size"
"2023-Jul","Manley","JMS",2,NA,NA,"2023-07-16",NA,4,"nereo_size"
"2023-Jul","Manley","JMS",2,NA,NA,"2023-07-16",NA,15,"nereo_size"
"2023-Jul","Manley","OP",3,NA,NA,"2023-07-16",NA,7,"nereo_size"
"2023-Jul","Manley","OP",3,NA,NA,"2023-07-16",NA,33,"nereo_size"
"2023-Jul","Manley","DVM",3,"R",15,"2023-07-26",2595,17,"nereo_metricsT3"
"2023-Jul","Manley","DVM",3,"R",10,"2023-07-26",2600,13,"nereo_metricsT3"
"2023-Jul","Manley","DVM",3,"R",3,"2023-07-26",2596,24,"nereo_metricsT3"
"2023-Jul","Manley","DVM",2,"L",18,"2023-07-26",2598,53,"nereo_metricsT3"
"2023-Jul","Manley","DVM",1,"L",17,"2023-07-26",2593,10,"nereo_metricsT3"
"2023-Jul","Manley","DVM",1,"L",15,"2023-07-26",1697,21,"nereo_metricsT3"
"2023-Jul","Manley","DVM",2,"R",10,"2023-07-26",1911,15,"nereo_metricsT3"
"2023-Jul","Manley","LL",3,"R",3,"2023-07-26",2594,11,"nereo_metricsT3"
"2023-Jul","Manley","LL",2,"L",20,"2023-07-26",281,20,"nereo_metricsT3"
"2023-Jul","Manley","LL",2,"R",10,"2023-07-26",1817,40,"nereo_metricsT3"
"2023-Jul","Manley","DCO",3,"R",3,"2023-07-26",2597,22,"nereo_metricsT3"
"2023-Jul","Manley","DCO",3,"L",7,"2023-07-26",1946,36,"nereo_metricsT3"
"2023-Jul","Manley","DCO",3,"R",17,"2023-07-26",2022,28,"nereo_metricsT3"
"2023-Jul","Manley","DCO",3,"R",14,"2023-07-26",2601,45,"nereo_metricsT3"
"2023-Jul","North","LL",NA,NA,NA,"2023-07-12",1921,49,"nereo_metricsT2"
"2023-Jul","North","LL",NA,NA,NA,"2023-07-12",2563,35,"nereo_metricsT2"
"2023-Jul","North","LL",NA,NA,NA,"2023-07-12",2080,43,"nereo_metricsT2"
"2023-Jul","North","LL",NA,NA,NA,"2023-07-12",1891,54,"nereo_metricsT2"
"2023-Jul","North","LL",NA,NA,NA,"2023-07-12",1714,49,"nereo_metricsT2"
"2023-Jul","North","LL",NA,NA,NA,"2023-07-12",276,43,"nereo_metricsT2"
"2023-Jul","North","OP",NA,NA,NA,"2023-07-12",2578,40,"nereo_metricsT2"
"2023-Jul","North","OP",NA,NA,NA,"2023-07-12",2544,47,"nereo_metricsT2"
"2023-Jul","North","OP",NA,NA,NA,"2023-07-12",1952,34,"nereo_metricsT2"
"2023-Jul","North","OP",NA,NA,NA,"2023-07-12",1820,30,"nereo_metricsT2"
"2023-Jul","North","OP",NA,NA,NA,"2023-07-12",2066,50,"nereo_metricsT2"
"2023-Jul","North","OP",NA,NA,NA,"2023-07-12",2117,39,"nereo_metricsT2"
"2023-Jul","North","OP",NA,NA,NA,"2023-07-12",2070,44,"nereo_metricsT2"
"2023-Jul","North","OP",NA,NA,NA,"2023-07-12",1799,43,"nereo_metricsT2"
"2023-Jul","North","LL",NA,NA,NA,"2023-07-25",2563,39,"nereo_metricsT3"
"2023-Jul","North","LL",NA,NA,NA,"2023-07-25",2080,48,"nereo_metricsT3"
"2023-Jul","North","LL",NA,NA,NA,"2023-07-25",1891,57,"nereo_metricsT3"
"2023-Jul","North","LL",NA,NA,NA,"2023-07-25",276,45,"nereo_metricsT3"
"2023-Jul","North","OP",NA,NA,NA,"2023-07-25",2578,47,"nereo_metricsT3"
"2023-Jul","North","OP",NA,NA,NA,"2023-07-25",2544,50,"nereo_metricsT3"
"2023-Jul","North","OP",NA,NA,NA,"2023-07-25",1952,35,"nereo_metricsT3"
"2023-Jul","North","OP",NA,NA,NA,"2023-07-25",1820,35,"nereo_metricsT3"
"2023-Jul","North","OP",NA,NA,NA,"2023-07-25",2066,53,"nereo_metricsT3"
"2023-Jul","North","OP",NA,NA,NA,"2023-07-25",2117,36,"nereo_metricsT3"
"2023-Jul","North","OP",NA,NA,NA,"2023-07-25",2070,35,"nereo_metricsT3"
"2023-Jul","North","OP",NA,NA,NA,"2023-07-25",1799,45,"nereo_metricsT3"
"2023-Jul","Ratatouille","DVM",1,"R",3,"2023-07-13",8,56,"nereo_metricsT2"
"2023-Jul","Ratatouille","DVM",1,"L",2.5,"2023-07-13",2,52,"nereo_metricsT2"
"2023-Jul","Ratatouille","DVM",1,"R",4,"2023-07-13",7,18,"nereo_metricsT2"
"2023-Jul","Ratatouille","DVM",1,"L",5,"2023-07-13",3,21,"nereo_metricsT2"
"2023-Jul","Ratatouille","DVM",1,"R",8,"2023-07-13",6,26,"nereo_metricsT2"
"2023-Jul","Ratatouille","DVM",1,"L",9,"2023-07-13",1,33,"nereo_metricsT2"
"2023-Jul","Ratatouille","DVM",1,"L",11,"2023-07-13",4,29,"nereo_metricsT2"
"2023-Jul","Ratatouille","DVM",1,"R",11,"2023-07-13",5,40,"nereo_metricsT2"
"2023-Jul","Ratatouille","OP",3,"R",0.5,"2023-07-13",223,27,"nereo_metricsT2"
"2023-Jul","Ratatouille","OP",3,"R",1,"2023-07-13",209,37,"nereo_metricsT2"
"2023-Jul","Ratatouille","OP",3,"R",0,"2023-07-13",1797,35,"nereo_metricsT2"
"2023-Jul","Ratatouille","OP",3,"R",1.2,"2023-07-13",220,57,"nereo_metricsT2"
"2023-Jul","Ratatouille","OP",3,"L",1,"2023-07-13",1765,39,"nereo_metricsT2"
"2023-Jul","Ratatouille","OP",3,"R",1.5,"2023-07-13",222,21,"nereo_metricsT2"
"2023-Jul","Ratatouille","OP",3,"R",1.2,"2023-07-13",434,34,"nereo_metricsT2"
"2023-Jul","Ratatouille","DVM",1,NA,NA,"2023-07-13",NA,25,"nereo_size"
"2023-Jul","Ratatouille","DVM",1,NA,NA,"2023-07-13",NA,40,"nereo_size"
"2023-Jul","Ratatouille","DVM",1,NA,NA,"2023-07-13",NA,45,"nereo_size"
"2023-Jul","Ratatouille","DVM",1,NA,NA,"2023-07-13",NA,55,"nereo_size"
"2023-Jul","Ratatouille","DVM",1,NA,NA,"2023-07-13",NA,25,"nereo_size"
"2023-Jul","Ratatouille","DVM",1,NA,NA,"2023-07-13",NA,15,"nereo_size"
"2023-Jul","Ratatouille","DVM",1,NA,NA,"2023-07-13",NA,39,"nereo_size"
"2023-Jul","Ratatouille","DVM",1,NA,NA,"2023-07-13",NA,42,"nereo_size"
"2023-Jul","Ratatouille","DVM",1,NA,NA,"2023-07-13",NA,32,"nereo_size"
"2023-Jul","Ratatouille","DVM",1,NA,NA,"2023-07-13",NA,45,"nereo_size"
"2023-Jul","Ratatouille","DVM",1,NA,NA,"2023-07-13",NA,50,"nereo_size"
"2023-Jul","Ratatouille","DVM",1,NA,NA,"2023-07-13",NA,36,"nereo_size"
"2023-Jul","Ratatouille","DVM",1,NA,NA,"2023-07-13",NA,28,"nereo_size"
"2023-Jul","Ratatouille","DVM",1,NA,NA,"2023-07-13",NA,55,"nereo_size"
"2023-Jul","Ratatouille","DVM",1,NA,NA,"2023-07-13",NA,47,"nereo_size"
"2023-Jul","Ratatouille","DVM",1,NA,NA,"2023-07-13",NA,36,"nereo_size"
"2023-Jul","Ratatouille","DVM",1,NA,NA,"2023-07-13",NA,37,"nereo_size"
"2023-Jul","Ratatouille","DVM",1,NA,NA,"2023-07-13",NA,21,"nereo_size"
"2023-Jul","Ratatouille","DVM",1,NA,NA,"2023-07-13",NA,44,"nereo_size"
"2023-Jul","Ratatouille","DVM",1,NA,NA,"2023-07-13",NA,36,"nereo_size"
"2023-Jul","Ratatouille","DVM",1,NA,NA,"2023-07-13",NA,30,"nereo_size"
"2023-Jul","Ratatouille","DVM",1,NA,NA,"2023-07-13",NA,29,"nereo_size"
"2023-Jul","Ratatouille","JMS",3,NA,NA,"2023-07-13",NA,37,"nereo_size"
"2023-Jul","Ratatouille","JMS",3,NA,NA,"2023-07-13",NA,11,"nereo_size"
"2023-Jul","Ratatouille","JMS",3,NA,NA,"2023-07-13",NA,56,"nereo_size"
"2023-Jul","Ratatouille","JMS",3,NA,NA,"2023-07-13",NA,15,"nereo_size"
"2023-Jul","Ratatouille","JMS",3,NA,NA,"2023-07-13",NA,43,"nereo_size"
"2023-Jul","Ratatouille","JMS",3,NA,NA,"2023-07-13",NA,42,"nereo_size"
"2023-Jul","Ratatouille","JMS",3,NA,NA,"2023-07-13",NA,30,"nereo_size"
"2023-Jul","Ratatouille","JMS",3,NA,NA,"2023-07-13",NA,54,"nereo_size"
"2023-Jul","Ratatouille","JMS",3,NA,NA,"2023-07-13",NA,23,"nereo_size"
"2023-Jul","Ratatouille","JMS",3,NA,NA,"2023-07-13",NA,57,"nereo_size"
"2023-Jul","Ratatouille","JMS",3,NA,NA,"2023-07-13",NA,20,"nereo_size"
"2023-Jul","Ratatouille","JMS",3,NA,NA,"2023-07-13",NA,38,"nereo_size"
"2023-Jul","Ratatouille","JMS",3,NA,NA,"2023-07-13",NA,16,"nereo_size"
"2023-Jul","Ratatouille","JMS",3,NA,NA,"2023-07-13",NA,38,"nereo_size"
"2023-Jul","Ratatouille","JMS",3,NA,NA,"2023-07-13",NA,9,"nereo_size"
"2023-Jul","Ratatouille","DVM",1,"R",3,"2023-07-25",8,58,"nereo_metricsT3"
"2023-Jul","Ratatouille","DVM",1,"L",2.5,"2023-07-25",2,57,"nereo_metricsT3"
"2023-Jul","Ratatouille","DVM",1,"R",4,"2023-07-25",7,27,"nereo_metricsT3"
"2023-Jul","Ratatouille","DVM",1,"L",5,"2023-07-25",3,25,"nereo_metricsT3"
"2023-Jul","Ratatouille","DVM",1,"R",8,"2023-07-25",6,50,"nereo_metricsT3"
"2023-Jul","Ratatouille","DVM",1,"L",9,"2023-07-25",1,40,"nereo_metricsT3"
"2023-Jul","Ratatouille","DVM",1,"L",11,"2023-07-25",4,34,"nereo_metricsT3"
"2023-Jul","Ratatouille","DVM",1,"R",11,"2023-07-25",5,43,"nereo_metricsT3"
"2023-Jul","Ratatouille","OP",3,"R",0.5,"2023-07-25",223,30,"nereo_metricsT3"
"2023-Jul","Ratatouille","OP",3,"R",1,"2023-07-25",209,42,"nereo_metricsT3"
"2023-Jul","Ratatouille","OP",3,"R",0,"2023-07-25",1797,40,"nereo_metricsT3"
"2023-Jul","Ratatouille","OP",3,"R",1.2,"2023-07-25",220,60,"nereo_metricsT3"
"2023-Jul","Ratatouille","OP",3,"L",1,"2023-07-25",1765,40,"nereo_metricsT3"
"2023-Jul","Ratatouille","OP",3,"R",1.5,"2023-07-25",222,29,"nereo_metricsT3"
"2023-Jul","Ratatouille","OP",3,"R",1.2,"2023-07-25",434,36,"nereo_metricsT3"
"2023-Jul","Second","LL",NA,NA,NA,"2023-07-12",203,51,"nereo_metricsT2"
"2023-Jul","Second","LL",NA,NA,NA,"2023-07-12",212,51,"nereo_metricsT2"
"2023-Jul","Second","LL",NA,NA,NA,"2023-07-12",204,30,"nereo_metricsT2"
"2023-Jul","Second","LL",NA,NA,NA,"2023-07-12",73,39,"nereo_metricsT2"
"2023-Jul","Second","LL",NA,NA,NA,"2023-07-12",213,52,"nereo_metricsT2"
"2023-Jul","Second","OP",NA,NA,NA,"2023-07-12",106,19,"nereo_metricsT2"
"2023-Jul","Second","OP",NA,NA,NA,"2023-07-12",210,31,"nereo_metricsT2"
"2023-Jul","Second","OP",NA,NA,NA,"2023-07-12",201,28,"nereo_metricsT2"
"2023-Jul","Second","OP",NA,NA,NA,"2023-07-12",206,38,"nereo_metricsT2"
"2023-Jul","Second","OP",NA,NA,NA,"2023-07-12",217,46,"nereo_metricsT2"
"2023-Jul","Second","OP",NA,NA,NA,"2023-07-12",202,20,"nereo_metricsT2"
"2023-Jul","Second","OP",NA,NA,NA,"2023-07-12",208,40,"nereo_metricsT2"
"2023-Jul","Second","OP",NA,NA,NA,"2023-07-12",207,43,"nereo_metricsT2"
"2023-Jul","Second","LL",NA,NA,NA,"2023-07-25",203,52,"nereo_metricsT3"
"2023-Jul","Second","LL",NA,NA,NA,"2023-07-25",224,12,"nereo_metricsT3"
"2023-Jul","Second","LL",NA,NA,NA,"2023-07-25",212,54,"nereo_metricsT3"
"2023-Jul","Second","LL",NA,NA,NA,"2023-07-25",204,35,"nereo_metricsT3"
"2023-Jul","Second","LL",NA,NA,NA,"2023-07-25",73,45,"nereo_metricsT3"
"2023-Jul","Second","LL",NA,NA,NA,"2023-07-25",213,57,"nereo_metricsT3"
"2023-Jul","Second","OP",NA,NA,NA,"2023-07-25",106,25,"nereo_metricsT3"
"2023-Jul","Second","OP",NA,NA,NA,"2023-07-25",210,35,"nereo_metricsT3"
"2023-Jul","Second","OP",NA,NA,NA,"2023-07-25",201,35,"nereo_metricsT3"
"2023-Jul","Second","OP",NA,NA,NA,"2023-07-25",206,42,"nereo_metricsT3"
"2023-Jul","Second","OP",NA,NA,NA,"2023-07-25",217,49,"nereo_metricsT3"
"2023-Jul","Second","OP",NA,NA,NA,"2023-07-25",202,26,"nereo_metricsT3"
"2023-Jul","Second","OP",NA,NA,NA,"2023-07-25",208,43,"nereo_metricsT3"
"2023-Jul","Second","OP",NA,NA,NA,"2023-07-25",207,51,"nereo_metricsT3"
"2023-Jul","Triquetta","LL",2,"R",15,"2023-07-14",2579,17,"nereo_metricsT2"
"2023-Jul","Triquetta","LL",2,"R",10,"2023-07-14",2592,15,"nereo_metricsT2"
"2023-Jul","Triquetta","LL",3,"R",5,"2023-07-14",2551,45,"nereo_metricsT2"
"2023-Jul","Triquetta","LL",3,"L",5,"2023-07-14",2562,12,"nereo_metricsT2"
"2023-Jul","Triquetta","DCO",2,"L",3,"2023-07-14",2663,15,"nereo_metricsT2"
"2023-Jul","Triquetta","DCO",2,"L",4,"2023-07-14",2664,15,"nereo_metricsT2"
"2023-Jul","Triquetta","DCO",1,"L",0,"2023-07-14",2668,24,"nereo_metricsT2"
"2023-Jul","Triquetta","DCO",1,"L",1,"2023-07-14",2674,12,"nereo_metricsT2"
"2023-Jul","Triquetta","DCO",3,"R",5,"2023-07-14",2582,15,"nereo_metricsT2"
"2023-Jul","Triquetta","DVM",2,"L",5,"2023-07-14",1708,8,"nereo_metricsT2"
"2023-Jul","Triquetta","DVM",3,"L",10,"2023-07-14",1784,42,"nereo_metricsT2"
"2023-Jul","Triquetta","DVM",1,"L",7,"2023-07-14",2591,16,"nereo_metricsT2"
"2023-Jul","Triquetta","DVM",1,"R",12,"2023-07-14",2547,28,"nereo_metricsT2"
"2023-Jul","Triquetta","JMS",2,NA,NA,"2023-07-14",NA,7,"nereo_size"
"2023-Jul","Triquetta","JMS",2,NA,NA,"2023-07-14",NA,16,"nereo_size"
"2023-Jul","Triquetta","JMS",2,NA,NA,"2023-07-14",NA,5,"nereo_size"
"2023-Jul","Triquetta","JMS",2,NA,NA,"2023-07-14",NA,15,"nereo_size"
"2023-Jul","Triquetta","JMS",2,NA,NA,"2023-07-14",NA,9,"nereo_size"
"2023-Jul","Triquetta","JMS",2,NA,NA,"2023-07-14",NA,14,"nereo_size"
"2023-Jul","Triquetta","JMS",2,NA,NA,"2023-07-14",NA,25,"nereo_size"
"2023-Jul","Triquetta","JMS",2,NA,NA,"2023-07-14",NA,19,"nereo_size"
"2023-Jul","Triquetta","JMS",2,NA,NA,"2023-07-14",NA,11,"nereo_size"
"2023-Jul","Triquetta","JMS",2,NA,NA,"2023-07-14",NA,7,"nereo_size"
"2023-Jul","Triquetta","JMS",2,NA,NA,"2023-07-14",NA,43,"nereo_size"
"2023-Jul","Triquetta","JMS",2,NA,NA,"2023-07-14",NA,12,"nereo_size"
"2023-Jul","Triquetta","JMS",2,NA,NA,"2023-07-14",NA,13,"nereo_size"
"2023-Jul","Triquetta","JMS",2,NA,NA,"2023-07-14",NA,18,"nereo_size"
"2023-Jul","Triquetta","JMS",2,NA,NA,"2023-07-14",NA,53,"nereo_size"
"2023-Jul","Triquetta","DVM",1,NA,NA,"2023-07-14",NA,19,"nereo_size"
"2023-Jul","Triquetta","DVM",1,NA,NA,"2023-07-14",NA,13,"nereo_size"
"2023-Jul","Triquetta","DVM",1,NA,NA,"2023-07-14",NA,15,"nereo_size"
"2023-Jul","Triquetta","DVM",1,NA,NA,"2023-07-14",NA,36,"nereo_size"
"2023-Jul","Triquetta","DVM",1,NA,NA,"2023-07-14",NA,26,"nereo_size"
"2023-Jul","Triquetta","DVM",1,NA,NA,"2023-07-14",NA,31,"nereo_size"
"2023-Jul","Triquetta","DVM",1,NA,NA,"2023-07-14",NA,29,"nereo_size"
"2023-Jul","Triquetta","DVM",1,NA,NA,"2023-07-14",NA,11,"nereo_size"
"2023-Jul","Triquetta","DVM",1,NA,NA,"2023-07-14",NA,35,"nereo_size"
"2023-Jul","Triquetta","DVM",1,NA,NA,"2023-07-14",NA,13,"nereo_size"
"2023-Jul","Triquetta","DVM",1,NA,NA,"2023-07-14",NA,28,"nereo_size"
"2023-Jul","Triquetta","DVM",1,NA,NA,"2023-07-14",NA,16,"nereo_size"
"2023-Jul","Triquetta","DVM",1,NA,NA,"2023-07-14",NA,14,"nereo_size"
"2023-Jul","Triquetta","DVM",1,NA,NA,"2023-07-14",NA,12,"nereo_size"
"2023-Jul","Triquetta","LL",3,NA,NA,"2023-07-14",NA,23,"nereo_size"
"2023-Jul","Triquetta","LL",3,NA,NA,"2023-07-14",NA,36,"nereo_size"
"2023-Jul","Triquetta","LL",3,NA,NA,"2023-07-14",NA,14,"nereo_size"
"2023-Jul","Triquetta","LL",3,NA,NA,"2023-07-14",NA,34,"nereo_size"
"2023-Jul","Triquetta","LL",3,NA,NA,"2023-07-14",NA,2,"nereo_size"
"2023-Jul","Triquetta","LL",3,NA,NA,"2023-07-14",NA,13,"nereo_size"
"2023-Jul","Triquetta","LL",3,NA,NA,"2023-07-14",NA,5,"nereo_size"
"2023-Jul","Triquetta","LL",3,NA,NA,"2023-07-14",NA,14,"nereo_size"
"2023-Jul","Triquetta","LL",3,NA,NA,"2023-07-14",NA,45,"nereo_size"
"2023-Jul","Triquetta","LL",3,NA,NA,"2023-07-14",NA,53,"nereo_size"
"2023-Jul","Triquetta","LL",3,NA,NA,"2023-07-14",NA,18,"nereo_size"
"2023-Jul","Triquetta","LL",3,NA,NA,"2023-07-14",NA,6,"nereo_size"
"2023-Jul","Triquetta","LL",3,NA,NA,"2023-07-14",NA,23,"nereo_size"
"2023-Jul","Triquetta","LL",3,NA,NA,"2023-07-14",NA,10,"nereo_size"
"2023-Jul","Triquetta","LL",3,NA,NA,"2023-07-14",NA,46,"nereo_size"
"2023-Jul","Triquetta","LL",2,"R",15,"2023-07-26",2579,20,"nereo_metricsT3"
"2023-Jul","Triquetta","LL",2,"R",10,"2023-07-26",2592,20,"nereo_metricsT3"
"2023-Jul","Triquetta","LL",3,"R",5,"2023-07-26",2551,47,"nereo_metricsT3"
"2023-Jul","Triquetta","LL",3,"L",5,"2023-07-26",2562,17,"nereo_metricsT3"
"2023-Jul","Triquetta","DCO",2,"L",3,"2023-07-26",2663,15,"nereo_metricsT3"
"2023-Jul","Triquetta","DCO",2,"L",4,"2023-07-26",2664,18,"nereo_metricsT3"
"2023-Jul","Triquetta","DCO",1,"L",0,"2023-07-26",2668,29,"nereo_metricsT3"
"2023-Jul","Triquetta","DCO",1,"L",1,"2023-07-26",2674,14,"nereo_metricsT3"
"2023-Jul","Triquetta","DCO",3,"R",5,"2023-07-26",2582,18,"nereo_metricsT3"
"2023-Jul","Triquetta","DVM",2,"L",5,"2023-07-26",1708,11,"nereo_metricsT3"
"2023-Jul","Triquetta","DVM",3,"L",2,"2023-07-26",2573,29,"nereo_metricsT3"
"2023-Jul","Triquetta","DVM",1,"L",7,"2023-07-26",2591,20,"nereo_metricsT3"
"2023-Jul","Triquetta","DVM",1,"R",12,"2023-07-26",2547,32,"nereo_metricsT3"
"2024-Jul","Breaker","AS",1,"R",28,"2024-07-23",NA,14,"nereo_size"
"2024-Jul","Breaker","AS",1,"L",27,"2024-07-23",NA,2,"nereo_size"
"2024-Jul","Breaker","AS",1,"R",26,"2024-07-23",NA,2,"nereo_size"
"2024-Jul","Breaker","AS",1,"R",25,"2024-07-23",NA,12,"nereo_size"
"2024-Jul","Breaker","AS",1,"R",25,"2024-07-23",NA,11,"nereo_size"
"2024-Jul","Breaker","AS",1,"R",25,"2024-07-23",NA,36,"nereo_size"
"2024-Jul","Breaker","AS",1,"L",24,"2024-07-23",NA,13,"nereo_size"
"2024-Jul","Breaker","AS",1,"L",23,"2024-07-23",NA,11,"nereo_size"
"2024-Jul","Breaker","AS",1,"R",8,"2024-07-23",NA,50,"nereo_size"
"2024-Jul","Breaker","AS",1,"R",2,"2024-07-23",NA,40,"nereo_size"
"2024-Jul","Breaker","OP",3,"L",20,"2024-07-23",NA,40,"nereo_size"
"2024-Jul","Breaker","OP",3,"L",20,"2024-07-23",NA,46,"nereo_size"
"2024-Jul","Breaker","OP",3,"L",20,"2024-07-23",NA,29,"nereo_size"
"2024-Jul","Breaker","OP",3,"R",16,"2024-07-23",NA,44,"nereo_size"
"2024-Jul","Breaker","OP",3,"R",16,"2024-07-23",NA,40,"nereo_size"
"2024-Jul","Breaker","OP",3,"R",13,"2024-07-23",NA,40,"nereo_size"
"2024-Jul","Breaker","OP",3,"R",13,"2024-07-23",NA,45,"nereo_size"
"2024-Jul","Breaker","OP",3,"R",13,"2024-07-23",NA,22,"nereo_size"
"2024-Jul","Breaker","OP",3,"L",4,"2024-07-23",NA,49,"nereo_size"
"2024-Jul","Breaker","OP",3,"L",4,"2024-07-23",NA,65,"nereo_size"
"2024-Jul","Breaker","DCO",2,"R",29,"2024-07-23",NA,46,"nereo_size"
"2024-Jul","Breaker","DCO",2,"R",30,"2024-07-23",NA,47,"nereo_size"
"2024-Jul","Breaker","DCO",2,"L",26,"2024-07-23",NA,41,"nereo_size"
"2024-Jul","Breaker","DCO",2,"L",27,"2024-07-23",NA,16,"nereo_size"
"2024-Jul","Breaker","DCO",2,"L",24,"2024-07-23",NA,31,"nereo_size"
"2024-Jul","Breaker","DCO",2,"L",25,"2024-07-23",NA,36,"nereo_size"
"2024-Jul","Breaker","DCO",2,"L",20,"2024-07-23",NA,38,"nereo_size"
"2024-Jul","Breaker","DCO",2,"L",17,"2024-07-23",NA,53,"nereo_size"
"2024-Jul","Breaker","DCO",2,"R",10,"2024-07-23",NA,46,"nereo_size"
"2024-Jul","Breaker","DCO",2,"R",8,"2024-07-23",NA,30,"nereo_size"
"2024-Jul","Breaker","DCO/OP",2,"R",2.3,"2024-07-24",2134.4,53,"nereo_metricsT2"
"2024-Jul","Breaker","DCO/OP",2,"R",3,"2024-07-24",223.4,40,"nereo_metricsT2"
"2024-Jul","Breaker","DCO/OP",2,"L",5,"2024-07-24",204.4,45,"nereo_metricsT2"
"2024-Jul","Breaker","DCO/OP",2,"R",6.3,"2024-07-24",206.4,36,"nereo_metricsT2"
"2024-Jul","Breaker","DCO/OP",2,"L",8.2,"2024-07-24",209.4,46,"nereo_metricsT2"
"2024-Jul","Breaker","DCO/OP",2,"R",11.1,"2024-07-24",106.4,51,"nereo_metricsT2"
"2024-Jul","Breaker","DCO/OP",2,"R",11.2,"2024-07-24",377.4,50,"nereo_metricsT2"
"2024-Jul","Breaker","LL/DVM",2,"R",2,"2024-07-24",2562.4,49,"nereo_metricsT2"
"2024-Jul","Breaker","LL/DVM",2,"R",2,"2024-07-24",2561.4,50,"nereo_metricsT2"
"2024-Jul","Breaker","LL/DVM",2,"R",3.4,"2024-07-24",2591.4,46,"nereo_metricsT2"
"2024-Jul","Breaker","LL/DVM",2,"R",3.5,"2024-07-24",1833.4,45,"nereo_metricsT2"
"2024-Jul","Breaker","LL/DVM",3,"R",1,"2024-07-24",1848.4,45,"nereo_metricsT2"
"2024-Jul","Breaker","LL/DVM",3,"L",1.5,"2024-07-24",2584.4,47,"nereo_metricsT2"
"2024-Jul","Breaker","LL/DVM",3,"R",4,"2024-07-24",1820.4,40,"nereo_metricsT2"
"2024-Jul","Breaker","LL/DVM",3,"L",3.5,"2024-07-24",1891.4,42,"nereo_metricsT2"
"2024-Jul","Jennie_point","DCO",2,"L",2,"2024-07-11",NA,49,"nereo_size"
"2024-Jul","Jennie_point","DCO",2,"R",3,"2024-07-11",NA,10,"nereo_size"
"2024-Jul","Jennie_point","DCO",2,"L",4,"2024-07-11",NA,12,"nereo_size"
"2024-Jul","Jennie_point","DCO",2,"L",7,"2024-07-11",NA,33,"nereo_size"
"2024-Jul","Jennie_point","DCO",2,"L",10,"2024-07-11",NA,43,"nereo_size"
"2024-Jul","Jennie_point","DCO",2,"R",18,"2024-07-11",NA,7,"nereo_size"
"2024-Jul","Jennie_point","DCO",2,"L",21,"2024-07-11",NA,16,"nereo_size"
"2024-Jul","Jennie_point","DCO",2,"R",25,"2024-07-11",NA,17,"nereo_size"
"2024-Jul","Jennie_point","DCO",2,"R",28,"2024-07-11",NA,4,"nereo_size"
"2024-Jul","Jennie_point","DCO",2,"L",29,"2024-07-11",NA,12,"nereo_size"
"2024-Jul","Jennie_point","AS",1,"L",2.5,"2024-07-11",NA,7.5,"nereo_size"
"2024-Jul","Jennie_point","AS",1,"R",8,"2024-07-11",NA,46,"nereo_size"
"2024-Jul","Jennie_point","AS",1,"L",9,"2024-07-11",NA,14,"nereo_size"
"2024-Jul","Jennie_point","AS",1,"L",20,"2024-07-11",NA,51,"nereo_size"
"2024-Jul","Jennie_point","AS",1,"R",22,"2024-07-11",NA,47.5,"nereo_size"
"2024-Jul","Jennie_point","AS",1,"L",25,"2024-07-11",NA,13,"nereo_size"
"2024-Jul","Jennie_point","AS",1,"R",5,"2024-07-11",NA,11,"nereo_size"
"2024-Jul","Jennie_point","AS",1,"R",4,"2024-07-11",NA,18,"nereo_size"
"2024-Jul","Jennie_point","AS",1,"L",2,"2024-07-11",NA,9,"nereo_size"
"2024-Jul","Jennie_point","AS",1,"R",0,"2024-07-11",NA,50,"nereo_size"
"2024-Jul","Jennie_point","OP",3,"L",26,"2024-07-11",NA,11,"nereo_size"
"2024-Jul","Jennie_point","OP",3,"L",26,"2024-07-11",NA,8,"nereo_size"
"2024-Jul","Jennie_point","OP",3,"L",26,"2024-07-11",NA,13,"nereo_size"
"2024-Jul","Jennie_point","OP",3,"L",26,"2024-07-11",NA,19,"nereo_size"
"2024-Jul","Jennie_point","OP",3,"L",27,"2024-07-11",NA,16,"nereo_size"
"2024-Jul","Jennie_point","OP",3,"L",27,"2024-07-11",NA,24,"nereo_size"
"2024-Jul","Jennie_point","OP",3,"L",27,"2024-07-11",NA,31,"nereo_size"
"2024-Jul","Jennie_point","OP",3,"L",28,"2024-07-11",NA,33,"nereo_size"
"2024-Jul","Jennie_point","OP",3,"L",20,"2024-07-11",NA,17,"nereo_size"
"2024-Jul","Jennie_point","OP",3,"L",10,"2024-07-11",NA,11,"nereo_size"
"2024-Jul","Manley","DVM",1,"R",18.5,"2024-07-21",NA,18,"nereo_size"
"2024-Jul","Manley","DVM",1,"L",14,"2024-07-21",NA,2,"nereo_size"
"2024-Jul","Manley","DVM",1,"L",13.5,"2024-07-21",NA,12,"nereo_size"
"2024-Jul","Manley","DVM",1,"L",13,"2024-07-21",NA,10,"nereo_size"
"2024-Jul","Manley","DVM",1,"L",12.5,"2024-07-21",NA,10,"nereo_size"
"2024-Jul","Manley","DVM",1,"L",19,"2024-07-21",NA,21,"nereo_size"
"2024-Jul","Manley","DVM",1,"L",18,"2024-07-21",NA,18,"nereo_size"
"2024-Jul","Manley","DVM",1,"L",17.5,"2024-07-21",NA,15,"nereo_size"
"2024-Jul","Manley","DVM",1,"R",4,"2024-07-21",NA,10,"nereo_size"
"2024-Jul","Manley","DVM",1,"L",4,"2024-07-21",NA,5,"nereo_size"
"2024-Jul","Manley","AS",2,"R",26,"2024-07-21",NA,15,"nereo_size"
"2024-Jul","Manley","AS",2,"L",27,"2024-07-21",NA,16,"nereo_size"
"2024-Jul","Manley","AS",2,"R",27,"2024-07-21",NA,4,"nereo_size"
"2024-Jul","Manley","DCO",3,"R",25,"2024-07-21",NA,35,"nereo_size"
"2024-Jul","Manley","DCO",3,"L",25,"2024-07-21",NA,26,"nereo_size"
"2024-Jul","Manley","DCO",3,"L",12,"2024-07-21",NA,9,"nereo_size"
"2024-Jul","Manley","DCO",3,"R",16,"2024-07-21",NA,12,"nereo_size"
"2024-Jul","Manley","DCO",3,"R",16,"2024-07-21",NA,44,"nereo_size"
"2024-Jul","Manley","DCO",3,"R",9,"2024-07-21",NA,25,"nereo_size"
"2024-Jul","Manley","DCO",3,"R",NA,"2024-07-21",NA,10,"nereo_size"
"2024-Jul","Manley","DCO",3,"R",NA,"2024-07-21",NA,28,"nereo_size"
"2024-Jul","Manley","DCO",3,"R",15,"2024-07-21",NA,18,"nereo_size"
"2024-Jul","Manley","DCO",3,"R",15,"2024-07-21",NA,10,"nereo_size"
"2024-Jul","McMullins","OP",3,"L",28,"2024-07-14",NA,41,"nereo_size"
"2024-Jul","McMullins","OP",3,"L",16,"2024-07-14",NA,25,"nereo_size"
"2024-Jul","McMullins","OP",3,"L",10,"2024-07-14",NA,33,"nereo_size"
"2024-Jul","McMullins","OP",3,"L",2,"2024-07-14",NA,9,"nereo_size"
"2024-Jul","McMullins","OP",3,"L",2,"2024-07-14",NA,18,"nereo_size"
"2024-Jul","McMullins","OP",3,"L",0,"2024-07-14",NA,9,"nereo_size"
"2024-Jul","McMullins","OP",3,"L",0,"2024-07-14",NA,21,"nereo_size"
"2024-Jul","McMullins","OP",3,"R",0,"2024-07-14",NA,29,"nereo_size"
"2024-Jul","McMullins","OP",3,"R",0,"2024-07-14",NA,51,"nereo_size"
"2024-Jul","McMullins","OP",3,"R",8,"2024-07-14",NA,52,"nereo_size"
"2024-Jul","McMullins","LL",2,"R",25,"2024-07-14",NA,26,"nereo_size"
"2024-Jul","McMullins","LL",2,"R",18,"2024-07-14",NA,15,"nereo_size"
"2024-Jul","McMullins","LL",2,"L",14,"2024-07-14",NA,25,"nereo_size"
"2024-Jul","McMullins","LL",2,"L",14,"2024-07-14",NA,32,"nereo_size"
"2024-Jul","McMullins","LL",2,"R",14.5,"2024-07-14",NA,40,"nereo_size"
"2024-Jul","McMullins","LL",2,"R",14.5,"2024-07-14",NA,39,"nereo_size"
"2024-Jul","McMullins","LL",2,"R",14.5,"2024-07-14",NA,46,"nereo_size"
"2024-Jul","McMullins","LL",2,"R",10,"2024-07-14",NA,30,"nereo_size"
"2024-Jul","McMullins","LL",2,"R",10,"2024-07-14",NA,21,"nereo_size"
"2024-Jul","McMullins","LL",2,"R",10,"2024-07-14",NA,35,"nereo_size"
"2024-Jul","McMullins","DVM",1,"L",0,"2024-07-14",NA,37,"nereo_size"
"2024-Jul","McMullins","DVM",1,"L",1,"2024-07-14",NA,42,"nereo_size"
"2024-Jul","McMullins","DVM",1,"R",4.5,"2024-07-14",NA,37,"nereo_size"
"2024-Jul","McMullins","DVM",1,"L",7,"2024-07-14",NA,32,"nereo_size"
"2024-Jul","McMullins","DVM",1,"R",13,"2024-07-14",NA,33,"nereo_size"
"2024-Jul","McMullins","DVM",1,"R",15,"2024-07-14",NA,29,"nereo_size"
"2024-Jul","McMullins","DVM",1,"R",15,"2024-07-14",NA,38,"nereo_size"
"2024-Jul","McMullins","DVM",1,"L",16.5,"2024-07-14",NA,37,"nereo_size"
"2024-Jul","McMullins","DVM",1,"L",20,"2024-07-14",NA,22,"nereo_size"
"2024-Jul","McMullins","DVM",1,"L",23,"2024-07-14",NA,36,"nereo_size"
"2024-Jul","Ratatouille","LL/DVM",3,"R",1,"2024-07-24",2610,23,"nereo_metricsT2"
"2024-Jul","Ratatouille","LL/DVM",3,"R",3,"2024-07-24",2607,21,"nereo_metricsT2"
"2024-Jul","Ratatouille","LL/DVM",3,"R",4,"2024-07-24",2515.1,19,"nereo_metricsT2"
"2024-Jul","Ratatouille","LL/DVM",3,"L",4.3,"2024-07-24",201.2,48,"nereo_metricsT2"
"2024-Jul","Ratatouille","LL/DVM",3,"R",7,"2024-07-24",2664.2,24,"nereo_metricsT2"
"2024-Jul","Ratatouille","LL/DVM",3,"R",7,"2024-07-24",202.2,21,"nereo_metricsT2"
"2024-Jul","Ratatouille","LL/DVM",3,"R",7.5,"2024-07-24",2605,23,"nereo_metricsT2"
"2024-Jul","Ratatouille","DCO/OP",2,"R",1,"2024-07-24",2565.4,18,"nereo_metricsT2"
"2024-Jul","Ratatouille","DCO/OP",2,"L",1.8,"2024-07-24",2572.4,32,"nereo_metricsT2"
"2024-Jul","Ratatouille","DCO/OP",2,"L",2.2,"2024-07-24",1817.4,42,"nereo_metricsT2"
"2024-Jul","Ratatouille","DCO/OP",2,"L",2.6,"2024-07-24",2072.4,39,"nereo_metricsT2"
"2024-Jul","Ratatouille","DCO/OP",2,"R",7,"2024-07-24",1825.4,51,"nereo_metricsT2"
"2024-Jul","Ratatouille","DCO/OP",2,"R",7.1,"2024-07-24",2001.4,20,"nereo_metricsT2"
"2024-Jul","Ratatouille","DCO/OP",2,"L",13,"2024-07-24",0.4,23,"nereo_metricsT2"
"2024-Jul","Ratatouille","DCO/OP",2,"L",13,"2024-07-24",0.5,54,"nereo_metricsT2"
"2024-Jul","Ratatouille","AS",1,"L",0,"2024-07-24",NA,51,"nereo_size"
"2024-Jul","Ratatouille","AS",1,"R",1,"2024-07-24",NA,22,"nereo_size"
"2024-Jul","Ratatouille","AS",1,"L",3,"2024-07-24",NA,18,"nereo_size"
"2024-Jul","Ratatouille","AS",1,"R",4,"2024-07-24",NA,23,"nereo_size"
"2024-Jul","Ratatouille","AS",1,"R",5,"2024-07-24",NA,20,"nereo_size"
"2024-Jul","Ratatouille","AS",1,"L",5,"2024-07-24",NA,44,"nereo_size"
"2024-Jul","Ratatouille","AS",1,"L",8,"2024-07-24",NA,18,"nereo_size"
"2024-Jul","Ratatouille","AS",1,"R",10,"2024-07-24",NA,9,"nereo_size"
"2024-Jul","Ratatouille","AS",1,"R",12,"2024-07-24",NA,21,"nereo_size"
"2024-Jul","Ratatouille","AS",1,"L",15,"2024-07-24",NA,49,"nereo_size"
"2024-Jul","Ratatouille","DCO",2,"R",2,"2024-07-24",NA,26,"nereo_size"
"2024-Jul","Ratatouille","DCO",2,"R",2,"2024-07-24",NA,15,"nereo_size"
"2024-Jul","Ratatouille","DCO",2,"L",4,"2024-07-24",NA,14,"nereo_size"
"2024-Jul","Ratatouille","DCO",2,"L",4,"2024-07-24",NA,16,"nereo_size"
"2024-Jul","Ratatouille","DCO",2,"R",6,"2024-07-24",NA,21,"nereo_size"
"2024-Jul","Ratatouille","DCO",2,"R",7,"2024-07-24",NA,16,"nereo_size"
"2024-Jul","Ratatouille","DCO",2,"L",10,"2024-07-24",NA,53,"nereo_size"
"2024-Jul","Ratatouille","DCO",2,"L",9,"2024-07-24",NA,50,"nereo_size"
"2024-Jul","Ratatouille","DCO",2,"R",12,"2024-07-24",NA,12,"nereo_size"
"2024-Jul","Ratatouille","DCO",2,"R",13,"2024-07-24",NA,9,"nereo_size"
"2024-Jul","Ratatouille","OP",3,"L",0,"2024-07-24",NA,15,"nereo_size"
"2024-Jul","Ratatouille","OP",3,"L",3,"2024-07-24",NA,26,"nereo_size"
"2024-Jul","Ratatouille","OP",3,"L",3,"2024-07-24",NA,23,"nereo_size"
"2024-Jul","Ratatouille","OP",3,"R",6,"2024-07-24",NA,32,"nereo_size"
"2024-Jul","Ratatouille","OP",3,"R",6,"2024-07-24",NA,19,"nereo_size"
"2024-Jul","Ratatouille","OP",3,"L",10,"2024-07-24",NA,25,"nereo_size"
"2024-Jul","Ratatouille","OP",3,"L",10,"2024-07-24",NA,18,"nereo_size"
"2024-Jul","Ratatouille","OP",3,"L",10,"2024-07-24",NA,18,"nereo_size"
"2024-Jul","Ratatouille","OP",3,"L",16,"2024-07-24",NA,24,"nereo_size"
"2024-Jul","Ratatouille","OP",3,"R",20,"2024-07-24",NA,58,"nereo_size"
"2024-Jul","Robert_rocks","AS",1,"R",2,"2024-07-18",NA,47,"nereo_size"
"2024-Jul","Robert_rocks","AS",1,"R",9,"2024-07-18",NA,54,"nereo_size"
"2024-Jul","Robert_rocks","AS",1,"R",14,"2024-07-18",NA,33,"nereo_size"
"2024-Jul","Robert_rocks","AS",1,"L",16,"2024-07-18",NA,30,"nereo_size"
"2024-Jul","Robert_rocks","AS",1,"R",17,"2024-07-18",NA,37,"nereo_size"
"2024-Jul","Robert_rocks","AS",1,"R",17,"2024-07-18",NA,49,"nereo_size"
"2024-Jul","Robert_rocks","AS",1,"R",18,"2024-07-18",NA,40,"nereo_size"
"2024-Jul","Robert_rocks","AS",1,"R",19,"2024-07-18",NA,33,"nereo_size"
"2024-Jul","Robert_rocks","AS",1,"R",20,"2024-07-18",NA,41,"nereo_size"
"2024-Jul","Robert_rocks","AS",1,"R",23,"2024-07-18",NA,30,"nereo_size"
"2024-Jul","Robert_rocks","LL",2,"R",30,"2024-07-18",NA,45,"nereo_size"
"2024-Jul","Robert_rocks","LL",2,"R",20,"2024-07-18",NA,21,"nereo_size"
"2024-Jul","Robert_rocks","LL",2,"L",20,"2024-07-18",NA,20,"nereo_size"
"2024-Jul","Robert_rocks","LL",2,"L",18,"2024-07-18",NA,38,"nereo_size"
"2024-Jul","Robert_rocks","LL",2,"L",18,"2024-07-18",NA,37,"nereo_size"
"2024-Jul","Robert_rocks","LL",2,"R",17,"2024-07-18",NA,40,"nereo_size"
"2024-Jul","Robert_rocks","LL",2,"R",17,"2024-07-18",NA,20,"nereo_size"
"2024-Jul","Robert_rocks","LL",2,"L",19,"2024-07-18",NA,19,"nereo_size"
"2024-Jul","Robert_rocks","LL",2,"L",17,"2024-07-18",NA,40,"nereo_size"
"2024-Jul","Robert_rocks","LL",2,"L",17,"2024-07-18",NA,43,"nereo_size"
"2024-Jul","Robert_rocks","OP",3,"R",2,"2024-07-18",NA,40,"nereo_size"
"2024-Jul","Robert_rocks","OP",3,"R",2,"2024-07-18",NA,55,"nereo_size"
"2024-Jul","Robert_rocks","OP",3,"R",2,"2024-07-18",NA,54,"nereo_size"
"2024-Jul","Robert_rocks","OP",3,"R",2,"2024-07-18",NA,38,"nereo_size"
"2024-Jul","Robert_rocks","OP",3,"R",14,"2024-07-18",NA,40,"nereo_size"
"2024-Jul","Robert_rocks","OP",3,"R",20,"2024-07-18",NA,44,"nereo_size"
"2024-Jul","Robert_rocks","OP",3,"R",20,"2024-07-18",NA,28,"nereo_size"
"2024-Jul","Robert_rocks","OP",3,"R",20,"2024-07-18",NA,42,"nereo_size"
"2024-Jul","Robert_rocks","OP",3,"R",24,"2024-07-18",NA,20,"nereo_size"
"2024-Jul","Robert_rocks","OP",3,"R",24,"2024-07-18",NA,56,"nereo_size"
"2024-Jul","Triquetta","AS",2,"L",24,"2024-07-21",NA,24,"nereo_size"
"2024-Jul","Triquetta","AS",2,"L",21,"2024-07-21",NA,21,"nereo_size"
"2024-Jul","Triquetta","AS",2,"L",21,"2024-07-21",NA,21,"nereo_size"
"2024-Jul","Triquetta","AS",2,"L",21,"2024-07-21",NA,21,"nereo_size"
"2024-Jul","Triquetta","AS",2,"L",20,"2024-07-21",NA,20,"nereo_size"
"2024-Jul","Triquetta","AS",2,"L",20,"2024-07-21",NA,20,"nereo_size"
"2024-Jul","Triquetta","AS",2,"L",20,"2024-07-21",NA,20,"nereo_size"
"2024-Jul","Triquetta","AS",2,"L",19,"2024-07-21",NA,19,"nereo_size"
"2024-Jul","Triquetta","AS",2,"R",18,"2024-07-21",NA,18,"nereo_size"
"2024-Jul","Triquetta","AS",2,"L",16,"2024-07-21",NA,16,"nereo_size"
"2024-Jul","Triquetta","DVM",3,"R",1,"2024-07-21",NA,10,"nereo_size"
"2024-Jul","Triquetta","DVM",3,"R",3,"2024-07-21",NA,24,"nereo_size"
"2024-Jul","Triquetta","DVM",3,"L",6,"2024-07-21",NA,17,"nereo_size"
"2024-Jul","Triquetta","DVM",3,"L",6,"2024-07-21",NA,10,"nereo_size"
"2024-Jul","Triquetta","DVM",3,"L",6,"2024-07-21",NA,18,"nereo_size"
"2024-Jul","Triquetta","DVM",3,"R",9,"2024-07-21",NA,12,"nereo_size"
"2024-Jul","Triquetta","DVM",3,"R",11,"2024-07-21",NA,10,"nereo_size"
"2024-Jul","Triquetta","DVM",3,"R",12,"2024-07-21",NA,26,"nereo_size"
"2024-Jul","Triquetta","DVM",3,"R",17,"2024-07-21",NA,16,"nereo_size"
"2024-Jul","Triquetta","DVM",3,"R",18,"2024-07-21",NA,14,"nereo_size"
"2024-Jul","Triquetta","DCO",1,"R",30,"2024-07-21",NA,15,"nereo_size"
"2024-Jul","Triquetta","DCO",1,"R",28,"2024-07-21",NA,17,"nereo_size"
"2024-Jul","Triquetta","DCO",1,"R",26,"2024-07-21",NA,14,"nereo_size"
"2024-Jul","Triquetta","DCO",1,"L",20,"2024-07-21",NA,9,"nereo_size"
"2024-Jul","Triquetta","DCO",1,"L",16,"2024-07-21",NA,2,"nereo_size"
"2024-Jul","Triquetta","DCO",1,"L",16,"2024-07-21",NA,1,"nereo_size"
"2024-Jul","Triquetta","DCO",1,"R",14,"2024-07-21",NA,20,"nereo_size"
"2024-Jul","Triquetta","DCO",1,"L",13,"2024-07-21",NA,8,"nereo_size"
"2024-Jul","Triquetta","DCO",1,"L",9,"2024-07-21",NA,35,"nereo_size"
"2024-Jul","Triquetta","DCO",1,"L",NA,"2024-07-21",NA,16,"nereo_size"
"2024-Jul","Triquetta","LL/DVM",2,"L",0,"2024-07-24",1911.4,24,"nereo_metricsT2"
"2024-Jul","Triquetta","LL/DVM",2,"L",2,"2024-07-24",2590.4,16,"nereo_metricsT2"
"2024-Jul","Triquetta","LL/DVM",2,"L",17,"2024-07-24",2578.4,36,"nereo_metricsT2"
"2024-Jul","Triquetta","LL/DVM",2,"R",20,"2024-07-24",2582.4,15,"nereo_metricsT2"
"2024-Jul","Triquetta","LL/DVM",1,"R",14,"2024-07-24",2022.4,22,"nereo_metricsT2"
"2024-Jul","Triquetta","DCO/OP",3,"L",3,"2024-07-24",208.4,22,"nereo_metricsT2"
"2024-Jul","Triquetta","DCO/OP",3,"L",3,"2024-07-24",2542.4,24,"nereo_metricsT2"
"2024-Jul","Triquetta","DCO/OP",3,"R",14,"2024-07-24",73.4,25,"nereo_metricsT2"
"2024-Jul","Triquetta","DCO/OP",3,"R",17,"2024-07-24",2117.4,26,"nereo_metricsT2"
"2024-Jul","Triquetta","DCO/OP",3,"L",20,"2024-07-24",217.4,23,"nereo_metricsT2"
"2024-Jul","Triquetta","DCO/OP",3,"L",20,"2024-07-24",1797.4,27,"nereo_metricsT2"
"2024-Jul","Triquetta","DCO/OP",3,"L",20,"2024-07-24",213.4,8,"nereo_metricsT2"
"2024-Jul","Triquetta","DCO/OP",3,"L",3,"2024-07-24",2551.4,23,"nereo_metricsT2"
"2025-Apr","Owen","DCO",5,"R",10,"2025-04-04",NA,11,"nereo_size"
"2025-Apr","Owen","DCO",5,"R",10,"2025-04-04",NA,10,"nereo_size"
"2025-Apr","Owen","DCO",5,"R",11,"2025-04-04",NA,10,"nereo_size"
"2025-Apr","Owen","DCO",5,"R",11,"2025-04-04",NA,13,"nereo_size"
"2025-Apr","Owen","DCO",5,"R",12,"2025-04-04",NA,15,"nereo_size"
"2025-Apr","Owen","DCO",5,"L",12,"2025-04-04",NA,15,"nereo_size"
"2025-Apr","Owen","DCO",5,"L",3,"2025-04-04",NA,8,"nereo_size"
"2025-Apr","Owen","DCO",5,"L",2,"2025-04-04",NA,11,"nereo_size"
"2025-Apr","Owen","DCO",5,"L",2,"2025-04-04",NA,11,"nereo_size"
"2025-Apr","Owen","DCO",5,"L",2,"2025-04-04",NA,12,"nereo_size"
"2025-Apr","Owen","DCO",2,"L",8,"2025-04-04",NA,15,"nereo_size"
"2025-Apr","Owen","DCO",2,"L",10,"2025-04-04",NA,13,"nereo_size"
"2025-Apr","Owen","DCO",2,"L",10,"2025-04-04",NA,12,"nereo_size"
"2025-Apr","Owen","DCO",2,"L",11,"2025-04-04",NA,11,"nereo_size"
"2025-Apr","Owen","DCO",2,"L",12,"2025-04-04",NA,7,"nereo_size"
"2025-Apr","Owen","DCO",2,"R",15,"2025-04-04",NA,15,"nereo_size"
"2025-Apr","Owen","DCO",2,"R",15,"2025-04-04",NA,15,"nereo_size"
"2025-Apr","Owen","DCO",2,"R",16,"2025-04-04",NA,10,"nereo_size"
"2025-Apr","Owen","DCO",2,"R",17,"2025-04-04",NA,11,"nereo_size"
"2025-Apr","Owen","DCO",2,"R",17,"2025-04-04",NA,11,"nereo_size"
"2025-Apr","Owen","DCO",4,"L",1,"2025-04-04",NA,12,"nereo_size"
"2025-Apr","Owen","DCO",4,"L",1,"2025-04-04",NA,10,"nereo_size"
"2025-Apr","Owen","DCO",4,"L",1,"2025-04-04",NA,11,"nereo_size"
"2025-Apr","Owen","DCO",4,"L",1,"2025-04-04",NA,11,"nereo_size"
"2025-Apr","Owen","DCO",4,"L",1,"2025-04-04",NA,11,"nereo_size"
"2025-Apr","Owen","DCO",4,"L",2,"2025-04-04",NA,9,"nereo_size"
"2025-Apr","Owen","DCO",4,"L",2,"2025-04-04",NA,15,"nereo_size"
"2025-Apr","Owen","DCO",4,"L",2,"2025-04-04",NA,14,"nereo_size"
"2025-Apr","Owen","DCO",4,"L",2,"2025-04-04",NA,10,"nereo_size"
"2025-Apr","Owen","DCO",4,"L",2,"2025-04-04",NA,12,"nereo_size"
"2025-Jul","Breaker","DVM/AS",3,"L",0,"2025-07-14",2594,36,"nereo_metricsT2"
"2025-Jul","Breaker","DVM/AS",3,"L",2.5,"2025-07-14",222,29,"nereo_metricsT2"
"2025-Jul","Breaker","DVM/AS",3,"R",2.7,"2025-07-14",207,30,"nereo_metricsT2"
"2025-Jul","Breaker","DVM/AS",3,"R",9,"2025-07-14",2590,44,"nereo_metricsT2"
"2025-Jul","Breaker","DVM/AS",3,"R",11,"2025-07-14",206,26,"nereo_metricsT2"
"2025-Jul","Breaker","DVM/AS",3,"R",12,"2025-07-14",2547,49,"nereo_metricsT2"
"2025-Jul","Breaker","OP/DCO",1,"L",1.7,"2025-07-14",2515,50,"nereo_metricsT2"
"2025-Jul","Breaker","OP/DCO",1,"L",1.7,"2025-07-14",2542,42,"nereo_metricsT2"
"2025-Jul","Breaker","OP/DCO",1,"R",0.7,"2025-07-14",217,45,"nereo_metricsT2"
"2025-Jul","Breaker","OP/DCO",1,NA,1.3,"2025-07-14",1708,39,"nereo_metricsT2"
"2025-Jul","Breaker","OP/DCO",1,NA,1.9,"2025-07-14",223,52,"nereo_metricsT2"
"2025-Jul","Breaker","OP/DCO",1,NA,5.1,"2025-07-14",2073,42,"nereo_metricsT2"
"2025-Jul","Breaker","OP/DCO",1,NA,6.2,"2025-07-14",281,35,"nereo_metricsT2"
"2025-Jul","Breaker","OP/DCO",1,NA,5.8,"2025-07-14",1765,35,"nereo_metricsT2"
"2025-Jul","Breaker","OP",1,"R",1,"2025-07-17",NA,32,"nereo_size"
"2025-Jul","Breaker","OP",1,"R",2,"2025-07-17",NA,35,"nereo_size"
"2025-Jul","Breaker","OP",1,"R",2,"2025-07-17",NA,51,"nereo_size"
"2025-Jul","Breaker","OP",1,"L",3,"2025-07-17",NA,48,"nereo_size"
"2025-Jul","Breaker","OP",1,"L",3,"2025-07-17",NA,38,"nereo_size"
"2025-Jul","Breaker","OP",1,"L",5,"2025-07-17",NA,22,"nereo_size"
"2025-Jul","Breaker","OP",1,"L",7,"2025-07-17",NA,32,"nereo_size"
"2025-Jul","Breaker","OP",1,"R",7,"2025-07-17",NA,23,"nereo_size"
"2025-Jul","Breaker","OP",1,"R",8,"2025-07-17",NA,37,"nereo_size"
"2025-Jul","Breaker","OP",1,"R",12,"2025-07-17",NA,47,"nereo_size"
"2025-Jul","Breaker","DVM",3,"R",0,"2025-07-17",NA,35,"nereo_size"
"2025-Jul","Breaker","DVM",3,"R",1,"2025-07-17",NA,22,"nereo_size"
"2025-Jul","Breaker","DVM",3,"R",1.5,"2025-07-17",NA,50,"nereo_size"
"2025-Jul","Breaker","DVM",3,"R",3,"2025-07-17",NA,25,"nereo_size"
"2025-Jul","Breaker","DVM",3,"R",4,"2025-07-17",NA,32,"nereo_size"
"2025-Jul","Breaker","DVM",3,"R",5,"2025-07-17",NA,22,"nereo_size"
"2025-Jul","Breaker","DVM",3,"L",10,"2025-07-17",NA,32,"nereo_size"
"2025-Jul","Breaker","DVM",3,"L",12,"2025-07-17",NA,44,"nereo_size"
"2025-Jul","Breaker","DVM",3,"L",13,"2025-07-17",NA,43,"nereo_size"
"2025-Jul","Breaker","DVM",3,"L",15,"2025-07-17",NA,33,"nereo_size"
"2025-Jul","Breaker","DCO",2,"L",10,"2025-07-17",NA,34,"nereo_size"
"2025-Jul","Breaker","DCO",2,"L",10,"2025-07-17",NA,35,"nereo_size"
"2025-Jul","Breaker","DCO",2,"R",10,"2025-07-17",NA,36,"nereo_size"
"2025-Jul","Breaker","DCO",2,"R",10,"2025-07-17",NA,32,"nereo_size"
"2025-Jul","Breaker","DCO",2,"R",20,"2025-07-17",NA,41,"nereo_size"
"2025-Jul","Breaker","DCO",2,"R",20,"2025-07-17",NA,55,"nereo_size"
"2025-Jul","Breaker","DCO",2,"L",20,"2025-07-17",NA,30,"nereo_size"
"2025-Jul","Breaker","DCO",2,"L",20,"2025-07-17",NA,35,"nereo_size"
"2025-Jul","Breaker","DCO",2,"R",19,"2025-07-17",NA,37,"nereo_size"
"2025-Jul","Breaker","DCO",2,"R",19,"2025-07-17",NA,35,"nereo_size"
"2025-Jul","Granville","DCO",NA,"R",23,"2025-07-05",NA,47,"nereo_size"
"2025-Jul","Granville","DCO",NA,"L",22,"2025-07-05",NA,15,"nereo_size"
"2025-Jul","Granville","DCO",NA,"R",22,"2025-07-05",NA,3,"nereo_size"
"2025-Jul","Granville","DCO",NA,"L",21,"2025-07-05",NA,11,"nereo_size"
"2025-Jul","Granville","DCO",NA,"L",5,"2025-07-05",NA,13,"nereo_size"
"2025-Jul","Granville","DCO",NA,"R",5,"2025-07-05",NA,27,"nereo_size"
"2025-Jul","Granville","DCO",NA,"L",4,"2025-07-05",NA,23,"nereo_size"
"2025-Jul","Granville","DCO",NA,"R",3,"2025-07-05",NA,32,"nereo_size"
"2025-Jul","Granville","DCO",NA,"R",14,"2025-07-05",NA,39,"nereo_size"
"2025-Jul","Granville","DCO",NA,"R",15,"2025-07-05",NA,21,"nereo_size"
"2025-Jul","Granville","AS",2,"L",29,"2025-07-05",NA,7,"nereo_size"
"2025-Jul","Granville","AS",2,"L",28,"2025-07-05",NA,9,"nereo_size"
"2025-Jul","Granville","AS",2,"R",23,"2025-07-05",NA,28,"nereo_size"
"2025-Jul","Granville","AS",2,"L",21,"2025-07-05",NA,7,"nereo_size"
"2025-Jul","Granville","AS",2,"L",20,"2025-07-05",NA,24,"nereo_size"
"2025-Jul","Granville","AS",2,"L",18,"2025-07-05",NA,16,"nereo_size"
"2025-Jul","Granville","AS",2,"R",15,"2025-07-05",NA,36,"nereo_size"
"2025-Jul","Granville","AS",2,"R",12,"2025-07-05",NA,7,"nereo_size"
"2025-Jul","Granville","AS",2,"R",8,"2025-07-05",NA,9,"nereo_size"
"2025-Jul","Granville","AS",2,"L",4,"2025-07-05",NA,45,"nereo_size"
"2025-Jul","Granville","OP",3,"R",28,"2025-07-05",NA,31,"nereo_size"
"2025-Jul","Granville","OP",3,"R",28,"2025-07-05",NA,21,"nereo_size"
"2025-Jul","Granville","OP",3,"R",24,"2025-07-05",NA,19,"nereo_size"
"2025-Jul","Granville","OP",3,"R",20,"2025-07-05",NA,11,"nereo_size"
"2025-Jul","Granville","OP",3,"R",18,"2025-07-05",NA,31,"nereo_size"
"2025-Jul","Granville","OP",3,"R",16,"2025-07-05",NA,10,"nereo_size"
"2025-Jul","Granville","OP",3,"R",16,"2025-07-05",NA,18,"nereo_size"
"2025-Jul","Granville","OP",3,"R",16,"2025-07-05",NA,39,"nereo_size"
"2025-Jul","Granville","OP",3,"R",16,"2025-07-05",NA,47,"nereo_size"
"2025-Jul","Granville","OP",3,"R",16,"2025-07-05",NA,33,"nereo_size"
"2025-Jul","Manley","LL",2,"R",17,"2025-07-13",NA,14,"nereo_size"
"2025-Jul","Manley","LL",2,"R",20,"2025-07-13",NA,5,"nereo_size"
"2025-Jul","Manley","LL",2,"R",20,"2025-07-13",NA,6,"nereo_size"
"2025-Jul","Manley","LL",2,"R",20,"2025-07-13",NA,25,"nereo_size"
"2025-Jul","Manley","DCO",1,"R",2,"2025-07-13",NA,3,"nereo_size"
"2025-Jul","Manley","DCO",1,"L",0,"2025-07-13",NA,4,"nereo_size"
"2025-Jul","Manley","DVM",3,"L",13,"2025-07-13",NA,18,"nereo_size"
"2025-Jul","Manley","DVM",3,"L",17,"2025-07-13",NA,6,"nereo_size"
"2025-Jul","Manley","DVM",3,"L",17,"2025-07-13",NA,30,"nereo_size"
"2025-Jul","Manley","DVM",3,"L",17,"2025-07-13",NA,35,"nereo_size"
"2025-Jul","Manley","DVM",3,"L",18,"2025-07-13",NA,7,"nereo_size"
"2025-Jul","Manley","DVM",3,"R",18,"2025-07-13",NA,30,"nereo_size"
"2025-Jul","Manley","DVM",3,"R",20,"2025-07-13",NA,30,"nereo_size"
"2025-Jul","Manley","DVM",3,"R",20,"2025-07-13",NA,27,"nereo_size"
"2025-Jul","Manley","DVM",3,"R",21,"2025-07-13",NA,18,"nereo_size"
"2025-Jul","Manley","DVM",3,"R",23,"2025-07-13",NA,21,"nereo_size"
"2025-Jul","McMullins_west","OP/AS",NA,NA,NA,"2025-07-07",2515,39,"nereo_metricsT2"
"2025-Jul","McMullins_west","OP/AS",NA,NA,NA,"2025-07-07",2677,39,"nereo_metricsT2"
"2025-Jul","McMullins_west","OP/AS",NA,NA,NA,"2025-07-07",2070,20,"nereo_metricsT2"
"2025-Jul","McMullins_west","OP/AS",NA,NA,NA,"2025-07-07",2602,42,"nereo_metricsT2"
"2025-Jul","McMullins_west","OP/AS",NA,NA,NA,"2025-07-07",2679,40,"nereo_metricsT2"
"2025-Jul","McMullins_west","LL/DCO",NA,NA,NA,"2025-07-07",204,28,"nereo_metricsT2"
"2025-Jul","McMullins_west","LL/DCO",NA,NA,NA,"2025-07-07",217,30,"nereo_metricsT2"
"2025-Jul","McMullins_west","LL/DCO",NA,NA,NA,"2025-07-07",224,46,"nereo_metricsT2"
"2025-Jul","McMullins_west","LL/DCO",NA,NA,NA,"2025-07-07",206,21,"nereo_metricsT2"
"2025-Jul","McMullins_west","LL/DCO",NA,NA,NA,"2025-07-07",208,39,"nereo_metricsT2"
"2025-Jul","McMullins_west","LL/DCO",NA,NA,NA,"2025-07-07",201,25,"nereo_metricsT2"
"2025-Jul","McMullins_west","DVM",1,NA,29,"2025-07-07",NA,29,"nereo_size"
"2025-Jul","McMullins_west","DVM",1,NA,24,"2025-07-07",NA,15,"nereo_size"
"2025-Jul","McMullins_west","DVM",1,NA,21,"2025-07-07",NA,32,"nereo_size"
"2025-Jul","McMullins_west","DVM",1,NA,16,"2025-07-07",NA,19,"nereo_size"
"2025-Jul","McMullins_west","DVM",1,NA,15,"2025-07-07",NA,21,"nereo_size"
"2025-Jul","McMullins_west","DVM",1,NA,13,"2025-07-07",NA,46,"nereo_size"
"2025-Jul","McMullins_west","DVM",1,NA,7,"2025-07-07",NA,46,"nereo_size"
"2025-Jul","McMullins_west","DVM",1,NA,4,"2025-07-07",NA,28,"nereo_size"
"2025-Jul","McMullins_west","AS",2,NA,1,"2025-07-07",NA,48,"nereo_size"
"2025-Jul","McMullins_west","AS",2,NA,8,"2025-07-07",NA,27,"nereo_size"
"2025-Jul","McMullins_west","AS",2,NA,11,"2025-07-07",NA,31,"nereo_size"
"2025-Jul","McMullins_west","AS",2,NA,12,"2025-07-07",NA,60,"nereo_size"
"2025-Jul","McMullins_west","AS",2,NA,16,"2025-07-07",NA,27,"nereo_size"
"2025-Jul","McMullins_west","AS",2,NA,19,"2025-07-07",NA,48,"nereo_size"
"2025-Jul","McMullins_west","AS",2,NA,24,"2025-07-07",NA,21,"nereo_size"
"2025-Jul","McMullins_west","AS",2,NA,30,"2025-07-07",NA,29,"nereo_size"
"2025-Jul","McMullins_west","LL",3,NA,30,"2025-07-07",NA,38,"nereo_size"
"2025-Jul","McMullins_west","LL",3,NA,30,"2025-07-07",NA,59,"nereo_size"
"2025-Jul","McMullins_west","LL",3,NA,29,"2025-07-07",NA,47,"nereo_size"
"2025-Jul","McMullins_west","LL",3,NA,29,"2025-07-07",NA,26,"nereo_size"
"2025-Jul","McMullins_west","LL",3,NA,26,"2025-07-07",NA,37,"nereo_size"
"2025-Jul","McMullins_west","LL",3,NA,26,"2025-07-07",NA,22,"nereo_size"
"2025-Jul","McMullins_west","LL",3,NA,24,"2025-07-07",NA,6,"nereo_size"
"2025-Jul","McMullins_west","LL",3,NA,24,"2025-07-07",NA,29,"nereo_size"
"2025-Jul","North","OP/DCO",3,"R",4.2,"2025-07-15",2677,23,"nereo_metricsT2"
"2025-Jul","North","OP/DCO",3,"R",3,"2025-07-15",213,11,"nereo_metricsT2"
"2025-Jul","North","OP/DCO",3,"L",2.7,"2025-07-15",2596,13,"nereo_metricsT2"
"2025-Jul","North","OP/DCO",3,"R",1.8,"2025-07-15",2551,38,"nereo_metricsT2"
"2025-Jul","North","OP/DCO",3,"R",1.8,"2025-07-15",2665,11,"nereo_metricsT2"
"2025-Jul","North","OP/DCO",3,"L",1,"2025-07-15",1803,26,"nereo_metricsT2"
"2025-Jul","North","OP/DCO",2,"R",1.5,"2025-07-15",2667,65,"nereo_metricsT2"
"2025-Jul","North","OP/DCO",3,"R",9,"2025-07-15",2663,32,"nereo_metricsT2"
"2025-Jul","North","OP/DCO",2,"R",4,"2025-07-15",2595,25,"nereo_metricsT2"
"2025-Jul","North","OP/DCO",2,"L",7,"2025-07-15",2670,22,"nereo_metricsT2"
"2025-Jul","North","OP/DCO",2,"L",7,"2025-07-15",1784,34,"nereo_metricsT2"
"2025-Jul","North","OP/DCO",1,"L",0,"2025-07-15",2579,36,"nereo_metricsT2"
"2025-Jul","North","OP/DCO",1,"L",0,"2025-07-15",204,60,"nereo_metricsT2"
"2025-Jul","North","OP/DCO",1,"R",7,"2025-07-15",2022,18,"nereo_metricsT2"
"2025-Jul","North","OP/DCO",1,"R",8,"2025-07-15",1714,24,"nereo_metricsT2"
"2025-Jul","North","OP/DCO",1,"R",8,"2025-07-15",2043,33,"nereo_metricsT2"
"2025-Jul","North","LL",2,"L",11,"2025-07-15",NA,22,"nereo_size"
"2025-Jul","North","LL",2,"L",11.5,"2025-07-15",NA,4,"nereo_size"
"2025-Jul","North","LL",2,"L",12,"2025-07-15",NA,17,"nereo_size"
"2025-Jul","North","LL",2,"L",12,"2025-07-15",NA,18,"nereo_size"
"2025-Jul","North","LL",2,"L",14,"2025-07-15",NA,31,"nereo_size"
"2025-Jul","North","LL",2,"R",13,"2025-07-15",NA,10,"nereo_size"
"2025-Jul","North","LL",2,"R",13,"2025-07-15",NA,8,"nereo_size"
"2025-Jul","North","LL",2,"L",15,"2025-07-15",NA,11,"nereo_size"
"2025-Jul","North","LL",2,"R",15,"2025-07-15",NA,38,"nereo_size"
"2025-Jul","North","LL",2,"R",15,"2025-07-15",NA,55,"nereo_size"
"2025-Jul","North","AS",3,"L",30,"2025-07-15",NA,11,"nereo_size"
"2025-Jul","North","AS",3,"L",28,"2025-07-15",NA,25,"nereo_size"
"2025-Jul","North","AS",3,"R",16,"2025-07-15",NA,13,"nereo_size"
"2025-Jul","North","AS",3,"R",13,"2025-07-15",NA,10,"nereo_size"
"2025-Jul","North","AS",3,"R",14,"2025-07-15",NA,38,"nereo_size"
"2025-Jul","North","AS",3,"R",13,"2025-07-15",NA,16,"nereo_size"
"2025-Jul","North","AS",3,"R",6,"2025-07-15",NA,26,"nereo_size"
"2025-Jul","North","AS",3,"R",5,"2025-07-15",NA,9,"nereo_size"
"2025-Jul","North","AS",3,"R",4,"2025-07-15",NA,9,"nereo_size"
"2025-Jul","North","AS",3,"L",4,"2025-07-15",NA,11,"nereo_size"
"2025-Jul","North","OP",1,"R",20,"2025-07-15",NA,12,"nereo_size"
"2025-Jul","North","OP",1,"R",20,"2025-07-15",NA,19,"nereo_size"
"2025-Jul","North","OP",1,"R",20,"2025-07-15",NA,17,"nereo_size"
"2025-Jul","North","OP",1,"R",18,"2025-07-15",NA,30,"nereo_size"
"2025-Jul","North","OP",1,"R",18,"2025-07-15",NA,43,"nereo_size"
"2025-Jul","North","OP",1,"L",16,"2025-07-15",NA,38,"nereo_size"
"2025-Jul","North","OP",1,"L",16,"2025-07-15",NA,24,"nereo_size"
"2025-Jul","North","OP",1,"L",14,"2025-07-15",NA,4,"nereo_size"
"2025-Jul","North","OP",1,"L",16,"2025-07-15",NA,4,"nereo_size"
"2025-Jul","North","OP",1,"L",14,"2025-07-15",NA,24,"nereo_size"
"2025-Jul","Owen","OP",2,"R",0,"2025-07-24",NA,34,"nereo_size"
"2025-Jul","Owen","OP",2,"R",0,"2025-07-24",NA,22,"nereo_size"
"2025-Jul","Owen","OP",2,"L",1,"2025-07-24",NA,33,"nereo_size"
"2025-Jul","Owen","OP",2,"R",8,"2025-07-24",NA,31,"nereo_size"
"2025-Jul","Owen","OP",2,"R",10,"2025-07-24",NA,21,"nereo_size"
"2025-Jul","Owen","OP",2,"R",10,"2025-07-24",NA,16,"nereo_size"
"2025-Jul","Owen","OP",2,"L",12,"2025-07-24",NA,36,"nereo_size"
"2025-Jul","Owen","OP",2,"L",12,"2025-07-24",NA,33,"nereo_size"
"2025-Jul","Owen","OP",2,"L",20,"2025-07-24",NA,32,"nereo_size"
"2025-Jul","Owen","OP",2,"L",20,"2025-07-24",NA,21,"nereo_size"
"2025-Jul","Owen","OP",5,NA,NA,"2025-07-24",NA,26,"nereo_size"
"2025-Jul","Owen","OP",5,NA,NA,"2025-07-24",NA,30,"nereo_size"
"2025-Jul","Owen","OP",5,NA,NA,"2025-07-24",NA,36,"nereo_size"
"2025-Jul","Owen","OP",5,NA,NA,"2025-07-24",NA,41,"nereo_size"
"2025-Jul","Owen","OP",5,NA,NA,"2025-07-24",NA,40,"nereo_size"
"2025-Jul","Owen","OP",5,NA,NA,"2025-07-24",NA,40,"nereo_size"
"2025-Jul","Owen","OP",5,NA,NA,"2025-07-24",NA,37,"nereo_size"
"2025-Jul","Owen","OP",5,NA,NA,"2025-07-24",NA,27,"nereo_size"
"2025-Jul","Owen","OP",5,NA,NA,"2025-07-24",NA,40,"nereo_size"
"2025-Jul","Owen","OP",5,NA,NA,"2025-07-24",NA,44,"nereo_size"
"2025-Jul","Ratatouille","AS",1,"R",28,"2025-07-15",NA,14,"nereo_size"
"2025-Jul","Ratatouille","AS",1,"R",27,"2025-07-15",NA,15,"nereo_size"
"2025-Jul","Ratatouille","AS",1,"R",26,"2025-07-15",NA,18,"nereo_size"
"2025-Jul","Ratatouille","AS",1,"R",10,"2025-07-15",NA,29,"nereo_size"
"2025-Jul","Ratatouille","AS",1,"L",9,"2025-07-15",NA,7,"nereo_size"
"2025-Jul","Ratatouille","AS",1,"R",8,"2025-07-15",NA,9,"nereo_size"
"2025-Jul","Ratatouille","AS",1,"R",5,"2025-07-15",NA,36,"nereo_size"
"2025-Jul","Ratatouille","AS",1,"R",2,"2025-07-15",NA,8,"nereo_size"
"2025-Jul","Ratatouille","AS",1,"R",1,"2025-07-15",NA,9,"nereo_size"
"2025-Jul","Ratatouille","AS",1,"R",1,"2025-07-15",NA,20,"nereo_size"
"2025-Jul","Ratatouille","LL",2,"L",0,"2025-07-15",NA,32,"nereo_size"
"2025-Jul","Ratatouille","LL",2,"L",0,"2025-07-15",NA,22,"nereo_size"
"2025-Jul","Ratatouille","LL",2,"L",0,"2025-07-15",NA,22,"nereo_size"
"2025-Jul","Ratatouille","LL",2,"L",0,"2025-07-15",NA,29,"nereo_size"
"2025-Jul","Ratatouille","LL",2,"L",0,"2025-07-15",NA,36,"nereo_size"
"2025-Jul","Ratatouille","LL",2,"L",0,"2025-07-15",NA,25,"nereo_size"
"2025-Jul","Ratatouille","LL",2,"R",0,"2025-07-15",NA,21,"nereo_size"
"2025-Jul","Ratatouille","LL",2,"R",0,"2025-07-15",NA,30,"nereo_size"
"2025-Jul","Ratatouille","LL",2,"R",0,"2025-07-15",NA,32,"nereo_size"
"2025-Jul","Ratatouille","LL",2,"R",0,"2025-07-15",NA,30,"nereo_size"
"2025-Jul","Ratatouille","OP",3,"L",0,"2025-07-15",NA,26,"nereo_size"
"2025-Jul","Ratatouille","OP",3,"L",1,"2025-07-15",NA,30,"nereo_size"
"2025-Jul","Ratatouille","OP",3,"L",1,"2025-07-15",NA,30,"nereo_size"
"2025-Jul","Ratatouille","OP",3,"L",1,"2025-07-15",NA,54,"nereo_size"
"2025-Jul","Ratatouille","OP",3,"L",10,"2025-07-15",NA,52,"nereo_size"
"2025-Jul","Ratatouille","OP",3,"L",10,"2025-07-15",NA,40,"nereo_size"
"2025-Jul","Ratatouille","OP",3,"L",11,"2025-07-15",NA,28,"nereo_size"
"2025-Jul","Ratatouille","OP",3,"L",12,"2025-07-15",NA,18,"nereo_size"
"2025-Jul","Ratatouille","OP",3,"L",13,"2025-07-15",NA,20,"nereo_size"
"2025-Jul","Ratatouille","OP",3,"L",18,"2025-07-15",NA,25,"nereo_size"
"2025-Jul","Robert_rocks","OP",3,"R",8,"2025-07-05",NA,27,"nereo_size"
"2025-Jul","Robert_rocks","OP",3,"R",9,"2025-07-05",NA,42,"nereo_size"
"2025-Jul","Robert_rocks","OP",3,"R",9.5,"2025-07-05",NA,14,"nereo_size"
"2025-Jul","Robert_rocks","OP",3,"R",10,"2025-07-05",NA,29,"nereo_size"
"2025-Jul","Robert_rocks","OP",3,"R",12,"2025-07-05",NA,49,"nereo_size"
"2025-Jul","Robert_rocks","OP",3,"R",12,"2025-07-05",NA,55,"nereo_size"
"2025-Jul","Robert_rocks","OP",3,"R",12,"2025-07-05",NA,62,"nereo_size"
"2025-Jul","Robert_rocks","OP",3,"R",14,"2025-07-05",NA,25,"nereo_size"
"2025-Jul","Robert_rocks","OP",3,"R",16,"2025-07-05",NA,58,"nereo_size"
"2025-Jul","Robert_rocks","OP",3,"R",28,"2025-07-05",NA,26,"nereo_size"
"2025-Jul","Robert_rocks","AS",2,"L",28,"2025-07-05",NA,23,"nereo_size"
"2025-Jul","Robert_rocks","AS",2,"L",26,"2025-07-05",NA,29,"nereo_size"
"2025-Jul","Robert_rocks","AS",2,"R",24,"2025-07-05",NA,31,"nereo_size"
"2025-Jul","Robert_rocks","AS",2,"L",24,"2025-07-05",NA,27,"nereo_size"
"2025-Jul","Robert_rocks","AS",2,"R",20,"2025-07-05",NA,72,"nereo_size"
"2025-Jul","Robert_rocks","AS",2,"L",7,"2025-07-05",NA,26,"nereo_size"
"2025-Jul","Robert_rocks","AS",2,"R",7,"2025-07-05",NA,16,"nereo_size"
"2025-Jul","Robert_rocks","AS",2,"R",6,"2025-07-05",NA,43,"nereo_size"
"2025-Jul","Robert_rocks","AS",2,"R",5,"2025-07-05",NA,26,"nereo_size"
"2025-Jul","Robert_rocks","AS",2,"L",1,"2025-07-05",NA,33,"nereo_size"
"2025-Jul","Robert_rocks","DCO",1,"L",1,"2025-07-05",NA,30,"nereo_size"
"2025-Jul","Robert_rocks","DCO",1,"R",2,"2025-07-05",NA,34,"nereo_size"
"2025-Jul","Robert_rocks","DCO",1,"R",2,"2025-07-05",NA,29,"nereo_size"
"2025-Jul","Robert_rocks","DCO",1,"R",3,"2025-07-05",NA,31,"nereo_size"
"2025-Jul","Robert_rocks","DCO",1,"L",8,"2025-07-05",NA,13,"nereo_size"
"2025-Jul","Robert_rocks","DCO",1,"L",20,"2025-07-05",NA,24,"nereo_size"
"2025-Jul","Robert_rocks","DCO",1,"R",20,"2025-07-05",NA,37,"nereo_size"
"2025-Jul","Robert_rocks","DCO",1,"L",22,"2025-07-05",NA,40,"nereo_size"
"2025-Jul","Robert_rocks","DCO",1,"R",24,"2025-07-05",NA,43,"nereo_size"
"2025-Jul","Robert_rocks","DCO",1,"R",25,"2025-07-05",NA,21,"nereo_size"
"2025-Jul","Robert_rocks_south","OP/AS",NA,NA,NA,"2025-07-08",2599,33,"nereo_metricsT2"
"2025-Jul","Robert_rocks_south","OP/AS",NA,NA,NA,"2025-07-08",2542,52,"nereo_metricsT2"
"2025-Jul","Robert_rocks_south","OP/AS",NA,NA,NA,"2025-07-08",2670,50,"nereo_metricsT2"
"2025-Jul","Robert_rocks_south","OP/AS",NA,NA,NA,"2025-07-08",220,26,"nereo_metricsT2"
"2025-Jul","Robert_rocks_south","OP/AS",NA,NA,NA,"2025-07-08",213,12,"nereo_metricsT2"
"2025-Jul","Robert_rocks_south","OP/AS",NA,NA,NA,"2025-07-08",222,14,"nereo_metricsT2"
"2025-Jul","Robert_rocks_south","LL/DCO",NA,NA,NA,"2025-07-08",2597,37,"nereo_metricsT2"
"2025-Jul","Robert_rocks_south","LL/DCO",NA,NA,NA,"2025-07-08",2680,40,"nereo_metricsT2"
"2025-Jul","Robert_rocks_south","LL/DCO",NA,NA,NA,"2025-07-08",1946,24,"nereo_metricsT2"
"2025-Jul","Robert_rocks_south","LL/DCO",NA,NA,NA,"2025-07-08",2663,30,"nereo_metricsT2"
"2025-Jul","Robert_rocks_south","LL/DCO",NA,NA,NA,"2025-07-08",2603,41,"nereo_metricsT2"
"2025-Jul","Robert_rocks_south","LL/DCO",NA,NA,NA,"2025-07-08",2600,39,"nereo_metricsT2"
"2025-Jul","Robert_rocks_south","LL/DCO",NA,NA,NA,"2025-07-08",2551,26,"nereo_metricsT2"
"2025-Jul","Robert_rocks_south","LL/DCO",NA,NA,NA,"2025-07-08",2590,27,"nereo_metricsT2"
"2025-Jul","Second","DVM",1,"R",0,"2025-07-18",NA,6,"nereo_size"
"2025-Jul","Second","DVM",1,"R",0,"2025-07-18",NA,10,"nereo_size"
"2025-Jul","Second","DVM",1,"R",0,"2025-07-18",NA,44,"nereo_size"
"2025-Jul","Second","DVM",1,"R",5,"2025-07-18",NA,16,"nereo_size"
"2025-Jul","Second","DVM",1,"R",6,"2025-07-18",NA,10,"nereo_size"
"2025-Jul","Second","DVM",1,"R",6.5,"2025-07-18",NA,46,"nereo_size"
"2025-Jul","Second","DVM",1,"L",9,"2025-07-18",NA,20,"nereo_size"
"2025-Jul","Second","DVM",1,"L",12,"2025-07-18",NA,39,"nereo_size"
"2025-Jul","Second","DVM",1,"L",11,"2025-07-18",NA,18,"nereo_size"
"2025-Jul","Second","DVM",1,"L",10,"2025-07-18",NA,16,"nereo_size"
"2025-Jul","Second","LL",2,"L",30,"2025-07-18",NA,30,"nereo_size"
"2025-Jul","Second","LL",2,"L",29,"2025-07-18",NA,21,"nereo_size"
"2025-Jul","Second","LL",2,"R",29,"2025-07-18",NA,15,"nereo_size"
"2025-Jul","Second","LL",2,"L",29,"2025-07-18",NA,20,"nereo_size"
"2025-Jul","Second","LL",2,"L",30,"2025-07-18",NA,34,"nereo_size"
"2025-Jul","Second","LL",2,"R",24,"2025-07-18",NA,11,"nereo_size"
"2025-Jul","Second","LL",2,"R",24,"2025-07-18",NA,43,"nereo_size"
"2025-Jul","Second","LL",2,"R",24,"2025-07-18",NA,14,"nereo_size"
"2025-Jul","Second","LL",2,"R",24,"2025-07-18",NA,38,"nereo_size"
"2025-Jul","Second","LL",2,"R",24,"2025-07-18",NA,47,"nereo_size"
"2025-Jul","Second","OP",3,"R",0,"2025-07-18",NA,44,"nereo_size"
"2025-Jul","Second","OP",3,"L",1,"2025-07-18",NA,35,"nereo_size"
"2025-Jul","Second","OP",3,"R",2,"2025-07-18",NA,7,"nereo_size"
"2025-Jul","Second","OP",3,"R",2,"2025-07-18",NA,13,"nereo_size"
"2025-Jul","Second","OP",3,"R",10,"2025-07-18",NA,34,"nereo_size"
"2025-Jul","Second","OP",3,"R",10,"2025-07-18",NA,11,"nereo_size"
"2025-Jul","Second","OP",3,"L",10,"2025-07-18",NA,11,"nereo_size"
"2025-Jul","Second","OP",3,"R",12,"2025-07-18",NA,25,"nereo_size"
"2025-Jul","Second","OP",3,"R",12,"2025-07-18",NA,20,"nereo_size"
"2025-Jul","Second","OP",3,"L",15,"2025-07-18",NA,27,"nereo_size"
"2025-Jul","Triquetta","AS",1,NA,1,"2025-07-13",NA,37,"nereo_size"
"2025-Jul","Triquetta","AS",1,NA,1,"2025-07-13",NA,42,"nereo_size"
"2025-Jul","Triquetta","AS",1,NA,2,"2025-07-13",NA,7,"nereo_size"
"2025-Jul","Triquetta","AS",1,NA,3,"2025-07-13",NA,27,"nereo_size"
"2025-Jul","Triquetta","AS",1,NA,4,"2025-07-13",NA,16,"nereo_size"
"2025-Jul","Triquetta","AS",1,NA,5,"2025-07-13",NA,27,"nereo_size"
"2025-Jul","Triquetta","AS",1,NA,7,"2025-07-13",NA,18,"nereo_size"
"2025-Jul","Triquetta","AS",1,NA,8,"2025-07-13",NA,30,"nereo_size"
"2025-Jul","Triquetta","LL",2,NA,0,"2025-07-13",NA,6,"nereo_size"
"2025-Jul","Triquetta","LL",2,NA,0.5,"2025-07-13",NA,41,"nereo_size"
"2025-Jul","Triquetta","LL",2,NA,0.5,"2025-07-13",NA,40,"nereo_size"
"2025-Jul","Triquetta","LL",2,NA,1,"2025-07-13",NA,6,"nereo_size"
"2025-Jul","Triquetta","LL",2,NA,1,"2025-07-13",NA,23,"nereo_size"
"2025-Jul","Triquetta","LL",2,NA,1,"2025-07-13",NA,24,"nereo_size"
"2025-Jul","Triquetta","LL",2,NA,1,"2025-07-13",NA,32,"nereo_size"
"2025-Jul","Triquetta","LL",2,NA,1.5,"2025-07-13",NA,33,"nereo_size"
"2025-Jul","Triquetta","LL",2,NA,1.5,"2025-07-13",NA,20,"nereo_size"
"2025-Jul","Triquetta","LL",2,NA,1.5,"2025-07-13",NA,28,"nereo_size"
"2025-Jul","Triquetta","LL",2,NA,2,"2025-07-13",NA,4,"nereo_size"
"2025-Jul","Triquetta","LL",2,NA,2,"2025-07-13",NA,2,"nereo_size"
"2025-Jul","Triquetta","LL",2,NA,2,"2025-07-13",NA,22,"nereo_size"
"2025-Jul","Triquetta","DCO",3,"R",4,"2025-07-13",NA,27,"nereo_size"
"2025-Jul","Triquetta","DCO",3,"R",4,"2025-07-13",NA,7,"nereo_size"
"2025-Jul","Triquetta","DCO",3,"L",5,"2025-07-13",NA,6,"nereo_size"
"2025-Jul","Triquetta","DCO",3,"R",5,"2025-07-13",NA,14,"nereo_size"
"2025-Jul","Triquetta","DCO",3,"L",8,"2025-07-13",NA,28,"nereo_size"
"2025-Jul","Triquetta","DCO",3,"L",8,"2025-07-13",NA,47,"nereo_size"
"2025-Jul","Triquetta","DCO",3,"L",11,"2025-07-13",NA,13,"nereo_size"
"2025-Jul","Triquetta","DCO",3,"L",11,"2025-07-13",NA,16,"nereo_size"
"2025-Jul","Triquetta","DCO",3,"R",10,"2025-07-13",NA,45,"nereo_size"
"2025-Jul","Triquetta","DCO",3,"L",15,"2025-07-13",NA,19,"nereo_size"
"2025-Jul","Triquetta","DCO",3,"L",15,"2025-07-13",NA,35,"nereo_size"
"2025-Jul","Triquetta","DCO",3,"R",16,"2025-07-13",NA,8,"nereo_size"
"2025-Jul","Triquetta","OP/DCO",1,"R",6.9,"2025-07-14",1843,35,"nereo_metricsT2"
"2025-Jul","Triquetta","OP/DCO",1,"L",7,"2025-07-14",2593,32,"nereo_metricsT2"
"2025-Jul","Triquetta","OP/DCO",1,"L",2.4,"2025-07-14",2578,32,"nereo_metricsT2"
"2025-Jul","Triquetta","OP/DCO",2,"R",0,"2025-07-14",1797,44,"nereo_metricsT2"
"2025-Jul","Triquetta","OP/DCO",2,"R",0,"2025-07-14",2582,28,"nereo_metricsT2"
"2025-Jul","Triquetta","OP/DCO",2,"R",0,"2025-07-14",2117,44,"nereo_metricsT2"
"2025-Jul","Triquetta","OP/DCO",2,"R",5.5,"2025-07-14",2554,26,"nereo_metricsT2"
"2025-Jul","Triquetta","DVM/AS",3,"R",0,"2025-07-14",209,30,"nereo_metricsT2"
"2025-Jul","Triquetta","DVM/AS",3,"L",2,"2025-07-14",2592,32,"nereo_metricsT2"
"2025-Jul","Triquetta","DVM/AS",3,"L",3,"2025-07-14",1911,48,"nereo_metricsT2"
"2025-Jul","Triquetta","DVM/AS",3,"L",4,"2025-07-14",1697,24,"nereo_metricsT2"
"2025-Jul","Triquetta","DVM/AS",3,"R",6,"2025-07-14",2557,32,"nereo_metricsT2"
"2025-Jul","Triquetta","DVM/AS",3,"R",6,"2025-07-14",2134,37,"nereo_metricsT2"
"2025-Jul","Triquetta","DVM/AS",2,"R",10,"2025-07-14",106,11,"nereo_metricsT2"
"2025-Jul","Triquetta","DVM/AS",2,"R",10,"2025-07-14",2560,20,"nereo_metricsT2"
"2025-Jul","Turf","LL",2,"L",0,"2025-07-08",NA,2,"nereo_size"
"2025-Jul","Turf","LL",2,"L",0,"2025-07-08",NA,14,"nereo_size"
"2025-Jul","Turf","LL",2,"L",0,"2025-07-08",NA,15,"nereo_size"
"2025-Jul","Turf","LL",2,"L",2,"2025-07-08",NA,5,"nereo_size"
"2025-Jul","Turf","LL",2,"L",2,"2025-07-08",NA,7,"nereo_size"
"2025-Jul","Turf","LL",2,"L",5,"2025-07-08",NA,8,"nereo_size"
"2025-Jul","Turf","LL",2,"L",5,"2025-07-08",NA,9,"nereo_size"
"2025-Jul","Turf","LL",2,"R",5,"2025-07-08",NA,16,"nereo_size"
"2025-Jul","Turf","LL",2,"L",7,"2025-07-08",NA,2,"nereo_size"
"2025-Jul","Turf","LL",2,"L",7,"2025-07-08",NA,6,"nereo_size"
"2025-Jul","Turf","OP",3,"R",29,"2025-07-08",NA,14,"nereo_size"
"2025-Jul","Turf","OP",3,"R",28,"2025-07-08",NA,5,"nereo_size"
"2025-Jul","Turf","OP",3,"R",24,"2025-07-08",NA,21,"nereo_size"
"2025-Jul","Turf","OP",3,"R",24,"2025-07-08",NA,21,"nereo_size"
"2025-Jul","Turf","OP",3,"R",24,"2025-07-08",NA,17,"nereo_size"
"2025-Jul","Turf","OP",3,"R",24,"2025-07-08",NA,20,"nereo_size"
"2025-Jul","Turf","OP",3,"R",12,"2025-07-08",NA,7,"nereo_size"
"2025-Jul","Turf","OP",3,"L",13,"2025-07-08",NA,24,"nereo_size"
"2025-Jul","Turf","OP",3,"L",13,"2025-07-08",NA,24,"nereo_size"
"2025-Jul","Turf","DCO",1,"R",1,"2025-07-08",NA,14,"nereo_size"
"2025-Jul","Turf","DCO",1,"R",1,"2025-07-08",NA,15,"nereo_size"
"2025-Jul","Turf","DCO",1,"R",2,"2025-07-08",NA,29,"nereo_size"
"2025-Jul","Turf","DCO",1,"L",1,"2025-07-08",NA,16,"nereo_size"
"2025-Jul","Turf","DCO",1,"L",2,"2025-07-08",NA,12,"nereo_size"
"2025-Jul","Turf","DCO",1,"L",6,"2025-07-08",NA,30,"nereo_size"
"2025-Jul","Turf","DCO",1,"R",6,"2025-07-08",NA,31,"nereo_size"
"2025-Jul","Turf","DCO",1,"R",6,"2025-07-08",NA,24,"nereo_size"
"2025-Jul","Turf","DCO",1,"R",12,"2025-07-08",NA,21,"nereo_size"
"2025-Jul","Turf","DCO",1,"L",12,"2025-07-08",NA,16,"nereo_size"
"2025-Oct","Owen","DCO",NA,NA,NA,"2025-10-20",NA,35,"nereo_size"
"2025-Oct","Owen","DCO",NA,NA,NA,"2025-10-20",NA,35,"nereo_size"
"2025-Oct","Owen","DCO",NA,NA,NA,"2025-10-20",NA,34,"nereo_size"
"2025-Oct","Owen","DCO",NA,NA,NA,"2025-10-20",NA,33,"nereo_size"
"2025-Oct","Owen","DCO",NA,NA,NA,"2025-10-20",NA,36,"nereo_size"
"2025-Oct","Owen","DCO",NA,NA,NA,"2025-10-20",NA,34,"nereo_size"
"2025-Oct","Owen","DCO",NA,NA,NA,"2025-10-20",NA,32,"nereo_size"
"2025-Oct","Owen","DCO",NA,NA,NA,"2025-10-20",NA,26,"nereo_size"
"2025-Oct","Owen","DCO",NA,NA,NA,"2025-10-20",NA,42,"nereo_size"
"2025-Oct","Owen","DCO",NA,NA,NA,"2025-10-20",NA,42,"nereo_size"
"2025-Oct","Owen","DCO",NA,NA,NA,"2025-10-20",NA,33,"nereo_size"
"2025-Oct","Owen","DCO",NA,NA,NA,"2025-10-20",NA,26,"nereo_size"
"2025-Oct","Owen","DCO",NA,NA,NA,"2025-10-20",NA,31,"nereo_size"
"2025-Oct","Owen","DCO",NA,NA,NA,"2025-10-20",NA,25,"nereo_size"
"2025-Oct","Owen","DCO",NA,NA,NA,"2025-10-20",NA,33,"nereo_size"
"2025-Oct","Owen","DCO",NA,NA,NA,"2025-10-20",NA,29,"nereo_size"
"2025-Oct","Owen","DCO",NA,NA,NA,"2025-10-20",NA,40,"nereo_size"
"2025-Oct","Owen","DCO",NA,NA,NA,"2025-10-20",NA,39,"nereo_size"
"2025-Oct","Owen","DCO",NA,NA,NA,"2025-10-20",NA,40,"nereo_size"
"2025-Oct","Owen","DCO",NA,NA,NA,"2025-10-20",NA,23,"nereo_size"
"2025-Oct","Owen","DCO",NA,NA,NA,"2025-10-20",NA,41,"nereo_size"
"2025-Oct","Owen","DCO",NA,NA,NA,"2025-10-20",NA,32,"nereo_size"
"2025-Oct","Owen","DCO",NA,NA,NA,"2025-10-20",NA,30,"nereo_size"
"2025-Oct","Owen","DCO",NA,NA,NA,"2025-10-20",NA,31,"nereo_size"
"2025-Oct","Owen","DCO",NA,NA,NA,"2025-10-20",NA,36,"nereo_size"
"2025-Oct","Owen","DCO",NA,NA,NA,"2025-10-20",NA,36,"nereo_size"
"2025-Oct","Owen","DCO",NA,NA,NA,"2025-10-20",NA,36,"nereo_size"
"2025-Oct","Owen","DCO",NA,NA,NA,"2025-10-20",NA,31,"nereo_size"
"2025-Oct","Owen","DCO",NA,NA,NA,"2025-10-20",NA,28,"nereo_size"
"2025-Oct","Owen","DCO",NA,NA,NA,"2025-10-20",NA,39,"nereo_size"
"2025-Oct","Owen","DCO",NA,NA,NA,"2025-10-20",NA,29,"nereo_size"
"2025-Oct","Owen","DCO",NA,NA,NA,"2025-10-20",NA,29,"nereo_size"
"2025-Oct","Owen","DCO",NA,NA,NA,"2025-10-20",NA,49,"nereo_size"
"2025-Oct","Owen","DCO",NA,NA,NA,"2025-10-20",NA,37,"nereo_size"
"2025-Oct","Owen","DCO",NA,NA,NA,"2025-10-20",NA,38,"nereo_size"
"2025-Oct","Owen","DCO",NA,NA,NA,"2025-10-20",NA,34,"nereo_size"
"2025-Oct","Owen","DCO",NA,NA,NA,"2025-10-20",NA,31,"nereo_size"
"2025-Oct","Owen","DCO",NA,NA,NA,"2025-10-20",NA,30,"nereo_size"
"2025-Oct","Owen","DCO",NA,NA,NA,"2025-10-20",NA,34,"nereo_size"
"2025-Oct","Owen","DCO",NA,NA,NA,"2025-10-20",NA,44,"nereo_size"
"2025-Oct","Owen","DCO",NA,NA,NA,"2025-10-20",NA,30,"nereo_size"
"2026-Apr","Owen","ZM",1,"R",30,"2026-04-24",NA,30,"nereo_size"
"2026-Apr","Owen","ZM",1,"L",27,"2026-04-24",NA,20,"nereo_size"
"2026-Apr","Owen","ZM",1,"L",26,"2026-04-24",NA,30,"nereo_size"
"2026-Apr","Owen","ZM",1,"R",24,"2026-04-24",NA,25,"nereo_size"
"2026-Apr","Owen","ZM",1,"L",20,"2026-04-24",NA,40,"nereo_size"
"2026-Apr","Owen","ZM",1,"R",20,"2026-04-24",NA,22,"nereo_size"
"2026-Apr","Owen","ZM",1,"L",16,"2026-04-24",NA,32,"nereo_size"
"2026-Apr","Owen","ZM",1,"R",15,"2026-04-24",NA,23,"nereo_size"
"2026-Apr","Owen","ZM",1,"R",12,"2026-04-24",NA,27,"nereo_size"
"2026-Apr","Owen","ZM",1,"R",7,"2026-04-24",NA,26,"nereo_size"
"2026-Apr","Owen","ZM",2,"R",2,"2026-04-24",NA,32,"nereo_size"
"2026-Apr","Owen","ZM",2,"L",3,"2026-04-24",NA,24,"nereo_size"
"2026-Apr","Owen","ZM",2,"L",5,"2026-04-24",NA,28,"nereo_size"
"2026-Apr","Owen","ZM",2,"L",8,"2026-04-24",NA,64,"nereo_size"
"2026-Apr","Owen","ZM",2,"L",10,"2026-04-24",NA,30,"nereo_size"
"2026-Apr","Owen","ZM",2,"R",14,"2026-04-24",NA,36,"nereo_size"
"2026-Apr","Owen","ZM",2,"R",15,"2026-04-24",NA,44,"nereo_size"
"2026-Apr","Owen","ZM",2,"R",19,"2026-04-24",NA,26,"nereo_size"
"2026-Apr","Owen","ZM",2,"L",20,"2026-04-24",NA,32,"nereo_size"
"2026-Apr","Owen","ZM",2,"L",26,"2026-04-24",NA,34,"nereo_size"
"2026-Jan","Owen","DCO",1,"L",24,"2026-01-13",NA,12,"nereo_size"
"2026-Jan","Owen","DCO",1,"L",23,"2026-01-13",NA,9,"nereo_size"
"2026-Jan","Owen","DCO",1,"L",22,"2026-01-13",NA,16,"nereo_size"
"2026-Jan","Owen","DCO",1,"L",22,"2026-01-13",NA,24,"nereo_size"
"2026-Jan","Owen","DCO",1,"L",18,"2026-01-13",NA,10,"nereo_size"
"2026-Jan","Owen","DCO",1,"L",18,"2026-01-13",NA,16,"nereo_size"
"2026-Jan","Owen","DCO",1,"R",18,"2026-01-13",NA,7,"nereo_size"
"2026-Jan","Owen","DCO",1,"R",8,"2026-01-13",NA,9,"nereo_size"
"2026-Jan","Owen","DCO",1,"R",7,"2026-01-13",NA,9,"nereo_size"
"2026-Jan","Owen","DCO",1,"R",7,"2026-01-13",NA,10,"nereo_size"
"2026-Jan","Owen","DCO",2,"R",24,"2026-01-13",NA,30,"nereo_size"
"2026-Jan","Owen","DCO",2,"R",1,"2026-01-13",NA,20,"nereo_size"
"2026-Jan","Owen","DCO",3,"R",5,"2026-01-13",NA,16,"nereo_size"
"2026-Jan","Owen","DCO",3,"R",6,"2026-01-13",NA,12,"nereo_size"
"2026-Jan","Owen","DCO",3,"R",8,"2026-01-13",NA,10,"nereo_size"
"2026-Jan","Owen","DCO",3,"R",15,"2026-01-13",NA,9,"nereo_size"
"2026-Jan","Owen","DCO",3,"L",15,"2026-01-13",NA,11,"nereo_size"
"2026-Jul","Breaker","DCO/OP",1,"L",19.5,"2026-07-10",15,12,"nereo_metricsT2"
"2026-Jul","Breaker","DCO/OP",1,"R",19,"2026-07-10",2639,24,"nereo_metricsT2"
"2026-Jul","Breaker","DCO/OP",1,"R",19,"2026-07-10",2609,55,"nereo_metricsT2"
"2026-Jul","Breaker","DCO/OP",1,"R",20,"2026-07-10",57,44,"nereo_metricsT2"
"2026-Jul","Breaker","DCO/OP",1,"R",19.7,"2026-07-10",2630,21,"nereo_metricsT2"
"2026-Jul","Breaker","DCO/OP",1,"R",12.1,"2026-07-10",2637,38,"nereo_metricsT2"
"2026-Jul","Breaker","DCO/OP",1,"L",13,"2026-07-10",24,33,"nereo_metricsT2"
"2026-Jul","Breaker","DCO/OP",1,"L",13.8,"2026-07-10",30,21,"nereo_metricsT2"
"2026-Jul","Breaker","DCO/OP",1,"L",13.1,"2026-07-10",45,23,"nereo_metricsT2"
"2026-Jul","Breaker","DCO/OP",1,"R",8.8,"2026-07-10",31,9,"nereo_metricsT2"
"2026-Jul","Breaker","DCO/OP",1,"R",8,"2026-07-10",2554,54,"nereo_metricsT2"
"2026-Jul","Breaker","DCO/OP",1,"L",8,"2026-07-10",27,12,"nereo_metricsT2"
"2026-Jul","Breaker","DCO/OP",1,"R",8,"2026-07-10",2610,23,"nereo_metricsT2"
"2026-Jul","Breaker","DCO/OP",1,"L",7.5,"2026-07-10",2620,56,"nereo_metricsT2"
"2026-Jul","Breaker","DVM",3,"L",19,"2026-07-16",NA,57,"nereo_size"
"2026-Jul","Breaker","DVM",3,"L",18,"2026-07-16",NA,41,"nereo_size"
"2026-Jul","Breaker","DVM",3,"L",16,"2026-07-16",NA,24,"nereo_size"
"2026-Jul","Breaker","DVM",3,"L",15,"2026-07-16",NA,48,"nereo_size"
"2026-Jul","Breaker","DVM",3,"L",13,"2026-07-16",NA,22,"nereo_size"
"2026-Jul","Breaker","DVM",3,"L",12,"2026-07-16",NA,41,"nereo_size"
"2026-Jul","Breaker","DVM",3,"L",11,"2026-07-16",NA,52,"nereo_size"
"2026-Jul","Breaker","DVM",3,"R",9,"2026-07-16",NA,40,"nereo_size"
"2026-Jul","Breaker","DVM",3,"R",8,"2026-07-16",NA,60,"nereo_size"
"2026-Jul","Breaker","DVM",3,"R",8,"2026-07-16",NA,38,"nereo_size"
"2026-Jul","Breaker","DVM",3,"R",6,"2026-07-16",NA,42,"nereo_size"
"2026-Jul","Breaker","DVM",3,"R",5,"2026-07-16",NA,45,"nereo_size"
"2026-Jul","Breaker","DVM",3,"R",3,"2026-07-16",NA,32,"nereo_size"
"2026-Jul","Breaker","DVM",3,"R",3,"2026-07-16",NA,34,"nereo_size"
"2026-Jul","Breaker","DVM",3,"R",0,"2026-07-16",NA,25,"nereo_size"
"2026-Jul","Breaker","BW",2,"L",17,"2026-07-16",NA,20,"nereo_size"
"2026-Jul","Breaker","BW",2,"L",16,"2026-07-16",NA,28,"nereo_size"
"2026-Jul","Breaker","BW",2,"L",14,"2026-07-16",NA,35,"nereo_size"
"2026-Jul","Breaker","BW",2,"R",13,"2026-07-16",NA,62,"nereo_size"
"2026-Jul","Breaker","BW",2,"L",11,"2026-07-16",NA,39,"nereo_size"
"2026-Jul","Breaker","BW",2,"R",12,"2026-07-16",NA,23,"nereo_size"
"2026-Jul","Breaker","BW",2,"L",10,"2026-07-16",NA,24,"nereo_size"
"2026-Jul","Breaker","BW",2,"L",10,"2026-07-16",NA,50,"nereo_size"
"2026-Jul","Breaker","BW",2,"L",9,"2026-07-16",NA,59,"nereo_size"
"2026-Jul","Breaker","BW",2,"L",11,"2026-07-16",NA,19,"nereo_size"
"2026-Jul","Breaker","BW",2,"R",12,"2026-07-16",NA,9,"nereo_size"
"2026-Jul","Breaker","BW",2,"R",14,"2026-07-16",NA,61,"nereo_size"
"2026-Jul","Breaker","BW",2,"R",14,"2026-07-16",NA,46,"nereo_size"
"2026-Jul","Breaker","BW",2,"R",17,"2026-07-16",NA,7,"nereo_size"
"2026-Jul","Breaker","OP",1,"L",6,"2026-07-16",NA,48,"nereo_size"
"2026-Jul","Breaker","OP",1,"L",9,"2026-07-16",NA,26,"nereo_size"
"2026-Jul","Breaker","OP",1,"L",9,"2026-07-16",NA,48,"nereo_size"
"2026-Jul","Breaker","OP",1,"R",4,"2026-07-16",NA,17,"nereo_size"
"2026-Jul","Breaker","OP",1,"R",4,"2026-07-16",NA,50,"nereo_size"
"2026-Jul","Breaker","OP",1,"R",4,"2026-07-16",NA,33,"nereo_size"
"2026-Jul","Breaker","OP",1,"R",4,"2026-07-16",NA,36,"nereo_size"
"2026-Jul","Breaker","OP",1,"L",1,"2026-07-16",NA,43,"nereo_size"
"2026-Jul","Breaker","OP",1,"L",1,"2026-07-16",NA,40,"nereo_size"
"2026-Jul","Breaker","OP",1,"L",1,"2026-07-16",NA,60,"nereo_size"
"2026-Jul","Breaker","OP",1,"R",17,"2026-07-16",NA,4,"nereo_size"
"2026-Jul","Breaker","OP",1,"R",17,"2026-07-16",NA,9,"nereo_size"
"2026-Jul","Breaker","OP",1,"R",17,"2026-07-16",NA,11,"nereo_size"
"2026-Jul","Breaker","OP",1,"R",20,"2026-07-16",NA,21,"nereo_size"
"2026-Jul","Breaker","OP",1,"R",20,"2026-07-16",NA,11,"nereo_size"
"2026-Jul","Manley","DCO",3,"R",13,"2026-07-11",NA,13,"nereo_size"
"2026-Jul","Manley","DCO",NA,NA,NA,"2026-07-11",NA,9,"nereo_size"
"2026-Jul","Manley","DCO",NA,NA,NA,"2026-07-11",NA,9,"nereo_size"
"2026-Jul","Manley","DCO",NA,NA,NA,"2026-07-11",NA,26,"nereo_size"
"2026-Jul","Manley","DCO",NA,NA,NA,"2026-07-11",NA,10,"nereo_size"
"2026-Jul","Manley","DVM",1,"R",13,"2026-07-11",NA,4,"nereo_size"
"2026-Jul","Manley","DVM",1,"R",15,"2026-07-11",NA,5,"nereo_size"
"2026-Jul","Manley","DVM",1,"L",9,"2026-07-11",NA,10,"nereo_size"
"2026-Jul","North","OP",1,"R",12,"2026-07-07",NA,11,"nereo_size"
"2026-Jul","North","OP",1,"R",13,"2026-07-07",NA,29,"nereo_size"
"2026-Jul","North","OP",1,"R",14,"2026-07-07",NA,9,"nereo_size"
"2026-Jul","North","OP",1,"R",15,"2026-07-07",NA,15,"nereo_size"
"2026-Jul","North","OP",1,"R",16,"2026-07-07",NA,7,"nereo_size"
"2026-Jul","North","OP",1,"R",17,"2026-07-07",NA,15,"nereo_size"
"2026-Jul","North","OP",1,"R",17,"2026-07-07",NA,6,"nereo_size"
"2026-Jul","North","OP",1,"R",17,"2026-07-07",NA,12,"nereo_size"
"2026-Jul","North","OP",1,"R",20,"2026-07-07",NA,13,"nereo_size"
"2026-Jul","North","OP",1,"R",20,"2026-07-07",NA,27,"nereo_size"
"2026-Jul","North","OP",1,"L",20,"2026-07-07",NA,33,"nereo_size"
"2026-Jul","North","OP",1,"L",16,"2026-07-07",NA,16,"nereo_size"
"2026-Jul","North","OP",1,"L",16,"2026-07-07",NA,10,"nereo_size"
"2026-Jul","North","OP",1,"L",16,"2026-07-07",NA,16,"nereo_size"
"2026-Jul","North","OP",1,"L",16,"2026-07-07",NA,29,"nereo_size"
"2026-Jul","North","SMM",2,"L",20,"2026-07-07",NA,22,"nereo_size"
"2026-Jul","North","SMM",NA,"L",16,"2026-07-07",NA,2,"nereo_size"
"2026-Jul","North","SMM",NA,"L",11,"2026-07-07",NA,4,"nereo_size"
"2026-Jul","North","SMM",NA,"R",8,"2026-07-07",NA,8,"nereo_size"
"2026-Jul","North","SMM",NA,"L",9,"2026-07-07",NA,2,"nereo_size"
"2026-Jul","North","SMM",NA,"L",9,"2026-07-07",NA,1,"nereo_size"
"2026-Jul","North","SMM",NA,"L",9,"2026-07-07",NA,20,"nereo_size"
"2026-Jul","North","SMM",NA,"L",12,"2026-07-07",NA,2,"nereo_size"
"2026-Jul","North","SMM",NA,"L",14,"2026-07-07",NA,18,"nereo_size"
"2026-Jul","North","SMM",NA,"L",15,"2026-07-07",NA,2,"nereo_size"
"2026-Jul","North","SMM",NA,"L",18,"2026-07-07",NA,6,"nereo_size"
"2026-Jul","North","SMM",NA,"L",18,"2026-07-07",NA,2,"nereo_size"
"2026-Jul","North","SMM",NA,"L",19,"2026-07-07",NA,5,"nereo_size"
"2026-Jul","North","SMM",NA,"R",20,"2026-07-07",NA,11,"nereo_size"
"2026-Jul","North","SMM",NA,"R",20,"2026-07-07",NA,2,"nereo_size"
"2026-Jul","North","DVM",3,"R",0,"2026-07-07",NA,21,"nereo_size"
"2026-Jul","North","DVM",3,"R",3,"2026-07-07",NA,1,"nereo_size"
"2026-Jul","North","DVM",3,"R",4,"2026-07-07",NA,28,"nereo_size"
"2026-Jul","North","DVM",3,"R",7,"2026-07-07",NA,17,"nereo_size"
"2026-Jul","North","DVM",3,"R",8,"2026-07-07",NA,22,"nereo_size"
"2026-Jul","North","DVM",3,"R",10,"2026-07-07",NA,21,"nereo_size"
"2026-Jul","North","DVM",3,"R",13,"2026-07-07",NA,8,"nereo_size"
"2026-Jul","North","DVM",3,"R",15,"2026-07-07",NA,40,"nereo_size"
"2026-Jul","North","DVM",3,"R",16,"2026-07-07",NA,8,"nereo_size"
"2026-Jul","North","DVM",3,"R",18,"2026-07-07",NA,8,"nereo_size"
"2026-Jul","North","DVM",3,"R",20,"2026-07-07",NA,16,"nereo_size"
"2026-Jul","North","DVM",3,"L",17,"2026-07-07",NA,35,"nereo_size"
"2026-Jul","North","DVM",3,"L",15,"2026-07-07",NA,22,"nereo_size"
"2026-Jul","North","DVM",3,"L",12,"2026-07-07",NA,31,"nereo_size"
"2026-Jul","North","DVM",3,"L",10,"2026-07-07",NA,7,"nereo_size"
"2026-Jul","North","OP/SM",3,"L",1,"2026-07-08",59,14,"nereo_metricsT2"
"2026-Jul","North","OP/SM",3,"R",1.5,"2026-07-08",48,25,"nereo_metricsT2"
"2026-Jul","North","OP/SM",3,"R",0.5,"2026-07-08",28,32,"nereo_metricsT2"
"2026-Jul","North","OP/SM",3,"L",6.5,"2026-07-08",69,45,"nereo_metricsT2"
"2026-Jul","North","OP/SM",3,"L",6.5,"2026-07-08",61,30,"nereo_metricsT2"
"2026-Jul","North","OP/SM",3,"L",9,"2026-07-08",46,30,"nereo_metricsT2"
"2026-Jul","North","OP/SM",3,"R",9,"2026-07-08",39,33,"nereo_metricsT2"
"2026-Jul","North","OP/SM",3,"R",9,"2026-07-08",2646,21,"nereo_metricsT2"
"2026-Jul","North","OP/SM",2,"R",13,"2026-07-08",2615,35,"nereo_metricsT2"
"2026-Jul","North","OP/SM",2,"R",13,"2026-07-08",2652,34,"nereo_metricsT2"
"2026-Jul","North","OP/SM",2,"R",13,"2026-07-08",18,13,"nereo_metricsT2"
"2026-Jul","North","OP/SM",2,"R",13,"2026-07-08",2658,13,"nereo_metricsT2"
"2026-Jul","North","OP/SM",2,"R",13,"2026-07-08",19,32,"nereo_metricsT2"
"2026-Jul","North","OP/SM",2,"R",17,"2026-07-08",2642,45,"nereo_metricsT2"
"2026-Jul","Ratatouille","BW",2,"L",1,"2026-07-16",NA,39,"nereo_size"
"2026-Jul","Ratatouille","BW",2,"L",2,"2026-07-16",NA,61,"nereo_size"
"2026-Jul","Ratatouille","BW",2,"L",2,"2026-07-16",NA,43,"nereo_size"
"2026-Jul","Ratatouille","BW",2,"L",3,"2026-07-16",NA,12,"nereo_size"
"2026-Jul","Ratatouille","BW",2,"L",4,"2026-07-16",NA,40,"nereo_size"
"2026-Jul","Ratatouille","BW",2,"L",6,"2026-07-16",NA,47,"nereo_size"
"2026-Jul","Ratatouille","BW",2,"L",8,"2026-07-16",NA,27,"nereo_size"
"2026-Jul","Ratatouille","BW",2,"L",8,"2026-07-16",NA,33,"nereo_size"
"2026-Jul","Ratatouille","BW",2,"L",11,"2026-07-16",NA,36,"nereo_size"
"2026-Jul","Ratatouille","BW",2,"L",11,"2026-07-16",NA,42,"nereo_size"
"2026-Jul","Ratatouille","BW",2,"L",11,"2026-07-16",NA,52,"nereo_size"
"2026-Jul","Ratatouille","BW",2,"L",13,"2026-07-16",NA,54,"nereo_size"
"2026-Jul","Ratatouille","BW",2,"L",13,"2026-07-16",NA,41,"nereo_size"
"2026-Jul","Ratatouille","BW",2,"L",14,"2026-07-16",NA,28,"nereo_size"
"2026-Jul","Ratatouille","BW",2,"L",16,"2026-07-16",NA,51,"nereo_size"
"2026-Jul","Ratatouille","DVM",1,"L",20,"2026-07-16",NA,32,"nereo_size"
"2026-Jul","Ratatouille","DVM",1,"L",19,"2026-07-16",NA,21,"nereo_size"
"2026-Jul","Ratatouille","DVM",1,"L",17,"2026-07-16",NA,32,"nereo_size"
"2026-Jul","Ratatouille","DVM",1,"L",16,"2026-07-16",NA,19,"nereo_size"
"2026-Jul","Ratatouille","DVM",1,"L",15,"2026-07-16",NA,15,"nereo_size"
"2026-Jul","Ratatouille","DVM",1,"L",14,"2026-07-16",NA,9,"nereo_size"
"2026-Jul","Ratatouille","DVM",1,"L",13,"2026-07-16",NA,8,"nereo_size"
"2026-Jul","Ratatouille","DVM",1,"L",12,"2026-07-16",NA,18,"nereo_size"
"2026-Jul","Ratatouille","DVM",1,"L",11,"2026-07-16",NA,14,"nereo_size"
"2026-Jul","Ratatouille","DVM",1,"L",9,"2026-07-16",NA,5,"nereo_size"
"2026-Jul","Ratatouille","DVM",1,"L",7,"2026-07-16",NA,11,"nereo_size"
"2026-Jul","Ratatouille","DVM",1,"R",3,"2026-07-16",NA,36,"nereo_size"
"2026-Jul","Ratatouille","DVM",1,"R",2,"2026-07-16",NA,4,"nereo_size"
"2026-Jul","Ratatouille","DVM",1,"R",2,"2026-07-16",NA,21,"nereo_size"
"2026-Jul","Ratatouille","DVM",1,"R",1,"2026-07-16",NA,8,"nereo_size"
"2026-Jul","Ratatouille","OP",3,"R",1,"2026-07-16",NA,23,"nereo_size"
"2026-Jul","Ratatouille","OP",3,"R",1,"2026-07-16",NA,18,"nereo_size"
"2026-Jul","Ratatouille","OP",3,"R",1,"2026-07-16",NA,28,"nereo_size"
"2026-Jul","Ratatouille","OP",3,"R",1,"2026-07-16",NA,25,"nereo_size"
"2026-Jul","Ratatouille","OP",3,"R",1,"2026-07-16",NA,28,"nereo_size"
"2026-Jul","Ratatouille","OP",3,"R",7,"2026-07-16",NA,59,"nereo_size"
"2026-Jul","Ratatouille","OP",3,"R",7,"2026-07-16",NA,54,"nereo_size"
"2026-Jul","Ratatouille","OP",3,"R",16,"2026-07-16",NA,41,"nereo_size"
"2026-Jul","Ratatouille","OP",3,"R",16,"2026-07-16",NA,41,"nereo_size"
"2026-Jul","Ratatouille","OP",3,"L",17,"2026-07-16",NA,21,"nereo_size"
"2026-Jul","Ratatouille","OP",3,"L",20,"2026-07-16",NA,31,"nereo_size"
"2026-Jul","Ratatouille","OP",3,"L",20,"2026-07-16",NA,35,"nereo_size"
"2026-Jul","Ratatouille","OP",3,"L",20,"2026-07-16",NA,33,"nereo_size"
"2026-Jul","Ratatouille","OP",3,"L",20,"2026-07-16",NA,50,"nereo_size"
"2026-Jul","Ratatouille","OP",3,"L",20,"2026-07-16",NA,49,"nereo_size"
"2026-Jul","Second","DVM",1,"L",20,"2026-07-06",NA,21,"nereo_size"
"2026-Jul","Second","DVM",1,"L",19,"2026-07-06",NA,24,"nereo_size"
"2026-Jul","Second","DVM",1,"L",16,"2026-07-06",NA,19,"nereo_size"
"2026-Jul","Second","DVM",1,"L",14,"2026-07-06",NA,10,"nereo_size"
"2026-Jul","Second","DVM",1,"L",12,"2026-07-06",NA,8,"nereo_size"
"2026-Jul","Second","DVM",1,"L",9,"2026-07-06",NA,42,"nereo_size"
"2026-Jul","Second","DVM",1,"L",8,"2026-07-06",NA,5,"nereo_size"
"2026-Jul","Second","DVM",1,"L",5,"2026-07-06",NA,20,"nereo_size"
"2026-Jul","Second","DVM",1,"L",2,"2026-07-06",NA,12,"nereo_size"
"2026-Jul","Second","DVM",1,"R",0,"2026-07-06",NA,30,"nereo_size"
"2026-Jul","Second","DVM",1,"R",4,"2026-07-06",NA,46,"nereo_size"
"2026-Jul","Second","DVM",1,"R",6,"2026-07-06",NA,47,"nereo_size"
"2026-Jul","Second","DVM",1,"R",7,"2026-07-06",NA,27,"nereo_size"
"2026-Jul","Second","DVM",1,"R",10,"2026-07-06",NA,26,"nereo_size"
"2026-Jul","Second","DVM",1,"R",13,"2026-07-06",NA,11,"nereo_size"
"2026-Jul","Second","SMM",2,"L",13,"2026-07-06",NA,10,"nereo_size"
"2026-Jul","Second","SMM",2,"L",10,"2026-07-06",NA,3,"nereo_size"
"2026-Jul","Second","SMM",2,"L",10,"2026-07-06",NA,20,"nereo_size"
"2026-Jul","Second","SMM",2,"L",7,"2026-07-06",NA,4,"nereo_size"
"2026-Jul","Second","SMM",2,"L",5,"2026-07-06",NA,5,"nereo_size"
"2026-Jul","Second","SMM",2,"L",4,"2026-07-06",NA,22,"nereo_size"
"2026-Jul","Second","SMM",2,"L",3,"2026-07-06",NA,40,"nereo_size"
"2026-Jul","Second","SMM",2,"R",1,"2026-07-06",NA,40,"nereo_size"
"2026-Jul","Second","SMM",2,"R",4,"2026-07-06",NA,6,"nereo_size"
"2026-Jul","Second","SMM",2,"R",7,"2026-07-06",NA,33,"nereo_size"
"2026-Jul","Second","SMM",2,"R",8,"2026-07-06",NA,23,"nereo_size"
"2026-Jul","Second","SMM",2,"R",11,"2026-07-06",NA,9,"nereo_size"
"2026-Jul","Second","SMM",2,"R",15,"2026-07-06",NA,3,"nereo_size"
"2026-Jul","Second","SMM",2,"R",17,"2026-07-06",NA,6,"nereo_size"
"2026-Jul","Second","SMM",2,"R",19,"2026-07-06",NA,4,"nereo_size"
"2026-Jul","Second","DCO",NA,"L",20,"2026-07-06",NA,20,"nereo_size"
"2026-Jul","Second","DCO",NA,"L",19,"2026-07-06",NA,4,"nereo_size"
"2026-Jul","Second","DCO",NA,"R",19,"2026-07-06",NA,13,"nereo_size"
"2026-Jul","Second","DCO",NA,"L",15,"2026-07-06",NA,21,"nereo_size"
"2026-Jul","Second","DCO",NA,"L",16,"2026-07-06",NA,6,"nereo_size"
"2026-Jul","Second","DCO",NA,"R",16,"2026-07-06",NA,10,"nereo_size"
"2026-Jul","Second","DCO",NA,"R",14,"2026-07-06",NA,17,"nereo_size"
"2026-Jul","Second","DCO",NA,"R",14,"2026-07-06",NA,36,"nereo_size"
"2026-Jul","Second","DCO",NA,"L",14,"2026-07-06",NA,31,"nereo_size"
"2026-Jul","Second","DCO",NA,"L",14,"2026-07-06",NA,29,"nereo_size"
"2026-Jul","Second","DCO",NA,"L",13,"2026-07-06",NA,15,"nereo_size"
"2026-Jul","Second","DCO",NA,"R",13,"2026-07-06",NA,10,"nereo_size"
"2026-Jul","Second","DCO",NA,"L",12,"2026-07-06",NA,15,"nereo_size"
"2026-Jul","Second","DCO",NA,"L",10,"2026-07-06",NA,32,"nereo_size"
"2026-Jul","Second","DCO",NA,"R",9,"2026-07-06",NA,19,"nereo_size"
"2026-Jul","Second","OP/SM",1,"R",19.5,"2026-07-08",2627,25,"nereo_metricsT2"
"2026-Jul","Second","OP/SM",1,"R",18.5,"2026-07-08",2632,23,"nereo_metricsT2"
"2026-Jul","Second","OP/SM",1,"R",18,"2026-07-08",2644,22,"nereo_metricsT2"
"2026-Jul","Second","OP/SM",1,"R",15.5,"2026-07-08",33,18,"nereo_metricsT2"
"2026-Jul","Second","OP/SM",1,"L",9.5,"2026-07-08",2625,39,"nereo_metricsT2"
"2026-Jul","Second","OP/SM",1,"L",9.5,"2026-07-08",2618,38,"nereo_metricsT2"
"2026-Jul","Second","OP/SM",1,"L",6.75,"2026-07-08",2623,50,"nereo_metricsT2"
"2026-Jul","Second","OP/SM",1,"L",6.5,"2026-07-08",51,45,"nereo_metricsT2"
"2026-Jul","Second","OP/SM",1,"L",6.25,"2026-07-08",52,13,"nereo_metricsT2"
"2026-Jul","Second","OP/SM",2,"R",1.5,"2026-07-08",55,42,"nereo_metricsT2"
"2026-Jul","Second","OP/SM",2,"L",1,"2026-07-08",63,30,"nereo_metricsT2"
"2026-Jul","Second","OP/SM",2,"R",4,"2026-07-08",67,22,"nereo_metricsT2"
"2026-Jul","Second","OP/SM",2,"R",12,"2026-07-08",2619,25,"nereo_metricsT2"
"2026-Jul","Triquetta","DCO/OP",2,"L",21,"2026-07-10",2656,24,"nereo_metricsT2"
"2026-Jul","Triquetta","DCO/OP",2,"L",21,"2026-07-10",26,25,"nereo_metricsT2"
"2026-Jul","Triquetta","DCO/OP",2,"L",21,"2026-07-10",23,17,"nereo_metricsT2"
"2026-Jul","Triquetta","DCO/OP",1,"R",5.9,"2026-07-10",2651,9,"nereo_metricsT2"
"2026-Jul","Triquetta","DCO/OP",2,"L",0.7,"2026-07-10",44,11,"nereo_metricsT2"
"2026-Jul","Triquetta","DCO/OP",2,"R",12.6,"2026-07-10",41,11,"nereo_metricsT2"
"2026-Jul","Triquetta","DCO/OP",3,"L",17.5,"2026-07-10",2631,9,"nereo_metricsT2"
"2026-Jul","Triquetta","DCO/OP",3,"L",17.6,"2026-07-10",2649,17,"nereo_metricsT2"
"2026-Jul","Triquetta","DCO/OP",3,"R",3.7,"2026-07-10",43,18,"nereo_metricsT2"
"2026-Jul","Triquetta","DCO/OP",3,"R",3.7,"2026-07-10",21,12,"nereo_metricsT2"
"2026-Jul","Triquetta","DCO/OP",3,NA,21,"2026-07-10",38,25,"nereo_metricsT2"
"2026-Jul","Triquetta","SMM",3,"L",19,"2026-07-13",NA,3,"nereo_size"
"2026-Jul","Triquetta","SMM",3,"L",19,"2026-07-13",NA,8,"nereo_size"
"2026-Jul","Triquetta","SMM",3,"L",19,"2026-07-13",NA,28,"nereo_size"
"2026-Jul","Triquetta","SMM",3,"L",16,"2026-07-13",NA,11,"nereo_size"
"2026-Jul","Triquetta","SMM",3,"L",16,"2026-07-13",NA,2,"nereo_size"
"2026-Jul","Triquetta","SMM",3,"L",14,"2026-07-13",NA,9,"nereo_size"
"2026-Jul","Triquetta","SMM",3,"L",12,"2026-07-13",NA,3,"nereo_size"
"2026-Jul","Triquetta","SMM",3,"L",8,"2026-07-13",NA,14,"nereo_size"
"2026-Jul","Triquetta","SMM",3,"L",6,"2026-07-13",NA,2,"nereo_size"
"2026-Jul","Triquetta","SMM",3,"L",6,"2026-07-13",NA,14,"nereo_size"
"2026-Jul","Triquetta","SMM",3,"R",3,"2026-07-13",NA,19,"nereo_size"
"2026-Jul","Triquetta","SMM",3,"R",12,"2026-07-13",NA,2,"nereo_size"
"2026-Jul","Triquetta","SMM",3,"R",12,"2026-07-13",NA,6,"nereo_size"
"2026-Jul","Triquetta","SMM",3,"R",16,"2026-07-13",NA,7,"nereo_size"
"2026-Jul","Triquetta","SMM",3,"R",16,"2026-07-13",NA,9,"nereo_size"
"2026-Jul","Triquetta","DCO",2,"L",0.5,"2026-07-13",NA,17,"nereo_size"
"2026-Jul","Triquetta","DCO",NA,"R",12.8,"2026-07-13",NA,9,"nereo_size"
"2026-Jul","Triquetta","DCO",NA,"R",15,"2026-07-13",NA,11,"nereo_size"
"2026-Jul","Triquetta","DCO",NA,"R",24,"2026-07-13",NA,17,"nereo_size"
"2026-Jul","Triquetta","DCO",NA,"R",24,"2026-07-13",NA,26,"nereo_size"
"2026-Jul","Triquetta","DCO",NA,"L",18,"2026-07-13",NA,6,"nereo_size"
"2026-Jul","Triquetta","DCO",NA,"L",15,"2026-07-13",NA,12,"nereo_size"
"2026-Jul","Triquetta","DCO",NA,"L",15,"2026-07-13",NA,15,"nereo_size"
"2026-Jul","Triquetta","DCO",NA,"L",12.5,"2026-07-13",NA,6,"nereo_size"
"2026-Jul","Triquetta","DCO",NA,"L",12.5,"2026-07-13",NA,7,"nereo_size"
"2026-Jul","Triquetta","DCO",NA,"L",10.8,"2026-07-13",NA,18,"nereo_size"
"2026-Jul","Triquetta","DCO",NA,"L",4,"2026-07-13",NA,17,"nereo_size"
"2026-Jul","Triquetta","DCO",NA,"L",4,"2026-07-13",NA,16,"nereo_size"
"2026-Jul","Triquetta","DCO",NA,"L",3,"2026-07-13",NA,10,"nereo_size"
"2026-Jul","Triquetta","DCO",NA,"L",3,"2026-07-13",NA,7,"nereo_size"
"2026-Jul","Triquetta","DVM",1,"L",13.5,"2026-07-13",NA,9,"nereo_size"
"2026-Jul","Triquetta","DVM",1,"L",10.8,"2026-07-13",NA,8,"nereo_size"
"2026-Jul","Triquetta","DVM",1,"L",8,"2026-07-13",NA,9,"nereo_size"
"2026-Jul","Triquetta","DVM",1,"L",8,"2026-07-13",NA,13,"nereo_size"
"2026-Jul","Triquetta","DVM",1,"L",6,"2026-07-13",NA,6,"nereo_size"
"2026-Jul","Triquetta","DVM",1,"L",9.5,"2026-07-13",NA,11,"nereo_size"
"2026-Jul","Triquetta","DVM",1,"L",9,"2026-07-13",NA,13,"nereo_size"
"2026-Jul","Triquetta","DVM",1,"L",10,"2026-07-13",NA,10,"nereo_size"
"2026-Jul","Triquetta","DVM",1,"R",3.6,"2026-07-13",NA,8,"nereo_size"
"2026-Jul","Triquetta","DVM",1,"R",10.1,"2026-07-13",NA,7,"nereo_size"
