period,date,site,contour,transect,diver,tag,stipeL,bladeL,Bwidth,pneuD,Sbulb_max,Sbulb_10,Sbulb_15,Bcount,bladeW,stipeW,Psori,comments,sampleID,uniqueID,"*** stipeL /bladeL = cm, bladeWidth/pneuD/Sbulb_max/Sbulb_10/Sbulb_15 = mm, bladeW/stipeW = kg"
2016-Aug,2016-08-10,Second,na,na,KB,na,658,55,na,95,na,na,na,65,0.71,1.12,na,"calculated bulb diamter based on circumference, 30",na,na,
2016-Aug,2016-08-10,Second,na,na,KB,na,342,21,na,95,na,na,na,49,0.05,0.58,na,"calculated bulb diamter based on circumference, 30",21,MI0275,
2016-Aug,2016-08-10,Second,na,na,KB,na,560,30,na,95,na,na,na,42,0.16,0.63,na,"calculated bulb diamter based on circumference, 30",19,MI0276,
2016-Aug,2016-08-10,Second,na,na,KB,na,388,31,na,76,na,na,na,34,0.04,0.34,na,"calculated bulb diamter based on circumference, 24",27,MI0277,
2016-Aug,2016-08-10,Second,na,na,KB,na,435,23,na,92,na,na,na,39,0.07,0.69,na,"calculated bulb diamter based on circumference, 29",26,MI0278,
2016-Aug,2016-08-10,Second,na,na,KB,na,751,97,na,99,na,na,na,72,1.08,1.56,na,"calculated bulb diamter based on circumference, 31",28,MI0279,
2016-Aug,2016-08-10,Second,na,na,KB,na,359,90,na,76,na,na,na,39,0.06,0.31,na,"calculated bulb diamter based on circumference, 24",33,MI0280,
2016-Aug,2016-08-10,Second,na,na,KB,na,424,37,na,86,na,na,na,40,0.09,0.26,na,"calculated bulb diamter based on circumference, 27",31,MI0281,
2016-Aug,2016-08-10,Second,na,na,KB,na,369,35,na,70,na,na,na,47,0.06,0.14,na,"calculated bulb diamter based on circumference, 22",25,MI0282,
2016-Aug,2016-08-10,Second,na,na,KB,na,438,40,na,92,na,na,na,51,0.18,0.55,na,"calculated bulb diamter based on circumference, 29",32,MI0283,
2016-Aug,2016-08-10,Second,na,na,KB,na,448,22,na,92,na,na,na,37,0.11,0.64,na,"calculated bulb diamter based on circumference, 29",30,MI0284,
2016-Aug,2016-08-10,Second,na,na,KB,na,465,34,na,83,na,na,na,38,0.12,0.35,na,"calculated bulb diamter based on circumference, 26",24,MI0285,
2016-Aug,2016-08-10,Second,na,na,KB,na,480,29,na,92,na,na,na,49,0.09,0.62,na,"calculated bulb diamter based on circumference, 29",17,MI0286,
2016-Aug,2016-08-10,Second,na,na,KB,na,348,13,na,70,na,na,na,22,0.03,0.12,na,"calculated bulb diamter based on circumference, 22",29,MI0287,
2016-Aug,2016-08-10,Second,na,na,KB,na,446,7,na,83,na,na,na,24,0.03,0.2,na,"calculated bulb diamter based on circumference, 26",na,na,
2016-Aug,2016-08-10,Second,na,na,KB,na,345,42,na,83,na,na,na,46,0.18,0.18,na,"calculated bulb diamter based on circumference, 26",na,na,
2016-Aug,2016-08-10,Second,na,na,KB,na,366,10,na,80,na,na,na,27,0.08,0.122,na,"calculated bulb diamter based on circumference, 25",na,na,
2016-Aug,2016-08-10,Second,na,na,KB,na,200,58,na,76,na,na,na,37,0.17,0.314,na,"calculated bulb diamter based on circumference, 24",2,MI0292,
2016-Aug,2016-08-10,Second,na,na,KB,na,366,na,na,73,na,na,na,na,na,0.101,na,"calculated bulb diamter based on circumference, 23",na,na,
2016-Aug,2016-08-13,Manley,na,na,OP/KB/GS,na,175,13,na,89,na,na,na,6,0.01,0.28,na,"calculated bulb diamter based on circumference, 28",na,na,
2016-Aug,2016-08-13,Manley,na,na,OP/KB/GS,na,231,21,na,83,na,na,na,65,0.04,0.27,na,"calculated bulb diamter based on circumference, 26",na,na,
2016-Aug,2016-08-13,Manley,na,na,OP/KB/GS,na,208,35,na,99,na,na,na,45,0.14,0.29,na,"calculated bulb diamter based on circumference, 31",26,MI0301,
2016-Aug,2016-08-13,Manley,na,na,OP/KB/GS,na,259,34,na,92,na,na,na,63,0.15,0.3,na,"calculated bulb diamter based on circumference, 29",na,na,
2016-Aug,2016-08-13,Manley,na,na,OP/KB/GS,na,285,44,na,111,na,na,na,84,0.42,1.3,na,"calculated bulb diamter based on circumference, 35",18,MI0294,
2016-Aug,2016-08-13,Manley,na,na,OP/KB/GS,na,252,35,na,105,na,na,na,83,0.25,0.58,na,"calculated bulb diamter based on circumference, 33",na,na,
2016-Aug,2016-08-13,Manley,na,na,OP/KB/GS,na,216,27,na,102,na,na,na,62,0.22,0.6,na,"calculated bulb diamter based on circumference, 32",27,MI0293,
2016-Aug,2016-08-13,Manley,na,na,OP/KB/GS,na,228,75,na,108,na,na,na,57,0.54,0.69,na,"calculated bulb diamter based on circumference, 34",25,MI0295,
2016-Aug,2016-08-13,Manley,na,na,OP/KB/GS,na,148,73,na,102,na,na,na,57,0.43,0.61,na,"calculated bulb diamter based on circumference, 32",na,na,
2016-Aug,2016-08-13,Manley,na,na,OP/KB/GS,na,129,36,na,121,na,na,na,56,0.16,0.23,na,"calculated bulb diamter based on circumference, 38",33,MI0300,
2016-Aug,2016-08-13,Manley,na,na,OP/KB/GS,na,208,19,na,99,na,na,na,95,0.07,0.46,na,"calculated bulb diamter based on circumference, 31",na,na,
2016-Aug,2016-08-13,Manley,na,na,OP/KB/GS,na,309,30,na,95,na,na,na,54,0.09,0.57,na,"calculated bulb diamter based on circumference, 30",31,MI0299,
2016-Aug,2016-08-13,Manley,na,na,OP/KB/GS,na,260,46,na,99,na,na,na,74,0.42,0.77,na,"calculated bulb diamter based on circumference, 31",21,MI0298,
2016-Aug,2016-08-13,Manley,na,na,OP/KB/GS,na,312,31,na,105,na,na,na,67,0.21,0.62,na,"calculated bulb diamter based on circumference, 33",na,na,
2016-Aug,2016-08-13,Manley,na,na,OP/KB/GS,na,325,55,na,121,na,na,na,80,0.45,1.23,na,"calculated bulb diamter based on circumference, 38",na,na,
2016-Aug,2016-08-13,Manley,na,na,OP/KB/GS,na,330,41,na,99,na,na,na,62,0.38,0.8,na,"calculated bulb diamter based on circumference, 31",23,MI0297,
2016-Aug,2016-08-13,Manley,na,na,OP/KB/GS,na,301,28,na,102,na,na,na,61,0.13,0.64,na,"calculated bulb diamter based on circumference, 32",24,MI0296,
2016-Aug,2016-08-13,Manley,na,na,OP/KB/GS,na,140,42,na,95,na,na,na,61,0.16,0.24,na,"calculated bulb diamter based on circumference, 30",na,na,
2016-Aug,2016-08-13,Manley,na,na,OP/KB/GS,na,202,21,na,89,na,na,na,53,0.06,0.26,na,"calculated bulb diamter based on circumference, 28",na,na,
2016-Aug,2016-08-13,Manley,na,na,OP/KB/GS,na,253,37,na,99,na,na,na,62,0.23,0.73,na,"calculated bulb diamter based on circumference, 31",28,MI0292,
2016-Aug,2016-08-14,North,na,na,GS/KB,na,383,85,na,95,na,na,na,46,0.55,0.74,0,"calculated bulb diamter based on circumference, 30",708,MI0311,
2016-Aug,2016-08-14,North,na,na,GS/KB,na,440,64,na,83,na,na,na,44,0.41,0.51,0,"calculated bulb diamter based on circumference, 26",302,MI0304,
2016-Aug,2016-08-14,North,na,na,GS/KB,na,481,56,na,99,na,na,na,68,0.46,1.48,L,"calculated bulb diamter based on circumference, 31",725,MI0310,
2016-Aug,2016-08-14,North,na,na,GS/KB,na,518,60,na,89,na,na,na,60,0.49,2.22,L,"calculated bulb diamter based on circumference, 28",3,MI0309,
2016-Aug,2016-08-14,North,na,na,GS/KB,na,494,88,na,92,na,na,na,45,1.02,1.23,L,"calculated bulb diamter based on circumference, 29",328,MI0308,
2016-Aug,2016-08-14,North,na,na,GS/KB,na,502,57,na,95,na,na,na,34,0.4,1.19,L,"calculated bulb diamter based on circumference, 30",714,MI0306,
2016-Aug,2016-08-14,North,na,na,GS/KB,na,407,59,na,92,na,na,na,49,0.53,0.72,L,"calculated bulb diamter based on circumference, 29",28,MI0302,
2016-Aug,2016-08-14,North,na,na,GS/KB,na,331,21,na,76,na,na,na,33,0.05,0.22,0,"calculated bulb diamter based on circumference, 24",na,na,
2016-Aug,2016-08-14,North,na,na,GS/KB,na,453,48,na,64,na,na,na,21,0.2,0.23,0,"calculated bulb diamter based on circumference, 20",23,MI0307,
2016-Aug,2016-08-14,North,na,na,GS/KB,na,356,30,na,95,na,na,na,26,0.08,0.75,0,"calculated bulb diamter based on circumference, 30",na,na,
2016-Aug,2016-08-14,North,na,na,GS/KB,na,556,61,na,88,na,na,na,49,0.38,na,L,"calculated bulb diamter based on circumference, 28",31,na,
2016-Aug,2016-08-14,North,na,na,GS/KB,na,462,45,na,80,na,na,na,53,0.47,0.74,L,"calculated bulb diamter based on circumference, 25",33,MI0305,
2016-Aug,2016-08-14,North,na,na,GS/KB,na,464,49,na,89,na,na,na,31,0.32,0.99,0,"calculated bulb diamter based on circumference, 28",1,MI0303,
2016-Aug,2016-08-14,North,na,na,GS/KB,na,549,46,na,80,na,na,na,20,0.19,0.48,0,"calculated bulb diamter based on circumference, 25",na,na,
2016-Aug,2016-08-14,North,na,na,GS/KB,na,388,54,na,83,na,na,na,32,0.24,0.36,0,"calculated bulb diamter based on circumference, 26",na,na,
2016-Aug,2016-08-14,North,na,na,GS/KB,na,363,76,na,86,na,na,na,31,0.22,0.24,0,"calculated bulb diamter based on circumference, 27",na,na,
2016-Aug,2016-08-14,North,na,na,GS/KB,na,343,85,na,99,na,na,na,43,0.62,0.46,0,"calculated bulb diamter based on circumference, 31",na,na,
2016-Aug,2016-08-14,North,na,na,GS/KB,na,423,90,na,86,na,na,na,40,0.83,1.55,L,"calculated bulb diamter based on circumference, 27",na,na,
2016-Aug,2016-08-14,North,na,na,GS/KB,na,354,33,na,76,na,na,na,37,0.13,0.24,0,"calculated bulb diamter based on circumference, 24",na,na,
2016-Aug,2016-08-14,North,na,na,GS/KB,na,426,74,na,92,na,na,na,43,0.7,0.62,0,"calculated bulb diamter based on circumference, 29",na,na,
2016-Aug,2016-08-14,North,na,na,GS/KB,na,214,88,na,73,na,na,na,22,0.2,0.18,0,"calculated bulb diamter based on circumference, 23",na,na,
2017-Jul,2017-07-13,Manley,na,na,KB/TF,na,360,66,na,94,na,na,na,51,0.51,0.31,na,,19,MI0882,
2017-Jul,2017-07-13,Manley,na,na,KB/TF,na,84,52,na,92,na,na,na,64,0.42,0.39,na,,20,MI0883,
2017-Jul,2017-07-13,Manley,na,na,KB/TF,na,227,78,na,130,na,na,na,75,0.64,0.39,na,,17,MI0884,
2017-Jul,2017-07-13,Manley,na,na,KB/TF,na,350,70,na,130,na,na,na,89,1.28,0.96,na,,22,MI0885,
2017-Jul,2017-07-13,Manley,na,na,KB/TF,na,230,60,na,115,na,na,na,60,0.56,0.48,na,,18,MI0886,
2017-Jul,2017-07-13,Manley,na,na,KB/TF,na,396,108,na,140,na,na,na,77,1.7,1.26,na,,24,MI0887,
2017-Jul,2017-07-13,Manley,na,na,KB/TF,na,162,53,na,120,na,na,na,72,0.52,0.45,na,,na,na,
2017-Jul,2017-07-13,Manley,na,na,KB/TF,na,110,39,na,75,na,na,na,37,0.11,0.12,na,,na,na,
2017-Jul,2017-07-13,Manley,na,na,KB/TF,na,164,87,na,125,na,na,na,65,0.55,0.34,na,,na,na,
2017-Jul,2017-07-13,Manley,na,na,KB/TF,na,348,118,na,145,na,na,na,84,2.73,1.59,na,,na,na,
2017-Jul,2017-07-13,Manley,na,na,KB/TF,na,273,59,na,120,na,na,na,55,0.34,0.72,na,,na,na,
2017-Jul,2017-07-13,Manley,na,na,KB/TF,na,146,68,na,65,na,na,na,60,0.36,0.32,na,,na,na,
2017-Jul,2017-07-13,Manley,na,na,KB/TF,na,148,62,na,70,na,na,na,30,0.17,0.15,na,,na,na,
2017-Jul,2017-07-13,Manley,na,na,KB/TF,na,310,60,na,94,na,na,na,69,0.51,0.28,na,,na,na,
2017-Jul,2017-07-13,Manley,na,na,KB/TF,na,325,58,na,110,na,na,na,87,0.53,0.38,na,,na,na,
2017-Jul,2017-07-13,Manley,na,na,KB/TF,na,204,43,na,80,na,na,na,50,0.23,0.29,na,,na,na,
2017-Jul,2017-07-13,Manley,na,na,KB/TF,na,262,69,na,95,na,na,na,75,0.6,0.64,na,,na,na,
2017-Jul,2017-07-13,Manley,na,na,KB/TF,na,230,54,na,100,na,na,na,62,0.4,0.65,na,,na,na,
2017-Jul,2017-07-13,Manley,na,na,KB/TF,na,239,50,na,75,na,na,na,61,0.3,0.18,na,,na,na,
2017-Jul,2017-07-13,Manley,na,na,KB/TF,na,379,51,na,90,na,na,na,55,0.4,0.46,na,,na,na,
2017-Jul,2017-07-16,North,na,na,KB/TF,na,420,46,na,76,na,na,na,48,0.26,0.36,na,,Q4,MI0907,
2017-Jul,2017-07-16,North,na,na,KB/TF,na,500,55,na,68,na,na,na,64,0.53,0.59,na,,141,MI0908,
2017-Jul,2017-07-16,North,na,na,KB/TF,na,452,78,na,74,na,na,na,48,0.088,0.7,na,,135,MI0906,
2017-Jul,2017-07-16,North,na,na,KB/TF,na,363,98,na,74,na,na,na,45,0.42,0.32,na,,144,MI0911,
2017-Jul,2017-07-16,North,na,na,KB/TF,na,403,102,na,74,na,na,na,40,0.49,0.67,na,,147,MI0910,
2017-Jul,2017-07-16,North,na,na,KB/TF,na,358,103,na,72,na,na,na,42,0.58,0.39,na,,145,MI0909,
2017-Jul,2017-07-16,North,na,na,KB/TF,na,345,101,na,76,na,na,na,35,0.47,0.24,na,,na,na,
2017-Jul,2017-07-16,North,na,na,KB/TF,na,212,60,na,44,na,na,na,14,0.17,0.13,na,,na,na,
2017-Jul,2017-07-16,North,na,na,KB/TF,na,557,138,na,86,na,na,na,39,1.74,1.37,na,,na,na,
2017-Jul,2017-07-16,North,na,na,KB/TF,na,406,79,na,66,na,na,na,36,0.47,1,na,,na,na,
2017-Jul,2017-07-16,North,na,na,KB/TF,na,346,100,na,78,na,na,na,31,0.34,0.64,na,,na,na,
2017-Jul,2017-07-16,North,na,na,KB/TF,na,455,81,na,80,na,na,na,60,0.93,0.119,na,,na,na,
2017-Jul,2017-07-16,North,na,na,KB/TF,na,231,80,na,56,na,na,na,40,0.23,0.09,na,,na,na,
2017-Jul,2017-07-16,North,na,na,KB/TF,na,388,66,na,78,na,na,na,65,0.56,0.55,na,,na,na,
2017-Jul,2017-07-16,North,na,na,KB/TF,na,455,90,na,78,na,na,na,44,0.73,0.97,na,,na,na,
2017-Jul,2017-07-16,North,na,na,KB/TF,na,123,77,na,70,na,na,na,45,0.19,0.33,na,,na,na,
2017-Jul,2017-07-16,North,na,na,KB/TF,na,514,114,na,82,na,na,na,76,1.38,1.08,na,,na,na,
2017-Jul,2017-07-16,North,na,na,KB/TF,na,360,61,na,68,na,na,na,37,0.19,0.31,na,,na,na,
2017-Jul,2017-07-16,North,na,na,KB/TF,na,503,80,na,76,na,na,na,55,0.78,0.91,na,,na,na,
2017-Jul,2017-07-16,North,na,na,KB/TF,na,490,166,na,94,na,na,na,79,3.77,2.84,na,,na,na,
2017-Jul,2017-07-16,Second,na,na,KB/TF,na,90,75,na,64,na,na,na,23,0.08,0.14,na,,20,M10903,
2017-Jul,2017-07-16,Second,na,na,KB/TF,na,242,97,na,70,na,na,na,44,0.59,0.31,na,,19,M10902,
2017-Jul,2017-07-16,Second,na,na,KB/TF,na,349,84,na,75,na,na,na,48,0.58,0.31,na,,21,M10900,
2017-Jul,2017-07-16,Second,na,na,KB/TF,na,287,76,na,58,na,na,na,34,0.33,0.16,na,,na,na,
2017-Jul,2017-07-16,Second,na,na,KB/TF,na,276,198,na,72,na,na,na,86,1.15,0.47,na,,18,M10904,
2017-Jul,2017-07-16,Second,na,na,KB/TF,na,231,85,na,70,na,na,na,51,0.68,0.28,na,,22,M10901,
2017-Jul,2017-07-16,Second,na,na,KB/TF,na,289,70,na,62,na,na,na,36,0.25,0.13,na,,25,M10905,
2017-Jul,2017-07-16,Second,na,na,KB/TF,na,342,98,na,66,na,na,na,50,0.59,0.12,na,,na,na,
2017-Jul,2017-07-16,Second,na,na,KB/TF,na,338,66,na,68,na,na,na,42,0.32,0.21,na,,na,na,
2017-Jul,2017-07-16,Second,na,na,KB/TF,na,196,82,na,64,na,na,na,35,0.16,0.25,na,,na,na,
2017-Jul,2017-07-16,Second,na,na,KB/TF,na,387,128,na,76,na,na,na,75,2.05,0.67,na,,na,na,
2017-Jul,2017-07-16,Second,na,na,KB/TF,na,48,86,na,52,na,na,na,22,0.27,0.09,na,,na,na,
2017-Jul,2017-07-16,Second,na,na,KB/TF,na,438,107,na,70,na,na,na,52,0.4,0.22,na,,na,na,
2017-Jul,2017-07-16,Second,na,na,KB/TF,na,167,60,na,60,na,na,na,28,0.11,0.18,na,,na,na,
2017-Jul,2017-07-16,Second,na,na,KB/TF,na,668,105,na,82,na,na,na,59,0.72,0.52,na,,na,na,
2017-Jul,2017-07-16,Second,na,na,KB/TF,na,207,63,na,74,na,na,na,25,0.12,0.11,na,,na,na,
2017-Jul,2017-07-16,Second,na,na,KB/TF,na,185,76,na,58,na,na,na,23,0.2,0.06,na,,na,na,
2017-Jul,2017-07-16,Second,na,na,KB/TF,na,233,78,na,78,na,na,na,87,0.35,0.22,na,,na,na,
2017-Jul,2017-07-16,Second,na,na,KB/TF,na,262,93,na,76,na,na,na,70,0.5,0.24,na,,na,na,
2017-Jul,2017-07-16,Second,na,na,KB/TF,na,145,90,na,66,na,na,na,38,0.39,0.11,na,,na,na,
2018-Aug,2018-08-19,Gosling,na,na,KH/BMM/OP/NAP,na,1174,198,na,80,na,46,44,72,3.12,1.85,na,,na,na,
2018-Aug,2018-08-19,Gosling,na,na,KH/BMM/OP/NAP,na,1070,323,na,92,na,41,40,89,6.96,3.52,na,,na,na,
2018-Aug,2018-08-19,Gosling,na,na,KH/BMM/OP/NAP,na,1130,310,na,105,na,51,51,97,8.41,3.96,na,,na,na,
2018-Aug,2018-08-19,Gosling,na,na,KH/BMM/OP/NAP,na,1000,236,na,83,na,37,36,48,2.11,1.33,na,,na,na,
2018-Aug,2018-08-19,Gosling,na,na,KH/BMM/OP/NAP,na,1222,209,na,91,na,36,37,44,1.99,1.49,na,,na,na,
2018-Aug,2018-08-19,Gosling,na,na,KH/BMM/OP/NAP,na,1035,292,na,97,na,52,55,107,4.57,3.86,na,,na,na,
2018-Aug,2018-08-19,Gosling,na,na,KH/BMM/OP/NAP,na,1174,310,na,91,na,55,54,91,6.76,4.36,na,,na,na,
2018-Aug,2018-08-19,Gosling,na,na,KH/BMM/OP/NAP,na,1193,337,na,94,na,60,58,101,9.34,4.84,na,,na,na,
2018-Aug,2018-08-19,Gosling,na,na,KH/BMM/OP/NAP,na,619,57,na,73,na,13,10,42,0.2,0.18,na,,na,na,
2018-Aug,2018-08-19,Gosling,na,na,KH/BMM/OP/NAP,na,1265,200,na,90,na,43,41,67,2.55,2.34,na,,na,na,
2018-Aug,2018-08-19,Gosling,na,na,KH/BMM/OP/NAP,na,1228,180,na,83,na,41,39,74,2.36,1.52,na,,na,na,
2018-Aug,2018-08-19,Gosling,na,na,KH/BMM/OP/NAP,na,1367,164,na,78,na,42,36,80,1.73,1.44,na,,na,na,
2018-Aug,2018-08-19,Gosling,na,na,KH/BMM/OP/NAP,na,1415,110,na,82,na,43,41,84,1.82,1.89,na,,na,na,
2018-Aug,2018-08-19,Gosling,na,na,KH/BMM/OP/NAP,na,1374,210,na,93,na,45,44,90,4.3,3.19,na,,na,na,
2018-Aug,2018-08-19,Gosling,na,na,KH/BMM/OP/NAP,na,1340,120,na,86,na,45,43,65,1.74,2.02,na,,na,na,
2018-Aug,2018-08-19,Gosling,na,na,KH/BMM/OP/NAP,na,1242,280,na,91,na,38,37,74,2.62,2.06,na,,na,na,
2018-Aug,2018-08-19,Gosling,na,na,KH/BMM/OP/NAP,na,1361,120,na,90,na,42,41,59,1.7,1.87,na,,na,na,
2018-Aug,2018-08-19,Gosling,na,na,KH/BMM/OP/NAP,na,145,260,na,90,na,50,48,88,4.83,3.51,na,,na,na,
2018-Aug,2018-08-19,Gosling,na,na,KH/BMM/OP/NAP,na,138,82,na,86,na,46,41,95,1.43,2.34,na,,na,na,
2018-Aug,2018-08-19,Gosling,na,na,KH/BMM/OP/NAP,na,470,40,na,na,na,14,13,33,0.07,0.17,na,"pneu says 16 cm, error?",na,na,
2018-Aug,2018-08-19,McMullins,na,na,KH/BMM/OP/NAP,na,920,130,na,79,na,50,49,86,2.89,2.31,na,,na,na,
2018-Aug,2018-08-19,McMullins,na,na,KH/BMM/OP/NAP,na,840,80,na,93,na,42,41,79,1.41,0.68,na,,na,na,
2018-Aug,2018-08-19,McMullins,na,na,KH/BMM/OP/NAP,na,687,80,na,79,na,41,39,42,1,0.66,na,,na,na,
2018-Aug,2018-08-19,McMullins,na,na,KH/BMM/OP/NAP,na,900,114,na,95,na,42,41,85,1.55,1.26,na,,na,na,
2018-Aug,2018-08-19,McMullins,na,na,KH/BMM/OP/NAP,na,743,132,na,89,na,40,39,55,1.47,1.13,na,,na,na,
2018-Aug,2018-08-19,McMullins,na,na,KH/BMM/OP/NAP,na,895,123,na,86,na,45,40,77,2.79,1.26,na,,na,na,
2018-Aug,2018-08-19,McMullins,na,na,KH/BMM/OP/NAP,na,852,130,na,82,na,44,44,50,1.78,1.43,na,,na,na,
2018-Aug,2018-08-19,McMullins,na,na,KH/BMM/OP/NAP,na,770,155,na,80,na,31,29,49,0.44,0.59,na,,na,na,
2018-Aug,2018-08-19,McMullins,na,na,KH/BMM/OP/NAP,na,933,147,na,95,na,44,43,54,2.22,1.58,na,,na,na,
2018-Aug,2018-08-19,McMullins,na,na,KH/BMM/OP/NAP,na,870,230,na,91,na,50,48,77,5,3.12,na,,na,na,
2018-Aug,2018-08-19,McMullins,na,na,KH/BMM/OP/NAP,na,1023,160,na,100,na,51,48,82,3.62,3.44,na,,na,na,
2018-Aug,2018-08-19,McMullins,na,na,KH/BMM/OP/NAP,na,850,175,na,95,na,60,58,85,4.14,3.31,na,,na,na,
2018-Aug,2018-08-19,McMullins,na,na,KH/BMM/OP/NAP,na,770,140,na,94,na,52,50,102,3.13,2.29,na,,na,na,
2018-Aug,2018-08-19,McMullins,na,na,KH/BMM/OP/NAP,na,833,133,na,99,na,55,52,91,4,3.73,na,,na,na,
2018-Aug,2018-08-19,McMullins,na,na,KH/BMM/OP/NAP,na,845,153,na,82,na,41,41,46,1.46,1.34,na,,na,na,
2018-Aug,2018-08-19,McMullins,na,na,KH/BMM/OP/NAP,na,864,135,na,98,na,64,62,74,4.35,4.76,na,,na,na,
2018-Aug,2018-08-19,McMullins,na,na,KH/BMM/OP/NAP,na,900,200,na,91,na,52,53,62,3.82,3.29,na,,na,na,
2018-Aug,2018-08-19,McMullins,na,na,KH/BMM/OP/NAP,na,863,110,na,54,na,40,40,62,1.43,2.06,na,,na,na,
2018-Aug,2018-08-19,McMullins,na,na,KH/BMM/OP/NAP,na,870,110,na,80,na,50,51,103,3.5,2.71,na,,na,na,
2018-Aug,2018-08-19,McMullins,na,na,KH/BMM/OP/NAP,na,626,48,na,76,na,20,18,35,0.16,0.42,na,,na,na,
2018-Aug,2018-08-19,McMullins,na,na,KH/BMM/OP/NAP,na,857,105,na,77,na,50,47,66,2.28,2.6,na,,na,na,
2018-Aug,2018-08-21,Second,na,na,GSB,na,343,96,na,120,na,48,44,71,0.87,1.39,na,,na,na,
2018-Aug,2018-08-21,Second,na,na,GSB,na,290,134,na,93,na,38,30,57,2.19,0.81,na,,na,na,
2018-Aug,2018-08-21,Second,na,na,GSB,na,239,116,na,86,na,40,35,83,1.89,1.01,na,,na,na,
2018-Aug,2018-08-21,Second,na,na,GSB,na,259,84,na,88,na,25,24,52,1.01,0.53,na,,na,na,
2018-Aug,2018-08-21,Second,na,na,GSB,na,456,90,na,62,na,17,14,27,0.3,0.21,na,,na,na,
2018-Aug,2018-08-21,Second,na,na,GSB,na,285,93,na,82,na,35,34,61,1.23,0.99,na,,na,na,
2018-Aug,2018-08-21,Second,na,na,GSB,na,316,96,na,85,na,28,28,44,0.85,0.73,na,,na,na,
2018-Aug,2018-08-21,Second,na,na,GSB,na,295,105,na,86,na,32,32,48,1.2,0.76,na,,na,na,
2018-Aug,2018-08-21,Second,na,na,GSB,na,314,99,na,93,na,35,33,47,1.06,0.92,na,,na,na,
2018-Aug,2018-08-21,Second,na,na,GSB,na,285,57,na,73,na,31,20,44,0.4,0.46,na,,na,na,
2018-Aug,2018-08-21,Second,na,na,GSB,na,596,102,na,80,na,30,28,31,0.94,0.53,na,,na,na,
2018-Aug,2018-08-21,Second,na,na,GSB,na,552,139,na,87,na,43,40,47,1.51,1.33,na,,na,na,
2018-Aug,2018-08-21,Second,na,na,GSB,na,482,15,na,62,na,9,7,29,0.06,0.1,na,,na,na,
2018-Aug,2018-08-21,Second,na,na,GSB,na,354,74,na,89,na,31,31,87,1.3,0.85,na,,na,na,
2018-Aug,2018-08-21,Second,na,na,GSB,na,588,86,na,75,na,38,38,12,0.64,0.81,na,,na,na,
2018-Aug,2018-08-21,Second,na,na,GSB,na,476,79,na,75,na,27,23,49,0.61,0.63,na,,na,na,
2018-Aug,2018-08-27,North,na,na,NAP/OP,na,545,170,na,93,na,48,46,63,3.21,2.11,na,,na,na,
2018-Aug,2018-08-27,North,na,na,NAP/OP,na,532,177,na,94,na,52,51,29,2.01,2.47,na,,na,na,
2018-Aug,2018-08-27,North,na,na,NAP/OP,na,441,100,na,95,na,45,43,41,1.04,1.88,na,,na,na,
2018-Aug,2018-08-27,North,na,na,NAP/OP,na,23,113,na,95,na,54,51,87,3.12,2.12,na,,na,na,
2018-Aug,2018-08-27,North,na,na,NAP/OP,na,447,160,na,76,na,40,38,16,0.83,0.98,na,,na,na,
2018-Aug,2018-08-27,North,na,na,NAP/OP,na,536,183,na,88,na,40,41,37,3.95,1.84,na,,na,na,
2018-Aug,2018-08-27,North,na,na,NAP/OP,na,415,214,na,83,na,36,33,39,3.55,1.05,na,,na,na,
2018-Aug,2018-08-27,North,na,na,NAP/OP,na,475,120,na,90,na,45,45,38,3.64,2.48,na,,na,na,
2018-Aug,2018-08-27,North,na,na,NAP/OP,na,491,140,na,67,na,33,32,30,0.93,0.72,na,,na,na,
2018-Aug,2018-08-27,North,na,na,NAP/OP,na,200,110,na,58,na,13,11,19,0.12,0.14,na,,na,na,
2018-Aug,2018-08-27,North,na,na,NAP/OP,na,407,220,na,71,na,45,43,40,2.93,1.29,na,,na,na,
2018-Aug,2018-08-27,North,na,na,NAP/OP,na,460,248,na,83,na,46,44,32,2.64,1.69,na,,na,na,
2018-Aug,2018-08-27,North,na,na,NAP/OP,na,458,219,na,75,na,39,38,29,1.22,1.31,na,,na,na,
2018-Aug,2018-08-27,North,na,na,NAP/OP,na,486,223,na,70,na,43,42,40,3.65,2.02,na,,na,na,
2018-Aug,2018-08-27,North,na,na,NAP/OP,na,418,100,na,62,na,30,17,20,0.52,0.39,na,,na,na,
2018-Aug,2018-08-27,North,na,na,NAP/OP,na,336,190,na,80,na,53,50,60,5.44,2.65,na,,na,na,
2018-Aug,2018-08-27,North,na,na,NAP/OP,na,429,175,na,88,na,45,45,50,3.74,1.74,na,,na,na,
2018-Aug,2018-08-27,North,na,na,NAP/OP,na,420,100,na,77,na,43,42,27,0.88,1.22,na,,na,na,
2018-Aug,2018-08-27,North,na,na,NAP/OP,na,463,160,na,83,na,54,50,67,3.68,2.24,na,,na,na,
2018-Aug,2018-08-27,North,na,na,NAP/OP,na,310,40,na,42,na,7,6,12,0.06,0.09,na,,na,na,
2019-Jul,2019-07-02,Second,na,na,OP,na,534,155,7,69,32,7,na,43,0.71,0.37,0,,na,na,
2019-Jul,2019-07-02,Second,na,na,OP,na,353,225,8,86,39,na,na,38,1.61,0.69,0,,na,na,
2019-Jul,2019-07-02,Second,na,na,OP,na,305,150,6.2,68,19,na,na,29,0.35,0.14,0,,na,na,
2019-Jul,2019-07-02,Second,na,na,OP,na,152,80,3.5,64,20,na,na,18,0.14,0.12,0,,na,na,
2019-Jul,2019-07-02,Second,na,na,OP,na,305,220,7.2,84,39,na,na,63,2.05,0.67,0,,na,na,
2019-Jul,2019-07-02,Second,na,na,OP,na,386,210,5.9,84,33,na,na,33,1.24,0.54,0,,na,na,
2019-Jul,2019-07-02,Second,na,na,OP,na,444,100,4.7,75,17,na,na,23,0.2,0.18,0,,na,na,
2019-Jul,2019-07-02,Second,na,na,OP,na,428,280,7,79,41,na,na,59,4.09,0.85,0,,na,na,
2019-Jul,2019-07-02,Second,na,na,OP,na,468,330,12,98,54,na,na,74,7.15,2.12,L,,na,na,
2019-Jul,2019-07-02,Second,na,na,OP,na,286,100,5.5,70,20,na,na,25,0.41,0.2,0,,na,na,
2019-Jul,2019-07-02,Second,na,na,OP,na,458,200,10,84,37,na,na,57,1.89,0.59,0,,na,na,
2019-Jul,2019-07-02,Second,na,na,OP,na,309,200,9,86,28,na,na,21,0.79,0.44,0,,na,na,
2019-Jul,2019-07-02,Second,na,na,OP,na,491,200,9.1,41,40,na,na,40,3.11,1.24,na,,na,na,
2019-Jul,2019-07-02,Second,na,na,OP,na,315,160,7,46,20,na,na,32,0.74,0.27,na,,na,na,
2019-Jul,2019-07-02,Second,na,na,OP,na,225,55,6.3,na,11,na,na,27,0.1,0.11,na,pneuD is 18,na,na,
2019-Jul,2019-07-02,Second,na,na,OP,na,323,180,8,40,29,na,na,29,1.62,0.58,na,,na,na,
2019-Jul,2019-07-02,Second,na,na,OP,na,413,150,6.8,32,23,na,na,39,0.99,0.34,na,,na,na,
2019-Jul,2019-07-02,Second,na,na,OP,na,670,130,7,33,27,na,na,43,0.78,0.42,na,,na,na,
2019-Jul,2019-07-02,Second,na,na,OP,na,530,85,7,na,10,na,na,36,0.33,0.14,na,pneuD is 15,na,na,
2019-Jul,2019-07-16,Choked_south,shallow,2,OP,na,364,95,4,74,32,26,na,26,0.42,0.49,0,,na,na,
2019-Jul,2019-07-16,Choked_south,shallow,2,OP,na,543,198,8,73,63,59,na,54,4.36,3.36,L,,na,na,
2019-Jul,2019-07-16,Choked_south,shallow,2,OP,na,314,110,6.4,75,32,29,na,32,0.51,0.67,0,,na,na,
2019-Jul,2019-07-16,Choked_south,shallow,2,OP,na,733,70,5.5,57,32,25,na,21,0.2,0.35,0,,na,na,
2019-Jul,2019-07-16,Choked_south,shallow,2,OP,na,324,150,9.2,79,54,48,na,48,1.96,1.2,L,,na,na,
2019-Jul,2019-07-16,Choked_south,shallow,2,OP,na,470,70,7,72,40,33,na,27,0.55,0.77,0,,na,na,
2019-Jul,2019-07-16,Choked_south,shallow,2,OP,na,445,70,4.3,62,40,32,na,32,0.47,0.62,0,,na,na,
2019-Jul,2019-07-16,Choked_south,shallow,2,OP,na,576,240,7.9,85,61,55,na,74,5.52,2.61,L,,na,na,
2019-Jul,2019-07-16,Choked_south,shallow,2,OP,na,519,240,10,66,56,50,na,41,2.89,2.05,H,,na,na,
2019-Jul,2019-07-16,Choked_south,shallow,2,OP,na,429,56,5,66,33,20,na,29,0.18,0.3,0,,na,na,
2019-Jul,2019-07-16,Choked_south,shallow,2,OP,na,310,147,6.3,72,34,30,na,37,1.45,0.7,0,,na,na,
2019-Jul,2019-07-16,Choked_south,shallow,2,OP,na,214,49,7,55,21,12,na,17,0.15,0.13,0,,na,na,
2019-Jul,2019-07-16,Choked_south,shallow,2,OP,na,417,86,5.6,56,41,32,na,31,0.52,0.64,0,,na,na,
2019-Jul,2019-07-16,Choked_south,shallow,2,OP,na,282,112,7.2,64,32,25,na,36,0.84,0.39,0,,na,na,
2019-Jul,2019-07-16,Choked_south,shallow,2,OP,na,565,135,10,66,41,34,na,41,1.86,1.06,0,,na,na,
2019-Jul,2019-07-16,Choked_south,shallow,2,OP,na,483,85,6.5,72,39,32,na,37,0.56,0.63,0,,na,na,
2019-Jul,2019-07-16,Choked_south,shallow,2,OP,na,162,70,5,60,21,11,na,16,0.21,0.16,0,,na,na,
2019-Jul,2019-07-16,Choked_south,shallow,2,OP,na,494,190,9,80,61,40,na,89,6.08,2.76,H,,na,na,
2019-Jul,2019-07-16,Choked_south,shallow,2,OP,na,na,na,na,na,na,na,na,na,0.81,na,na,extra blade bits,na,na,
2019-Jul,2019-07-16,Choked_south,deep,1,OP,na,653,200,11,88,68,64,na,54,3.78,4.03,L,,na,na,
2019-Jul,2019-07-16,Choked_south,deep,1,OP,na,795,230,9.1,81,48,46,na,62,3.66,2.02,L,,na,na,
2019-Jul,2019-07-16,Choked_south,deep,1,OP,na,653,250,8.8,94,51,49,na,48,3.13,1.5,L,,na,na,
2019-Jul,2019-07-16,Choked_south,deep,1,OP,na,794,260,12,104,66,62,na,51,6.59,4.63,H,,na,na,
2019-Jul,2019-07-16,Choked_south,deep,1,OP,na,672,250,9,91,52,49,na,44,5.08,2.54,L,,na,na,
2019-Jul,2019-07-16,Choked_south,deep,1,OP,na,687,140,7,78,42,38,na,49,2.01,1.14,0,,na,na,
2019-Jul,2019-07-16,Choked_south,deep,1,OP,na,608,240,11.8,82,52,48,na,35,2.6,1.9,L,,na,na,
2019-Jul,2019-07-16,Choked_south,deep,1,OP,na,683,170,12,91,43,41,na,36,2.3,1.93,0,,na,na,
2019-Jul,2019-07-16,Choked_south,deep,1,OP,na,722,160,8,76,31,49,na,41,2.24,2.49,0,,na,na,
2019-Jul,2019-07-16,Choked_south,deep,1,OP,na,893,300,13.4,85,65,64,na,39,6.5,4.34,L,,na,na,
2019-Jul,2019-07-16,Choked_south,deep,1,OP,na,695,160,8,78,52,47,na,44,2.24,1.62,0,,na,na,
2019-Jul,2019-07-16,Choked_south,deep,1,OP,na,680,180,14.2,98,50,51,na,27,1.98,2.85,L,,na,na,
2019-Jul,2019-07-16,Choked_south,deep,1,OP,na,803,280,8,80,58,56,na,66,5.71,3.54,L,,na,na,
2019-Jul,2019-07-16,Choked_south,deep,1,OP,na,na,na,na,na,na,na,na,na,6.1,na,na,extra blade bits,na,na,
2019-Jul,2019-07-16,Surf_islands,deep,1,OP,na,292,76,5.5,66,17,10,na,21,0.15,0.11,0,,na,na,
2019-Jul,2019-07-16,Surf_islands,deep,1,OP,na,799,162,9,76,57,56,na,56,3.01,2.79,L,,na,na,
2019-Jul,2019-07-16,Surf_islands,deep,1,OP,na,296,54,5.7,61,18,9,na,13,0.13,0.11,0,,na,na,
2019-Jul,2019-07-16,Surf_islands,deep,1,OP,na,703,230,5,77,51,44,na,39,2.32,1.61,L,,na,na,
2019-Jul,2019-07-16,Surf_islands,deep,1,OP,na,639,350,9.3,83,65,33,na,74,9.7,3.26,L,,na,na,
2019-Jul,2019-07-16,Surf_islands,deep,1,OP,na,666,150,9.4,70,42,39,na,38,1.56,1.06,0,,na,na,
2019-Jul,2019-07-16,Surf_islands,deep,1,OP,na,646,300,7,87,58,55,na,83,6.22,2.55,L,,na,na,
2019-Jul,2019-07-16,Surf_islands,deep,1,OP,na,590,210,8,77,42,35,na,32,1.18,0.98,0,,na,na,
2019-Jul,2019-07-16,Surf_islands,deep,1,OP,na,703,130,5.7,75,37,32,na,20,0.67,0.93,L,,na,na,
2019-Jul,2019-07-16,Surf_islands,deep,1,OP,na,743,260,7.8,79,51,47,na,65,4.51,1.88,L,,na,na,
2019-Jul,2019-07-16,Surf_islands,deep,1,OP,na,230,110,4.8,56,27,15,na,25,0.29,0.16,0,,na,na,
2019-Jul,2019-07-16,Surf_islands,deep,1,OP,na,755,140,5.9,78,48,42,na,43,1.71,1.62,0,,na,na,
2019-Jul,2019-07-16,Surf_islands,deep,1,OP,na,240,45,4,60,13,8,na,17,0.05,0.09,0,,na,na,
2019-Jul,2019-07-16,Surf_islands,deep,1,OP,na,690,100,8.4,72,52,48,na,19,0.45,2.03,L,,na,na,
2019-Jul,2019-07-16,Surf_islands,deep,1,OP,na,445,190,10.4,77,48,40,na,53,3.08,1.4,0,,na,na,
2019-Jul,2019-07-16,Surf_islands,deep,1,OP,na,560,110,6,64,23,14,na,21,0.31,0.71,0,,na,na,
2019-Jul,2019-07-16,Surf_islands,deep,1,OP,na,493,100,6,76,39,27,na,38,0.54,0.76,0,,na,na,
2019-Jul,2019-07-16,Surf_islands,deep,1,OP,na,625,210,6,84,43,35,na,50,1.94,1.16,0,,na,na,
2019-Jul,2019-07-16,Surf_islands,deep,1,OP,na,480,110,5.4,71,43,37,na,61,0.93,0.84,0,,na,na,
2019-Jul,2019-07-16,Surf_islands,deep,1,OP,na,449,130,4.6,75,33,24,na,27,0.44,0.37,0,,na,na,
2019-Jul,2019-07-16,Surf_islands,deep,1,OP,na,na,na,na,na,na,na,na,na,0.63,na,na,extra blade bits,na,na,
2019-Jul,2019-07-16,Surf_islands,shallow,2,OP,na,766,198,11,79,53,50,na,50,3.9,2.7,L,,na,na,
2019-Jul,2019-07-16,Surf_islands,shallow,2,OP,na,436,150,9.6,73,53,47,na,61,2.8,1.79,L,,na,na,
2019-Jul,2019-07-16,Surf_islands,shallow,2,OP,na,610,160,8,85,46,36,na,60,2.28,1.53,L,,na,na,
2019-Jul,2019-07-16,Surf_islands,shallow,2,OP,na,252,170,5,76,42,33,na,66,2.09,0.76,0,,na,na,
2019-Jul,2019-07-16,Surf_islands,shallow,2,OP,na,266,200,5.4,77,40,35,na,43,2.32,0.94,L,,na,na,
2019-Jul,2019-07-16,Surf_islands,shallow,2,OP,na,709,310,8.3,82,50,46,na,73,5.62,1.73,L,,na,na,
2019-Jul,2019-07-16,Surf_islands,shallow,2,OP,na,104,44,4,48,16,5,na,12,0.07,0.07,0,,na,na,
2019-Jul,2019-07-16,Surf_islands,shallow,2,OP,na,374,220,7.5,55,54,52,na,66,4.85,2.04,L,,na,na,
2019-Jul,2019-07-16,Surf_islands,shallow,2,OP,na,208,180,4.2,73,40,31,na,40,1.18,0.61,0,,na,na,
2019-Jul,2019-07-16,Surf_islands,shallow,2,OP,na,197,106,4.4,70,26,18,na,18,0.24,0.21,0,,na,na,
2019-Jul,2019-07-16,Surf_islands,shallow,2,OP,na,117,55,3.1,55,19,9,na,15,0.1,0.1,0,,na,na,
2019-Jul,2019-07-16,Surf_islands,shallow,2,OP,na,181,90,6.2,65,28,19,na,35,0.45,0.24,0,,na,na,
2019-Jul,2019-07-16,Surf_islands,shallow,2,OP,na,445,200,7,75,49,45,na,70,3.28,1.61,L,,na,na,
2019-Jul,2019-07-16,Surf_islands,shallow,2,OP,na,142,86,4.3,67,17,10,na,23,0.33,0.15,0,,na,na,
2019-Jul,2019-07-16,Surf_islands,shallow,2,OP,na,196,90,5.6,68,23,17,na,26,0.35,0.22,0,,na,na,
2019-Jul,2019-07-16,Surf_islands,shallow,2,OP,na,613,130,8.1,68,35,28,na,40,0.95,0.6,0,,na,na,
2019-Jul,2019-07-16,Surf_islands,shallow,2,OP,na,595,278,9,90,50,42,na,61,4.81,1.84,L,,na,na,
2019-Jul,2019-07-16,Surf_islands,shallow,2,OP,na,625,300,11,78,46,41,na,50,4.68,1.53,L,,na,na,
2019-Jul,2019-07-16,Surf_islands,shallow,2,OP,na,204,70,3,60,18,10,na,18,0.13,0.13,0,,na,na,
2019-Jul,2019-07-16,Surf_islands,shallow,2,OP,na,492,150,6,71,39,36,na,45,1.33,0.96,L,,na,na,
2019-Jul,2019-07-16,Surf_islands,shallow,2,OP,na,428,160,8,76,51,38,na,56,3.9,1.01,L,,na,na,
2019-Jul,2019-07-16,Surf_islands,shallow,2,OP,na,na,na,na,na,na,na,na,na,0.81,na,na,extra blade bits,na,na,
2019-Jul,2019-07-07,Triquetta,na,na,OP,na,381,129,50,81,34,27,na,41,0.6,1.37,0,,na,na,
2019-Jul,2019-07-07,Triquetta,na,na,OP,na,551,160,53,86,49,48,na,55,1.38,0.17,0,,na,na,
2019-Jul,2019-07-07,Triquetta,na,na,OP,na,362,90,34,70,40,19,na,46,0.28,0.9,0,,na,na,
2019-Jul,2019-07-07,Triquetta,na,na,OP,na,502,128,43,101,45,38,na,57,0.76,0.06,0,,na,na,
2019-Jul,2019-07-07,Triquetta,na,na,OP,na,266,54,33,58,8,2,na,16,0.04,0.13,0,,na,na,
2019-Jul,2019-07-07,Triquetta,na,na,OP,na,220,89,40,70,28,8,na,21,0.2,0.9,0,"most likely no Psori, but data missing",na,na,
2019-Jul,2019-07-07,Triquetta,na,na,OP,na,459,136,55,97,42,40,na,90,0.9,0.9,0,"most likely no Psori, but data missing",na,na,
2019-Jul,2019-07-07,Triquetta,na,na,OP,na,568,136,65,90,42,34,na,43,1.75,1.04,0,"most likely no Psori, but data missing",na,na,
2019-Jul,2019-07-07,Triquetta,na,na,OP,na,205,8,10,69,16,7,na,0,0.01,0.14,0,,na,na,
2019-Jul,2019-07-07,Triquetta,na,na,OP,na,155,14,9,57,10,4,na,0,0.06,0.1,0,"most likely no Psori, but data missing",na,na,
2019-Jul,2019-07-07,Triquetta,na,na,OP,na,246,102,40,71,21,12,na,35,0.32,0.18,0,"most likely no Psori, but data missing",na,na,
2019-Jul,2019-07-07,Triquetta,na,na,OP,na,227,9,10,73,19,12,na,0,0.76,0.44,0,"most likely no Psori, but data missing",na,na,
2019-Jul,2019-07-07,Triquetta,na,na,OP,na,410,404,39,80,31,23,na,63,0.06,0.21,na,"blade length 404cm, probably a mistake, most likely no Psori, but data missing",na,na,
2019-Jul,2019-07-07,Triquetta,na,na,OP,na,490,90,44,78,31,21,na,59,0.18,0.39,0,"most likely no Psori, but data missing",na,na,
2019-Jul,2019-07-07,Triquetta,na,na,OP,na,378,62,35,75,17,12,na,40,0.16,0.17,0,"most likely no Psori, but data missing",na,na,
2019-Jul,2019-07-07,Triquetta,na,na,OP,na,334,96,49,75,29,18,na,19,0.1,0.27,0,"most likely no Psori, but data missing",na,na,
2019-Jul,2019-07-07,Triquetta,na,na,OP,na,510,120,46,77,41,28,na,53,0.47,0.65,0,"most likely no Psori, but data missing",na,na,
2019-Jul,2019-07-07,Triquetta,na,na,OP,na,225,120,56,64,14,9,na,5,0.03,0.13,0,"most likely no Psori, but data missing",na,na,
2019-Jul,2019-07-07,Triquetta,na,na,OP,na,224,72,31,69,14,5,na,21,0.04,0.11,0,"most likely no Psori, but data missing",na,na,
2019-Jul,2019-07-07,Triquetta,na,na,OP,na,309,53,39,68,13,5,na,24,0.02,0.09,0,"most likely no Psori, but data missing",na,na,
2019-Jul,2019-07-07,Triquetta,na,na,OP,na,429,120,35,86,35,31,na,69,0.6,0.25,0,"most likely no Psori, but data missing",na,na,
2019-Jul,2019-07-07,Triquetta,na,na,OP,na,na,na,na,na,na,na,na,na,0.7,na,na,extra blade bits,na,na,
2019-Jul,2019-07-02,North,na,na,OP,na,636,220,na,72,47,46,na,47,2.96,2.03,na,,na,na,
2019-Jul,2019-07-02,North,na,na,OP,na,588,230,na,79,55,54,na,53,6.89,3.07,na,,na,na,
2019-Jul,2019-07-02,North,na,na,OP,na,536,190,na,90,58,56,na,60,3.96,3.49,na,,na,na,
2019-Jul,2019-07-02,North,na,na,OP,na,555,230,na,77,51,50,na,57,5.18,2.45,na,,na,na,
2019-Jul,2019-07-02,North,na,na,OP,na,550,210,na,91,58,54,na,51,3.92,2.99,na,,na,na,
2019-Jul,2019-07-02,North,na,na,OP,na,503,34,na,87,56,50,na,13,0.13,2.58,na,,na,na,
2019-Jul,2019-07-02,North,na,na,OP,na,596,160,na,86,55,53,na,37,2.96,2.74,na,,na,na,
2019-Jul,2019-07-14,Meay_nereo,na,1,OP/KH,na,768,140,6,67,31,24,na,13,0.27,0.29,0,,na,na,
2019-Jul,2019-07-14,Meay_nereo,na,1,OP/KH,na,724,190,11,65,31,28,na,21,0.89,0.38,0,,na,na,
2019-Jul,2019-07-14,Meay_nereo,na,1,OP/KH,na,585,115,5,67,26,20,na,15,0.21,0.18,0,,na,na,
2019-Jul,2019-07-14,Meay_nereo,na,1,OP/KH,na,691,150,6.2,68,28,27,na,16,0.47,0.48,0,,na,na,
2019-Jul,2019-07-14,Meay_nereo,na,1,OP/KH,na,609,130,7,66,26,20,na,14,0.3,0.18,0,,na,na,
2019-Jul,2019-07-14,Meay_nereo,na,1,OP/KH,na,112,34,4.9,33,3,1,na,7,0.01,0.01,0,,na,na,
2019-Jul,2019-07-14,Meay_nereo,na,1,OP/KH,na,986,220,10.8,81,38,30,na,15,1.29,0.87,0,,na,na,
2019-Jul,2019-07-14,Meay_nereo,na,1,OP/KH,na,748,150,5.3,72,36,30,na,25,0.6,0.48,0,,na,na,
2019-Jul,2019-07-14,Meay_nereo,na,1,OP/KH,na,557,100,3.5,62,16,5,na,14,0.12,0.08,0,,na,na,
2019-Jul,2019-07-14,Meay_nereo,na,1,OP/KH,na,162,40,3.1,40,4,1,na,9,0.01,0.01,0,,na,na,
2019-Jul,2019-07-14,Meay_nereo,na,1,OP/KH,na,162,80,7.6,50,15,2,na,15,0.15,0.05,0,,na,na,
2019-Jul,2019-07-14,Meay_nereo,na,1,OP/KH,na,568,90,5.3,100,22,16,na,16,0.11,0.16,0,,na,na,
2019-Jul,2019-07-14,Meay_nereo,na,1,OP/KH,na,771,250,14.4,74,29,28,na,16,1.32,0.41,0,,na,na,
2019-Jul,2019-07-14,Meay_nereo,na,1,OP/KH,na,643,100,6.1,65,20,20,na,25,0.31,0.17,0,,na,na,
2019-Jul,2019-07-14,Meay_nereo,na,1,OP/KH,na,744,260,10.1,77,32,28,na,23,1.41,0.65,0,,na,na,
2019-Jul,2019-07-14,Meay_nereo,na,1,OP/KH,na,418,90,4.9,58,19,10,na,16,0.14,0.1,0,,na,na,
2019-Jul,2019-07-14,Meay_nereo,na,1,OP/KH,na,876,240,12,70,34,28,na,10,0.9,0.49,0,Depth=9.9m @ 10:33,2118,na,
2019-Jul,2019-07-14,Meay_nereo,na,1,OP/KH,na,898,100,5.8,65,28,21,na,28,0.44,0.34,0,Depth=9.7m @ 10:20,1720,na,
2019-Jul,2019-07-14,Meay_nereo,na,1,OP/KH,na,843,360,7.3,88,44,37,na,35,4.2,1.24,0,Depth=9.6m @ 10:28,1911,na,
2019-Jul,2019-07-14,Meay_nereo,na,1,OP/KH,na,771,110,6.4,65,29,24,na,14,0.2,0.34,0,,1846,na,
2019-Jul,2019-07-14,Meay_nereo,na,1,OP/KH,na,920,100,4.5,65,29,21,na,17,0.24,0.26,0,Depth=9.9m @ 10:40,2515,na,
2019-Jul,2019-07-14,Meay_nereo,na,1,OP/KH,na,875,80,5.9,65,23,17,na,18,0.17,0.17,0,,1897,na,
2019-Jul,2019-07-14,Meay_nereo,na,1,OP/KH,na,na,na,na,na,na,na,na,na,0.58,na,na,extra blade bits,na,na,
2019-Jul,2019-07-14,Adam_fringe,na,1,OP,na,311,135,8.1,77,37,32,na,44,1.78,0.59,L,,na,na,
2019-Jul,2019-07-14,Adam_fringe,na,1,OP,na,126,45,3.8,48,10,2,na,11,0.05,0.04,0,,na,na,
2019-Jul,2019-07-14,Adam_fringe,na,1,OP,na,108,100,7.6,65,17,8,na,27,0.36,0.11,0,,na,na,
2019-Jul,2019-07-14,Adam_fringe,na,1,OP,na,339,100,7.3,68,32,24,na,18,0.14,0.28,0,,na,na,
2019-Jul,2019-07-14,Adam_fringe,na,1,OP,na,300,160,8.5,84,44,40,na,81,2.57,0.8,0,,na,na,
2019-Jul,2019-07-14,Adam_fringe,na,1,OP,na,275,170,7.1,71,40,33,na,39,1.08,0.46,0,,na,na,
2019-Jul,2019-07-14,Adam_fringe,na,1,OP,na,573,160,7.8,69,43,37,na,37,1.84,1.02,0,,na,na,
2019-Jul,2019-07-14,Adam_fringe,na,1,OP,na,256,160,10.6,81,35,34,na,50,1.69,0.63,0,,na,na,
2019-Jul,2019-07-14,Adam_fringe,na,1,OP,na,415,225,9.3,76,39,34,na,38,1.86,0.75,0,,na,na,
2019-Jul,2019-07-14,Adam_fringe,na,1,OP,na,641,260,13.9,85,48,45,na,30,3.16,1.59,0,,na,na,
2019-Jul,2019-07-14,Adam_fringe,na,1,OP,na,489,180,10,82,54,50,na,35,2.55,1.71,L,,na,na,
2019-Jul,2019-07-14,Adam_fringe,na,1,OP,na,196,95,6,55,23,14,na,13,0.12,0.09,na,,na,na,
2019-Jul,2019-07-14,Adam_fringe,na,1,OP,na,345,230,8,77,47,14,na,36,1.68,0.79,na,,na,na,
2019-Jul,2019-07-14,Adam_fringe,na,1,OP,na,374,140,7,67,35,29,na,46,1.09,0.43,na,,na,na,
2019-Jul,2019-07-14,Adam_fringe,na,1,OP,na,403,170,12,74,41,37,na,64,2.23,0.9,na,,na,na,
2019-Jul,2019-07-14,Adam_fringe,na,1,OP,na,511,220,11,89,46,45,na,74,4.99,2.01,na,,na,na,
2019-Jul,2019-07-14,Adam_fringe,na,1,OP,na,475,230,12,86,49,42,na,47,3.29,1.44,na,,na,na,
2019-Jul,2019-07-14,Adam_fringe,na,1,OP,na,248,155,9,72,32,25,na,28,0.68,0.34,na,,na,na,
2019-Jul,2019-07-14,Adam_fringe,na,1,OP,na,234,120,9,59,30,22,na,30,0.47,0.19,na,,na,na,
2019-Jul,2019-07-14,Adam_fringe,na,1,OP,na,365,170,12,80,46,44,na,35,3,1.19,na,,na,na,
2019-Jul,2019-07-14,Adam_fringe,na,1,OP,na,224,60,4,57,15,3,na,13,0.07,0.05,na,,na,na,
2019-Jul,2019-07-14,Adam_fringe,na,1,OP,na,244,150,9,72,42,36,na,17,0.95,0.56,na,,na,na,
2019-Jul,2019-07-14,Adam_fringe,na,1,OP,na,376,180,7,73,43,37,na,13,1.58,0.72,na,,na,na,
2019-Jul,2019-07-14,Adam_fringe,na,1,OP,na,na,na,na,na,na,na,na,na,1.02,na,na,extra blade bits,na,na,
2019-Jul,2019-07-15,North_sparse,na,na,OP,na,309,205,9,77,38,31,na,34,1.56,0.6,na,,na,na,
2019-Jul,2019-07-15,North_sparse,na,na,OP,na,105,60,4.5,53,14,3,na,15,0.1,0.05,na,,na,na,
2019-Jul,2019-07-15,North_sparse,na,na,OP,na,360,225,11.5,77,60,55,na,68,5.83,1.92,na,,na,na,
2019-Jul,2019-07-15,North_sparse,na,na,OP,na,250,140,7.2,58,32,25,na,25,0.55,0.26,na,,na,na,
2019-Jul,2019-07-15,North_sparse,na,na,OP,na,419,270,11.5,94,55,55,na,44,6.22,2.53,na,,na,na,
2019-Jul,2019-07-15,North_sparse,na,na,OP,na,407,230,12,71,54,49,na,53,5.59,2.09,L,,na,na,
2019-Jul,2019-07-15,North_sparse,na,na,OP,na,754,128,15,76,53,53,na,49,3.5,2.53,L,,na,na,
2019-Jul,2019-07-15,North_sparse,na,na,OP,na,409,220,12,87,57,52,na,61,5.84,2.32,L,,na,na,
2019-Jul,2019-07-15,North_sparse,na,na,OP,na,409,210,10,85,47,45,na,62,4.42,1.61,L,,na,na,
2019-Jul,2019-07-15,North_sparse,na,na,OP,na,286,190,14,81,42,34,na,39,2.57,0.72,0,,na,na,
2019-Jul,2019-07-15,North_sparse,na,na,OP,na,582,210,11,84,46,46,na,55,3.65,1.92,L,,na,na,
2019-Jul,2019-07-15,North_sparse,na,na,OP,na,308,110,5,82,29,21,na,23,0.49,0.28,0,,na,na,
2019-Jul,2019-07-15,North_sparse,na,na,OP,na,440,240,12,91,59,52,na,60,5.42,1.98,L,,na,na,
2019-Jul,2019-07-15,North_sparse,na,na,OP,na,368,160,7,82,54,49,na,55,4.14,1.67,L,,na,na,
2019-Jul,2019-07-15,North_sparse,na,na,OP,na,na,na,na,na,na,na,na,na,0.59,na,na,extra blade bits,na,na,
2019-Jul,2019-07-15,North_dense,na,1,OP,na,423,300,7.3,73,54,50,na,48,3.01,2.31,H,,na,na,
2019-Jul,2019-07-15,North_dense,na,1,OP,na,285,90,5.5,72,30,22,na,36,0.32,0.24,0,,na,na,
2019-Jul,2019-07-15,North_dense,na,1,OP,na,335,160,6.2,80,45,38,na,40,1.38,0.8,0,,na,na,
2019-Jul,2019-07-15,North_dense,na,1,OP,na,395,190,9,72,55,40,na,48,2,1.06,0,,na,na,
2019-Jul,2019-07-15,North_dense,na,1,OP,na,507,290,6.8,108,60,54,na,45,5.09,3,H,,na,na,
2019-Jul,2019-07-15,North_dense,na,1,OP,na,338,64,6,61,28,23,na,22,0.33,0.33,L,,na,na,
2019-Jul,2019-07-15,North_dense,na,1,OP,na,546,100,12,78,56,55,na,70,3.41,2.04,L,,na,na,
2019-Jul,2019-07-15,North_dense,na,1,OP,na,266,160,12,72,37,32,na,33,0.88,0.46,0,,na,na,
2019-Jul,2019-07-15,North_dense,na,1,OP,na,468,150,12,73,47,38,na,41,2.8,1.08,L,,na,na,
2019-Jul,2019-07-15,North_dense,na,1,OP,na,355,290,10,90,50,46,na,45,3.23,1.45,0,,na,na,
2019-Jul,2019-07-15,North_dense,na,1,OP,na,399,230,12,83,56,56,na,40,4.02,2.23,L,,na,na,
2019-Jul,2019-07-15,North_dense,na,1,OP,na,307,120,5,69,35,28,na,42,0.78,0.45,0,,na,na,
2019-Jul,2019-07-15,North_dense,na,1,OP,na,181,66,9,58,26,17,na,13,0.12,0.13,0,,na,na,
2019-Jul,2019-07-15,North_dense,na,1,OP,na,498,260,10,85,61,58,na,44,6.95,3.59,L,,na,na,
2019-Jul,2019-07-15,North_dense,na,1,OP,na,458,270,8,86,52,49,na,58,4.64,1.59,L,,na,na,
2019-Jul,2019-07-15,North_dense,na,1,OP,na,467,260,7,81,40,36,na,53,3.42,1.22,L,,na,na,
2019-Jul,2019-07-15,North_dense,na,1,OP,na,540,110,9,71,36,30,na,38,0.9,0.55,0,,na,na,
2019-Jul,2019-07-15,North_dense,na,1,OP,na,448,290,12,86,52,46,na,54,6.87,2.19,L,,na,na,
2019-Jul,2019-07-15,North_dense,na,1,OP,na,630,290,8.8,106,63,61,na,82,8.64,4.38,L,,na,na,
2019-Jul,2019-07-15,North_dense,na,1,OP,na,423,250,9.5,90,48,42,na,60,4.25,1.43,L,,na,na,
2019-Jul,2019-07-15,North_dense,na,1,OP,na,500,240,11,82,48,44,na,71,5.5,1.66,L,,na,na,
2019-Jul,2019-07-15,North_dense,na,1,OP,na,494,200,16.7,80,44,40,na,50,4.9,1.31,L,,na,na,
2019-Jul,2019-07-15,North_dense,na,1,OP,na,415,160,12.9,69,48,43,na,44,3.57,1.42,L,,na,na,
2019-Jul,2019-07-15,North_dense,na,1,OP,na,396,195,7,86,54,48,na,63,3.85,1.59,L,,na,na,
2019-Jul,2019-07-15,North_dense,na,1,OP,na,365,208,12,78,50,45,na,36,2.86,1.17,L,,na,na,
2019-Jul,2019-07-15,North_dense,na,1,OP,na,423,210,8,81,46,39,na,40,2.25,0.95,L,,na,na,
2019-Jul,2019-07-15,North_dense,na,1,OP,na,479,220,11,72,50,47,na,39,3,1.69,L,,na,na,
2019-Jul,2019-07-15,North_dense,na,1,OP,na,na,na,na,na,na,na,na,na,1.43,na,na,extra blade bits,na,na,
2019-Jul,2019-07-17,Starfish_fringe,deep,1,OP,na,326,290,17,76,41,35,na,20,2.26,0.77,L,,na,na,
2019-Jul,2019-07-17,Starfish_fringe,deep,1,OP,na,358,160,7.2,70,39,32,na,26,0.66,0.41,L,,na,na,
2019-Jul,2019-07-17,Starfish_fringe,deep,1,OP,na,344,100,9.9,72,32,28,na,33,0.83,0.39,0,,na,na,
2019-Jul,2019-07-17,Starfish_fringe,deep,1,OP,na,860,390,17.5,71,59,58,na,19,6.79,2.28,L,,na,na,
2019-Jul,2019-07-17,Starfish_fringe,deep,1,OP,na,353,150,11.7,84,48,44,na,9,0.65,1.24,L,,na,na,
2019-Jul,2019-07-17,Starfish_fringe,deep,1,OP,na,557,200,9.5,69,45,43,na,19,1.94,1.32,0,,na,na,
2019-Jul,2019-07-17,Starfish_fringe,deep,1,OP,na,689,338,8.4,71,55,52,na,32,4.35,2.73,0,,na,na,
2019-Jul,2019-07-17,Starfish_fringe,deep,1,OP,na,392,205,8.5,73,37,30,na,27,1.71,1.25,0,,na,na,
2019-Jul,2019-07-17,Starfish_fringe,deep,1,OP,na,175,90,5.5,53,13,3,na,16,0.14,0.02,0,,na,na,
2019-Jul,2019-07-17,Starfish_fringe,deep,1,OP,na,580,95,13.4,73,42,36,na,24,1.86,0.83,0,,na,na,
2019-Jul,2019-07-17,Starfish_fringe,deep,1,OP,na,423,330,8.3,80,40,36,na,34,3.13,0.76,0,,na,na,
2019-Jul,2019-07-17,Starfish_fringe,deep,1,OP,na,263,170,11,57,26,21,na,17,0.87,0.18,0,,na,na,
2019-Jul,2019-07-17,Starfish_fringe,deep,1,OP,na,295,170,9.9,62,34,30,na,23,0.82,0.2,0,,na,na,
2019-Jul,2019-07-17,Starfish_fringe,deep,1,OP,na,527,180,6.5,76,26,23,na,24,0.87,0.41,0,,na,na,
2019-Jul,2019-07-17,Starfish_fringe,deep,1,OP,na,332,190,7.8,63,23,20,na,18,0.58,0.18,0,,na,na,
2019-Jul,2019-07-17,Starfish_fringe,deep,1,OP,na,na,na,na,na,na,na,na,na,0.1,na,na,extra blade bits,na,na,
2019-Jul,2019-07-17,Starfish_fringe,shallow,2,OP,na,375,218,9,71,39,37,na,26,0.38,0.68,L,,na,na,
2019-Jul,2019-07-17,Starfish_fringe,shallow,2,OP,na,165,185,10,64,35,28,na,20,1.14,0.33,0,,na,na,
2019-Jul,2019-07-17,Starfish_fringe,shallow,2,OP,na,244,180,10.5,63,27,24,na,21,1.02,0.23,0,,na,na,
2019-Jul,2019-07-17,Starfish_fringe,shallow,2,OP,na,182,168,10.5,72,41,34,na,17,0.87,0.42,0,,na,na,
2019-Jul,2019-07-17,Starfish_fringe,shallow,2,OP,na,389,140,5,60,28,23,na,27,0.49,0.22,0,,na,na,
2019-Jul,2019-07-17,Starfish_fringe,shallow,2,OP,na,234,139,11,73,32,24,na,22,1.12,0.26,0,,na,na,
2019-Jul,2019-07-17,Starfish_fringe,shallow,2,OP,na,487,128,9,77,43,38,na,41,2.13,1.01,0,,na,na,
2019-Jul,2019-07-17,Starfish_fringe,shallow,2,OP,na,249,170,12,66,30,26,na,25,1.02,0.29,0,,na,na,
2019-Jul,2019-07-17,Starfish_fringe,shallow,2,OP,na,373,160,7,74,37,35,na,40,1.01,0.69,0,,na,na,
2019-Jul,2019-07-17,Starfish_fringe,shallow,2,OP,na,304,250,11,82,49,45,na,18,1.77,0.79,0,,na,na,
2019-Jul,2019-07-17,Starfish_fringe,shallow,2,OP,na,188,140,6,74,20,12,na,18,0.47,0.13,0,,na,na,
2019-Jul,2019-07-17,Starfish_fringe,shallow,2,OP,na,150,145,10,72,37,26,na,34,0.66,0.31,L,,na,na,
2019-Jul,2019-07-17,Starfish_fringe,shallow,2,OP,na,324,200,13,80,48,40,na,41,3.28,1.01,L,,na,na,
2019-Jul,2019-07-17,Starfish_fringe,shallow,2,OP,na,143,120,9.5,70,36,26,na,22,0.59,0.29,0,,na,na,
2019-Jul,2019-07-17,Starfish_fringe,shallow,2,OP,na,316,150,7,75,54,40,na,37,3.03,1.3,0,,na,na,
2019-Jul,2019-07-17,Starfish_fringe,shallow,2,OP,na,440,220,14,72,38,34,na,21,1.1,0.65,0,,na,na,
2019-Jul,2019-07-17,Starfish_fringe,shallow,2,OP,na,342,147,7,65,32,29,na,21,0.34,0.43,0,,na,na,
2019-Jul,2019-07-17,Starfish_fringe,shallow,2,OP,na,na,na,na,na,na,na,na,na,0.36,na,na,extra blade bits,na,na,
2019-Jul,2019-07-17,Boas_channel,na,1,OP,na,329,80,4.1,64,18,11,na,23,0.22,0.13,0,,na,na,
2019-Jul,2019-07-17,Boas_channel,na,1,OP,na,543,120,5.2,71,23,13,na,37,0.43,0.24,0,,na,na,
2019-Jul,2019-07-17,Boas_channel,na,1,OP,na,680,310,9.5,90,51,46,na,42,3.44,2.01,L,,na,na,
2019-Jul,2019-07-17,Boas_channel,na,1,OP,na,799,140,5,75,34,26,na,48,0.79,0.46,0,,na,na,
2019-Jul,2019-07-17,Boas_channel,na,1,OP,na,426,63,3.8,66,24,11,na,18,0.11,0.17,0,,na,na,
2019-Jul,2019-07-17,Boas_channel,na,1,OP,na,526,150,6.9,84,30,23,na,31,0.93,0.46,0,,na,na,
2019-Jul,2019-07-17,Boas_channel,na,1,OP,na,642,140,4.6,75,26,21,na,37,0.31,0.39,0,,na,na,
2019-Jul,2019-07-17,Boas_channel,na,1,OP,na,660,220,5.6,75,25,19,na,24,0.48,0.31,0,,na,na,
2019-Jul,2019-07-17,Boas_channel,na,1,OP,na,902,200,6.8,73,38,29,na,41,0.97,0.79,0,,na,na,
2019-Jul,2019-07-17,Boas_channel,na,1,OP,na,954,420,12.2,88,60,58,na,74,10.7,3.99,H,,na,na,
2019-Jul,2019-07-17,Boas_channel,na,1,OP,na,698,170,4.7,75,31,25,na,29,0.6,0.45,0,,na,na,
2019-Jul,2019-07-17,Boas_channel,na,1,OP,na,na,na,na,na,na,na,na,na,0.03,na,na,extra blade bits,na,na,
2019-Jul,2019-07-17,Boas_channel,na,2,OP,na,417,110,4.3,61,20,13,na,16,0.17,0.12,0,,na,na,
2019-Jul,2019-07-17,Boas_channel,na,2,OP,na,609,120,3,65,22,12,na,21,0.23,0.15,0,,na,na,
2019-Jul,2019-07-17,Boas_channel,na,2,OP,na,568,120,4.7,64,21,15,na,25,0.31,0.2,0,,na,na,
2019-Jul,2019-07-17,Boas_channel,na,2,OP,na,859,230,7.2,83,47,41,na,40,1.94,1.47,0,,na,na,
2019-Jul,2019-07-17,Boas_channel,na,2,OP,na,1019,330,7.1,87,43,37,na,44,2.38,1.2,0,,na,na,
2019-Jul,2019-07-17,Boas_channel,na,2,OP,na,419,110,5.4,61,27,20,na,20,0.18,0.22,0,,na,na,
2019-Jul,2019-07-18,Odlum,deep,1,OP,na,718,208,5.5,68,48,44,na,45,2.85,1.68,0,,na,na,
2019-Jul,2019-07-18,Odlum,deep,1,OP,na,798,230,8,78,50,49,na,66,4.54,2.56,0,,na,na,
2019-Jul,2019-07-18,Odlum,deep,1,OP,na,699,100,4.5,76,35,30,na,35,0.56,0.68,0,,na,na,
2019-Jul,2019-07-18,Odlum,deep,1,OP,na,809,90,9,66,40,33,na,36,0.62,0.74,0,,na,na,
2019-Jul,2019-07-18,Odlum,deep,1,OP,na,608,80,9,69,30,26,na,39,0.45,0.41,0,,na,na,
2019-Jul,2019-07-18,Odlum,deep,1,OP,na,715,156,12,77,46,43,na,80,0.81,1.64,0,,na,na,
2019-Jul,2019-07-18,Odlum,deep,1,OP,na,740,230,7,84,64,62,na,47,0.26,2.9,0,,na,na,
2019-Jul,2019-07-18,Odlum,deep,1,OP,na,955,265,9,90,61,56,na,77,6.14,4.58,L,,na,na,
2019-Jul,2019-07-18,Odlum,deep,1,OP,na,482,60,3,70,30,26,na,30,0.22,0.38,0,,na,na,
2019-Jul,2019-07-18,Odlum,deep,1,OP,na,679,223,9,68,51,48,na,47,3.03,1.9,0,,na,na,
2019-Jul,2019-07-18,Odlum,deep,1,OP,na,553,40,3.1,49,17,11,na,24,0.09,0.12,0,,na,na,
2019-Jul,2019-07-18,Odlum,deep,1,OP,na,473,77,5.5,61,29,24,na,24,0.35,0.28,0,,na,na,
2019-Jul,2019-07-18,Odlum,deep,1,OP,na,636,100,13,69,46,40,na,26,0.94,1.06,0,,na,na,
2019-Jul,2019-07-18,Odlum,deep,1,OP,na,625,168,15,62,57,53,na,37,2.58,2.15,L,,na,na,
2019-Jul,2019-07-18,Odlum,deep,1,OP,na,na,na,na,na,na,na,na,na,0.47,na,na,extra blade bits,na,na,
2019-Jul,2019-07-18,Odlum,shallow,2,OP,na,386,110,5.9,69,44,41,na,40,0.95,1.02,0,,na,na,
2019-Jul,2019-07-18,Odlum,shallow,2,OP,na,358,90,5.2,68,50,50,na,34,0.95,1.39,L,,na,na,
2019-Jul,2019-07-18,Odlum,shallow,2,OP,na,268,67,3.5,52,20,9,na,16,0.05,0.07,0,,na,na,
2019-Jul,2019-07-18,Odlum,shallow,2,OP,na,583,87,7.5,70,43,39,na,19,0.7,1.22,H,,na,na,
2019-Jul,2019-07-18,Odlum,shallow,2,OP,na,446,129,6,72,44,42,na,61,1.86,0.99,L,,na,na,
2019-Jul,2019-07-18,Odlum,shallow,2,OP,na,659,69,6,75,55,51,na,16,0.24,2.35,0,,na,na,
2019-Jul,2019-07-18,Odlum,shallow,2,OP,na,561,87,5.2,72,41,34,na,33,0.7,0.83,0,,na,na,
2019-Jul,2019-07-18,Odlum,shallow,2,OP,na,483,102,8.1,66,34,28,na,26,0.62,0.46,0,,na,na,
2019-Jul,2019-07-18,Odlum,shallow,2,OP,na,502,69,6.7,69,38,36,na,22,0.36,0.68,0,,na,na,
2019-Jul,2019-07-18,Odlum,shallow,2,OP,na,473,129,5.6,75,45,42,na,72,2.12,0.92,L,,na,na,
2019-Jul,2019-07-18,Odlum,shallow,2,OP,na,507,79,5.5,70,36,30,na,13,0.28,0.53,0,,na,na,
2019-Jul,2019-07-18,Odlum,shallow,2,OP,na,533,67,5,58,36,30,na,51,0.32,0.55,0,,na,na,
2019-Jul,2019-07-18,Odlum,shallow,2,OP,na,673,54,6.1,60,37,34,na,28,0.31,0.85,L,,na,na,
2019-Jul,2019-07-18,Odlum,shallow,2,OP,na,585,84,8.5,76,56,51,na,35,0.91,2.03,L,,na,na,
2019-Jul,2019-07-18,Odlum,shallow,2,OP,na,429,89,5.2,64,45,37,na,40,0.97,0.63,0,,na,na,
2019-Jul,2019-07-18,Odlum,shallow,2,OP,na,571,124,10.5,64,53,50,na,36,0.5,1.76,L,,na,na,
2019-Jul,2019-07-18,Odlum,shallow,2,OP,na,430,37,3,51,26,19,na,6,0.03,0.21,0,,na,na,
2019-Jul,2019-07-18,Odlum,shallow,2,OP,na,na,na,na,na,na,na,na,na,0.37,na,na,extra blade bits,na,na,
2019-Jul,2019-07-18,Boas_fringe,deep,1,OP,na,286,148,8,72,26,22,na,20,0.25,0.31,0,,na,na,
2019-Jul,2019-07-18,Boas_fringe,deep,1,OP,na,411,150,4.5,57,16,6,na,17,0.06,0.09,0,,na,na,
2019-Jul,2019-07-18,Boas_fringe,deep,1,OP,na,411,103,4.2,60,20,15,na,23,0.1,0.15,0,,na,na,
2019-Jul,2019-07-18,Boas_fringe,deep,1,OP,na,532,36,8.6,72,37,33,na,39,1.12,0.81,L,,na,na,
2019-Jul,2019-07-18,Boas_fringe,deep,1,OP,na,470,25,7.6,83,57,51,na,54,2.49,1.88,0,,na,na,
2019-Jul,2019-07-18,Boas_fringe,deep,1,OP,na,518,72,2.9,80,48,43,na,44,1.07,1.3,0,,na,na,
2019-Jul,2019-07-18,Boas_fringe,deep,1,OP,na,501,100,6.4,87,44,38,na,36,0.83,0.94,0,,na,na,
2019-Jul,2019-07-18,Boas_fringe,deep,1,OP,na,456,128,12,92,57,51,na,55,2.65,2.22,L,,na,na,
2019-Jul,2019-07-18,Boas_fringe,deep,1,OP,na,518,58,4.5,72,33,26,na,6,0.08,0.37,0,,na,na,
2019-Jul,2019-07-18,Boas_fringe,deep,1,OP,na,573,111,8.6,79,36,29,na,38,0.74,0.51,0,,na,na,
2019-Jul,2019-07-18,Boas_fringe,deep,1,OP,na,422,87,5.8,74,28,22,na,26,0.29,0.28,0,,na,na,
2019-Jul,2019-07-18,Boas_fringe,deep,1,OP,na,448,40,3.8,64,26,17,na,24,0.11,0.21,0,,na,na,
2019-Jul,2019-07-18,Boas_fringe,deep,1,OP,na,336,70,5.2,71,32,21,na,30,0.23,0.29,0,,na,na,
2019-Jul,2019-07-18,Boas_fringe,deep,1,OP,na,542,152,11,84,44,43,na,71,2.76,1.45,0,,na,na,
2019-Jul,2019-07-18,Boas_fringe,deep,1,OP,na,521,110,9.5,75,35,29,na,18,0.66,0.59,0,,na,na,
2019-Jul,2019-07-18,Boas_fringe,deep,1,OP,na,580,80,7.4,83,35,30,na,24,0.41,0.57,0,,na,na,
2019-Jul,2019-07-18,Boas_fringe,deep,1,OP,na,na,na,na,na,na,na,na,na,0.38,na,na,extra blade bits,na,na,
2019-Jul,2019-07-18,Boas_fringe,shallow,2,OP,na,218,65,5.8,65,24,18,na,27,0.2,0.18,0,,na,na,
2019-Jul,2019-07-18,Boas_fringe,shallow,2,OP,na,238,106,9,64,36,35,na,33,0.57,0.56,0,,na,na,
2019-Jul,2019-07-18,Boas_fringe,shallow,2,OP,na,401,130,6.7,91,54,50,na,23,0.7,1.77,H,,na,na,
2019-Jul,2019-07-18,Boas_fringe,shallow,2,OP,na,348,143,39,57,40,35,na,39,1.64,0.87,L,,na,na,
2019-Jul,2019-07-18,Boas_fringe,shallow,2,OP,na,306,80,3.3,69,32,28,na,20,0.22,0.49,0,,na,na,
2019-Jul,2019-07-18,Boas_fringe,shallow,2,OP,na,183,55,2.8,61,30,21,na,25,0.17,0.22,0,,na,na,
2019-Jul,2019-07-18,Boas_fringe,shallow,2,OP,na,355,151,6.9,84,52,48,na,32,1.39,1.54,L,,na,na,
2019-Jul,2019-07-18,Boas_fringe,shallow,2,OP,na,188,63,5.9,61,45,37,na,36,0.44,0.45,0,,na,na,
2019-Jul,2019-07-18,Boas_fringe,shallow,2,OP,na,229,51,3.4,56,45,34,na,30,0.28,0.52,0,,na,na,
2019-Jul,2019-07-18,Boas_fringe,shallow,2,OP,na,209,23,5,79,44,42,na,34,0.98,0.8,0,,na,na,
2019-Jul,2019-07-18,Boas_fringe,shallow,2,OP,na,201,64,4.4,62,34,26,na,24,0.19,0.32,0,,na,na,
2019-Jul,2019-07-18,Boas_fringe,shallow,2,OP,na,251,77,6.8,42,39,34,na,18,0.29,0.62,0,,na,na,
2019-Jul,2019-07-18,Boas_fringe,shallow,2,OP,na,329,69,5.2,77,43,40,na,13,0.15,0.91,0,,na,na,
2019-Jul,2019-07-18,Boas_fringe,shallow,2,OP,na,201,60,3.2,64,42,32,na,32,0.16,0.39,0,,na,na,
2019-Jul,2019-07-18,Boas_fringe,shallow,2,OP,na,153,40,4,51,22,10,na,14,0.05,0.08,0,,na,na,
2019-Jul,2019-07-18,Boas_fringe,shallow,2,OP,na,271,53,3.6,63,28,21,na,10,0.03,0.23,0,,na,na,
2019-Jul,2019-07-18,Boas_fringe,shallow,2,OP,na,285,110,5.8,73,29,26,na,18,0.65,0.49,0,,na,na,
2019-Jul,2019-07-18,Boas_fringe,shallow,2,OP,na,168,93,8.6,79,48,32,na,50,1.76,0.52,L,,na,na,
2019-Jul,2019-07-18,Boas_fringe,shallow,2,OP,na,402,88,6.5,80,55,50,na,42,1.05,1.77,L,,na,na,
2019-Jul,2019-07-18,Boas_fringe,shallow,2,OP,na,337,135,6.4,82,45,40,na,65,2.21,1.47,H,,na,na,
2019-Jul,2019-07-18,Boas_fringe,shallow,2,OP,na,360,112,7,69,42,38,na,28,0.58,1.02,L,,na,na,
2019-Jul,2019-07-18,Boas_fringe,shallow,2,OP,na,240,135,na,86,49,46,na,43,1.4,1,L,blade width says 1.02cm...? error?,na,na,
2019-Jul,2019-07-18,Boas_fringe,shallow,2,OP,na,na,na,na,na,na,na,na,na,0.21,na,na,extra blade bits,na,na,
2019-Jul,2019-07-02,North,na,na,MHL,na,569,200,na,76,50,44,na,52,2.57,1.41,na,,na,na,
2019-Jul,2019-07-02,North,na,na,MHL,na,221,70,na,54,24,16,na,27,0.15,0.17,na,,na,na,
2019-Jul,2019-07-02,North,na,na,MHL,na,537,200,na,71,49,48,na,41,3.68,2.19,na,,na,na,
2019-Jul,2019-07-02,North,na,na,MHL,na,615,230,na,102,56,57,na,58,8.83,3.55,na,,na,na,
2019-Jul,2019-07-02,North,na,na,MHL,na,526,140,na,64,35,31,na,36,0.92,0.69,na,,na,na,
2019-Jul,2019-07-02,North,na,na,MHL,na,378,220,na,93,59,56,na,62,3.16,2.66,na,,na,na,
2019-Jul,2019-07-02,North,na,na,MHL,na,560,250,na,82,53,52,na,77,2.68,2.06,na,,na,na,
2019-Jul,2019-07-02,North,na,na,MHL,na,432,160,na,66,41,35,na,25,0.72,0.75,na,,na,na,
2019-Jul,2019-07-02,North,na,na,MHL,na,518,270,na,88,60,55,na,55,5.4,2.4,na,,na,na,
2019-Jul,2019-07-02,North,na,na,MHL,na,603,190,na,73,36,33,na,50,3.38,1.12,na,,na,na,
2019-Jul,2019-07-02,North,na,na,MHL,na,586,280,na,81,43,40,na,66,10.12,4.29,na,,na,na,
2019-Jul,2019-07-02,North,na,na,MHL,na,634,200,na,95,60,58,na,53,4.4,2.07,na,,na,na,
2019-Jul,2019-07-02,North,na,na,MHL,na,470,100,na,65,33,24,na,28,0.43,0.4,na,,na,na,
2019-Jul,2019-07-02,North,na,na,MHL,na,482,120,na,59,35,30,na,21,0.72,0.52,na,,na,na,
2019-Jul,2019-07-03,Manley,na,na,LL,na,444,122,2.3,71,40,33,na,52,0.58,0.63,0,,na,na,
2019-Jul,2019-07-03,Manley,na,na,LL,na,425,227,3.6,81,46,33,na,55,0.68,0.72,0,,na,na,
2019-Jul,2019-07-03,Manley,na,na,LL,na,495,262,6.7,100,41,37,na,63,3.45,1.15,0,,na,na,
2019-Jul,2019-07-03,Manley,na,na,LL,na,229,124,5,84,42,31,na,48,0.42,0.55,0,,na,na,
2019-Jul,2019-07-03,Manley,na,na,LL,na,220,120,2.3,75,25,18,na,46,0.12,0.22,0,,na,na,
2019-Jul,2019-07-03,Manley,na,na,LL,na,58,72,4,83,30,18,na,31,0.24,0.27,0,,na,na,
2019-Jul,2019-07-03,Manley,na,na,LL,na,283,146,4,92,50,46,na,71,1.08,1.1,0,,na,na,
2019-Jul,2019-07-03,Manley,na,na,LL,na,309,120,3.8,82,33,30,na,52,0.46,0.48,0,,na,na,
2019-Jul,2019-07-03,Manley,na,na,LL,na,374,147,3.2,86,59,52,na,63,1.15,1.48,0,,na,na,
2019-Jul,2019-07-03,Manley,na,na,LL,na,225,58,3.3,70,15,5,na,19,0.04,0.07,0,,na,na,
2019-Jul,2019-07-03,Manley,na,na,LL,na,180,70,3.3,75,20,8,na,36,0.17,0.15,0,,na,na,
2019-Jul,2019-07-03,Manley,na,na,LL,na,223,71,3.1,71,19,6,na,14,0.07,0.09,0,,na,na,
2019-Jul,2019-07-03,Manley,na,na,LL,na,368,130,5.5,88,40,34,na,67,0.91,0.62,0,,na,na,
2019-Jul,2019-07-03,Manley,na,na,LL,na,158,101,3.5,73,30,19,na,36,0.37,0.26,0,,na,na,
2019-Jul,2019-07-03,Manley,na,na,LL,na,385,105,5,85,43,32,na,74,1.06,0.57,0,,na,na,
2019-Jul,2019-07-03,Manley,na,na,LL,na,436,99,4.4,79,45,35,na,72,0.9,0.83,0,,na,na,
2019-Jul,2019-07-03,Manley,na,na,LL,na,322,82,3.2,68,28,18,na,45,0.22,0.19,0,,na,na,
2019-Jul,2019-07-03,Manley,na,na,LL,na,239,63,3,62,23,12,na,29,0.15,0.15,0,,na,na,
2019-Jul,2019-07-03,Manley,na,na,LL,na,273,120,2.4,91,46,34,na,47,0.41,2.18,0,,na,na,
2019-Jul,2019-07-03,Manley,na,na,LL,na,409,150,2.6,110,56,48,na,61,0.75,2.07,L,,na,na,
2019-Jul,2019-07-21,Adam_rock,na,1,OP,na,307,146,7.4,70,50,42,na,45,1.81,1.19,0,,na,na,
2019-Jul,2019-07-21,Adam_rock,na,1,OP,na,272,67,5.1,63,36,28,na,33,0.44,0.49,0,,na,na,
2019-Jul,2019-07-21,Adam_rock,na,1,OP,na,296,65,7,68,33,25,na,37,0.68,0.51,0,,na,na,
2019-Jul,2019-07-21,Adam_rock,na,1,OP,na,241,87,6.9,67,39,32,na,38,0.71,0.49,0,,na,na,
2019-Jul,2019-07-21,Adam_rock,na,1,OP,na,253,105,8.4,66,43,40,na,32,1.07,0.7,L,,na,na,
2019-Jul,2019-07-21,Adam_rock,na,1,OP,na,282,100,7.4,87,56,50,na,46,1.71,1.43,0,,na,na,
2019-Jul,2019-07-21,Adam_rock,na,1,OP,na,382,140,5.3,81,56,49,na,50,1.84,1.64,L,,na,na,
2019-Jul,2019-07-21,Adam_rock,na,1,OP,na,279,130,8,73,34,25,na,35,0.81,0.36,0,,na,na,
2019-Jul,2019-07-21,Adam_rock,na,1,OP,na,390,180,12.2,75,60,51,na,46,3.62,2.147,L,,na,na,
2019-Jul,2019-07-21,Adam_rock,na,1,OP,na,323,150,14.5,80,51,44,na,36,2.61,1.13,L,,na,na,
2019-Jul,2019-07-21,Adam_rock,na,1,OP,na,308,87,5,57,42,35,na,25,0.49,0.69,0,,na,na,
2019-Jul,2019-07-21,Adam_rock,na,1,OP,na,246,75,8.2,69,39,24,na,54,0.71,0.48,0,,na,na,
2019-Jul,2019-07-21,Adam_rock,na,1,OP,na,187,60,4.5,66,30,19,na,23,0.17,0.18,0,,na,na,
2019-Jul,2019-07-21,Adam_rock,na,1,OP,na,426,86,5,66,48,36,na,25,0.31,0.89,0,,na,na,
2019-Jul,2019-07-21,Adam_rock,na,1,OP,na,382,140,11,73,54,46,na,32,2.05,1.69,0,,na,na,
2019-Jul,2019-07-21,Adam_rock,na,1,OP,na,374,128,10.4,61,55,52,na,23,2.04,1.66,L,,na,na,
2019-Jul,2019-07-21,Adam_rock,na,1,OP,na,667,47,6,57,43,38,na,12,0.13,1.1,L,,na,na,
2019-Jul,2019-07-21,Adam_rock,na,1,OP,na,513,109,7.7,70,40,35,na,28,0.62,0.75,0,,na,na,
2019-Jul,2019-07-21,Adam_rock,na,1,OP,na,366,130,7.5,57,45,38,na,29,0.87,0.87,0,,na,na,
2019-Jul,2019-07-21,Adam_rock,na,1,OP,na,816,77,5.5,60,38,35,na,18,0.34,0.85,0,,na,na,
2019-Jul,2019-07-21,Adam_rock,na,1,OP,na,361,50,3.8,68,27,15,na,24,0.16,0.16,0,,na,na,
2019-Jul,2019-07-21,Adam_rock,na,1,OP,na,490,28,3.8,54,22,13,na,18,0.02,0.13,0,,na,na,
2019-Jul,2019-07-21,Adam_rock,na,1,OP,na,572,167,5.5,81,40,34,na,38,1.49,0.84,0,,na,na,
2019-Jul,2019-07-21,Adam_rock,na,1,OP,na,na,na,na,na,na,na,na,na,0.14,na,na,extra blade bits,na,na,
2019-Jul,2019-07-21,Breaker,na,na,OP,na,726,54,7.1,69,46,39,na,14,0.19,1.29,0,,na,na,
2019-Jul,2019-07-21,Breaker,na,na,OP,na,430,79,4.3,62,30,22,na,24,0.29,0.27,0,,na,na,
2019-Jul,2019-07-21,Breaker,na,na,OP,na,282,68,6.5,56,20,7,na,15,0.11,0.09,0,,na,na,
2019-Jul,2019-07-21,Breaker,na,na,OP,na,153,37,3.5,53,17,3,na,11,0.03,0.06,0,,na,na,
2019-Jul,2019-07-21,Breaker,na,na,OP,na,279,90,4.1,66,28,20,na,31,0.35,0.2,0,,na,na,
2019-Jul,2019-07-21,Breaker,na,na,OP,na,317,80,3,63,20,9,na,21,0.17,0.14,0,,na,na,
2019-Jul,2019-07-21,Breaker,na,na,OP,na,402,94,4.9,72,35,26,na,44,0.56,0.46,0,,na,na,
2019-Jul,2019-07-21,Breaker,na,na,OP,na,481,96,5.7,69,36,29,na,54,0.7,0.7,0,,na,na,
2019-Jul,2019-07-21,Breaker,na,na,OP,na,510,110,5.6,72,43,37,na,10,0.19,0.81,0,,na,na,
2019-Jul,2019-07-21,Breaker,na,na,OP,na,618,80,8,82,37,32,na,32,0.61,1.02,L,,na,na,
2019-Jul,2019-07-21,Breaker,na,na,OP,na,247,170,8,75,45,36,na,34,0.82,0.61,0,,na,na,
2019-Jul,2019-07-21,Breaker,na,na,OP,na,428,107,6.7,69,47,39,na,42,0.88,0.91,0,,na,na,
2019-Jul,2019-07-21,Breaker,na,na,OP,na,520,47,3.5,46,24,15,na,12,0.05,0.13,0,,na,na,
2019-Jul,2019-07-21,Breaker,na,na,OP,na,738,102,9,73,40,28,na,37,1.06,0.77,L,,na,na,
2019-Jul,2019-07-21,Breaker,na,na,OP,na,463,44,4,55,21,12,na,20,0.06,0.1,0,,na,na,
2019-Jul,2019-07-21,Breaker,na,na,OP,na,949,91,7,67,35,29,na,33,0.63,0.69,0,,na,na,
2019-Jul,2019-07-21,Breaker,na,na,OP,na,200,62,4.5,53,6,2,na,12,0.04,0.05,0,,na,na,
2019-Jul,2019-07-21,Breaker,na,na,OP,na,607,129,8.8,80,54,48,na,58,1.77,1.84,L,,na,na,
2019-Jul,2019-07-21,Breaker,na,na,OP,na,600,145,8,79,48,44,na,50,1.82,1.89,L,,na,na,
2019-Jul,2019-07-21,Breaker,na,na,OP,na,525,139,5.5,79,39,31,na,50,0.85,0.83,0,,na,na,
2019-Jul,2019-07-21,Breaker,na,na,OP,na,359,136,6.2,75,42,35,na,48,1.22,0.67,0,,na,na,
2019-Jul,2019-07-21,Breaker,na,na,OP,na,463,113,6,72,44,34,na,46,0.94,0.72,0,,na,na,
2019-Jul,2019-07-21,Breaker,na,na,OP,na,572,69,4,66,38,32,na,14,0.14,0.56,0,,na,na,
2019-Jul,2019-07-21,Breaker,na,na,OP,na,374,60,4.3,72,34,27,na,47,0.33,0.36,0,,na,na,
2019-Jul,2019-07-21,Breaker,na,na,OP,na,na,na,na,na,na,na,na,na,0.15,na,na,extra blade bits,na,na,
2019-Jul,2019-07-21,Stirling,na,1,OP,na,321,67,5,77,37,30,na,34,0.44,0.44,0,,na,na,
2019-Jul,2019-07-21,Stirling,na,1,OP,na,296,80,6,85,46,41,na,46,0.8,1.14,0,,na,na,
2019-Jul,2019-07-21,Stirling,na,1,OP,na,249,40,4.5,84,42,32,na,35,0.3,0.6,0,,na,na,
2019-Jul,2019-07-21,Stirling,na,1,OP,na,226,60,4.1,70,30,23,na,33,0.33,0.25,0,,na,na,
2019-Jul,2019-07-21,Stirling,na,1,OP,na,228,90,5.2,81,40,35,na,36,0.9,0.64,0,,na,na,
2019-Jul,2019-07-21,Stirling,na,1,OP,na,254,130,10,84,57,55,na,40,2.34,1.71,L,,na,na,
2019-Jul,2019-07-21,Stirling,na,1,OP,na,309,105,7.3,75,52,44,na,44,1.75,1.06,0,,na,na,
2019-Jul,2019-07-21,Stirling,na,1,OP,na,295,110,5,90,38,34,na,62,2.05,0.97,0,,na,na,
2019-Jul,2019-07-21,Stirling,na,1,OP,na,240,85,5.5,76,35,30,na,59,1.2,0.55,0,,na,na,
2019-Jul,2019-07-21,Stirling,na,1,OP,na,158,80,5,79,35,25,na,34,0.66,0.35,0,,na,na,
2019-Jul,2019-07-21,Stirling,na,1,OP,na,170,90,6,73,22,15,na,36,0.64,0.19,0,,na,na,
2019-Jul,2019-07-21,Stirling,na,1,OP,na,240,65,5.9,71,33,21,na,39,0.5,0.36,0,,na,na,
2019-Jul,2019-07-21,Stirling,na,1,OP,na,158,70,5.4,72,47,35,na,34,1.09,0.68,L,,na,na,
2019-Jul,2019-07-21,Stirling,na,1,OP,na,264,75,4.7,70,42,26,na,35,0.37,0.36,0,,na,na,
2019-Jul,2019-07-21,Stirling,na,1,OP,na,262,75,5.2,74,40,27,na,40,0.64,0.36,0,,na,na,
2019-Jul,2019-07-21,Stirling,na,1,OP,na,337,100,9.1,82,60,55,na,46,2.34,1.67,H,,na,na,
2019-Jul,2019-07-21,Stirling,na,1,OP,na,234,90,7.1,80,38,28,na,54,1.08,0.55,0,,na,na,
2019-Jul,2019-07-21,Stirling,na,1,OP,na,177,100,6.6,77,45,36,na,73,1.71,0.7,L,,na,na,
2019-Jul,2019-07-21,Stirling,na,1,OP,na,243,40,5,61,29,18,na,36,0.04,0.19,0,,na,na,
2019-Jul,2019-07-21,Stirling,na,1,OP,na,308,90,5.8,74,40,34,na,55,0.95,0.64,0,,na,na,
2019-Jul,2019-07-21,Stirling,na,1,OP,na,164,60,5.1,77,33,22,na,37,0.47,0.33,0,,na,na,
2019-Jul,2019-07-21,Stirling,na,1,OP,na,192,30,5.8,71,38,24,na,46,0.32,0.34,0,,na,na,
2019-Jul,2019-07-21,Stirling,na,1,OP,na,223,70,8.1,74,37,30,na,27,0.39,0.42,0,,na,na,
2019-Jul,2019-07-21,Stirling,na,1,OP,na,na,na,na,na,na,na,na,na,0.63,na,na,extra blade bits,na,na,
2019-Jul,2019-07-20,Second_intertidal,na,1,OP,na,313,128,5.5,98,53,49,na,69,2.73,2.04,H,,na,na,
2019-Jul,2019-07-20,Second_intertidal,na,1,OP,na,336,136,4.4,62,31,21,na,30,0.23,0.21,0,,na,na,
2019-Jul,2019-07-20,Second_intertidal,na,1,OP,na,246,130,4,56,31,22,na,24,0.03,0.15,0,,na,na,
2019-Jul,2019-07-20,Second_intertidal,na,1,OP,na,401,55,6,67,29,19,na,44,1.87,0.46,H,,na,na,
2019-Jul,2019-07-20,Second_intertidal,na,1,OP,na,340,69,7.2,87,40,35,na,51,1.43,0.81,H,,na,na,
2019-Jul,2019-07-20,Second_intertidal,na,1,OP,na,467,134,6.7,77,40,37,na,57,1.51,1.41,H,,na,na,
2019-Jul,2019-07-20,Second_intertidal,na,1,OP,na,328,67,4.8,72,35,29,na,46,0.36,0.43,0,,na,na,
2019-Jul,2019-07-20,Second_intertidal,na,1,OP,na,345,70,4.8,64,33,23,na,35,0.27,0.22,0,,na,na,
2019-Jul,2019-07-20,Second_intertidal,na,1,OP,na,364,110,7.5,80,39,32,na,50,1.2,0.75,L,,na,na,
2019-Jul,2019-07-20,Second_intertidal,na,1,OP,na,190,25,4.4,52,11,3,na,16,0.4,0.06,0,,na,na,
2019-Jul,2019-07-20,Second_intertidal,na,1,OP,na,225,60,3.9,71,22,19,na,22,0.23,0.2,0,,na,na,
2019-Jul,2019-07-20,Second_intertidal,na,1,OP,na,183,60,4.2,72,30,24,na,13,0.1,0.23,0,,na,na,
2019-Jul,2019-07-20,Second_intertidal,na,1,OP,na,326,60,5.9,67,34,23,na,34,0.36,0.27,0,,na,na,
2019-Jul,2019-07-20,Second_intertidal,na,1,OP,na,124,23,2.6,50,15,3,na,15,0.03,0.04,0,,na,na,
2019-Jul,2019-07-20,Second_intertidal,na,1,OP,na,275,80,6.6,72,35,29,na,50,0.73,0.42,0,,na,na,
2019-Aug,2019-08-22,McMullins,na,na,OP,na,810,63,2.1,82,31,27,na,45,0.26,0.54,0,,na,na,
2019-Aug,2019-08-22,McMullins,na,na,OP,na,1415,146,5.8,88,37,32,na,42,1.16,1.07,0,,na,na,
2019-Aug,2019-08-22,McMullins,na,na,OP,na,1080,110,6.7,99,52,52,na,76,2.03,4.04,0,,na,na,
2019-Aug,2019-08-22,McMullins,na,na,OP,na,1236,100,5,77,42,42,na,69,0.99,1.98,0,,na,na,
2019-Aug,2019-08-22,McMullins,na,na,OP,na,827,150,7.4,90,45,42,na,47,1.53,1.9,0,,na,na,
2019-Aug,2019-08-22,McMullins,na,na,OP,na,1488,94,5.2,80,41,37,na,61,1.01,1.35,L,,na,na,
2019-Aug,2019-08-22,McMullins,na,na,OP,na,1011,92,5,83,49,44,na,56,1.08,0.76,L,,na,na,
2019-Aug,2019-08-22,McMullins,na,na,OP,na,1117,84,5.3,93,41,34,na,33,0.71,1.28,L,,na,na,
2019-Aug,2019-08-22,McMullins,na,na,OP,na,787,114,4.1,79,43,34,na,54,1.52,1.76,L,,na,na,
2019-Aug,2019-08-22,McMullins,na,na,OP,na,1144,153,5,83,41,34,na,42,1.5,1.22,L,,na,na,
2019-Aug,2019-08-22,McMullins,na,na,OP,na,976,90,4.7,74,35,29,na,34,0.38,0.68,0,,na,na,
2019-Aug,2019-08-22,McMullins,na,na,OP,na,1116,125,6,88,45,39,na,35,1.12,1.43,L,,na,na,
2019-Aug,2019-08-22,McMullins,na,na,OP,na,840,159,8.6,105,53,45,na,80,4.34,2.74,L,,na,na,
2019-Aug,2019-08-22,McMullins,na,na,OP,na,na,na,na,na,na,na,na,na,0.83,na,na,extra blade bits,na,na,
2020-Jul,2020-07-09,Triquetta,na,na,OP,na,544,248,6,92,41,38,na,83,3.63,1.37,0,,1,,
2020-Jul,2020-07-09,Triquetta,na,na,OP,na,522,160,4,85,45,40,na,71,1.99,1.27,0,,2,,
2020-Jul,2020-07-09,Triquetta,na,na,OP,na,643,250,8,117,54,50,na,116,6.81,2.45,0,,3,,
2020-Jul,2020-07-09,Triquetta,na,na,OP,na,450,190,5,86,45,37,na,70,1.75,0.92,0,,4,,
2020-Jul,2020-07-09,Triquetta,na,na,OP,na,376,70,2,66,16,8,na,16,0.09,0.13,0,,5,,
2020-Jul,2020-07-09,Triquetta,na,na,OP,na,306,80,3.5,71,20,14,na,24,0.22,0.18,0,,6,,
2020-Jul,2020-07-09,Triquetta,na,na,OP,na,427,90,2.5,71,21,16,na,52,0.35,1.28,0,,7,,
2020-Jul,2020-07-09,Triquetta,na,na,OP,na,526,150,4,86,45,42,na,72,1.09,0.24,0,,8,,
2020-Jul,2020-07-09,Triquetta,na,na,OP,na,529,100,4,77,31,24,na,49,0.58,0.43,0,,9,,
2020-Jul,2020-07-09,Triquetta,na,na,OP,na,420,100,2.5,76,31,25,na,41,0.39,0.37,0,,10,,
2020-Jul,2020-07-09,Triquetta,na,na,OP,na,183,70,3,70,19,15,na,26,0.16,0.15,0,,11,,
2020-Jul,2020-07-09,Triquetta,na,na,OP,na,447,90,4.5,90,34,26,na,63,0.67,0.54,0,,12,,
2020-Jul,2020-07-09,Triquetta,na,na,OP,na,403,45,3.5,68,22,16,na,25,0.1,0.16,0,,13,,
2020-Jul,2020-07-09,Triquetta,na,na,OP,na,519,170,5,88,36,31,na,38,1.97,0.7,0,,14,,
2020-Jul,2020-07-09,Triquetta,na,na,OP,na,445,120,5,85,22,16,na,32,0.58,0.31,0,,15,,
2020-Jul,2020-07-09,Triquetta,na,na,OP,na,106,60,6,52,18,5,na,31,0.08,0.05,0,,21,,
2020-Jul,2020-07-09,Triquetta,na,na,OP,na,432,70,2.5,65,17,10,na,15,0.2,0.13,0,,16,,
2020-Jul,2020-07-09,Triquetta,na,na,OP,na,372,130,3.5,71,17,16,na,53,0.45,0.23,0,,17,,
2020-Jul,2020-07-09,Triquetta,na,na,OP,na,394,130,5,76,20,15,na,86,0.58,0.23,0,,18,,
2020-Jul,2020-07-09,Triquetta,na,na,OP,na,153,40,3,51,5,3,na,7,0.03,0.04,0,,19,,
2020-Jul,2020-07-09,Triquetta,na,na,OP,na,419,80,4,76,24,18,na,39,0.32,0.28,0,,20,,
2020-Jul,2020-07-07,Second_intertidal,na,1,OP,na,293,190,5,71,40,32,na,47,1.39,0.56,0,,,,
2020-Jul,2020-07-07,Second_intertidal,na,1,OP,na,388,175,5.5,81,38,35,na,70,2.27,1.08,0,,,,
2020-Jul,2020-07-07,Second_intertidal,na,1,OP,na,423,180,6,87,34,32,na,67,1.92,0.84,0,,,,
2020-Jul,2020-07-07,Second_intertidal,na,1,OP,na,356,120,4.5,77,36,29,na,58,0.93,0.46,0,,,,
2020-Jul,2020-07-07,Second_intertidal,na,1,OP,na,138,70,2.5,70,24,14,na,22,0.16,0.17,0,,,,
2020-Jul,2020-07-07,Second_intertidal,na,1,OP,na,312,140,4.5,73,34,29,na,41,0.79,0.45,0,,,,
2020-Jul,2020-07-07,Second_intertidal,na,1,OP,na,244,110,3,68,31,23,na,41,0.52,0.34,0,,,,
2020-Jul,2020-07-07,Second_intertidal,na,1,OP,na,280,140,5,75,33,24,na,41,0.83,0.35,0,,,,
2020-Jul,2020-07-07,Second_intertidal,na,1,OP,na,254,175,5,77,29,23,na,38,1.19,0.4,0,,,,
2020-Jul,2020-07-07,Second_intertidal,na,1,OP,na,248,100,3,67,25,18,na,39,0.3,0.21,0,,,,
2020-Jul,2020-07-15,North_tombolo_sparse,na,1,op,na,240,120,7.5,60,32,25,na,45,1.14,0.31,0,,,,
2020-Jul,2020-07-15,North_tombolo_sparse,na,1,op,na,157,90,6,53,31,23,na,34,0.66,0.22,0,,,,
2020-Jul,2020-07-15,North_tombolo_sparse,na,1,op,na,367,150,12,64,47,45,na,49,2.76,1.2,L,,,,
2020-Jul,2020-07-15,North_tombolo_sparse,na,1,op,na,203,60,8,64,31,27,na,21,0.4,0.27,0,,,,
2020-Jul,2020-07-15,North_tombolo_sparse,na,1,op,na,180,90,7,77,30,24,na,33,0.93,0.37,0,,,,
2020-Jul,2020-07-15,North_tombolo_sparse,na,1,op,na,274,70,7,70,36,28,na,47,0.54,0.38,0,,,,
2020-Jul,2020-07-15,North_tombolo_sparse,na,1,op,na,250,130,8,61,44,42,na,46,1.62,1.15,L,,,,
2020-Jul,2020-07-15,North_tombolo_sparse,na,1,op,na,241,130,8,67,32,30,na,64,2.33,0.57,0,,,,
2020-Jul,2020-07-15,North_tombolo_sparse,na,1,op,na,184,120,9,75,30,25,na,41,1.43,0.41,0,,,,
2020-Jul,2020-07-15,North_tombolo_sparse,na,1,op,na,175,100,6,49,20,18,na,24,0.54,0.16,0,,,,
2020-Jul,2020-07-15,North_tombolo_sparse,na,1,op,na,198,110,7,52,19,13,na,26,0.66,0.19,0,,,,
2020-Jul,2020-07-15,North_tombolo_sparse,na,1,op,na,208,70,5,56,22,15,na,21,0.26,0.12,0,,,,
2020-Jul,2020-07-15,North_tombolo_sparse,na,1,op,na,522,120,13,81,32,30,na,47,3.04,1.1,H,lost sori,,,
2020-Jul,2020-07-15,North_tombolo_sparse,na,1,op,na,247,170,7,77,43,36,na,44,1.83,0.82,0,,,,
2020-Jul,2020-07-15,North_tombolo_sparse,na,1,op,na,327,100,10,54,32,32,na,42,1.01,0.54,0,,,,
2020-Jul,2020-07-15,North_tombolo_sparse,na,1,op,na,315,100,9,72,40,26,na,34,1.1,1.47,0,,,,
2020-Jul,2020-07-15,North_tombolo_sparse,na,1,op,na,172,70,5,66,28,17,na,22,0.26,0.2,0,,,,
2020-Jul,2020-07-15,North_tombolo_sparse,na,1,op,na,208,90,9,50,20,20,na,37,1.05,0.25,0,,,,
2020-Jul,2020-07-15,North_tombolo_sparse,na,1,op,na,na,na,na,na,na,na,na,na,0.66,na,na,extra,,,
2020-Jul,2020-07-15,North_tombolo_dense,na,1,OP,na,273,110,9,71,48,38,na,27,1.13,0.82,H,lost sori,,,
2020-Jul,2020-07-15,North_tombolo_dense,na,1,OP,na,280,90,8,82,47,41,na,93,1.42,1.09,H,,,,
2020-Jul,2020-07-15,North_tombolo_dense,na,1,OP,na,169,80,4,71,36,32,na,33,0.53,0.35,0,,,,
2020-Jul,2020-07-15,North_tombolo_dense,na,1,OP,na,215,40,2.5,61,30,22,na,29,0.15,0.2,0,,,,
2020-Jul,2020-07-15,North_tombolo_dense,na,1,OP,na,224,100,7,68,49,46,na,41,1.24,1,H,lost sori,,,
2020-Jul,2020-07-15,North_tombolo_dense,na,1,OP,na,222,90,4.5,63,42,36,na,29,0.52,0.49,H,lost sori,,,
2020-Jul,2020-07-15,North_tombolo_dense,na,1,OP,na,225,70,4,78,37,31,na,32,0.46,0.41,H,lost sori,,,
2020-Jul,2020-07-15,North_tombolo_dense,na,1,OP,na,205,120,8,79,45,41,na,40,1.63,0.9,H,lost sori,,,
2020-Jul,2020-07-15,North_tombolo_dense,na,1,OP,na,104,90,5.5,73,44,41,na,49,1.05,0.62,H,lost sori,,,
2020-Jul,2020-07-15,North_tombolo_dense,na,1,OP,na,245,80,5,65,27,23,na,32,0.47,0.32,0,,,,
2020-Jul,2020-07-15,North_tombolo_dense,na,1,OP,na,186,100,7,62,31,27,na,34,0.5,0.26,0,,,,
2020-Jul,2020-07-15,North_tombolo_dense,na,1,OP,na,292,150,8,82,40,34,na,44,2.78,0.7,0,,,,
2020-Jul,2020-07-15,North_tombolo_dense,na,1,OP,na,242,80,7.5,56,22,18,na,10,0.16,0.21,0,,,,
2020-Jul,2020-07-15,North_tombolo_dense,na,1,OP,na,206,70,7,74,41,34,na,24,0.63,0.67,H,lost sori,,,
2020-Jul,2020-07-15,North_tombolo_dense,na,1,OP,na,318,170,7,70,45,40,na,51,2.19,0.87,L,,,,
2020-Jul,2020-07-15,North_tombolo_dense,na,1,OP,na,204,60,6.5,61,32,22,na,33,0.4,0.28,0,,,,
2020-Jul,2020-07-15,North_tombolo_dense,na,1,OP,na,220,140,7,81,46,42,na,32,1.42,0.87,0,,,,
2020-Jul,2020-07-15,North_tombolo_dense,na,1,OP,na,238,120,6,55,38,30,na,22,0.5,0.41,0,,,,
2020-Jul,2020-07-15,North_tombolo_dense,na,1,OP,na,na,na,na,na,na,na,na,na,0.35,na,na,extra,,,
2021-Jul,2021-07-07,Breaker,na,na,OP,na,241,180,5.5,71,22,na,na,25,0.49,0.2,na,,,,
2021-Jul,2021-07-07,Breaker,na,na,OP,na,186,90,5.5,64,24,na,na,35,0.2,0.15,na,,,,
2021-Jul,2021-07-07,Breaker,na,na,OP,na,272,170,6,80,35,na,na,32,1.29,0.54,na,,,,
2021-Jul,2021-07-07,Breaker,na,na,OP,na,166,130,5.5,56,14,na,na,45,0.23,0.09,na,,,,
2021-Jul,2021-07-07,Breaker,na,na,OP,na,468,130,8,68,35,na,na,21,1.96,0.94,na,,,,
2021-Jul,2021-07-07,Breaker,na,na,OP,na,297,200,5.5,69,47,na,na,46,1.14,0.8,na,,,,
2021-Jul,2021-07-07,Breaker,na,na,OP,na,490,150,7.5,72,39,na,na,19,1.38,0.88,na,,,,
2021-Jul,2021-07-07,Breaker,na,na,OP,na,357,160,6,72,38,na,na,33,1.18,0.57,na,,,,
2021-Jul,2021-07-07,Breaker,na,na,OP,na,235,95,5,69,38,na,na,45,0.93,0.46,0,,,,
2021-Jul,2021-07-07,Breaker,na,na,OP,na,200,150,6,72,25,na,na,34,0.84,0.26,0,,,,
2021-Jul,2021-07-07,Breaker,na,na,OP,na,335,100,5.5,75,45,na,na,45,0.79,0.58,0,,,,
2021-Jul,2021-07-07,Breaker,na,na,OP,na,478,285,7.5,73,36,na,na,52,1.93,0.85,L,,,,
2021-Jul,2021-07-07,Breaker,na,na,OP,na,229,150,10.5,80,39,na,na,35,2.18,0.61,L,,,,
2021-Jul,2021-07-07,Breaker,na,na,OP,na,443,165,9.5,96,46,na,na,50,2.52,1.44,L,,,,
2021-Jul,2021-07-07,Breaker,na,na,OP,na,398,170,7,70,43,na,na,50,2.07,0.83,L,,,,
2021-Jul,2021-07-07,Breaker,na,na,OP,na,169,120,7,72,20,na,na,24,0.35,0.19,0,,,,
2021-Jul,2021-07-07,Breaker,na,na,OP,na,309,110,7,72,38,na,na,41,1.4,0.81,0,,,,
2021-Jul,2021-07-07,Breaker,na,na,OP,na,299,190,8.5,88,52,na,na,39,2.63,1.52,L,,,,
2021-Jul,2021-07-07,Breaker,na,na,OP,na,377,170,6,73,47,na,na,59,2.43,1.14,0,,,,
2021-Jul,2021-07-07,Breaker,na,na,OP,na,345,190,11,77,50,na,na,54,3.58,1.08,L,,,,
2021-Jul,2021-07-08,Triquetta,na,na,OP,na,379,160,5,95,36,na,na,71,2.14,0.7,na,,,,
2021-Jul,2021-07-08,Triquetta,na,na,OP,na,254,160,4.5,76,27,na,na,34,0.7,0.32,na,,,,
2021-Jul,2021-07-08,Triquetta,na,na,OP,na,280,110,4.5,77,25,na,na,25,0.39,0.25,na,,,,
2021-Jul,2021-07-08,Triquetta,na,na,OP,na,288,130,5,82,27,na,na,58,0.91,0.37,na,,,,
2021-Jul,2021-07-08,Triquetta,na,na,OP,na,241,130,5,70,13,na,na,36,0.45,0.17,na,,,,
2021-Jul,2021-07-08,Triquetta,na,na,OP,na,252,150,4.5,72,22,na,na,27,0.24,0.26,na,,,,
2021-Jul,2021-07-08,Triquetta,na,na,OP,na,229,130,5,70,16,na,na,28,0.47,0.18,na,,,,
2021-Jul,2021-07-08,Triquetta,na,na,OP,na,253,140,6,83,25,na,na,43,0.83,0.36,na,,,,
2021-Jul,2021-07-08,Triquetta,na,na,OP,na,476,100,5,90,45,na,na,68,1.53,1.1,na,,,,
2021-Jul,2021-07-08,Triquetta,na,na,OP,na,237,90,4,64,14,na,na,20,0.16,0.09,na,,,,
2021-Jul,2021-07-08,Triquetta,na,na,OP,na,534,180,6.5,97,48,na,na,99,3.68,1.26,na,,,,
2021-Jul,2021-07-08,Triquetta,na,na,OP,na,197,70,4.5,59,10,na,na,21,0.16,0.08,na,,,,
2021-Jul,2021-07-08,Triquetta,na,na,OP,na,473,170,4.5,95,46,na,na,79,2.56,1.11,na,,,,
2021-Jul,2021-07-08,Triquetta,na,na,OP,na,372,280,7.5,98,35,na,na,68,2.99,0.78,na,,,,
2021-Jul,2021-07-08,Triquetta,na,na,OP,na,470,270,5.5,106,42,na,na,62,3.74,1.36,na,,,,
2021-Jul,2021-07-08,Triquetta,na,na,OP,na,453,180,6.5,92,28,na,na,85,3.75,0.81,na,,,,
2021-Jul,2021-07-08,Triquetta,na,na,OP,na,369,250,7,87,28,na,na,66,2.28,0.56,na,,,,
2021-Jul,2021-07-08,Triquetta,na,na,OP,na,221,110,5.5,72,19,na,na,34,0.38,0.2,na,,,,
2021-Jul,2021-07-08,Triquetta,na,na,OP,na,278,160,6,87,29,na,na,50,0.93,0.41,na,,,,
2021-Jul,2021-07-08,Triquetta,na,na,OP,na,396,230,7,85,25,na,na,58,1.45,0.37,na,,,,
2021-Jul,2021-07-06,Ratatouille,na,na,OP,na,470,150,6,74,42,na,na,39,1.17,0.65,na,,,,
2021-Jul,2021-07-06,Ratatouille,na,na,OP,na,324,50,4,55,25,na,na,32,0.2,0.2,na,,,,
2021-Jul,2021-07-06,Ratatouille,na,na,OP,na,517,250,7,95,52,na,na,29,2.88,1.59,na,,,,
2021-Jul,2021-07-06,Ratatouille,na,na,OP,na,371,80,4.5,56,16,na,na,16,0.15,0.1,na,,,,
2021-Jul,2021-07-06,Ratatouille,na,na,OP,na,291,70,4,52,15,na,na,16,0.1,0.06,na,,,,
2021-Jul,2021-07-06,Ratatouille,na,na,OP,na,271,90,5,54,17,na,na,17,0.09,0.08,na,,,,
2021-Jul,2021-07-06,Ratatouille,na,na,OP,na,477,210,11,74,40,na,na,37,1.82,0.82,na,,,,
2021-Jul,2021-07-06,Ratatouille,na,na,OP,na,541,150,4,78,30,na,na,38,0.81,0.35,na,,,,
2021-Jul,2021-07-06,Ratatouille,na,na,OP,na,451,140,5,66,23,na,na,29,0.45,0.19,na,,,,
2021-Jul,2021-07-06,Ratatouille,na,na,OP,na,191,45,4,55,16,na,na,23,0.4,0.09,na,,,,
2021-Jul,2021-07-06,Ratatouille,na,na,OP,na,174,38,3.5,50,12,na,na,19,0.03,0.07,na,,,,
2021-Jul,2021-07-06,Ratatouille,na,na,OP,na,308,135,4.5,69,32,na,na,22,0.48,0.34,na,,,,
2021-Jul,2021-07-06,Ratatouille,na,na,OP,na,188,45,3.5,48,19,na,na,15,0.04,0.06,na,,,,
2021-Jul,2021-07-06,Ratatouille,na,na,OP,na,474,170,7,78,37,na,na,54,1.99,0.77,na,,,,
2021-Jul,2021-07-06,Ratatouille,na,na,OP,na,524,220,11,97,61,na,na,70,6.27,3.32,na,,,,
2021-Jul,2021-07-06,Ratatouille,na,na,OP,na,679,210,7,77,55,na,na,63,3.43,2.78,na,,,,
2021-Jul,2021-07-06,Ratatouille,na,na,OP,na,449,115,6,70,30,na,na,38,0.6,0.32,na,,,,
2021-Jul,2021-07-06,Ratatouille,na,na,OP,na,470,200,8,76,46,na,na,56,4.45,1.24,na,,,,
2021-Jul,2021-07-06,Ratatouille,na,na,OP,na,536,200,5,73,47,na,na,82,3.8,1.51,na,,,,
2021-Jul,2021-07-06,Ratatouille,na,na,OP,na,618,200,7,71,49,na,na,53,3.25,1.91,na,,,,
2022-Jun,2022-06-27,Owen,na,na,OP,na,925,180,na,67,35,na,na,0,0,1.5,0,,,,
2022-Jun,2022-06-27,Owen,na,na,OP,na,591,200,6,69,37,na,na,14,0.76,0.95,0,,,,
2022-Jun,2022-06-27,Owen,na,na,OP,na,492,230,7,74,38,na,na,23,1.33,0.82,0,,,,
2022-Jun,2022-06-27,Owen,na,na,OP,na,455,274,8,60,33,na,na,21,2.15,0.88,0,,,,
2022-Jun,2022-06-27,Owen,na,na,OP,na,582,160,5,54,29,na,na,20,0.52,0.57,0,,,,
2022-Jun,2022-06-27,Owen,na,na,OP,na,593,260,8,74,42,na,na,28,2.19,1.07,0,,,,
2022-Jun,2022-06-27,Owen,na,na,OP,na,767,340,8,62,27,na,na,24,3.18,1.44,0,,,,
2022-Jun,2022-06-27,Owen,na,na,OP,na,696,170,6,73,36,na,na,32,0.47,0.63,0,lots small blades,,,
2022-Jun,2022-06-27,Owen,na,na,OP,na,707,280,8,68,36,na,na,20,2.32,0.92,0,,,,
2022-Jun,2022-06-27,Owen,na,na,OP,na,413,107,5,55,25,na,na,20,0.08,0.2,0,,,,
2022-Jun,2022-06-27,Owen,na,na,OP,na,370,270,7,69,38,na,na,24,1.76,0.95,0,,,,
2022-Jun,2022-06-27,Owen,na,na,OP,na,491,280,8,76,45,na,na,21,2.31,1.38,0,,,,
2022-Jun,2022-06-27,Owen,na,na,OP,na,506,310,7,69,35,na,na,29,3.31,1.11,L,"Data Sheet recorded as ""YES""",,,
2022-Jun,2022-06-27,Owen,na,na,OP,na,695,310,8,67,32,na,na,20,2.27,0.79,0,,,,
2022-Jun,2022-06-27,Owen,na,na,OP,na,562,270,6,69,41,na,na,20,2.19,1.1,0,,,,
2022-Jun,2022-06-27,Owen,na,na,OP,na,662,202,5,58,31,na,na,19,0.8,0.65,0,,,,
2022-Jun,2022-06-27,Owen,na,na,OP,na,526,374,8,74,45,na,na,21,4.07,1.67,L,"Data Sheet recorded as ""YES""",,,
2022-Jun,2022-06-27,Owen,na,na,OP,na,483,286,8,81,42,na,na,19,2.66,1.18,L,"Data Sheet recorded as ""YES""",,,
2022-Jun,2022-06-27,Owen,na,na,OP,na,604,322,7,71,38,na,na,24,1.66,1.12,0,,,,
2022-Jun,2022-06-27,Owen,na,na,OP,na,513,120,5,64,27,na,na,21,0.57,0.42,0,,,,
2022-Jul,2022-07-12,Ratatouille,na,na,OP,na,286,120,5.5,86,29,na,na,56,0.87,0.45,0,,,,
2022-Jul,2022-07-12,Ratatouille,na,na,OP,na,363,160,6.9,85,37,na,na,43,1.5,0.97,0,,,,
2022-Jul,2022-07-12,Ratatouille,na,na,OP,na,563,200,5,72,38,na,na,47,1.21,0.54,0,,,,
2022-Jul,2022-07-12,Ratatouille,na,na,OP,na,406,120,4.5,75,19,na,na,30,0.39,0.26,0,,,,
2022-Jul,2022-07-12,Ratatouille,na,na,OP,na,313,140,6.3,80,41,na,na,52,1.01,0.79,0,,,,
2022-Jul,2022-07-12,Ratatouille,na,na,OP,na,416,200,9.5,85,44,na,na,44,2.35,1.06,0,,,,
2022-Jul,2022-07-12,Ratatouille,na,na,OP,na,335,120,4.2,65,20,na,na,30,0.3,0.19,0,,,,
2022-Jul,2022-07-12,Ratatouille,na,na,OP,na,451,240,7,91,51,na,na,55,2.98,1.32,L,,,,
2022-Jul,2022-07-12,Ratatouille,na,na,OP,na,423,65,2.8,62,19,na,na,25,0.19,0.14,0,,,,
2022-Jul,2022-07-12,Ratatouille,na,na,OP,na,400,150,5.6,80,32,na,na,44,0.96,0.61,0,,,,
2022-Jul,2022-07-12,Ratatouille,na,na,OP,na,480,250,7.4,81,52,na,na,64,3.23,1.9,L,,,,
2022-Jul,2022-07-12,Ratatouille,na,na,OP,na,414,60,3.7,66,26,na,na,26,0.14,0.28,0,,,,
2022-Jul,2022-07-12,Ratatouille,na,na,OP,na,193,90,3.2,58,19,na,na,27,0.18,0.15,0,,,,
2022-Jul,2022-07-12,Ratatouille,na,na,OP,na,396,50,3.4,47,13,na,na,15,0.06,0.08,0,,,,
2022-Jul,2022-07-12,Ratatouille,na,na,OP,na,427,120,3.4,75,29,na,na,44,0.54,0.42,0,,,,
2022-Jul,2022-07-12,Ratatouille,na,na,OP,na,451,182,6.9,87,36,na,na,72,1.56,0.67,0,,,,
2022-Jul,2022-07-12,Ratatouille,na,na,OP,na,242,120,3,66,10,na,na,36,0.23,0.12,0,,,,
2022-Jul,2022-07-12,Ratatouille,na,na,OP,na,374,233,7,84,36,na,na,37,1.49,0.67,0,,,,
2022-Jul,2022-07-12,Ratatouille,na,na,OP,na,614,360,9.2,102,60,na,na,73,9.29,3.36,L,,,,
2022-Jul,2022-07-12,Ratatouille,na,na,OP,na,543,210,9.4,82,38,na,na,40,2.61,1.21,L,,,,
2022-Jul,2022-07-12,Ratatouille,na,na,OP,na,524,410,8.7,96,65,na,na,67,7.65,3.14,H,,,,
2022-Jul,2022-07-10,Breaker,na,na,OP/BT,na,398,100,8.2,75,49,na,na,35,0.97,1.02,0,5 - 25 % bryo cover on blades,,,
2022-Jul,2022-07-10,Breaker,na,na,OP/BT,na,330,120,6.5,69,51,na,na,38,0.84,0.81,0,5 - 25 % bryo cover on blades,,,
2022-Jul,2022-07-10,Breaker,na,na,OP/BT,na,410,210,7.2,72,48,na,na,35,1.65,1.35,0,5 - 25 % bryo cover on blades,,,
2022-Jul,2022-07-10,Breaker,na,na,OP/BT,na,447,160,7.9,95,55,na,na,58,3.05,2,L,5 - 25 % bryo cover on blades,,,
2022-Jul,2022-07-10,Breaker,na,na,OP/BT,na,387,200,8.7,97,54,na,na,36,2.75,1.8,L,5 - 25 % bryo cover on blades,,,
2022-Jul,2022-07-10,Breaker,na,na,OP/BT,na,444,90,8.9,79,48,na,na,42,1.14,1.41,L,5 - 25 % bryo cover on blades,,,
2022-Jul,2022-07-10,Breaker,na,na,OP/BT,na,468,150,9.6,68,48,na,na,37,2.16,1.13,L,5 - 25 % bryo cover on blades,,,
2022-Jul,2022-07-10,Breaker,na,na,OP/BT,na,248,90,3.8,63,20,na,na,21,0.19,0.17,0,5 - 25 % bryo cover on blades,,,
2022-Jul,2022-07-10,Breaker,na,na,OP/BT,na,183,80,5,58,10,na,na,16,0.13,0.09,0,5 - 25 % bryo cover on blades,,,
2022-Jul,2022-07-10,Breaker,na,na,OP/BT,na,523,140,7.8,71,32,na,na,65,0.67,0.88,0,5 - 25 % bryo cover on blades,,,
2022-Jul,2022-07-10,Breaker,na,na,OP/BT,na,371,220,7.9,90,50,na,na,73,2.95,0.7,H,5 - 25 % bryo cover on blades,,,
2022-Jul,2022-07-10,Breaker,na,na,OP/BT,na,163,50,3.6,42,9,na,na,8,0.05,0.05,0,5 - 25 % bryo cover on blades,,,
2022-Jul,2022-07-10,Breaker,na,na,OP/BT,na,262,80,3.8,56,16,na,na,22,0.15,0.1,0,5 - 25 % bryo cover on blades,,,
2022-Jul,2022-07-10,Breaker,na,na,OP/BT,na,255,90,3.7,69,25,na,na,22,0.22,0.21,0,5 - 25 % bryo cover on blades,,,
2022-Jul,2022-07-10,Breaker,na,na,OP/BT,na,305,110,5.8,72,28,na,na,32,0.42,0.31,0,5 - 25 % bryo cover on blades,,,
2022-Jul,2022-07-10,Breaker,na,na,OP/BT,na,275,100,6.9,69,30,na,na,15,0.31,0.21,0,5 - 25 % bryo cover on blades,,,
2022-Jul,2022-07-10,Breaker,na,na,OP/BT,na,179,60,3.5,52,15,na,na,14,0.13,0.09,0,5 - 25 % bryo cover on blades,,,
2022-Jul,2022-07-10,Breaker,na,na,OP/BT,na,281,110,7.6,75,26,na,na,24,0.39,0.25,0,5 - 25 % bryo cover on blades,,,
2022-Jul,2022-07-10,Breaker,na,na,OP/BT,na,333,150,6.8,70,32,na,na,34,0.65,0.35,0,5 - 25 % bryo cover on blades,,,
2022-Jul,2022-07-10,Breaker,na,na,OP/BT,na,115,60,4,55,10,na,na,19,0.08,0.04,0,5 - 25 % bryo cover on blades,,,
2022-Jul,2022-07-10,Breaker,na,na,OP/BT,na,193,55,2.7,48,10,na,na,13,0.06,0.04,0,5 - 25 % bryo cover on blades,,,
2022-Jul,2022-07-10,Breaker,na,na,OP/BT,na,207,70,4.5,59,12,na,na,15,0.06,0.07,0,5 - 25 % bryo cover on blades,,,
2022-Jul,2022-07-10,Breaker,na,na,OP/BT,na,318,65,5,76,36,na,na,45,0.32,0.72,0,5 - 25 % bryo cover on blades,,,
2022-Jul,2022-07-10,Breaker,na,na,OP/BT,na,229,70,3.1,57,18,na,na,16,0.08,0.1,0,5 - 25 % bryo cover on blades,,,
2022-Jul,2022-07-10,Breaker,na,na,OP/BT,na,193,55,2.8,46,12,na,na,12,0.07,0.04,0,5 - 25 % bryo cover on blades,,,
2022-Jul,2022-07-10,Breaker,na,na,OP/BT,na,116,80,5.7,69,19,na,na,21,0.14,0.11,0,5 - 25 % bryo cover on blades,,,
2022-Jul,2022-07-10,Breaker,na,na,OP/BT,na,454,100,7.1,79,47,na,na,53,1.3,1.2,L,5 - 25 % bryo cover on blades,,,
2022-Jul,2022-07-10,Breaker,na,na,OP/BT,na,422,180,8.8,70,46,na,na,61,3.56,1.28,L,5 - 25 % bryo cover on blades,,,
2022-Jul,2022-07-10,Breaker,na,na,OP/BT,na,345,90,8.7,84,49,na,na,61,1.76,1.91,L,5 - 25 % bryo cover on blades,,,
2022-Jul,2022-07-10,Breaker,na,na,OP/BT,na,398,160,7.6,79,56,na,na,41,3.18,2.2,H,5 - 25 % bryo cover on blades,,,
2022-Jul,2022-07-13,Triquetta,na,na,OP,na,437,45,3.6,74,25,na,na,37,0.17,0.24,0,"Blades are thin and tatered, show lots of prdation lots of short; Very windy and wet while measuring",,,
2022-Jul,2022-07-13,Triquetta,na,na,OP,na,438,50,2.7,50,8,na,na,18,0.05,0.09,0,"Blades are thin and tatered, show lots of prdation lots of short; Very windy and wet while measuring",,,
2022-Jul,2022-07-13,Triquetta,na,na,OP,na,436,50,2.9,84,21,na,na,65,0.26,0.32,0,"Blades are thin and tatered, show lots of prdation lots of short; Very windy and wet while measuring",,,
2022-Jul,2022-07-13,Triquetta,na,na,OP,na,184,60,3.9,72,15,na,na,23,0.12,0.23,0,"Blades are thin and tatered, show lots of prdation lots of short; Very windy and wet while measuring",,,
2022-Jul,2022-07-13,Triquetta,na,na,OP,na,359,60,4.3,81,20,na,na,33,0.29,0.3,0,"Blades are thin and tatered, show lots of prdation lots of short; Very windy and wet while measuring",,,
2022-Jul,2022-07-13,Triquetta,na,na,OP,na,169,40,3.3,65,9,na,na,17,0.16,0.12,0,"Blades are thin and tatered, show lots of prdation lots of short; Very windy and wet while measuring",,,
2022-Jul,2022-07-13,Triquetta,na,na,OP,na,317,50,4.4,54,5,na,na,29,0.15,0.19,0,"Blades are thin and tatered, show lots of prdation lots of short; Very windy and wet while measuring",,,
2022-Jul,2022-07-13,Triquetta,na,na,OP,na,178,50,4.4,62,11,na,na,14,0.1,0.09,0,"Blades are thin and tatered, show lots of prdation lots of short; Very windy and wet while measuring",,,
2022-Jul,2022-07-13,Triquetta,na,na,OP,na,322,80,3.6,84,20,na,na,26,0.28,0.29,0,"Blades are thin and tatered, show lots of prdation lots of short; Very windy and wet while measuring",,,
2022-Jul,2022-07-13,Triquetta,na,na,OP,na,574,35,3.7,80,29,na,na,20,0.15,0.48,0,"Blades are thin and tatered, show lots of prdation lots of short; Very windy and wet while measuring",,,
2022-Jul,2022-07-13,Triquetta,na,na,OP,na,362,90,4,78,19,na,na,20,0.14,0.27,0,"Blades are thin and tatered, show lots of prdation lots of short; Very windy and wet while measuring",,,
2022-Jul,2022-07-13,Triquetta,na,na,OP,na,516,50,3.4,86,26,na,na,41,0.3,0.49,0,"Blades are thin and tatered, show lots of prdation lots of short; Very windy and wet while measuring",,,
2022-Jul,2022-07-13,Triquetta,na,na,OP,na,493,50,2.7,70,23,na,na,25,0.17,0.26,0,"Blades are thin and tatered, show lots of prdation lots of short; Very windy and wet while measuring",,,
2022-Jul,2022-07-13,Triquetta,na,na,OP,na,486,90,3.9,54,33,na,na,78,0.75,0.72,0,"Blades are thin and tatered, show lots of prdation lots of short; Very windy and wet while measuring",,,
2022-Jul,2022-07-13,Triquetta,na,na,OP,na,479,90,6.8,84,27,na,na,30,0.45,0.43,0,"Blades are thin and tatered, show lots of prdation lots of short; Very windy and wet while measuring",,,
2022-Jul,2022-07-13,Triquetta,na,na,OP,na,317,70,4.4,77,21,na,na,35,0.18,0.2,0,"Blades are thin and tatered, show lots of prdation lots of short; Very windy and wet while measuring",,,
2022-Jul,2022-07-13,Triquetta,na,na,OP,na,367,90,4.7,89,26,na,na,24,0.2,0.41,0,"Blades are thin and tatered, show lots of prdation lots of short; Very windy and wet while measuring",,,
2022-Jul,2022-07-13,Triquetta,na,na,OP,na,339,80,5.1,75,21,na,na,22,0.13,0.17,0,"Blades are thin and tatered, show lots of prdation lots of short; Very windy and wet while measuring",,,
2022-Jul,2022-07-13,Triquetta,na,na,OP,na,431,90,4.4,79,25,na,na,12,0.15,0.37,0,"Blades are thin and tatered, show lots of prdation lots of short; Very windy and wet while measuring",,,
2022-Jul,2022-07-13,Triquetta,na,na,OP,na,297,55,3.4,74,17,na,na,19,0.1,0.18,0,"Blades are thin and tatered, show lots of prdation lots of short; Very windy and wet while measuring",,,
2022-Jul,2022-07-13,Triquetta,na,na,OP,na,449,90,5.4,93,35,na,na,25,0.27,0.73,0,"Blades are thin and tatered, show lots of prdation lots of short; Very windy and wet while measuring",,,
2022-Jul,2022-07-13,Triquetta,na,na,OP,na,346,50,5.5,76,12,na,na,29,0.14,0.19,0,"Blades are thin and tatered, show lots of prdation lots of short; Very windy and wet while measuring",,,
2022-Jul,2022-07-13,Triquetta,na,na,OP,na,395,80,3.8,79,28,na,na,26,0.17,0.31,0,"Blades are thin and tatered, show lots of prdation lots of short; Very windy and wet while measuring",,,
2022-Jul,2022-07-13,Triquetta,na,na,OP,na,353,50,4.1,78,26,na,na,48,0.24,0.28,0,"Blades are thin and tatered, show lots of prdation lots of short; Very windy and wet while measuring",,,
2022-Jul,2022-07-13,Triquetta,na,na,OP,na,388,80,3.6,82,25,na,na,58,0.48,0.34,0,"Blades are thin and tatered, show lots of prdation lots of short; Very windy and wet while measuring",,,
2022-Jul,2022-07-13,Triquetta,na,na,OP,na,368,60,3.5,67,18,na,na,28,0.13,0.18,0,"Blades are thin and tatered, show lots of prdation lots of short; Very windy and wet while measuring",,,
2023-Jul,2023-07-11,Breaker,na,na,OP,na,1118,190,5,71,43,na,na,40,0.95,0.84,0,,,,
2023-Jul,2023-07-11,Breaker,na,na,OP,na,745,270,7,93,50,na,na,35,1.82,2.17,0,"double-checked, correct measurement (large)",,,
2023-Jul,2023-07-11,Breaker,na,na,OP,na,1100,200,6,74,45,na,na,36,1.12,1.03,L,,,,
2023-Jul,2023-07-11,Breaker,na,na,OP,na,844,190,9,86,54,na,na,52,2.44,1.98,L,,,,
2023-Jul,2023-07-11,Breaker,na,na,OP,na,587,75,8,67,41,na,na,50,0.81,0.87,0,hole punch 35cm CUT (1750),,,
2023-Jul,2023-07-11,Breaker,na,na,OP,na,849,180,7,70,43,na,na,37,1.36,1.09,0,,,,
2023-Jul,2023-07-11,Breaker,na,na,OP,na,775,114,5,78,47,na,na,44,0.83,1.53,0,low bryo cover,,,
2023-Jul,2023-07-11,Breaker,na,na,OP,na,650,90,4.5,68,20,na,na,16,0.07,0.15,0,,,,
2023-Jul,2023-07-11,Breaker,na,na,OP,na,775,260,10.5,84,49,na,na,47,2.04,3.9,0,,,,
2023-Jul,2023-07-11,Breaker,na,na,OP,na,544,100,3,54,9,na,na,19,0.06,0.08,0,,,,
2023-Jul,2023-07-11,Breaker,na,na,OP,na,577,130,4.5,75,45,na,na,46,1.01,1.06,0,low bryo cover,,,
2023-Jul,2023-07-11,Breaker,na,na,OP,na,407,40,3,44,15,na,na,16,0.08,0.06,0,medium brio cover,,,
2023-Jul,2023-07-11,Breaker,na,na,OP,na,276,50,4,52,36,na,na,21,0.11,0.23,0,,,,
2023-Jul,2023-07-11,Breaker,na,na,OP,na,456,70,3.5,54,29,na,na,31,0.21,0.39,0,,,,
2023-Jul,2023-07-11,Breaker,na,na,OP,na,574,100,3.5,71,33,na,na,32,0.32,0.41,0,,,,
2023-Jul,2023-07-11,Breaker,na,na,OP,na,581,20,2.5,47,11,na,na,12,0.01,0.11,0,,,,
2023-Jul,2023-07-11,Breaker,na,na,OP,na,158,20,2.5,39,11,na,na,8,0.01,0.04,0,,,,
2023-Jul,2023-07-11,Breaker,na,na,OP,na,269,40,3,61,22,na,na,45,0.04,0.07,0,,,,
2023-Jul,2023-07-10,Triquetta,na,na,OP,na,241,200,7,116,52,na,na,71,3.37,1.23,H,,,,
2023-Jul,2023-07-10,Triquetta,na,na,OP,na,168,180,6.5,76,31,na,na,51,1.24,0.26,H,,,,
2023-Jul,2023-07-10,Triquetta,na,na,OP,na,292,200,8,80,46,na,na,52,1.87,0.82,0,,,,
2023-Jul,2023-07-10,Triquetta,na,na,OP,na,300,155,4.5,81,39,na,na,65,0.57,0.42,L,,,,
2023-Jul,2023-07-10,Triquetta,na,na,OP,na,157,150,3,70,26,na,na,33,0.38,0.18,0,,,,
2023-Jul,2023-07-10,Triquetta,na,na,OP,na,276,140,4.75,73,26,na,na,36,0.46,0.24,0,,,,
2023-Jul,2023-07-10,Triquetta,na,na,OP,na,131,125,4.75,72,27,na,na,30,0.56,0.26,0,,,,
2023-Jul,2023-07-10,Triquetta,na,na,OP,na,128,120,5.5,69,21,na,na,50,0.35,0.21,0,,,,
2023-Jul,2023-07-10,Triquetta,na,na,OP,na,204,160,8,78,33,na,na,57,1.43,0.35,0,,,,
2023-Jul,2023-07-10,Triquetta,na,na,OP,na,156,120,4,67,22,na,na,29,0.49,0.19,0,,,,
2023-Jul,2023-07-10,Triquetta,na,na,OP,na,209,160,5.5,71,37,na,na,50,1.13,0.37,0,,,,
2023-Jul,2023-07-10,Triquetta,na,na,OP,na,183,100,5,61,26,na,na,51,0.52,0.19,0,,,,
2023-Jul,2023-07-10,Triquetta,na,na,OP,na,350,180,5,84,33,na,na,81,2.25,0.57,0,,,,
2023-Jul,2023-07-10,Triquetta,na,na,OP,na,234,160,6,86,26,na,na,54,0.73,0.42,0,,,,
2023-Jul,2023-07-10,Triquetta,na,na,OP,na,77,50,5,55,16,na,na,16,0.05,0.03,0,,,,
2023-Jul,2023-07-10,Triquetta,na,na,OP,na,124,120,5,70,12,na,na,32,0.29,0.09,0,,,,
2023-Jul,2023-07-10,Triquetta,na,na,OP,na,130,45,2,50,12,na,na,13,0.02,0.02,0,,,,
2023-Jul,2023-07-10,Triquetta,na,na,OP,na,126,70,4,63,15,na,na,21,0.16,0.09,0,,,,
2023-Jul,2023-07-10,Triquetta,na,na,OP,na,176,80,3.5,65,23,na,na,18,0.13,0.12,0,,,,
2023-Jul,2023-07-11,Ratatouille,na,na,OP,na,146,90,5,60,14,na,na,19,0.23,0.1,0,,,,
2023-Jul,2023-07-11,Ratatouille,na,na,OP,na,384,265,9,83,41,na,na,75,3.7,0.79,0,,,,
2023-Jul,2023-07-11,Ratatouille,na,na,OP,na,235,130,5,72,45,na,na,45,1.27,0.79,L,,,,
2023-Jul,2023-07-11,Ratatouille,na,na,OP,na,300,125,8,76,41,na,na,55,1.63,0.76,L,,,,
2023-Jul,2023-07-11,Ratatouille,na,na,OP,na,234,130,5,71,36,na,na,40,0.92,0.57,L,,,,
2023-Jul,2023-07-11,Ratatouille,na,na,OP,na,122,60,2,49,10,na,na,21,0.11,0.13,0,,,,
2023-Jul,2023-07-11,Ratatouille,na,na,OP,na,99,90,3.5,66,19,na,na,25,0.13,0.23,0,,,,
2023-Jul,2023-07-11,Ratatouille,na,na,OP,na,450,360,8.5,92,44,na,na,79,5.16,1.2,0,,,,
2023-Jul,2023-07-11,Ratatouille,na,na,OP,na,361,260,9,86,39,na,na,38,1.68,0.73,0,,,,
2023-Jul,2023-07-11,Ratatouille,na,na,OP,na,260,125,5.5,67,17,na,na,24,0.31,0.16,0,,,,
2023-Jul,2023-07-11,Ratatouille,na,na,OP,na,478,115,6.5,80,47,na,na,64,2,1.66,H,,,,
2023-Jul,2023-07-11,Ratatouille,na,na,OP,na,131,100,3,63,15,na,na,11,0.09,0.05,0,,,,
2023-Jul,2023-07-11,Ratatouille,na,na,OP,na,122,76,3,52,12,na,na,14,0.1,0.13,0,,,,
2023-Jul,2023-07-11,Ratatouille,na,na,OP,na,159,60,4,53,9,na,na,12,0.07,0.06,0,,,,
2023-Jul,2023-07-11,Ratatouille,na,na,OP,na,243,52,4.5,80,40,na,na,50,0.27,0.51,0,,,,
2023-Jul,2023-07-11,Ratatouille,na,na,OP,na,234,78,6.5,78,46,na,na,79,2.54,1.02,0,,,,
2023-Jul,2023-07-11,Ratatouille,na,na,OP,na,276,90,5.5,80,45,na,na,57,2.46,1.02,0,,,,
2023-Jul,2023-07-11,Ratatouille,na,na,OP,na,295,80,5,73,25,na,na,39,1.15,0.28,0,,,,
2023-Jul,2023-07-11,Ratatouille,na,na,OP,na,245,67,5.5,65,25,na,na,32,0.54,0.2,0,,,,
2023-Jul,2023-07-11,Ratatouille,na,na,OP,na,90,60,5,55,11,na,na,15,0.14,0.06,0,,,,
2022-May,2022-05-06,Owen,na,na,OP,na,424,151,2.9,58,23,na,na,25,0.27,0.23,0,,,,
2022-May,2022-05-06,Owen,na,na,OP,na,353,130,2.5,54,18,na,na,20,0.16,0.14,0,,,,
2022-May,2022-05-06,Owen,na,na,OP,na,438,130,4,61,24,na,na,30,0.33,0.23,0,,,,
2022-May,2022-05-06,Owen,na,na,OP,na,428,115,2,59,20,na,na,28,0.19,0.16,0,,,,
2022-May,2022-05-06,Owen,na,na,OP,na,469,135,2.5,56,19,na,na,25,0.17,0.18,0,,,,
2022-May,2022-05-06,Owen,na,na,OP,na,374,118,2.1,48,18,na,na,21,0.12,0.11,0,,,,
2022-May,2022-05-06,Owen,na,na,OP,na,307,90,5,50,15,na,na,16,0.1,0.08,0,,,,
2022-May,2022-05-06,Owen,na,na,OP,na,334,69,2.5,48,11,na,na,10,0.05,0.05,0,,,,
2022-May,2022-05-06,Owen,na,na,OP,na,286,110,2.5,51,16,na,na,17,0.11,0.1,0,,,,
2022-May,2022-05-06,Owen,na,na,OP,na,283,62,2.1,40,11,na,na,10,0.04,0.05,0,,,,
2022-May,2022-05-06,Owen,na,na,OP,na,326,155,3,52,20,na,na,16,0.14,0.16,0,,,,
2022-May,2022-05-06,Owen,na,na,OP,na,194,55,2.6,39,11,na,na,8,0.02,0.04,0,,,,
2022-Aug,2022-08-02,Owen,na,na,OP,na,402,300,13,88,41,na,na,16,3,1.35,L,,,,
2022-Aug,2022-08-02,Owen,na,na,OP,na,600,330,9,71,34,na,na,11,2.27,1.11,H,,,,
2022-Aug,2022-08-02,Owen,na,na,OP,na,285,220,6,61,37,na,na,36,1.8,0.74,0,,,,
2022-Aug,2022-08-02,Owen,na,na,OP,na,324,210,6,66,28,na,na,18,0.82,0.32,0,,,,
2022-Aug,2022-08-02,Owen,na,na,OP,na,382,140,5,64,27,na,na,20,0.71,0.34,0,,,,
2022-Aug,2022-08-02,Owen,na,na,OP,na,389,200,6.5,65,34,na,na,19,1.26,1.03,H,,,,
2022-Aug,2022-08-02,Owen,na,na,OP,na,520,90,11.5,68,39,na,na,20,3.29,1.38,L,,,,
2022-Aug,2022-08-02,Owen,na,na,OP,na,381,140,6.5,56,26,na,na,32,1.59,0.35,L,,,,
2022-Aug,2022-08-02,Owen,na,na,OP,na,503,300,9,67,38,na,na,19,4.69,1.56,H,,,,
2022-Aug,2022-08-02,Owen,na,na,OP,na,622,160,7.5,84,51,na,na,41,2.35,2,H,,,,
2022-Aug,2022-08-02,Owen,na,na,OP,na,458,180,7,59,34,na,na,22,2.51,0.65,H,,,,
2022-Aug,2022-08-02,Owen,na,na,OP,na,572,90,10,64,42,na,na,26,5.52,1.82,H,,,,
2022-Aug,2022-08-02,Owen,na,na,OP,na,524,200,8,54,30,na,na,16,1.07,0.36,0,,,,
2022-Aug,2022-08-02,Owen,na,na,OP,na,539,180,8,62,34,na,na,19,1.68,0.65,H,,,,
2022-Aug,2022-08-02,Owen,na,na,OP,na,510,190,8.5,63,30,na,na,20,1.84,0.49,0,,,,
2022-Aug,2022-08-02,Owen,na,na,OP,na,550,330,8.5,64,33,na,na,21,0.89,1.47,L,,,,
2022-Aug,2022-08-02,Owen,na,na,OP,na,466,240,14,80,50,na,na,4,0.77,1.69,H,,,,
2022-Aug,2022-08-02,Owen,na,na,OP,na,455,220,7.5,70,44,na,na,28,2.55,1.45,L,,,,
2022-Aug,2022-08-02,Owen,na,na,OP,na,527,280,7,60,40,na,na,33,2.66,0.97,L,,,,
2022-Aug,2022-08-02,Owen,na,na,OP,na,360,450,10,54,36,na,na,30,5.06,0.89,H,,,,
2024-Jul,2024-07-11,Jennie_point,na,na,OP/AS/DCO,na,552,158,6,71,25,na,na,47,0.73,0.32,0,bryozoans,,,
2024-Jul,2024-07-11,Jennie_point,na,na,OP/AS/DCO,na,517,114,3,72,17,na,na,37,0.3,0.19,0,,,,
2024-Jul,2024-07-11,Jennie_point,na,na,OP/AS/DCO,na,275,195,4,71,19,na,na,37,0.21,0.2,0,,,,
2024-Jul,2024-07-11,Jennie_point,na,na,OP/AS/DCO,na,193,130,2,47,6,na,na,12,0.03,0.07,0,,,,
2024-Jul,2024-07-11,Jennie_point,na,na,OP/AS/DCO,na,329,134,4,67,21,na,na,46,0.58,0.24,0,,,,
2024-Jul,2024-07-11,Jennie_point,na,na,OP/AS/DCO,na,593,170,6,93,49,na,na,72,2.52,1.39,0,,,,
2024-Jul,2024-07-11,Jennie_point,na,na,OP/AS/DCO,na,208,111,5,60,12,na,na,37,0.4,0.13,0,,,,
2024-Jul,2024-07-11,Jennie_point,na,na,OP/AS/DCO,na,585,170,5,87,44,na,na,63,1.65,1.04,0,,,,
2024-Jul,2024-07-11,Jennie_point,na,na,OP/AS/DCO,na,417,133,7,76,14,na,na,37,0.42,0.19,0,,,,
2024-Jul,2024-07-11,Jennie_point,na,na,OP/AS/DCO,na,546,85,5,75,28,na,na,40,0.35,0.34,0,,,,
2024-Jul,2024-07-11,Jennie_point,na,na,OP/AS/DCO,na,800,164,4,83,59,na,na,65,1.64,1.32,0,,,,
2024-Jul,2024-07-11,Jennie_point,na,na,OP/AS/DCO,na,394,150,5,83,25,na,na,41,0.83,0.34,0,,,,
2024-Jul,2024-07-11,Jennie_point,na,na,OP/AS/DCO,na,274,65,6,54,11,na,na,25,0.18,0.05,0,,,,
2024-Jul,2024-07-11,Jennie_point,na,na,OP/AS/DCO,na,696,67,4,68,14,na,na,26,0.17,0.12,0,,,,
2024-Jul,2024-07-11,Jennie_point,na,na,OP/AS/DCO,na,119,100,4,69,17,na,na,31,0.2,0.11,0,,,,
2024-Jul,2024-07-11,Jennie_point,na,na,OP/AS/DCO,na,548,140,4,75,15,na,na,38,0.68,0.27,0,,,,
2024-Jul,2024-07-11,Jennie_point,na,na,OP/AS/DCO,na,659,163,6,100,42,na,na,75,1.72,1.11,0,,,,
2024-Jul,2024-07-11,Jennie_point,na,na,OP/AS/DCO,na,359,140,4,69,13,na,na,35,0.35,0.14,0,,,,
2024-Jul,2024-07-11,Jennie_point,na,na,OP/AS/DCO,na,424,124,3,72,18,na,na,37,0.42,0.22,0,,,,
2024-Jul,2024-07-11,Jennie_point,na,na,OP/AS/DCO,na,278,71,6,67,19,na,na,17,0.14,0.1,0,,,,
2024-Jul,2024-07-11,Jennie_point,na,na,OP/AS/DCO,na,180,53,3,57,12,na,na,16,0.07,0.04,0,,,,
2024-Jul,2024-07-11,Jennie_point,na,na,OP/AS/DCO,na,482,134,5,89,31,na,na,68,0.75,0.43,0,,,,
2024-Jul,2024-07-11,Jennie_point,na,na,OP/AS/DCO,na,143,50,5,53,7,na,na,13,0.02,0.05,0,,,,
2024-Jul,2024-07-11,Jennie_point,na,na,OP/AS/DCO,na,72,53,3,51,10,na,na,13,0.05,0.02,0,,,,
2024-Jul,2024-07-11,Jennie_point,na,na,OP/AS/DCO,na,152,60,4,59,10,na,na,16,0.13,0.05,0,,,,
2024-Jul,2024-07-11,Jennie_point,na,na,OP/AS/DCO,na,155,39,3,52,6,na,na,21,0.03,0.02,0,,,,
2024-Jul,2024-07-14,McMullins,na,na,OP/DVM/DCO,na,1139,151,6.5,100,37,na,na,61,2.13,0.8,0,,,,
2024-Jul,2024-07-14,McMullins,na,na,OP/DVM/DCO,na,1062,52,5,71,27,na,na,22,0.28,0.25,0,,,,
2024-Jul,2024-07-14,McMullins,na,na,OP/DVM/DCO,na,1024,170,9.5,78,41,na,na,47,2.08,1.18,0,,,,
2024-Jul,2024-07-14,McMullins,na,na,OP/DVM/DCO,na,1290,80,7,67,28,na,na,31,0.54,0.26,0,,,,
2024-Jul,2024-07-14,McMullins,na,na,OP/DVM/DCO,na,1224,93,7.5,76,42,na,na,38,0.86,0.9,0,,,,
2024-Jul,2024-07-14,McMullins,na,na,OP/DVM/DCO,na,718,121,6.5,69,37,na,na,25,0.92,0.52,0,,,,
2024-Jul,2024-07-14,McMullins,na,na,OP/DVM/DCO,na,1210,119,5.5,82,45,na,na,28,0.58,0.47,0,,,,
2024-Jul,2024-07-14,McMullins,na,na,OP/DVM/DCO,na,1011,167,5,98,40,na,na,53,1.5,0.76,0,,,,
2024-Jul,2024-07-14,McMullins,na,na,OP/DVM/DCO,na,1022,204,7.5,96,39,na,na,67,2.54,1.32,0,,,,
2024-Jul,2024-07-14,McMullins,na,na,OP/DVM/DCO,na,974,126,7.5,71,32,na,na,35,0.72,0.37,0,,,,
2024-Jul,2024-07-14,McMullins,na,na,OP/DVM/DCO,na,988,140,6,82,42,na,na,41,0.93,0.84,0,,,,
2024-Jul,2024-07-14,McMullins,na,na,OP/DVM/DCO,na,1024,200,6.5,82,42,na,na,43,1.94,1.32,0,,,,
2024-Jul,2024-07-14,McMullins,na,na,OP/DVM/DCO,na,1003,117,8,75,32,na,na,29,0.8,0.51,0,,,,
2024-Jul,2024-07-14,McMullins,na,na,OP/DVM/DCO,na,1169,170,7.5,76,40,na,na,42,2.23,0.94,0,,,,
2024-Jul,2024-07-14,McMullins,na,na,OP/DVM/DCO,na,1127,108,5.5,71,32,na,na,32,0.73,0.4,0,,,,
2024-Jul,2024-07-14,McMullins,na,na,OP/DVM/DCO,na,1075,156,7.5,83,45,na,na,49,1.75,0.91,0,,,,
2024-Jul,2024-07-14,McMullins,na,na,OP/DVM/DCO,na,893,192,6,65,42,na,na,53,1.85,0.88,0,,,,
2024-Jul,2024-07-14,McMullins,na,na,OP/DVM/DCO,na,809,215,7,89,40,na,na,44,2.02,1.05,0,,,,
2024-Jul,2024-07-14,McMullins,na,na,OP/DVM/DCO,na,862,240,8,87,52,na,na,63,3.46,2.08,0,,,,
2024-Jul,2024-07-14,McMullins,na,na,OP/DVM/DCO,na,850,164,5,79,35,na,na,28,0.85,0.83,0,,,,
2024-Jul,2024-07-14,McMullins,na,na,OP/DVM/DCO,na,856,292,6.5,96,48,na,na,92,8.23,2.55,L,Huge plant,,,
2024-Jul,2024-07-18,Robert_rocks,na,na,OP/DVM/LL/DCO,na,386,506,7.5,85,57,na,na,42,8.09,1.8,H,,,,
2024-Jul,2024-07-18,Robert_rocks,na,na,OP/DVM/LL/DCO,na,200,300,7.3,77,49,na,na,33,2.79,0.99,H,,,,
2024-Jul,2024-07-18,Robert_rocks,na,na,OP/DVM/LL/DCO,na,303,171,9.2,74,50,na,na,26,1.37,0.77,0,,,,
2024-Jul,2024-07-18,Robert_rocks,na,na,OP/DVM/LL/DCO,na,254,186,6.5,74,36,na,na,34,1.8,0.65,H,,,,
2024-Jul,2024-07-18,Robert_rocks,na,na,OP/DVM/LL/DCO,na,274,270,8,76,48,na,na,19,1.88,0.97,L,,,,
2024-Jul,2024-07-18,Robert_rocks,na,na,OP/DVM/LL/DCO,na,205,260,6.8,89,60,na,na,46,3.54,0.136,H,,,,
2024-Jul,2024-07-18,Robert_rocks,na,na,OP/DVM/LL/DCO,na,232,289,6.1,79,52,na,na,27,2.27,1.27,H,,,,
2024-Jul,2024-07-18,Robert_rocks,na,na,OP/DVM/LL/DCO,na,223,309,7.7,81,54,na,na,27,2.48,1.02,H,,,,
2024-Jul,2024-07-18,Robert_rocks,na,na,OP/DVM/LL/DCO,na,77,126,6.2,65,34,na,na,18,0.66,0.34,L,,,,
2024-Jul,2024-07-18,Robert_rocks,na,na,OP/DVM/LL/DCO,na,304,253,7.2,75,57,na,na,39,3.5,1.71,L,,,,
2024-Jul,2024-07-18,Robert_rocks,na,na,OP/DVM/LL/DCO,na,207,159,4.2,75,24,na,na,24,0.35,0.2,0,,,,
2024-Jul,2024-07-18,Robert_rocks,na,na,OP/DVM/LL/DCO,na,290,315,7,67,42,na,na,19,1.15,0.86,0,,,,
2024-Jul,2024-07-18,Robert_rocks,na,na,OP/DVM/LL/DCO,na,382,200,7.1,69,44,na,na,36,2.4,1,0,,,,
2024-Jul,2024-07-18,Robert_rocks,na,na,OP/DVM/LL/DCO,na,465,250,10.5,73,41,na,na,36,2.72,0.86,0,,,,
2024-Jul,2024-07-18,Robert_rocks,na,na,OP/DVM/LL/DCO,na,198,120,4,63,20,na,na,17,0.33,0.2,0,,,,
2024-Jul,2024-07-18,Robert_rocks,na,na,OP/DVM/LL/DCO,na,438,180,7.5,75,45,na,na,40,1.83,0.91,0,,,,
2024-Jul,2024-07-18,Robert_rocks,na,na,OP/DVM/LL/DCO,na,252,150,7.1,71,34,na,na,28,1.22,0.58,0,,,,
2024-Jul,2024-07-18,Robert_rocks,na,na,OP/DVM/LL/DCO,na,510,300,7.6,63,55,na,na,45,5.08,2.24,H,,,,
2024-Jul,2024-07-18,Robert_rocks,na,na,OP/DVM/LL/DCO,na,454,329,15,85,44,na,na,29,5.75,1.47,L,,,,
2024-Jul,2024-07-18,Robert_rocks,na,na,OP/DVM/LL/DCO,na,303,209,7,73,33,na,na,45,1.31,0.54,0,,,,
2025-Jul,2025-07-05,Granville,na,na,OP/DCO/DVM/LL,na,592,260,6,100,48,na,na,73,3.06,1.53,0,,NCC_GR34,411319,
2025-Jul,2025-07-05,Granville,na,na,OP/DCO/DVM/LL,na,313,120,3.5,77,28,na,na,29,0.23,0.23,0,,NCC_GR28,411318,
2025-Jul,2025-07-05,Granville,na,na,OP/DCO/DVM/LL,na,545,210,6,85,50,na,na,57,1.96,1.31,0,,NCC_GR7,411317,
2025-Jul,2025-07-05,Granville,na,na,OP/DCO/DVM/LL,na,601,200,5.5,85,43,na,na,95,2.74,1.34,0,,NCC_GR8,411316,
2025-Jul,2025-07-05,Granville,na,na,OP/DCO/DVM/LL,na,550,160,4.5,90,45,na,na,73,1.54,1.2,0,,NCC_GR9,411315,
2025-Jul,2025-07-05,Granville,na,na,OP/DCO/DVM/LL,na,586,220,6.5,88,54,na,na,75,3.1,2,L,,NCC_GR25,411314,
2025-Jul,2025-07-05,Granville,na,na,OP/DCO/DVM/LL,na,482,210,7,95,62,na,na,68,3.06,2.22,L,,NCC_GR26,411313,
2025-Jul,2025-07-05,Granville,na,na,OP/DCO/DVM/LL,na,392,120,4.2,85,33,na,na,49,0.66,0.43,0,,NCC_GR27,411312,
2025-Jul,2025-07-05,Granville,na,na,OP/DCO/DVM/LL,na,612,170,4.5,85,40,na,na,78,1.83,0.86,0,,NCC_GR29,411311,
2025-Jul,2025-07-05,Granville,na,na,OP/DCO/DVM/LL,na,562,140,4,75,32,na,na,36,0.36,0.49,0,,NCC_GR30,411310,
2025-Jul,2025-07-05,Granville,na,na,OP/DCO/DVM/LL,na,578,170,5.5,80,40,na,na,75,1.45,0.77,0,,NCC_GR31,411322,
2025-Jul,2025-07-05,Granville,na,na,OP/DCO/DVM/LL,na,184,50,4,50,7,na,na,12,0.04,0.06,0,,NCC_GR22,,
2025-Jul,2025-07-05,Granville,na,na,OP/DCO/DVM/LL,na,289,70,3,65,24,na,na,37,0.19,0.22,0,,NCC_GR21,,
2025-Jul,2025-07-05,Granville,na,na,OP/DCO/DVM/LL,na,404,180,4,93,36,na,na,63,0.92,0.59,0,,NCC_GR20,,
2025-Jul,2025-07-05,Granville,na,na,OP/DCO/DVM/LL,na,532,100,5,84,25,na,na,41,0.43,0.43,0,,NCC_GR19,,
2025-Jul,2025-07-05,Granville,na,na,OP/DCO/DVM/LL,na,519,130,4,89,44,na,na,90,1.73,1.25,0,,NCC_GR18,,
2025-Jul,2025-07-05,Granville,na,na,OP/DCO/DVM/LL,na,531,140,5,96,44,na,na,47,1.64,1.07,0,,NCC_GR17,,
2025-Jul,2025-07-05,Granville,na,na,OP/DCO/DVM/LL,na,355,80,3,72,20,na,na,31,0.21,0.25,0,,NCC_GR16,,
2025-Jul,2025-07-05,Granville,na,na,OP/DCO/DVM/LL,na,496,110,4,89,46,na,na,95,0.98,1.01,0,,NCC_GR15,,
2025-Jul,2025-07-05,Granville,na,na,OP/DCO/DVM/LL,na,238,80,3,71,23,na,na,41,0.22,0.22,0,,NCC_GR32,,
2025-Jul,2025-07-05,Granville,na,na,OP/DCO/DVM/LL,na,127,57,4,52,12,na,na,16,0.5,0.4,0,,NCC_GR33,,
2025-Jul,2025-07-05,Granville,na,na,OP/DCO/DVM/LL,na,277,110,3,70,25,na,na,39,0.17,0.14,0,,NCC_GR14,,
2025-Jul,2025-07-05,Granville,na,na,OP/DCO/DVM/LL,na,186,60,3,61,15,na,na,29,0.21,0.21,0,,NCC_GR13,,
2025-Jul,2025-07-05,Granville,na,na,OP/DCO/DVM/LL,na,272,160,6,86,33,na,na,61,1.25,0.66,0,,NCC_GR12,,
2025-Jul,2025-07-05,Granville,na,na,OP/DCO/DVM/LL,na,415,150,3.5,84,35,na,na,53,0.78,0.63,0,,NCC_GR11,411320,
2025-Jul,2025-07-05,Granville,na,na,OP/DCO/DVM/LL,na,280,120,5,81,30,na,na,62,0.73,0.73,0,,NCC_GR10,411321,
2025-Jul,2025-07-05,Granville,na,na,OP/DCO/DVM/LL,na,191,94,3,64,11,na,na,21,0.11,0.12,0,,NCC_GR03,,
2025-Jul,2025-07-05,Granville,na,na,OP/DCO/DVM/LL,na,447,110,4.5,78,26,na,na,58,0.65,0.35,0,,NCC_GR04,,
2025-Jul,2025-07-05,Granville,na,na,OP/DCO/DVM/LL,na,306,129,3.5,89,24,na,na,65,0.7,0.48,0,,NCC_GR05,,
2025-Jul,2025-07-05,Granville,na,na,OP/DCO/DVM/LL,na,305,100,3,74,23,na,na,38,0.25,0.22,0,,NCC_GR06,,
2025-Jul,2025-07-05,Granville,na,na,OP/DCO/DVM/LL,na,285,100,4.5,70,17,na,na,26,0.22,0.16,0,,NCC_GR01,,
2025-Jul,2025-07-05,Granville,na,na,OP/DCO/DVM/LL,na,365,125,7,84,34,na,na,46,1.35,0.58,0,,NCC_GR02,,
2025-Jul,2025-07-08,Robert_rocks,na,na,OP/AS/LL/DVM/DCO,na,190,123,3.5,57,17,na,na,17,0.32,0.13,0,,NCC_RR13,411369,
2025-Jul,2025-07-08,Robert_rocks,na,na,OP/AS/LL/DVM/DCO,na,514,218,6.5,67,28,na,na,21,0.93,0.38,0,,NCC_RR29,411368,
2025-Jul,2025-07-08,Robert_rocks,na,na,OP/AS/LL/DVM/DCO,na,2000,106,3,58,13,na,na,14,0.15,0.15,0,,NCC_RR30,411367,
2025-Jul,2025-07-08,Robert_rocks,na,na,OP/AS/LL/DVM/DCO,na,670,223,7,64,33,na,na,25,1.77,0.56,0,,NCC_RR24,411366,
2025-Jul,2025-07-08,Robert_rocks,na,na,OP/AS/LL/DVM/DCO,na,848,345,6,,,,,42,6.01,2.42,L,,NCC_RR23,411365,
2025-Jul,2025-07-08,Robert_rocks,na,na,OP/AS/LL/DVM/DCO,na,594,254,9,76,43,na,na,23,2.84,1.36,0,,NCC_RR25,411364,
2025-Jul,2025-07-08,Robert_rocks,na,na,OP/AS/LL/DVM/DCO,na,169,87,3,45,7,na,na,9,0.14,0.11,0,,NCC_RR26,411363,
2025-Jul,2025-07-08,Robert_rocks,na,na,OP/AS/LL/DVM/DCO,na,241,100,4,57,11,na,na,19,0.34,0.14,0,,NCC_RR27,411362,
2025-Jul,2025-07-08,Robert_rocks,na,na,OP/AS/LL/DVM/DCO,na,637,290,10,90,51,na,na,47,6.95,2.62,H,,NCC_RR28,411361,
2025-Jul,2025-07-08,Robert_rocks,na,na,OP/AS/LL/DVM/DCO,na,189,114,4.5,62,16,na,na,22,0.34,0.18,0,,NCC_RR31,411360,
2025-Jul,2025-07-08,Robert_rocks,na,na,OP/AS/LL/DVM/DCO,220,325,126,4.5,65,26,na,na,21,0.42,0.25,0,,NCC_RR14,411359,
2025-Jul,2025-07-08,Robert_rocks,na,na,OP/AS/LL/DVM/DCO,2542,607,342,10,80,52,na,na,24,4.86,2.47,H,,NCC_RR15,411358,
2025-Jul,2025-07-08,Robert_rocks,na,na,OP/AS/LL/DVM/DCO,na,794,275,11,91,58,na,na,60,8.92,3.86,H,,NCC_RR16,,
2025-Jul,2025-07-08,Robert_rocks,na,na,OP/AS/LL/DVM/DCO,na,805,241,6.5,84,48,na,na,42,4.86,1.93,L,,NCC_RR17,,
2025-Jul,2025-07-08,Robert_rocks,na,na,OP/AS/LL/DVM/DCO,2670,741,328,6,82,50,na,na,35,3.51,1.58,L,,NCC_RR18,,
2025-Jul,2025-07-08,Robert_rocks,na,na,OP/AS/LL/DVM/DCO,na,339,106,4.5,68,24,na,na,20,0.27,0.19,0,,NCC_RR19,,
2025-Jul,2025-07-08,Robert_rocks,na,na,OP/AS/LL/DVM/DCO,222,268,80,5,57,14,na,na,10,0.05,0.05,0,,NCC_RR20,,
2025-Jul,2025-07-08,Robert_rocks,na,na,OP/AS/LL/DVM/DCO,2599,425,241,5,76,33,na,na,36,1.38,0.48,0,,NCC_RR21,,
2025-Jul,2025-07-08,Robert_rocks,na,na,OP/AS/LL/DVM/DCO,na,265,121,4,60,17,na,na,16,0.22,0.11,0,,NCC_RR22,,
2025-Jul,2025-07-08,Robert_rocks,na,na,OP/AS/LL/DVM/DCO,213,190,39,4.5,48,12,na,na,8,0.03,0.02,0,,NCC_RR03,,
2025-Jul,2025-07-08,Robert_rocks,na,na,OP/AS/LL/DVM/DCO,2597,433,266,5.5,70,37,na,na,20,1.21,0.5,0,"*bags dropped, unknown association between plant and sample",NCC_RR01*,,
2025-Jul,2025-07-08,Robert_rocks,na,na,OP/AS/LL/DVM/DCO,2663,398,170,5,66,30,na,na,29,0.75,0.29,0,"*bags dropped, unknown association between plant and sample",NCC_RR02*,,
2025-Jul,2025-07-08,Robert_rocks,na,na,OP/AS/LL/DVM/DCO,2600,444,227,5,77,39,na,na,24,0.98,0.49,0,"*bags dropped, unknown association between plant and sample",NCC_RR04*,,
2025-Jul,2025-07-08,Robert_rocks,na,na,OP/AS/LL/DVM/DCO,na,426,108,6,65,24,na,na,15,0.3,0.22,0,"*bags dropped, unknown association between plant and sample",NCC_RR05*,,
2025-Jul,2025-07-08,Robert_rocks,na,na,OP/AS/LL/DVM/DCO,2590,442,166,4.5,60,27,na,na,6,0.18,0.3,0,"*bags dropped, unknown association between plant and sample",NCC_RR06*,,
2025-Jul,2025-07-08,Robert_rocks,na,na,OP/AS/LL/DVM/DCO,2551,321,142,4,56,26,na,na,14,0.29,0.23,0,"*bags dropped, unknown association between plant and sample",NCC_RR07*,,
2025-Jul,2025-07-08,Robert_rocks,na,na,OP/AS/LL/DVM/DCO,2603,535,295,6.5,77,41,na,na,27,2.31,0.98,0,"*bags dropped, unknown association between plant and sample",NCC_RR08*,,
2025-Jul,2025-07-08,Robert_rocks,na,na,OP/AS/LL/DVM/DCO,2680,380,220,5.5,79,40,na,na,24,1.2,0.61,0,"*bags dropped, unknown association between plant and sample",NCC_RR09*,,
2025-Jul,2025-07-08,Robert_rocks,na,na,OP/AS/LL/DVM/DCO,1946,428,117,6,62,24,na,na,16,0.51,0.24,0,"*bags dropped, unknown association between plant and sample",NCC_RR010*,,
2025-Jul,2025-07-08,Robert_rocks,na,na,OP/AS/LL/DVM/DCO,na,614,154,6,69,36,na,na,24,0.76,0.67,0,"*bags dropped, unknown association between plant and sample",NCC_RR11*,,
2025-Jul,2025-07-08,Robert_rocks,na,na,OP/AS/LL/DVM/DCO,na,456,131,5.5,75,26,na,na,27,0.49,0.36,0,"*bags dropped, unknown association between plant and sample",NCC_RR12*,,
2025-Jul,2025-07-08,Robert_rocks,na,na,OP/AS/LL/DVM/DCO,na,698,352,6.5,63,40,na,na,20,2.16,1.02,0,,,,
2025-Jul,2025-07-08,Robert_rocks,na,na,OP/AS/LL/DVM/DCO,na,727,179,6,65,33,na,na,24,0.81,0.47,0,,,,
2025-Jul,2025-07-08,Robert_rocks,na,na,OP/AS/LL/DVM/DCO,na,706,457,8,96,53,na,na,51,5.47,2.13,0,,,,
2025-Jul,2025-07-07,McMullins_west,na,na,na,na,115,25,2.8,44,17,na,na,22,0.06,0.03,0,,NCC_MC27,,
2025-Jul,2025-07-07,McMullins_west,na,na,na,na,641,334,9.8,96,48,na,na,103,10.23,1.88,L,,NCC_MC24,411355,
2025-Jul,2025-07-07,McMullins_west,na,na,na,na,198,60,3.5,71,23,na,na,36,0.38,0.22,0,,NCC_MC32,411346,
2025-Jul,2025-07-07,McMullins_west,na,na,na,na,364,118,3.8,81,24,na,na,36,0.62,0.34,0,,NCC_MC31,411347,
2025-Jul,2025-07-07,McMullins_west,na,na,na,na,498,196,5.8,87,45,na,na,86,2.44,1.03,0,,NCC_MC33,411348,
2025-Jul,2025-07-07,McMullins_west,na,na,na,na,285,85,4.5,63,14,na,na,31,0.32,0.16,0,,NCC_MC28,411349,
2025-Jul,2025-07-07,McMullins_west,na,na,na,na,485,130,8,75,31,na,na,45,1.02,0.53,0,,NCC_MC1,411350,
2025-Jul,2025-07-07,McMullins_west,na,na,na,na,432,110,5.2,77,28,na,na,38,0.77,0.38,0,,NCC_MC29,411351,
2025-Jul,2025-07-07,McMullins_west,na,na,na,na,569,160,5.3,85,37,na,na,58,1.91,0.81,0,,NCC_MC9,411352,
2025-Jul,2025-07-07,McMullins_west,na,na,na,na,362,173,4.4,85,39,na,na,55,1.51,0.85,0,,NCC_MC10,411353,
2025-Jul,2025-07-07,McMullins_west,na,na,na,na,318,92,4.9,73,15,na,na,19,0.26,0.19,0,,NCC_MC25 & NCC_MC26,411354,
2025-Jul,2025-07-07,McMullins_west,na,na,na,na,162,40,3.6,55,6,na,na,14,0.09,0.05,0,,NCC_MC2,411356,
2025-Jul,2025-07-07,McMullins_west,na,na,na,na,476,266,10.6,86,49,na,na,56,4.51,1.43,0,,NCC_MC3,411357,
2025-Jul,2025-07-07,McMullins_west,na,na,na,na,255,57,3.7,65,17,na,na,27,0.25,0.18,0,,NCC_MC4,,
2025-Jul,2025-07-07,McMullins_west,na,na,na,na,204,47,2.5,69,14,na,na,26,0.17,0.1,0,,NCC_MC5,,
2025-Jul,2025-07-07,McMullins_west,na,na,na,na,377,123,6.5,75,21,na,na,51,0.8,0.24,0,,NCC_MC8,,
2025-Jul,2025-07-07,McMullins_west,na,na,na,na,512,209,5.7,84,37,na,na,80,2.9,0.88,0,,NCC_MC7,,
2025-Jul,2025-07-07,McMullins_west,na,na,na,na,664,210,8.8,86,52,na,na,73,5.61,1.92,L,,NCC_MC19,,
2025-Jul,2025-07-07,McMullins_west,na,na,na,na,617,192,7,63,39,na,na,68,1.99,0.87,0,,NCC_MC20,,
2025-Jul,2025-07-07,McMullins_west,na,na,na,na,482,120,6.5,79,35,na,na,64,1.23,0.57,0,,NCC_MC21,,
2025-Jul,2025-07-07,McMullins_west,na,na,na,223,380,126,4.5,82,30,na,na,55,0.87,1.4,0,,NCC_MC23,,
2025-Jul,2025-07-07,McMullins_west,na,na,na,2679,283,138,4.5,90,40,na,na,62,1.26,0.56,0,,NCC_MC17,,
2025-Jul,2025-07-07,McMullins_west,na,na,na,2677,310,170,6,80,39,na,na,38,1.36,0.67,0,,NCC_MC12,,
2025-Jul,2025-07-07,McMullins_west,na,na,na,2604,222,90,4.2,72,20,na,na,41,0.45,0.23,0,,NCC_MC06,,
2025-Jul,2025-07-07,McMullins_west,na,na,na,224,690,80,7.2,82,46,na,na,83,2.63,1.33,0,,NCC_MC22,,
2025-Jul,2025-07-07,McMullins_west,na,na,na,206,212,35,3.4,67,21,na,na,33,0.14,0.14,0,,NCC_MC18,,
2025-Jul,2025-07-07,McMullins_west,na,na,na,201,260,80,3.5,75,25,na,na,23,0.22,0.23,0,,NCC_MC13,,
2025-Jul,2025-07-07,McMullins_west,na,na,na,217,391,160,5.5,78,30,na,na,36,0.73,0.44,0,,NCC_MC14,,
2025-Jul,2025-07-07,McMullins_west,na,na,na,204,402,110,4.2,76,28,na,na,37,0.54,0.32,0,,NCC_MC15,,
2025-Jul,2025-07-07,McMullins_west,na,na,na,208,465,180,5.5,81,39,na,na,61,1.4,0.88,0,,NCC_MC16,,
2025-Jul,2025-07-07,McMullins_west,na,na,na,2070,230,80,3.3,51,20,na,na,23,0.19,0.1,0,,NCC_MC11,,
2025-Jul,2025-07-07,McMullins_west,na,na,na,2602,428,330,6.7,96,42,na,na,73,5.27,1.61,L,,NCC_MC30,,
2025-Jul,2025-07-07,McMullins_west,na,na,na,2547,255,98,4.1,68,23,na,na,29,0.28,0.18,0,,NCC_MC40,,
2025-Jul,2025-07-07,McMullins_west,na,na,na,2515,510,260,8,85,39,na,na,52,2.98,0.92,0,,NCC_MC41,,
2025-Jul,2025-07-08,Turf,na,na,OP/LL/DCO/DVM/AS,na,167,30,4,40,6,na,na,7,0.03,0.03,0,,NCC_T09,411381,
2025-Jul,2025-07-08,Turf,na,na,OP/LL/DCO/DVM/AS,na,285,61,5,61,11,na,na,27,0.22,0.06,0,,NCC_T11,411380,
2025-Jul,2025-07-08,Turf,na,na,OP/LL/DCO/DVM/AS,na,325,88,5,60,18,na,na,25,0.26,0.15,0,,NCC_T29,411379,
2025-Jul,2025-07-08,Turf,na,na,OP/LL/DCO/DVM/AS,na,210,40,4.5,50,6,na,na,7,0.2,0.03,0,,NCC_T21,411378,
2025-Jul,2025-07-08,Turf,na,na,OP/LL/DCO/DVM/AS,na,379,93,6.5,70,12,na,na,22,0.23,0.1,0,,NCC_T23,411377,
2025-Jul,2025-07-08,Turf,na,na,OP/LL/DCO/DVM/AS,na,288,70,5.5,50,8,na,na,11,0.08,0.08,0,,NCC_T12,411376,
2025-Jul,2025-07-08,Turf,na,na,OP/LL/DCO/DVM/AS,na,718,249,8.5,76,40,na,na,30,0.37,1.12,0,,NCC_T15,411375,
2025-Jul,2025-07-08,Turf,na,na,OP/LL/DCO/DVM/AS,na,277,140,4.5,64,17,na,na,13,0.07,0.14,0,,NCC_T16,411374,
2025-Jul,2025-07-08,Turf,na,na,OP/LL/DCO/DVM/AS,na,351,88,6,74,23,na,na,34,0.48,0.25,0,,NCC_T17,411373,
2025-Jul,2025-07-08,Turf,na,na,OP/LL/DCO/DVM/AS,na,402,391,10,76,44,na,na,53,6,0.84,L,,NCC_T13,411372,
2025-Jul,2025-07-08,Turf,na,na,OP/LL/DCO/DVM/AS,na,860,257,6.5,85,42,na,na,42,2.18,1.31,0,,NCC_T20,411371,
2025-Jul,2025-07-08,Turf,na,na,OP/LL/DCO/DVM/AS,na,469,120,5.5,52,23,na,na,22,0.47,0.23,0,,NCC_T25,411370,
2025-Jul,2025-07-08,Turf,na,na,OP/LL/DCO/DVM/AS,na,235,53,5.5,50,9,na,na,19,0.2,0.07,0,,NCC_T06,,
2025-Jul,2025-07-08,Turf,na,na,OP/LL/DCO/DVM/AS,na,382,255,7.5,92,54,na,na,36,4.06,1.63,L,,NCC_T19,,
2025-Jul,2025-07-08,Turf,na,na,OP/LL/DCO/DVM/AS,na,290,90,4,65,20,na,na,28,0.26,0.18,0,,NCC_T05,,
2025-Jul,2025-07-08,Turf,na,na,OP/LL/DCO/DVM/AS,na,307,85,4.5,60,20,na,na,29,0.26,0.12,0,,NCC_T26,,
2025-Jul,2025-07-08,Turf,na,na,OP/LL/DCO/DVM/AS,na,200,62,4,60,16,na,na,20,0.12,0.11,0,,NCC_T07,,
2025-Jul,2025-07-08,Turf,na,na,OP/LL/DCO/DVM/AS,na,237,44,4.5,45,10,na,na,17,0.06,0.04,0,,NCC_T04,,
2025-Jul,2025-07-08,Turf,na,na,OP/LL/DCO/DVM/AS,na,267,70,4,54,9,na,na,14,0.15,0.08,0,,NCC_T08,,
2025-Jul,2025-07-08,Turf,na,na,OP/LL/DCO/DVM/AS,na,480,130,6,59,17,na,na,13,0.28,0.14,0,,NCC_T27,,
2025-Jul,2025-07-08,Turf,na,na,OP/LL/DCO/DVM/AS,na,362,100,6,56,14,na,na,15,0.17,0.1,0,,NCC_T03,,
2025-Jul,2025-07-08,Turf,na,na,OP/LL/DCO/DVM/AS,na,625,130,8,53,21,na,na,32,0.59,0.23,0,,NCC_T22,,
2025-Jul,2025-07-08,Turf,na,na,OP/LL/DCO/DVM/AS,na,590,130,6,73,26,na,na,31,0.6,0.39,0,,NCC_T28,,
2025-Jul,2025-07-08,Turf,na,na,OP/LL/DCO/DVM/AS,na,457,100,7,70,13,na,na,24,0.36,0.2,0,,NCC_T24,,
2025-Jul,2025-07-08,Turf,na,na,OP/LL/DCO/DVM/AS,na,603,140,5,59,21,na,na,17,0.3,0.2,0,,NCC_T18,,
2025-Jul,2025-07-08,Turf,na,na,OP/LL/DCO/DVM/AS,na,593,150,7.5,66,30,na,na,29,0.67,0.39,0,,NCC_T01,,
2025-Jul,2025-07-08,Turf,na,na,OP/LL/DCO/DVM/AS,na,542,270,9,82,44,na,na,43,2.63,0.96,0,,NCC_T30,,
2025-Jul,2025-07-08,Turf,na,na,OP/LL/DCO/DVM/AS,na,214,60,6,52,10,na,na,10,0.09,0.09,0,,NCC_T10,,
2025-Jul,2025-07-08,Turf,na,na,OP/LL/DCO/DVM/AS,na,285,90,5,55,16,na,na,12,0.13,0.1,0,,NCC_T31,,
2025-Jul,2025-07-08,Turf,na,na,OP/LL/DCO/DVM/AS,na,348,40,4,50,8,na,na,10,0.04,0.07,0,,NCC_T31,,
2025-Jul,2025-07-13,Manley,na,na,OP/LL/DCO/DVM/AS,na,430,80,3.6,81,30,na,na,37,0.41,0.36,0,,NCC_MA01,411466,
2025-Jul,2025-07-14,Manley,na,na,OP/LL/DCO/DVM/AS,na,450,50,3,72,15,na,na,17,0.15,0.17,0,,NCC_MA02,411467,
2025-Jul,2025-07-14,Manley,na,na,OP/LL/DCO/DVM/AS,na,467,51,6.3,77,23,na,na,27,0.19,0.2,0,,NCC_MA09,411465,
2025-Jul,2025-07-14,Manley,na,na,OP/LL/DCO/DVM/AS,na,310,56,5.3,68,15,na,na,27,0.2,0.13,0,,NCC_MA28,411469,
2025-Jul,2025-07-14,Manley,na,na,OP/LL/DCO/DVM/AS,na,484,53,3.8,80,25,na,na,37,0.21,0.24,0,,NCC_MA30,411470,
2025-Jul,2025-07-14,Manley,na,na,OP/LL/DCO/DVM/AS,na,217,40,2.7,65,10,na,na,19,0.07,0.07,0,,NCC_MA15,411471,
2025-Jul,2025-07-14,Manley,na,na,OP/LL/DCO/DVM/AS,na,295,65,4,67,15,na,na,26,0.14,0.14,0,,NCC_MA29,411472,
2025-Jul,2025-07-14,Manley,na,na,OP/LL/DCO/DVM/AS,na,270,64,4.6,85,22,na,na,39,0.37,0.23,0,,NCC_MA21,411473,
2025-Jul,2025-07-14,Manley,na,na,OP/LL/DCO/DVM/AS,na,230,68,4.3,73,19,na,na,26,0.21,0.18,0,,NCC_MA16,411474,
2025-Jul,2025-07-14,Manley,na,na,OP/LL/DCO/DVM/AS,na,302,109,7,89,25,na,na,47,0.61,0.3,0,,NCC_MA11,411475,
2025-Jul,2025-07-14,Manley,na,na,OP/LL/DCO/DVM/AS,na,357,67,4.5,82,21,na,na,36,0.25,0.26,0,,NCC_MA14,411476,
2025-Jul,2025-07-14,Manley,na,na,OP/LL/DCO/DVM/AS,na,228,68,5.5,86,28,na,na,41,0.29,0.31,0,,NCC_MA27,411477,
2025-Jul,2025-07-14,Manley,na,na,OP/LL/DCO/DVM/AS,na,363,43,4,98,26,na,na,46,0.2,0.42,0,,NCC_MA13,,
2025-Jul,2025-07-14,Manley,na,na,OP/LL/DCO/DVM/AS,na,282,52,4.5,88,31,na,na,43,0.17,0.34,0,,NCC_MA17,,
2025-Jul,2025-07-14,Manley,na,na,OP/LL/DCO/DVM/AS,na,273,55,4.5,94,24,na,na,33,0.21,0.36,0,,NCC_MA26,,
2025-Jul,2025-07-14,Manley,na,na,OP/LL/DCO/DVM/AS,na,249,66,5,82,23,na,na,41,0.38,0.23,0,,NCC_MA12,,
2025-Jul,2025-07-14,Manley,na,na,OP/LL/DCO/DVM/AS,na,277,70,4.5,86,21,na,na,37,0.29,0.24,0,,NCC_MA10,,
2025-Jul,2025-07-14,Manley,na,na,OP/LL/DCO/DVM/AS,na,283,60,5,73,21,na,na,18,0.07,0.14,0,,NCC_MA08,,
2025-Jul,2025-07-14,Manley,na,na,OP/LL/DCO/DVM/AS,na,424,58,4.4,84,24,na,na,57,0.37,0.31,0,,NCC_MA07,,
2025-Jul,2025-07-14,Manley,na,na,OP/LL/DCO/DVM/AS,na,264,49,3.3,74,19,na,na,24,0.08,0.12,0,,NCC_MA25,,
2025-Jul,2025-07-14,Manley,na,na,OP/LL/DCO/DVM/AS,na,208,83,4.3,76,24,na,na,55,0.5,0.2,0,,NCC_MA06,,
2025-Jul,2025-07-14,Manley,na,na,OP/LL/DCO/DVM/AS,na,383,67,4.8,90,29,na,na,44,0.38,0.39,0,,NCC_MA05,,
2025-Jul,2025-07-14,Manley,na,na,OP/LL/DCO/DVM/AS,na,148,76,4.7,79,20,na,na,26,0.22,0.19,0,,NCC_MA03,,
2025-Jul,2025-07-14,Manley,na,na,OP/LL/DCO/DVM/AS,na,123,62,5.4,56,8,na,na,21,0.14,0.03,0,,NCC_MA04,,
2025-Jul,2025-07-14,Manley,na,na,OP/LL/DCO/DVM/AS,na,175,22,3,45,4,na,na,10,0.03,0.04,0,,NCC_MA24,,
2025-Jul,2025-07-14,Manley,na,na,OP/LL/DCO/DVM/AS,na,179,85,4.9,75,11,na,na,22,0.19,0.16,0,,NCC_MA23,,
2025-Jul,2025-07-14,Manley,na,na,OP/LL/DCO/DVM/AS,na,227,93,5.1,85,27,na,na,49,0.51,0.28,0,,NCC_MA22,,
2025-Jul,2025-07-14,Manley,na,na,OP/LL/DCO/DVM/AS,na,179,40,4,59,12,na,na,24,0.06,0.05,0,,NCC_MA20,,
2025-Jul,2025-07-14,Manley,na,na,OP/LL/DCO/DVM/AS,na,231,52,3,75,21,na,na,29,0.09,0.16,0,,NCC_MA19,,
2025-Jul,2025-07-14,Manley,na,na,OP/LL/DCO/DVM/AS,na,150,63,4,68,9,na,na,18,0.01,0.06,0,,NCC_MA18,,
2025-Jul,2025-07-16,Ratatouille,na,na,OP/LL/DCO/DVM/AS,na,1066,170,6.2,78,34,na,na,34,1.03,1.02,0,EXTRA 0.19,NCC_R29,411501,
2025-Jul,2025-07-16,Ratatouille,na,na,OP/LL/DCO/DVM/AS,na,780,28,3.5,51,20,na,na,13,0.02,0.87,0,,NCC_R11,411500,
2025-Jul,2025-07-16,Ratatouille,na,na,OP/LL/DCO/DVM/AS,na,811,60,3.4,55,25,na,na,15,0.11,0.25,0,,NCC_R12,411499,
2025-Jul,2025-07-16,Ratatouille,na,na,OP/LL/DCO/DVM/AS,na,855,130,4.5,51,21,na,na,18,0.32,0.2,0,,NCC_R24,411498,
2025-Jul,2025-07-16,Ratatouille,na,na,OP/LL/DCO/DVM/AS,na,712,80,3.5,59,24,na,na,20,0.13,0.2,0,,NCC_R25,411497,
2025-Jul,2025-07-16,Ratatouille,na,na,OP/LL/DCO/DVM/AS,na,849,120,3.5,64,30,na,na,24,0.31,0.31,0,,NCC_R30,411496,
2025-Jul,2025-07-16,Ratatouille,na,na,OP/LL/DCO/DVM/AS,na,918,70,4.4,65,28,na,na,25,0.19,0.28,0,,NCC_R27,411495,
2025-Jul,2025-07-16,Ratatouille,na,na,OP/LL/DCO/DVM/AS,na,780,70,3.2,57,25,na,na,18,0.2,0.16,0,,NCC_R23,411494,
2025-Jul,2025-07-16,Ratatouille,na,na,OP/LL/DCO/DVM/AS,na,1040,100,5.3,72,35,na,na,28,0.55,0.73,0,,NCC_R22,411493,
2025-Jul,2025-07-16,Ratatouille,na,na,OP/LL/DCO/DVM/AS,na,1008,234,9.5,63,29,na,na,36,2.4,1.19,L,,NCC_R21,411492,
2025-Jul,2025-07-16,Ratatouille,na,na,OP/LL/DCO/DVM/AS,na,1106,210,7.5,80,45,na,na,31,2.23,1.49,L,,NCC_R19,411491,
2025-Jul,2025-07-16,Ratatouille,na,na,OP/LL/DCO/DVM/AS,na,1044,254,10,61,42,na,na,60,2.98,1.25,L,,NCC_R20,411490,
2025-Jul,2025-07-16,Ratatouille,na,na,OP/LL/DCO/DVM/AS,na,1026,180,5.5,60,35,na,na,21,0.79,0.86,0,,NCC_R18,,
2025-Jul,2025-07-16,Ratatouille,na,na,OP/LL/DCO/DVM/AS,na,990,180,8.5,65,30,na,na,35,0.61,0.4,0,,NCC_R17,,
2025-Jul,2025-07-16,Ratatouille,na,na,OP/LL/DCO/DVM/AS,na,1026,283,7,75,50,na,na,36,2.55,2.15,L,,NCC_R16,,
2025-Jul,2025-07-16,Ratatouille,na,na,OP/LL/DCO/DVM/AS,na,914,167,3.1,60,35,na,na,35,0.48,0.61,0,,NCC_R15,,
2025-Jul,2025-07-16,Ratatouille,na,na,OP/LL/DCO/DVM/AS,na,728,52,3,50,20,na,na,29,0.11,0.12,0,,NCC_R14,,
2025-Jul,2025-07-16,Ratatouille,na,na,OP/LL/DCO/DVM/AS,na,670,67,3.3,65,20,na,na,15,0.08,0.26,0,,NCC_R13,,
2025-Jul,2025-07-16,Ratatouille,na,na,OP/LL/DCO/DVM/AS,na,1142,145,60,57,32,na,na,18,0.5,0.39,0,,NCC_R26,,
2025-Jul,2025-07-16,Ratatouille,na,na,OP/LL/DCO/DVM/AS,na,877,102,50,63,25,na,na,25,0.26,0.17,0,,NCC_R28,,
2025-Jul,2025-07-16,Ratatouille,na,na,OP/LL/DCO/DVM/AS,na,1053,98,40,58,26,na,na,28,0.32,0.62,0,,NCC_R10,,
2025-Jul,2025-07-16,Ratatouille,na,na,OP/LL/DCO/DVM/AS,na,893,70,60,49,15,na,na,20,0.27,0.16,0,,NCC_R09,,
2025-Jul,2025-07-16,Ratatouille,na,na,OP/LL/DCO/DVM/AS,na,1131,210,60,72,40,na,na,17,0.51,1.14,0,,NCC_R08,,
2025-Jul,2025-07-16,Ratatouille,na,na,OP/LL/DCO/DVM/AS,na,1183,104,40,60,33,na,na,15,0.27,0.38,0,,NCC_R07,,
2025-Jul,2025-07-16,Ratatouille,na,na,OP/LL/DCO/DVM/AS,na,757,39,30,50,13,na,na,19,0.08,0.1,0,,NCC_R06,,
2025-Jul,2025-07-16,Ratatouille,na,na,OP/LL/DCO/DVM/AS,na,517,59,35,53,20,na,na,16,0.09,0.13,0,,NCC_R05,,
2025-Jul,2025-07-16,Ratatouille,na,na,OP/LL/DCO/DVM/AS,na,668,24,30,52,15,na,na,8,0.03,0.09,0,,NCC_R04,,
2025-Jul,2025-07-16,Ratatouille,na,na,OP/LL/DCO/DVM/AS,na,846,200,57,91,52,na,na,70,4.81,2.31,0,,NCC_R03,,
2025-Jul,2025-07-16,Ratatouille,na,na,OP/LL/DCO/DVM/AS,na,1058,100,49,54,21,na,na,19,0.27,0.21,0,,NCC_R02,,
2025-Jul,2025-07-16,Ratatouille,na,na,OP/LL/DCO/DVM/AS,na,1105,100,67,56,32,na,na,23,0.38,0.48,0,,NCC_R01,,
2025-Jul,2025-07-16,North,na,na,OP/LL/DCO/DVM/AS,na,309,112,6,60,20,na,na,32,0.55,0.21,L,,NCC_N14,411513,
2025-Jul,2025-07-16,North,na,na,OP/LL/DCO/DVM/AS,na,262,143,5,67,30,na,na,35,1.11,0.36,L,,NCC_N16,411512,
2025-Jul,2025-07-16,North,na,na,OP/LL/DCO/DVM/AS,na,435,173,9,83,52,na,na,31,1.94,2.24,L,,NCC_N20,411511,
2025-Jul,2025-07-16,North,na,na,OP/LL/DCO/DVM/AS,na,301,99,10,68,14,na,na,14,0.27,0.13,L,,NCC_N19,411510,
2025-Jul,2025-07-16,North,na,na,OP/LL/DCO/DVM/AS,na,454,198,8,76,44,na,na,50,2.96,1.31,L,,NCC_N18,411509,
2025-Jul,2025-07-16,North,na,na,OP/LL/DCO/DVM/AS,na,507,153,10,88,56,na,na,27,1.11,2.81,L,,NCC_N17,411508,
2025-Jul,2025-07-16,North,na,na,OP/LL/DCO/DVM/AS,na,364,206,7,85,40,na,na,55,3.27,0.98,L,,NCC_N28,411507,
2025-Jul,2025-07-16,North,na,na,OP/LL/DCO/DVM/AS,na,320,264,8,84,52,na,na,54,5.13,1.54,L,,NCC_N27,411506,
2025-Jul,2025-07-16,North,na,na,OP/LL/DCO/DVM/AS,na,164,82,4,54,12,na,na,20,0.07,0.06,0,,NCC_N26,411505,
2025-Jul,2025-07-16,North,na,na,OP/LL/DCO/DVM/AS,na,270,57,4.5,62,11,na,na,12,0.09,0.09,0,,NCC_N30,411504,
2025-Jul,2025-07-16,North,na,na,OP/LL/DCO/DVM/AS,na,399,240,8,54,41,na,na,67,2.9,0.99,L,,NCC_N25,411503,
2025-Jul,2025-07-16,North,na,na,OP/LL/DCO/DVM/AS,na,398,120,8.2,65,17,na,na,22,0.43,0.17,0,,NCC_N24,411502,
2025-Jul,2025-07-16,North,na,na,OP/LL/DCO/DVM/AS,na,338,150,9.1,62,40,na,na,59,0.39,1.19,L,,NCC_N15,,
2025-Jul,2025-07-16,North,na,na,OP/LL/DCO/DVM/AS,na,260,120,4.5,74,25,na,na,60,0.4,0.28,0,,NCC_N29,,
2025-Jul,2025-07-16,North,na,na,OP/LL/DCO/DVM/AS,na,446,200,8,58,44,na,na,33,2.75,1.5,H,,NCC_N21,,
2025-Jul,2025-07-16,North,na,na,OP/LL/DCO/DVM/AS,na,314,190,7,54,50,na,na,56,3.11,1.13,0,,NCC_N23,,
2025-Jul,2025-07-16,North,na,na,OP/LL/DCO/DVM/AS,na,405,200,7.6,80,45,na,na,50,3.08,1.24,0,,NCC_N22,,
2025-Jul,2025-07-16,North,na,na,OP/LL/DCO/DVM/AS,na,279,60,3,60,14,na,na,24,0.1,0.12,0,,NCC_N12,,
2025-Jul,2025-07-16,North,na,na,OP/LL/DCO/DVM/AS,na,344,100,6.5,69,20,na,na,36,0.24,0.21,0,,NCC_N11,,
2025-Jul,2025-07-16,North,na,na,OP/LL/DCO/DVM/AS,na,180,90,5.5,60,14,na,na,15,0.09,0.1,0,,NCC_N10,,
2025-Jul,2025-07-16,North,na,na,OP/LL/DCO/DVM/AS,na,314,80,5.5,59,14,na,na,33,0.19,0.13,0,,NCC_N09,,
2025-Jul,2025-07-16,North,na,na,OP/LL/DCO/DVM/AS,na,220,90,4.5,58,17,na,na,14,0.06,0.1,0,,NCC_N08,,
2025-Jul,2025-07-16,North,na,na,OP/LL/DCO/DVM/AS,na,476,170,8,75,27,na,na,49,1.04,0.47,0,,NCC_N07,,
2025-Jul,2025-07-16,North,na,na,OP/LL/DCO/DVM/AS,na,412,60,5,66,19,na,na,25,0.11,0.14,0,,NCC_N06,,
2025-Jul,2025-07-16,North,na,na,OP/LL/DCO/DVM/AS,na,175,90,8,69,14,na,na,23,0.19,0.14,0,,NCC_N05,,
2025-Jul,2025-07-16,North,na,na,OP/LL/DCO/DVM/AS,na,446,120,8,76,30,na,na,48,0.46,0.48,0,,NCC_N13,,
2025-Jul,2025-07-16,North,na,na,OP/LL/DCO/DVM/AS,na,260,70,4,65,13,na,na,22,0.12,0.11,0,,NCC_N02,,
2025-Jul,2025-07-16,North,na,na,OP/LL/DCO/DVM/AS,na,385,125,8,78,31,na,na,30,0.53,0.4,0,,NCC_N04,,
2025-Jul,2025-07-16,North,na,na,OP/LL/DCO/DVM/AS,na,237,100,6,64,19,na,na,27,0.21,0.11,0,,NCC_N03,,
2025-Jul,2025-07-16,North,na,na,OP/LL/DCO/DVM/AS,na,97,40,5,52,7,na,na,15,0.09,0.03,0,,NCC_N01,,
2025-Jul,2025-07-17,Breaker,na,na,OP/LL/DCO/DVM/AS,na,469,42,75,52,19,na,na,9,0.05,0.1,0,,NCC_BR15,411525,
2025-Jul,2025-07-17,Breaker,na,na,OP/LL/DCO/DVM/AS,na,465,62,55,71,27,na,na,21,0.19,0.32,0,,NCC_BR14,411524,
2025-Jul,2025-07-17,Breaker,na,na,OP/LL/DCO/DVM/AS,na,564,74,90,72,30,na,na,23,0.51,0.31,0,,NCC_BR16,411523,
2025-Jul,2025-07-17,Breaker,na,na,OP/LL/DCO/DVM/AS,na,596,40,5.5,91,37,na,na,36,0.24,1,0,,NCC_BR12,411522,
2025-Jul,2025-07-17,Breaker,na,na,OP/LL/DCO/DVM/AS,na,464,40,9.5,84,57,na,na,36,0.58,1.91,0,,NCC_BR13,411521,
2025-Jul,2025-07-17,Breaker,na,na,OP/LL/DCO/DVM/AS,na,568,25,5,57,38,na,na,10,0.05,0.79,0,,NCC_BR21,411520,
2025-Jul,2025-07-17,Breaker,na,na,OP/LL/DCO/DVM/AS,na,631,60,8,80,40,na,na,24,0.36,1.09,0,,NCC_BR20,411519,
2025-Jul,2025-07-17,Breaker,na,na,OP/LL/DCO/DVM/AS,na,617,30,5,84,38,na,na,18,0.05,0.64,0,,NCC_BR19,411518,
2025-Jul,2025-07-17,Breaker,na,na,OP/LL/DCO/DVM/AS,na,568,60,8.5,78,63,na,na,24,0.46,3.02,H,,NCC_BR18,411517,
2025-Jul,2025-07-17,Breaker,na,na,OP/LL/DCO/DVM/AS,na,542,30,3.5,68,26,na,na,25,0.07,0.2,0,,NCC_BR17,411516,
2025-Jul,2025-07-17,Breaker,na,na,OP/LL/DCO/DVM/AS,na,610,70,7,85,58,na,na,25,0.53,3.43,H,,NCC_BR23,411515,
2025-Jul,2025-07-17,Breaker,na,na,OP/LL/DCO/DVM/AS,na,629,30,7.5,76,40,na,na,11,0.08,1.01,0,,NCC_BR01,411514,
2025-Jul,2025-07-17,Breaker,na,na,OP/LL/DCO/DVM/AS,na,739,70,6.5,81,40,na,na,8,0.04,0.78,0,,NCC_BR22,,
2025-Jul,2025-07-17,Breaker,na,na,OP/LL/DCO/DVM/AS,na,521,60,5.5,76,40,na,na,43,0.22,0.69,0,,NCC_BR02,,
2025-Jul,2025-07-17,Breaker,na,na,OP/LL/DCO/DVM/AS,na,647,50,6,73,30,na,na,31,0.06,0.38,0,,NCC_BR24,,
2025-Jul,2025-07-17,Breaker,na,na,OP/LL/DCO/DVM/AS,na,504,30,4,70,29,na,na,9,0.02,0.37,0,,NCC_BR03,,
2025-Jul,2025-07-17,Breaker,na,na,OP/LL/DCO/DVM/AS,na,538,45,5.5,83,40,na,na,12,0.04,1.23,0,,NCC_BR25,,
2025-Jul,2025-07-17,Breaker,na,na,OP/LL/DCO/DVM/AS,na,717,50,9.5,75,31,na,na,34,0.23,0.48,0,,NCC_BR05,,
2025-Jul,2025-07-17,Breaker,na,na,OP/LL/DCO/DVM/AS,na,637,60,6,70,32,na,na,19,0.18,0.44,0,,NCC_BR11,,
2025-Jul,2025-07-17,Breaker,na,na,OP/LL/DCO/DVM/AS,na,600,23,4.5,59,25,na,na,9,0.02,0.15,0,,NCC_BR10,,
2025-Jul,2025-07-17,Breaker,na,na,OP/LL/DCO/DVM/AS,na,680,100,1.5,74,35,na,na,20,0.51,0.54,0,,NCC_BR09,,
2025-Jul,2025-07-17,Breaker,na,na,OP/LL/DCO/DVM/AS,na,388,50,4,77,37,na,na,16,0.21,0.6,0,,NCC_BR04,,
2025-Jul,2025-07-17,Breaker,na,na,OP/LL/DCO/DVM/AS,na,588,30,4.5,65,45,na,na,13,0.09,1.52,0,,NCC_BR07,,
2025-Jul,2025-07-17,Breaker,na,na,OP/LL/DCO/DVM/AS,na,639,80,8.5,74,55,na,na,12,0.31,2.08,0,,NCC_BR08,,
2025-Jul,2025-07-17,Breaker,na,na,OP/LL/DCO/DVM/AS,na,436,114,9,76,47,na,na,12,0.34,0.93,H,,NCC_BR06,,
2025-Jul,2025-07-17,Breaker,na,na,OP/LL/DCO/DVM/AS,na,583,25,3.5,88,33,na,na,4,0.01,0.51,0,,NCC_BR26,,
2025-Jul,2025-07-17,Breaker,na,na,OP/LL/DCO/DVM/AS,na,550,22,2.5,72,43,na,na,1,0.01,0.65,0,,NCC_BR27,,
2025-Jul,2025-07-17,Breaker,na,na,OP/LL/DCO/DVM/AS,na,542,40,3.5,70,38,na,na,17,0.09,0.88,0,,NCC_BR30,,
2025-Jul,2025-07-17,Breaker,na,na,OP/LL/DCO/DVM/AS,na,421,50,5,66,39,na,na,34,0.21,0.52,0,,NCC_BR29,,
2025-Jul,2025-07-17,Breaker,na,na,OP/LL/DCO/DVM/AS,na,552,50,7,70,40,na,na,13,0.16,0.79,0,,NCC_BR28,,
2025-Jul,2025-07-18,Second,na,na,OP/LL/DCO/DVM/AS,na,321,25,3,60,17,na,na,15,0.01,0.09,0,,NCC_SB10,411537,
2025-Jul,2025-07-18,Second,na,na,OP/LL/DCO/DVM/AS,na,575,38,4,53,18,na,na,24,0.06,0.08,0,,NCC_SB09,411536,
2025-Jul,2025-07-18,Second,na,na,OP/LL/DCO/DVM/AS,na,590,201,6,90,54,na,na,75,3.256,1.75,0,,NCC_SB07,411535,
2025-Jul,2025-07-18,Second,na,na,OP/LL/DCO/DVM/AS,na,614,150,5,87,46,na,na,71,1.78,1.18,0,,NCC_SB08,411534,
2025-Jul,2025-07-18,Second,na,na,OP/LL/DCO/DVM/AS,na,615,80,5,82,25,na,na,56,0.53,0.37,0,,NCC_SB06,411533,
2025-Jul,2025-07-18,Second,na,na,OP/LL/DCO/DVM/AS,na,618,80,4,75,25,na,na,47,0.31,0.24,0,,NCC_SB05,411532,
2025-Jul,2025-07-18,Second,na,na,OP/LL/DCO/DVM/AS,na,507,85,4.5,65,29,na,na,46,0.43,0.31,0,,NCC_SB04,411531,
2025-Jul,2025-07-18,Second,na,na,OP/LL/DCO/DVM/AS,na,215,65,5,64,19,na,na,22,0.12,0.12,0,,NCC_SB03,411530,
2025-Jul,2025-07-18,Second,na,na,OP/LL/DCO/DVM/AS,na,698,275,9.5,81,52,na,na,61,5.99,2.16,H,,NCC_SB02,411529,
2025-Jul,2025-07-18,Second,na,na,OP/LL/DCO/DVM/AS,na,656,120,5.5,87,37,na,na,86,1.82,1.22,0,,NCC_SB01,411528,
2025-Jul,2025-07-18,Second,na,na,OP/LL/DCO/DVM/AS,na,562,120,5,72,39,na,na,55,0.58,0.5,0,,NCC_SB20,411527,
2025-Jul,2025-07-18,Second,na,na,OP/LL/DCO/DVM/AS,na,653,140,5.4,79,39,na,na,51,1.39,1.03,0,,NCC_SB19,411526,
2025-Jul,2025-07-18,Second,na,na,OP/LL/DCO/DVM/AS,na,435,60,3.6,65,22,na,na,40,0.16,0.14,0,,NCC_SB18,,
2025-Jul,2025-07-18,Second,na,na,OP/LL/DCO/DVM/AS,na,554,100,5.4,82,36,na,na,36,0.54,0.45,0,,NCC_SB17,,
2025-Jul,2025-07-18,Second,na,na,OP/LL/DCO/DVM/AS,na,451,50,3.8,55,15,na,na,28,0.11,0.05,0,,NCC_SB11,,
2025-Jul,2025-07-18,Second,na,na,OP/LL/DCO/DVM/AS,na,383,45,4.6,60,15,na,na,10,0.63,0.08,0,,NCC_SB12,,
2025-Jul,2025-07-18,Second,na,na,OP/LL/DCO/DVM/AS,na,309,29,4.1,61,14,na,na,14,0.02,0.08,0,,NCC_SB13,,
2025-Jul,2025-07-18,Second,na,na,OP/LL/DCO/DVM/AS,na,686,150,6.2,82,45,na,na,41,1.6,1.56,0,,NCC_SB16,,
2025-Jul,2025-07-18,Second,na,na,OP/LL/DCO/DVM/AS,na,603,150,5.2,77,35,na,na,52,1.02,0.55,0,,NCC_SB15,,
2025-Jul,2025-07-18,Second,na,na,OP/LL/DCO/DVM/AS,na,426,56,3.6,66,28,na,na,26,0.17,0.19,0,,NCC_SB14,,
2025-Jul,2025-07-18,Second,na,na,OP/LL/DCO/DVM/AS,na,564,48,3.5,57,18,na,na,32,0.16,0.11,0,,NCC_SB30,,
2025-Jul,2025-07-18,Second,na,na,OP/LL/DCO/DVM/AS,na,409,38,2.7,70,20,na,na,12,0.02,0.19,0,,NCC_SB29,,
2025-Jul,2025-07-18,Second,na,na,OP/LL/DCO/DVM/AS,na,650,180,8.7,87,54,na,na,56,4.02,2.05,H,,NCC_SB28,,
2025-Jul,2025-07-18,Second,na,na,OP/LL/DCO/DVM/AS,na,248,57,3.7,65,17,na,na,21,0.12,0.1,0,,NCC_SB27,,
2025-Jul,2025-07-18,Second,na,na,OP/LL/DCO/DVM/AS,na,193,43,4.5,63,15,na,na,14,0.1,0.06,0,,NCC_SB26,,
2025-Jul,2025-07-18,Second,na,na,OP/LL/DCO/DVM/AS,na,542,90,4,70,26,na,na,56,0.54,0.36,0,,NCC_SB22,,
2025-Jul,2025-07-18,Second,na,na,OP/LL/DCO/DVM/AS,na,628,140,7.5,87,48,na,na,71,2.01,1.49,0,,NCC_SB25,,
2025-Jul,2025-07-18,Second,na,na,OP/LL/DCO/DVM/AS,na,634,280,5.5,79,44,na,na,98,6.57,1.48,L,,NCC_SB24,,
2025-Jul,2025-07-18,Second,na,na,OP/LL/DCO/DVM/AS,na,682,200,6.5,86,47,na,na,69,3.75,1.7,L,,NCC_SB23,,
2025-Jul,2025-07-18,Second,na,na,OP/LL/DCO/DVM/AS,na,449,12,3,58,15,na,na,21,0.01,0.11,0,,NCC_SB21,,
2025-Jul,2025-07-18,Second,na,na,OP/LL/DCO/DVM/AS,na,531,90,3,77,37,na,na,32,0.33,0.46,0,,,,
2025-Jul,2025-07-18,Second,na,na,OP/LL/DCO/DVM/AS,na,396,60,4,68,21,na,na,41,0.2,0.19,0,,,,
2025-Jul,2025-07-18,Second,na,na,OP/LL/DCO/DVM/AS,na,440,30,3.5,64,29,na,na,11,0.02,0.25,0,,,,
2025-Jul,2025-07-18,Second,na,na,OP/LL/DCO/DVM/AS,na,400,60,4,66,14,na,na,28,0.13,0.12,0,,,,
2025-Jul,2025-07-18,Second,na,na,OP/LL/DCO/DVM/AS,na,610,134,6.2,88,42,na,na,66,1.94,1.23,0,,,,
2025-Jul,2025-07-18,Second,na,na,OP/LL/DCO/DVM/AS,na,595,90,5,75,28,na,na,52,0.57,0.42,0,,,,
2025-Jul,2025-07-18,Second,na,na,OP/LL/DCO/DVM/AS,na,370,72,4.7,68,22,na,na,33,0.2,0.19,0,,,,
2025-Jul,2025-07-18,Second,na,na,OP/LL/DCO/DVM/AS,na,542,46,3.2,52,50,na,na,37,0.17,0.46,0,,,,
2025-Jul,2025-07-18,Second,na,na,OP/LL/DCO/DVM/AS,na,572,63,4.1,48,16,na,na,22,0.14,0.19,0,,,,
2025-Jul,2025-07-18,Second,na,na,OP/LL/DCO/DVM/AS,na,412,260,6.4,79,43,na,na,47,1.92,0.96,0,,,,
2025-Jul,2025-07-18,Second,na,na,OP/LL/DCO/DVM/AS,na,719,230,7.4,97,52,na,na,75,3.9,2.58,H,,,,
2025-Jul,2025-07-18,Second,na,na,OP/LL/DCO/DVM/AS,na,536,54,4.4,78,24,na,na,30,0.2,0.25,0,,,,
2025-Jul,2025-07-18,Second,na,na,OP/LL/DCO/DVM/AS,na,440,40,2,61,23,na,na,30,0.07,0.16,0,,,,
2025-Jul,2025-07-21,Triquetta,na,na,OP/LL/DCO/DVM/AS,na,253,95,4.7,85,26,na,na,32,0.16,0.18,0,,NCC_TR01,,
2025-Jul,2025-07-21,Triquetta,na,na,OP/LL/DCO/DVM/AS,na,282,67,4.4,76,26,na,na,42,0.18,0.16,0,,NCC_TR02,,
2025-Jul,2025-07-21,Triquetta,na,na,OP/LL/DCO/DVM/AS,na,228,65,4,84,28,na,na,33,0.22,0.14,0,,NCC_TR03,,
2025-Jul,2025-07-21,Triquetta,na,na,OP/LL/DCO/DVM/AS,na,484,80,3.2,93,38,na,na,31,0.14,0.77,0,,NCC_TR04,,
2025-Jul,2025-07-21,Triquetta,na,na,OP/LL/DCO/DVM/AS,na,269,48,2.2,85,25,na,na,60,0.15,0.28,0,,NCC_TR06,,
2025-Jul,2025-07-21,Triquetta,na,na,OP/LL/DCO/DVM/AS,na,261,60,3.2,77,25,na,na,38,0.16,0.24,0,,NCC_TR07,,
2025-Jul,2025-07-21,Triquetta,na,na,OP/LL/DCO/DVM/AS,na,502,85,4.4,83,34,na,na,58,0.42,0.33,0,,NCC_TR08,,
2025-Jul,2025-07-21,Triquetta,na,na,OP/LL/DCO/DVM/AS,na,275,92,5.2,90,32,na,na,41,0.4,0.32,0,,NCC_TR05,,
2025-Jul,2025-07-21,Triquetta,na,na,OP/LL/DCO/DVM/AS,na,220,47,3.1,81,20,na,na,28,0.05,0.17,0,,NCC_TR19,,
2025-Jul,2025-07-21,Triquetta,na,na,OP/LL/DCO/DVM/AS,na,272,103,3.9,79,33,na,na,53,0.46,0.24,0,,NCC_TR18,,
2025-Jul,2025-07-21,Triquetta,na,na,OP/LL/DCO/DVM/AS,na,368,74,1,72,27,na,na,38,0.21,0.21,0,,NCC_TR17,,
2025-Jul,2025-07-21,Triquetta,na,na,OP/LL/DCO/DVM/AS,na,330,73,3.2,72,22,na,na,52,0.16,0.16,0,,NCC_TR16,,
2025-Jul,2025-07-21,Triquetta,na,na,OP/LL/DCO/DVM/AS,na,322,103,5,85,30,na,na,37,0.59,0.39,0,,NCC_TR15,,
2025-Jul,2025-07-21,Triquetta,na,na,OP/LL/DCO/DVM/AS,na,317,81,4,94,34,na,na,45,0.4,0.35,0,,NCC_TR14,,
2025-Jul,2025-07-21,Triquetta,na,na,OP/LL/DCO/DVM/AS,na,314,77,5.1,85,29,na,na,22,0.21,0.29,0,,NCC_TR12,,
2025-Jul,2025-07-21,Triquetta,na,na,OP/LL/DCO/DVM/AS,na,189,65,4,72,16,na,na,14,0.09,0.13,0,,NCC_TR11,,
2025-Jul,2025-07-21,Triquetta,na,na,OP/LL/DCO/DVM/AS,na,168,60,5.5,68,13,na,na,23,0.06,0.1,0,,NCC_TR10,,
2025-Jul,2025-07-21,Triquetta,na,na,OP/LL/DCO/DVM/AS,na,130,69,4.5,67,14,na,na,24,0.14,0.09,0,,NCC_TR09,,
2025-Jul,2025-07-21,Triquetta,na,na,OP/LL/DCO/DVM/AS,na,315,70,45,77,25,na,na,26,0.23,0.23,0,,NCC_TR13,,
2025-Jul,2025-07-21,Triquetta,na,na,OP/LL/DCO/DVM/AS,na,194,50,35,60,14,na,na,29,0.1,0.08,0,,NCC_TR30,,
2025-Jul,2025-07-21,Triquetta,na,na,OP/LL/DCO/DVM/AS,na,395,100,50,100,42,na,na,41,0.34,0.73,0,,NCC_TR29,,
2025-Jul,2025-07-21,Triquetta,na,na,OP/LL/DCO/DVM/AS,na,421,100,40,84,34,na,na,39,0.37,0.4,0,,NCC_TR28,,
2025-Jul,2025-07-21,Triquetta,na,na,OP/LL/DCO/DVM/AS,na,357,90,45,94,44,na,na,59,0.61,0.87,0,,NCC_TR27,,
2025-Jul,2025-07-21,Triquetta,na,na,OP/LL/DCO/DVM/AS,na,484,90,35,93,37,na,na,68,0.75,0.48,0,,NCC_TR26,,
2025-Jul,2025-07-21,Triquetta,na,na,OP/LL/DCO/DVM/AS,na,414,100,60,95,37,na,na,50,0.68,0.71,0,,NCC_TR25,,
2025-Jul,2025-07-21,Triquetta,na,na,OP/LL/DCO/DVM/AS,na,393,110,50,90,30,na,na,62,0.66,0.56,0,,NCC_TR24,,
2025-Jul,2025-07-21,Triquetta,na,na,OP/LL/DCO/DVM/AS,na,415,90,45,93,35,na,na,57,0.46,0.42,0,,NCC_TR23,,
2025-Jul,2025-07-21,Triquetta,na,na,OP/LL/DCO/DVM/AS,na,330,85,34,85,26,na,na,31,0.27,0.32,0,,NCC_TR22,,
2025-Jul,2025-07-21,Triquetta,na,na,OP/LL/DCO/DVM/AS,na,343,98,37,86,32,na,na,41,0.43,0.41,0,,NCC_TR21,,
2025-Jul,2025-07-21,Triquetta,na,na,OP/LL/DCO/DVM/AS,na,224,121,75,96,44,na,na,56,1.16,1.03,0,,NCC_TR20,,
2026-Jul,2025-07-20,Triquetta,na,3,DVM,79,255,150,5,80,23,na,18,47,0.84,0.28,0,,,,
2026-Jul,2025-07-20,Triquetta,na,3,DVM,2621,265,120,6,68,21,na,14,36,0.47,0.19,0,,,,
2026-Jul,2025-07-20,Triquetta,na,3,DVM,11,216,80,7,75,15,na,6,23,0.28,0.12,0,,,,
2026-Jul,2025-07-20,Triquetta,na,3,DVM,2661,169,70,6.5,72,18,na,6,13,0.17,0.11,0,,,,
2026-Jul,2025-07-20,Triquetta,na,3,DVM,78,257,90,7,74,18,na,8,27,0.37,0.2,0,,,,
2026-Jul,2025-07-20,Triquetta,na,3,DVM,76,275,160,7,79,29,na,15,32,1.23,0.32,0,,,,
2026-Jul,2025-07-20,Triquetta,na,3,DVM,22,379,160,9,111,38,na,31,57,2.11,0.86,L,,,,
2026-Jul,2025-07-20,Breaker,na,2,DVM,65,339,115,7.5,61,26,na,18,22,0.64,0.18,0,,,,
2026-Jul,2025-07-20,Breaker,na,2,DVM,2626,254,145,8,60,35,na,23,29,1.09,0.36,0,,,,
2026-Jul,2025-07-20,Breaker,na,2,DVM,49,255,100,7,69,30,na,25,28,0.67,0.27,0,,,,
2026-Jul,2025-07-20,Breaker,na,2,DVM,2635,537,170,7.5,77,38,na,33,58,1.87,0.77,L,,,,
2026-Jul,2025-07-20,Breaker,na,2,DVM,2638,202,190,9,83,38,na,25,37,1.92,0.48,L,,,,
2026-Jul,2025-07-20,Breaker,na,2,DVM,66,516,120,9,71,39,na,34,30,1.02,0.76,0,,,,
2026-Jul,2025-07-20,Breaker,na,2,DVM,42,335,210,9,80,39,na,35,47,2.72,0.68,H,,,,
2026-Jul,2025-07-20,Breaker,na,2,DVM,36,384,75,5,61,27,na,16,20,0.19,0.19,0,,,,
2026-Jul,2025-07-20,Breaker,na,2,DVM,37,357,120,7,60,29,na,20,21,0.49,0.2,0,,,,
2026-Jul,2025-07-20,North,na,3,DVM,2628,579,170,9,65,37,na,33,35,0.93,0.67,0,,,,
2026-Jul,2025-07-20,North,na,3,DVM,2612,547,230,9,76,39,na,34,37,1.6,0.75,0,,,,
2026-Jul,2025-07-20,North,na,3,DVM,2660,603,190,10,74,35,na,28,40,1.52,0.56,0,,,,
2026-Jul,2025-07-20,North,na,1,DVM,50,441,180,8,76,38,na,30,35,1.33,0.77,0,,,,
2026-Jul,2025-07-20,North,na,2,DVM,25,683,190,11,78,39,na,34,55,2.48,0.99,0,,,,
2026-Jul,2025-07-20,North,na,1,DVM,2613,446,155,6,74,27,na,17,34,0.53,0.28,0,,,,
2026-Jul,2025-07-20,North,na,1,DVM,54,493,260,10,82,42,na,35,52,3.84,1.27,0,,,,
2026-Jul,2025-07-20,North,na,1,DVM,35,528,140,6,72,27,na,20,33,0.63,0.33,0,,,,
2026-Jul,2025-07-20,North,na,2,DVM,2633,586,265,10,86,41,na,35,36,2.09,1.1,0,,,,
2026-Jul,2025-07-20,North,na,3,DVM,2645,425,220,10,75,34,na,27,44,2.01,0.58,0,,,,
2026-Jul,2025-07-20,North,na,3,DVM,20,419,163,9,72,31,na,21,25,0.85,0.47,0,,,,
2026-Jul,2025-07-20,Second,na,1,DVM,53,543,100,10,65,25,na,20,38,0.74,0.32,0,stype dried up a bit,,,
2026-Jul,2025-07-20,Second,na,2,DVM,40,383,84,7,58,18,na,10,26,0.16,0.14,0,stype dried up a bit,,,
2026-Jul,2025-07-20,Second,na,1,DVM,47,475,130,5,69,33,na,22,31,0.95,0.35,0,stype dried up a bit,,,
2026-Jul,2025-07-20,Second,na,1,DVM,2662,436,160,6,65,25,na,23,39,0.5,0.34,0,stype dried up a bit,,,
2026-Jul,2025-07-20,Second,na,1,DVM,13,385,100,4,64,23,na,16,32,0.39,0.17,0,stype dried up a bit,,,
2026-Jul,2025-07-20,Second,na,2,DVM,14,514,275,9.5,96,55,na,51,96,7.72,2.46,H,stype dried up a bit. ,,,
2026-Jul,2025-07-20,Second,na,1,DVM,2614,486,155,6.5,67,25,na,37,47,1.3,0.42,0,stype dried up a bit,,,
2026-Jul,2025-07-20,Second,na,1,DVM,2616,454,138,7.5,70,33,na,32,39,1.5,0.68,0,stype dried up a bit,,,
2026-Jul,2025-07-20,Second,na,1,DVM,2650,656,375,10,93,55,na,53,78,9.45,2.37,H,stype dried up a bit,,,
2026-Jul,2025-07-20,Second,na,2,DVM,29,557,220,6,79,45,na,34,72,2.74,0.79,0,stype dried up a bit,,,
2026-Jul,2025-07-20,Second,na,1,DVM,2653,495,120,6,77,33,na,26,44,0.87,0.43,0,stype dried up a bit,,,
2026-Jul,2025-07-20,Second,na,1,DVM,2611,423,205,6.5,74,31,na,22,37,1.33,0.37,0,stype dried up a bit,,,