interval,period,site,diver,date1,time1,time1_decimal,transect,side,dist,tag1,stipeL1,bladeL1,Bwidth,Psori1,distP1,obladeL1,Bcount1,Sbulb_max1,comments,date2,tag2,time2,time2_decimal,Bcount2,Sbulb_max2,distP2,obladeL2,presence2,comments,date3,presence3,tag3,time3,time3_decimal,stipeL3,Bcount3,Sbulb_max3,comments,Bgrowth_rate,Sgrowth_rate,Bcount_growth,Berosion_rate
1,2016-May,North,NR,2016-05-20,15:40:00,15.7,3,L,12.75,1701,108,74,na,0,18,50,na,na,,2016-05-26,1701,13:26:00,13.43,19,na,66.4,107.5,y,,2016-06-09,y,1701,13:30:00,13.5,268,29,na,,8.196,8.037,0.714,1.541
1,2016-May,North,AM,2016-05-20,15:40:00,15.7,3,L,16.2,1703,64,65,na,0,25,75,na,na,,2016-05-26,1703,13:26:00,13.43,10,na,64.3,106.6,y,,2016-06-09,y,1703,13:30:00,13.5,250,26,na,,6.655,9.343,1.143,-1.304
1,2016-May,North,AM,2016-05-20,15:40:00,15.7,3,L,16.2,1743,117,120,na,0,40,116,na,na,,2016-05-26,1743,13:26:00,13.43,20,na,94.5,125.6,y,,2016-06-09,n,1743,13:30:00,13.5,na,na,na,not found,9.229,na,na,-7.603
1,2016-May,North,AM,2016-05-20,15:40:00,15.7,2,L,18,1815,116,70,na,0,20,60,na,na,,2016-05-26,1815,13:26:00,13.43,20,na,60,89.9,y,,2016-06-09,y,1815,13:30:00,13.5,343,45,na,,6.773,11.402,1.785,-1.710
1,2016-May,North,AM,2016-05-20,15:40:00,15.7,2,L,5.6,1873,100,90,na,0,25,88,na,na,,2016-05-26,1873,13:26:00,13.43,20,na,82,146.6,y,,2016-06-09,y,1873,13:30:00,13.5,302,42,na,,9.652,10.147,1.571,0.271
1,2016-May,North,NR,2016-05-20,15:40:00,15.7,2,R,19.5,1992,65.5,33,na,0,9,28,na,na,nothing on line #1right side,2016-05-26,1992,13:26:00,13.43,8,na,35.6,57.8,y,,2016-06-09,y,1992,13:30:00,13.5,175,20,na,,4.504,5.500,0.857,0.542
1,2016-May,North,AM,2016-05-20,15:40:00,15.7,3,L,14.1,2007,244,140,na,0,30,106,na,na,,2016-05-26,2007,13:26:00,13.43,28,na,83.6,139.7,y,,2016-06-09,y,2007,13:30:00,13.5,465,44,na,,9.076,11.101,1.143,-3.370
1,2016-May,North,NR,2016-05-20,15:40:00,15.7,2,R,20,2059,58,25,na,0,15,44,na,na,not enough on line #3 right side (went to left),2016-05-26,2059,13:26:00,13.43,9,na,35.7,67.5,y,,2016-06-09,y,2059,13:30:00,13.5,143,19,na,,3.505,4.270,0.714,0.474
1,2016-May,North,AM,2016-05-20,15:40:00,15.7,1,L,10,2077,337,250,na,0,70,190,na,na,,2016-05-26,2077,13:26:00,13.43,74,na,na,na,y,blade stolen by seal,2016-06-09,y,2077,13:30:00,13.5,na,66,na,stipe shrunk measured 326 cm‚Ä¶? Could be error in either L1 or L3,na,na,-0.571,na
1,2016-May,North,NR,2016-05-20,15:40:00,15.7,3,R,5.75,2100,303,175,na,0,20,60,na,na,,2016-05-26,2100,13:26:00,13.43,33,na,71,123.5,y,,2016-06-09,n,2100,13:30:00,13.5,na,na,na,not found,8.636,na,na,2.117
1,2016-May,North,AM,2016-05-20,15:40:00,15.7,2,L,10.7,2107,59,45,na,0,15,48,na,na,,2016-05-26,2107,13:26:00,13.43,10,na,49.5,86.1,y,,2016-06-09,y,2107,13:30:00,13.5,236,32,na,,5.842,8.891,1.571,0.610
1,2016-May,North,NR,2016-05-20,15:40:00,15.7,3,L,14.1,2112,277,105,na,0,33,99,na,na,,2016-05-26,2112,13:26:00,13.43,23,na,62.6,135,y,,2016-06-09,y,2112,13:30:00,13.5,466,56,na,,5.012,9.494,2.357,1.084
1,2016-May,Manley,AM,2016-05-20,13:30:00,13.5,1,L,3.6,310,137,100,na,0,30,107,na,na,,2016-05-26,310,10:35:00,10.58,27,na,49.9,124.2,y,,2016-06-15,y,310,10:30:00,10.5,189,40,na,,3.385,2.010,0.650,-0.459
1,2016-May,Manley,AM,2016-05-20,13:30:00,13.5,1,L,12,313,252,110,na,0,35,115,na,na,,2016-05-26,313,10:35:00,10.58,45,na,56.9,104.6,y,,2016-06-15,y,313,10:30:00,10.5,272,57,na,,3.726,0.773,0.600,-5.495
1,2016-May,Manley,AM,2016-05-20,13:30:00,13.5,3,L,13,1730,41,30,na,0,10,38,na,na,,2016-05-26,1730,10:35:00,10.58,17,na,20.2,51.6,y,,2016-06-15,y,1730,10:30:00,10.5,81,16,na,,1.735,1.546,-0.050,0.578
1,2016-May,Manley,AM,2016-05-20,13:30:00,13.5,2,L,12,1734,121,115,na,0,35,115,na,na,,2016-05-26,1734,10:35:00,10.58,34,na,61.7,140.6,y,,2016-06-15,y,1734,10:30:00,10.5,171,34,na,,4.542,1.932,0.000,-0.187
1,2016-May,Manley,AM,2016-05-20,13:30:00,13.5,1,L,11.3,1781,120,100,na,0,35,114,na,na,,2016-05-26,1781,10:35:00,10.58,19,na,na,na,y,no punch found = no blade collected,2016-06-15,y,1781,10:30:00,10.5,188,25,na,,na,2.628,0.300,na
1,2016-May,Manley,AM,2016-05-20,13:30:00,13.5,3,L,9,1792,49,45,na,0,15,46,na,na,,2016-05-26,1792,10:35:00,10.58,20,na,31.8,71.9,y,,2016-06-15,y,1792,10:30:00,10.5,75,24,na,,2.858,1.005,0.200,1.548
1,2016-May,Manley,AM,2016-05-20,13:30:00,13.5,2,L,18.3,1867,104,100,na,0,25,80,na,na,,2016-05-26,1867,10:35:00,10.58,23,na,44.6,98.7,y,,2016-06-15,y,1867,10:30:00,10.5,162,32,na,,3.334,2.242,0.450,-0.153
1,2016-May,Manley,AM,2016-05-20,13:30:00,13.5,2,L,3.3,2010,197,120,na,0,50,155,na,na,,2016-05-26,2010,10:35:00,10.58,54,na,75.1,159.3,y,,2016-06-15,y,2010,10:30:00,10.5,248,57,na,,4.270,1.971,0.150,-3.538
1,2016-May,Manley,OP,2016-05-20,13:30:00,13.5,1,R,3.7,1763,138,110,na,0,30,108,na,na,didn't decide to do depth until later,2016-05-26,1763,10:35:00,10.58,41,na,52.2,128.8,y,,2016-06-15,y,1763,10:30:00,10.5,196,56,na,,3.777,2.242,0.750,-0.238
1,2016-May,Manley,OP,2016-05-20,13:30:00,13.5,1,R,7,1939,116,80,na,0,20,68,na,na,,2016-05-26,1939,10:35:00,10.58,32,na,30,79.7,y,,2016-06-15,y,1939,10:30:00,10.5,168,60,na,,1.701,2.010,1.400,0.289
1,2016-May,Manley,OP,2016-05-20,13:30:00,13.5,1,R,16.3,1863,112,80,na,0,25,76,na,na,,2016-05-26,1863,10:35:00,10.58,19,na,42.7,92.1,y,,2016-06-15,y,1863,10:30:00,10.5,168,27,na,,3.011,2.164,0.400,-0.272
1,2016-May,Manley,OP,2016-05-20,13:30:00,13.5,2,R,12,2129,39,30,na,0,10,40,na,na,,2016-05-26,2129,10:35:00,10.58,10,na,19,48.5,y,,2016-06-15,y,2129,10:30:00,10.5,120,20,na,,1.531,3.130,0.500,-0.085
1,2016-May,Manley,OP,2016-05-20,13:30:00,13.5,2,R,13.2,2038,183,125,na,0,30,90,na,na,,2016-05-26,2038,10:35:00,10.58,43,na,49.9,113.6,y,,2016-06-15,y,2038,10:30:00,10.5,235,64,na,,3.385,2.010,1.050,0.629
1,2016-May,Manley,OP,2016-05-20,13:30:00,13.5,2,R,18.6,1793,64,50,na,0,15,52,na,na,,2016-05-26,1793,10:35:00,10.58,16,na,28.8,60.5,y,,2016-06-15,y,1793,10:30:00,10.5,144,32,na,,2.348,3.092,0.800,-0.902
1,2016-May,Manley,OP,2016-05-20,13:30:00,13.5,3,R,1,2091,99,70,na,0,25,60,na,na,,2016-05-26,2091,10:35:00,10.58,23,na,44,77.6,y,,2016-06-15,y,2091,10:30:00,10.5,173,37,na,,3.232,2.860,0.700,-0.238
1,2016-May,Manley,OP,2016-05-20,13:30:00,13.5,3,R,8.2,2089,66,55,na,0,12,42,na,na,,2016-05-26,2089,10:35:00,10.58,30,na,28.5,59,y,,2016-06-15,y,2089,10:30:00,10.5,111,39,na,,2.807,1.739,0.450,0.085
1,2016-May,Second,AM,2016-05-21,9:25:00,9.4,2,L,8,311,124,90,na,0,25,88,na,na,,2016-05-27,311,9:20:00,9.33,16,na,66,131.5,y,,2016-06-09,y,311,14:30:00,14.5,373,34,na,,6.837,12.960,1.362,0.417
1,2016-May,Second,AM,2016-05-21,9:25:00,9.4,3,R,8.3,317,106,105,na,0,30,92,na,na,,2016-05-27,317,9:20:00,9.33,28,na,82,149.6,y,,2016-06-09,y,317,14:30:00,14.5,277,43,na,,8.671,8.900,1.135,0.934
1,2016-May,Second,OP,2016-05-21,9:25:00,9.4,1,R,6,1706,95,55,na,0,15,51,na,na,,2016-05-27,1706,9:20:00,9.33,17,na,49,92.5,y,,2016-06-09,y,1706,14:30:00,14.5,305,47,na,,5.669,10.930,2.270,1.251
1,2016-May,Second,AM,2016-05-21,9:25:00,9.4,2,L,14,1716,115,85,na,0,25,80,na,na,,2016-05-27,1716,9:20:00,9.33,20,na,70.7,135.1,y,,2016-06-09,y,1716,14:30:00,14.5,361,53,na,,7.620,12.804,2.497,1.567
1,2016-May,Second,OP,2016-05-21,9:25:00,9.4,1,R,0,1822,76,45,na,0,15,45,na,na,,2016-05-27,1822,9:20:00,9.33,17,na,41.3,76.8,y,,2016-06-09,y,1822,14:30:00,14.5,299,37,na,,4.385,11.607,1.513,0.917
1,2016-May,Second,AM,2016-05-21,9:25:00,9.4,2,L,8,1838,134,100,na,0,25,85,na,na,,2016-05-27,1838,9:20:00,9.33,21,na,72.2,193.3,y,,2016-06-09,y,1838,14:30:00,14.5,227,55,na,,7.870,4.841,2.573,10.188
1,2016-May,Second,OP,2016-05-21,9:25:00,9.4,3,R,6,1857,233,120,na,0,34,104,na,na,,2016-05-27,1857,9:20:00,9.33,38,na,105.2,180,y,,2016-06-09,n,1857,14:30:00,14.5,na,na,na,"gone (hypothyzed caused of death by strangulation, tag on too tight)",11.872,na,na,0.800
1,2016-May,Second,OP,2016-05-21,9:25:00,9.4,3,R,12,1917,160,100,na,0,26,77,na,na,,2016-05-27,1917,9:20:00,9.33,30,na,74,132.3,y,,2016-06-09,y,1917,14:30:00,14.5,286,62,na,,8.004,6.558,2.421,1.217
1,2016-May,Second,AM,2016-05-21,9:25:00,9.4,3,L,0,1936,224,260,na,0,30,110,na,na,,2016-05-27,1936,9:20:00,9.33,55,na,112.3,198.5,y,,2016-06-09,y,1936,14:30:00,14.5,336,79,na,tag at top (damage?),13.723,5.830,1.816,1.034
1,2016-May,Second,AM,2016-05-21,9:25:00,9.4,3,L,4.6,2034,267,218,na,0,60,180,na,na,,2016-05-27,2034,9:20:00,9.33,49,na,na,254.5,y,"distP2 185.5, measurement error?",2016-06-09,y,2034,14:30:00,14.5,404,46,na,tag at top (damage?),na,7.131,-0.227,na
1,2016-May,Second,OP,2016-05-21,9:25:00,9.4,3,R,11.4,2086,83,55,na,0,17,53,na,na,,2016-05-27,2086,9:20:00,9.33,10,na,53.5,94,y,,2016-06-09,y,2086,14:30:00,14.5,274,32,na,,6.086,9.941,1.665,0.750
1,2016-May,Second,OP,2016-05-21,9:25:00,9.4,2,R,8,2093,46,40,na,0,13,38,na,na,,2016-05-27,2093,9:20:00,9.33,11,na,41.4,69.6,y,,2016-06-09,y,2093,14:30:00,14.5,167,21,na,,4.736,6.298,0.757,0.534
1,2016-May,Second,AM,2016-05-21,9:25:00,9.4,1,L,7.1,2102,146,110,na,0,30,105,na,na,,2016-05-27,2102,9:20:00,9.33,19,na,87.1,162,y,,2016-06-09,y,2102,14:30:00,14.5,391,48,na,tag at top (damage?),9.521,12.752,2.194,-0.017
1,2016-May,Second,OP,2016-05-21,9:25:00,9.4,1,R,11,2418,200,115,na,0,25,78,na,na,,2016-05-27,2418,9:20:00,9.33,38,na,84.5,140.6,y,,2016-06-09,y,2418,14:30:00,14.5,370,66,na,,9.921,8.848,2.119,0.517
1,2016-May,Second,OP,2016-05-21,9:25:00,9.4,2,R,13,2512,59,45,na,0,15,51,na,na,,2016-05-27,2512,9:20:00,9.33,12,na,41.5,77.5,y,,2016-06-09,y,2512,14:30:00,14.5,268,27,na,,4.419,10.878,1.135,0.000
1,2016-May,Manley,NR,2016-05-22,13:30:00,13.5,1,na,na,na,116,78,na,0,na,na,na,na,,na,na,na,na,na,na,na,na,na,,na,na,na,na,na,na,na,na,,na,na,na,na
1,2016-May,Manley,NR,2016-05-22,13:30:00,13.5,1,na,na,na,361,150,na,0,na,na,na,na,,na,na,na,na,na,na,na,na,na,,na,na,na,na,na,na,na,na,,na,na,na,na
1,2016-May,Manley,NR,2016-05-22,13:30:00,13.5,1,na,na,na,217,175,na,0,na,na,na,na,,na,na,na,na,na,na,na,na,na,,na,na,na,na,na,na,na,na,,na,na,na,na
1,2016-May,Manley,NR,2016-05-22,13:30:00,13.5,1,na,na,na,137,88,na,0,na,na,na,na,,na,na,na,na,na,na,na,na,na,,na,na,na,na,na,na,na,na,,na,na,na,na
1,2016-May,Manley,NR,2016-05-22,13:30:00,13.5,1,na,na,na,169,100,na,0,na,na,na,na,,na,na,na,na,na,na,na,na,na,,na,na,na,na,na,na,na,na,,na,na,na,na
1,2016-May,Manley,NR,2016-05-22,13:30:00,13.5,1,na,na,na,105,50,na,0,na,na,na,na,,na,na,na,na,na,na,na,na,na,,na,na,na,na,na,na,na,na,,na,na,na,na
1,2016-May,Manley,NR,2016-05-22,13:30:00,13.5,1,na,na,na,100,60,na,0,na,na,na,na,,na,na,na,na,na,na,na,na,na,,na,na,na,na,na,na,na,na,,na,na,na,na
1,2016-May,Manley,NR,2016-05-22,13:30:00,13.5,1,na,na,na,102,70,na,0,na,na,na,na,,na,na,na,na,na,na,na,na,na,,na,na,na,na,na,na,na,na,,na,na,na,na
1,2016-May,Manley,NR,2016-05-22,13:30:00,13.5,1,na,na,na,130,105,na,0,na,na,na,na,,na,na,na,na,na,na,na,na,na,,na,na,na,na,na,na,na,na,,na,na,na,na
1,2016-May,Manley,NR,2016-05-22,13:30:00,13.5,1,na,na,na,123,87,na,0,na,na,na,na,,na,na,na,na,na,na,na,na,na,,na,na,na,na,na,na,na,na,,na,na,na,na
1,2016-May,Manley,NR,2016-05-22,13:30:00,13.5,1,na,na,na,116,85,na,0,na,na,na,na,,na,na,na,na,na,na,na,na,na,,na,na,na,na,na,na,na,na,,na,na,na,na
1,2016-May,Manley,NR,2016-05-22,13:30:00,13.5,1,na,na,na,100,68,na,0,na,na,na,na,,na,na,na,na,na,na,na,na,na,,na,na,na,na,na,na,na,na,,na,na,na,na
1,2016-May,Manley,NR,2016-05-22,13:30:00,13.5,1,na,na,na,92,45,na,0,na,na,na,na,,na,na,na,na,na,na,na,na,na,,na,na,na,na,na,na,na,na,,na,na,na,na
1,2016-May,Manley,NR,2016-05-22,13:30:00,13.5,1,na,na,na,125,95,na,0,na,na,na,na,,na,na,na,na,na,na,na,na,na,,na,na,na,na,na,na,na,na,,na,na,na,na
1,2016-May,Manley,NR,2016-05-22,13:30:00,13.5,1,na,na,na,215,110,na,0,na,na,na,na,,na,na,na,na,na,na,na,na,na,,na,na,na,na,na,na,na,na,,na,na,na,na
1,2016-May,Manley,NR,2016-05-22,13:30:00,13.5,2,na,na,na,101,45,na,0,na,na,na,na,,na,na,na,na,na,na,na,na,na,,na,na,na,na,na,na,na,na,,na,na,na,na
1,2016-May,Manley,NR,2016-05-22,13:30:00,13.5,2,na,na,na,138,85,na,0,na,na,na,na,,na,na,na,na,na,na,na,na,na,,na,na,na,na,na,na,na,na,,na,na,na,na
1,2016-May,Manley,NR,2016-05-22,13:30:00,13.5,2,na,na,na,127,110,na,0,na,na,na,na,,na,na,na,na,na,na,na,na,na,,na,na,na,na,na,na,na,na,,na,na,na,na
1,2016-May,Manley,NR,2016-05-22,13:30:00,13.5,2,na,na,na,189,115,na,0,na,na,na,na,,na,na,na,na,na,na,na,na,na,,na,na,na,na,na,na,na,na,,na,na,na,na
1,2016-May,Manley,NR,2016-05-22,13:30:00,13.5,2,na,na,na,439,80,na,0,na,na,na,na,,na,na,na,na,na,na,na,na,na,,na,na,na,na,na,na,na,na,,na,na,na,na
1,2016-May,Manley,NR,2016-05-22,13:30:00,13.5,2,na,na,na,436,50,na,L,na,na,na,na,,na,na,na,na,na,na,na,na,na,,na,na,na,na,na,na,na,na,,na,na,na,na
1,2016-May,Manley,NR,2016-05-22,13:30:00,13.5,2,na,na,na,585,250,na,L,na,na,na,na,,na,na,na,na,na,na,na,na,na,,na,na,na,na,na,na,na,na,,na,na,na,na
1,2016-May,Manley,NR,2016-05-22,13:30:00,13.5,2,na,na,na,104,40,na,0,na,na,na,na,,na,na,na,na,na,na,na,na,na,,na,na,na,na,na,na,na,na,,na,na,na,na
1,2016-May,Manley,NR,2016-05-22,13:30:00,13.5,2,na,na,na,480,110,na,L,na,na,na,na,,na,na,na,na,na,na,na,na,na,,na,na,na,na,na,na,na,na,,na,na,na,na
1,2016-May,Manley,NR,2016-05-22,13:30:00,13.5,2,na,na,na,239,115,na,0,na,na,na,na,,na,na,na,na,na,na,na,na,na,,na,na,na,na,na,na,na,na,,na,na,na,na
1,2016-May,Manley,NR,2016-05-22,13:30:00,13.5,2,na,na,na,103,70,na,0,na,na,na,na,,na,na,na,na,na,na,na,na,na,,na,na,na,na,na,na,na,na,,na,na,na,na
1,2016-May,Manley,NR,2016-05-22,13:30:00,13.5,2,na,na,na,100,85,na,0,na,na,na,na,,na,na,na,na,na,na,na,na,na,,na,na,na,na,na,na,na,na,,na,na,na,na
1,2016-May,Manley,NR,2016-05-22,13:30:00,13.5,2,na,na,na,115,75,na,0,na,na,na,na,,na,na,na,na,na,na,na,na,na,,na,na,na,na,na,na,na,na,,na,na,na,na
1,2016-May,Manley,NR,2016-05-22,13:30:00,13.5,2,na,na,na,155,85,na,0,na,na,na,na,,na,na,na,na,na,na,na,na,na,,na,na,na,na,na,na,na,na,,na,na,na,na
1,2016-May,Manley,NR,2016-05-22,13:30:00,13.5,2,na,na,na,460,175,na,L,na,na,na,na,,na,na,na,na,na,na,na,na,na,,na,na,na,na,na,na,na,na,,na,na,na,na
1,2016-May,Manley,OP,2016-05-22,13:30:00,13.5,3,na,na,na,105,45,na,0,na,na,na,na,,na,na,na,na,na,na,na,na,na,,na,na,na,na,na,na,na,na,,na,na,na,na
1,2016-May,Manley,OP,2016-05-22,13:30:00,13.5,3,na,na,na,104,89,na,0,na,na,na,na,,na,na,na,na,na,na,na,na,na,,na,na,na,na,na,na,na,na,,na,na,na,na
1,2016-May,Manley,OP,2016-05-22,13:30:00,13.5,3,na,na,na,118,86,na,0,na,na,na,na,,na,na,na,na,na,na,na,na,na,,na,na,na,na,na,na,na,na,,na,na,na,na
1,2016-May,Manley,OP,2016-05-22,13:30:00,13.5,3,na,na,na,203,164,na,0,na,na,na,na,,na,na,na,na,na,na,na,na,na,,na,na,na,na,na,na,na,na,,na,na,na,na
1,2016-May,Manley,OP,2016-05-22,13:30:00,13.5,3,na,na,na,124,91,na,0,na,na,na,na,,na,na,na,na,na,na,na,na,na,,na,na,na,na,na,na,na,na,,na,na,na,na
1,2016-May,Manley,OP,2016-05-22,13:30:00,13.5,3,na,na,na,114,72,na,0,na,na,na,na,,na,na,na,na,na,na,na,na,na,,na,na,na,na,na,na,na,na,,na,na,na,na
1,2016-May,Manley,OP,2016-05-22,13:30:00,13.5,3,na,na,na,182,89,na,0,na,na,na,na,,na,na,na,na,na,na,na,na,na,,na,na,na,na,na,na,na,na,,na,na,na,na
1,2016-May,Manley,OP,2016-05-22,13:30:00,13.5,3,na,na,na,102,91,na,0,na,na,na,na,,na,na,na,na,na,na,na,na,na,,na,na,na,na,na,na,na,na,,na,na,na,na
1,2016-May,Manley,OP,2016-05-22,13:30:00,13.5,3,na,na,na,113,67,na,0,na,na,na,na,,na,na,na,na,na,na,na,na,na,,na,na,na,na,na,na,na,na,,na,na,na,na
1,2016-May,Second,AM,2016-05-23,9:25:00,9.4,1,na,na,na,117,85,na,0,na,na,na,na,,na,na,na,na,na,na,na,na,na,,na,na,na,na,na,na,na,na,,na,na,na,na
1,2016-May,Second,AM,2016-05-23,9:25:00,9.4,1,na,na,na,100,83,na,0,na,na,na,na,,na,na,na,na,na,na,na,na,na,,na,na,na,na,na,na,na,na,,na,na,na,na
1,2016-May,Second,AM,2016-05-23,9:25:00,9.4,1,na,na,na,91,85,na,0,na,na,na,na,,na,na,na,na,na,na,na,na,na,,na,na,na,na,na,na,na,na,,na,na,na,na
1,2016-May,Second,AM,2016-05-23,9:25:00,9.4,1,na,na,na,186,140,na,0,na,na,na,na,,na,na,na,na,na,na,na,na,na,,na,na,na,na,na,na,na,na,,na,na,na,na
1,2016-May,Second,AM,2016-05-23,9:25:00,9.4,1,na,na,na,222,150,na,0,na,na,na,na,,na,na,na,na,na,na,na,na,na,,na,na,na,na,na,na,na,na,,na,na,na,na
1,2016-May,Second,AM,2016-05-23,9:25:00,9.4,1,na,na,na,190,126,na,0,na,na,na,na,,na,na,na,na,na,na,na,na,na,,na,na,na,na,na,na,na,na,,na,na,na,na
1,2016-May,Second,AM,2016-05-23,9:25:00,9.4,1,na,na,na,326,300,na,0,na,na,na,na,,na,na,na,na,na,na,na,na,na,,na,na,na,na,na,na,na,na,,na,na,na,na
1,2016-May,Second,AM,2016-05-23,9:25:00,9.4,1,na,na,na,182,94,na,0,na,na,na,na,,na,na,na,na,na,na,na,na,na,,na,na,na,na,na,na,na,na,,na,na,na,na
1,2016-May,Second,AM,2016-05-23,9:25:00,9.4,1,na,na,na,140,75,na,0,na,na,na,na,,na,na,na,na,na,na,na,na,na,,na,na,na,na,na,na,na,na,,na,na,na,na
1,2016-May,Second,AM,2016-05-23,9:25:00,9.4,1,na,na,na,96,75,na,0,na,na,na,na,,na,na,na,na,na,na,na,na,na,,na,na,na,na,na,na,na,na,,na,na,na,na
1,2016-May,Second,AM,2016-05-23,9:25:00,9.4,1,na,na,na,58,72,na,0,na,na,na,na,counted plants under 1m because not enough over 1m,na,na,na,na,na,na,na,na,na,,na,na,na,na,na,na,na,na,,na,na,na,na
1,2016-May,Second,AM,2016-05-23,9:25:00,9.4,1,na,na,na,75,70,na,0,na,na,na,na,counted plants under 1m because not enough over 1m,na,na,na,na,na,na,na,na,na,,na,na,na,na,na,na,na,na,,na,na,na,na
1,2016-May,Second,AM,2016-05-23,9:25:00,9.4,1,na,na,na,64,55,na,0,na,na,na,na,counted plants under 1m because not enough over 1m,na,na,na,na,na,na,na,na,na,,na,na,na,na,na,na,na,na,,na,na,na,na
1,2016-May,Second,AM,2016-05-23,9:25:00,9.4,1,na,na,na,37,58,na,0,na,na,na,na,counted plants under 1m because not enough over 1m,na,na,na,na,na,na,na,na,na,,na,na,na,na,na,na,na,na,,na,na,na,na
1,2016-May,Second,AM,2016-05-23,9:25:00,9.4,1,na,na,na,56,52,na,0,na,na,na,na,counted plants under 1m because not enough over 1m,na,na,na,na,na,na,na,na,na,,na,na,na,na,na,na,na,na,,na,na,na,na
1,2016-May,Second,AM,2016-05-23,9:25:00,9.4,2,na,na,na,71,60,na,0,na,na,na,na,counted plants under 1m because not enough over 1m,na,na,na,na,na,na,na,na,na,,na,na,na,na,na,na,na,na,,na,na,na,na
1,2016-May,Second,AM,2016-05-23,9:25:00,9.4,2,na,na,na,133,93,na,0,na,na,na,na,,na,na,na,na,na,na,na,na,na,,na,na,na,na,na,na,na,na,,na,na,na,na
1,2016-May,Second,AM,2016-05-23,9:25:00,9.4,2,na,na,na,142,100,na,0,na,na,na,na,,na,na,na,na,na,na,na,na,na,,na,na,na,na,na,na,na,na,,na,na,na,na
1,2016-May,Second,AM,2016-05-23,9:25:00,9.4,2,na,na,na,181,120,na,0,na,na,na,na,,na,na,na,na,na,na,na,na,na,,na,na,na,na,na,na,na,na,,na,na,na,na
1,2016-May,Second,AM,2016-05-23,9:25:00,9.4,2,na,na,na,164,110,na,0,na,na,na,na,,na,na,na,na,na,na,na,na,na,,na,na,na,na,na,na,na,na,,na,na,na,na
1,2016-May,Second,AM,2016-05-23,9:25:00,9.4,2,na,na,na,171,175,na,0,na,na,na,na,,na,na,na,na,na,na,na,na,na,,na,na,na,na,na,na,na,na,,na,na,na,na
1,2016-May,Second,AM,2016-05-23,9:25:00,9.4,2,na,na,na,52,65,na,0,na,na,na,na,counted plants under 1m because not enough over 1m,na,na,na,na,na,na,na,na,na,,na,na,na,na,na,na,na,na,,na,na,na,na
1,2016-May,Second,AM,2016-05-23,9:25:00,9.4,2,na,na,na,48,50,na,0,na,na,na,na,counted plants under 1m because not enough over 1m,na,na,na,na,na,na,na,na,na,,na,na,na,na,na,na,na,na,,na,na,na,na
1,2016-May,Second,AM,2016-05-23,9:25:00,9.4,2,na,na,na,36,42,na,0,na,na,na,na,counted plants under 1m because not enough over 1m,na,na,na,na,na,na,na,na,na,,na,na,na,na,na,na,na,na,,na,na,na,na
1,2016-May,Second,AM,2016-05-23,9:25:00,9.4,2,na,na,na,177,140,na,0,na,na,na,na,,na,na,na,na,na,na,na,na,na,,na,na,na,na,na,na,na,na,,na,na,na,na
1,2016-May,Second,AM,2016-05-23,9:25:00,9.4,3,na,na,na,240,210,na,0,na,na,na,na,,na,na,na,na,na,na,na,na,na,,na,na,na,na,na,na,na,na,,na,na,na,na
1,2016-May,Second,AM,2016-05-23,9:25:00,9.4,3,na,na,na,243,170,na,0,na,na,na,na,,na,na,na,na,na,na,na,na,na,,na,na,na,na,na,na,na,na,,na,na,na,na
1,2016-May,Second,AM,2016-05-23,9:25:00,9.4,3,na,na,na,298,190,na,0,na,na,na,na,,na,na,na,na,na,na,na,na,na,,na,na,na,na,na,na,na,na,,na,na,na,na
1,2016-May,Second,AM,2016-05-23,9:25:00,9.4,3,na,na,na,270,150,na,0,na,na,na,na,,na,na,na,na,na,na,na,na,na,,na,na,na,na,na,na,na,na,,na,na,na,na
1,2016-May,Second,AM,2016-05-23,9:25:00,9.4,3,na,na,na,151,90,na,0,na,na,na,na,,na,na,na,na,na,na,na,na,na,,na,na,na,na,na,na,na,na,,na,na,na,na
1,2016-May,Second,AM,2016-05-23,9:25:00,9.4,3,na,na,na,277,220,na,0,na,na,na,na,,na,na,na,na,na,na,na,na,na,,na,na,na,na,na,na,na,na,,na,na,na,na
1,2016-May,Second,AM,2016-05-23,9:25:00,9.4,3,na,na,na,123,92,na,0,na,na,na,na,,na,na,na,na,na,na,na,na,na,,na,na,na,na,na,na,na,na,,na,na,na,na
1,2016-May,Second,AM,2016-05-23,9:25:00,9.4,3,na,na,na,74,70,na,0,na,na,na,na,counted plants under 1m because not enough over 1m,na,na,na,na,na,na,na,na,na,,na,na,na,na,na,na,na,na,,na,na,na,na
1,2016-May,Second,AM,2016-05-23,9:25:00,9.4,3,na,na,na,98,70,na,0,na,na,na,na,,na,na,na,na,na,na,na,na,na,,na,na,na,na,na,na,na,na,,na,na,na,na
1,2016-May,North,OP,2016-05-27,15:40:00,15.7,2,na,na,na,106,74,na,0,na,na,na,na,"only one plant over 1m (none on line 1, none on line 3)",na,na,na,na,na,na,na,na,na,,na,na,na,na,na,na,na,na,,na,na,na,na
2,2016-Jun,Second,AM,2016-06-09,13:30:00,13.5,3,R,15.1,1731,134,120,na,0,30,109,na,na,,2016-06-13,1731,9:10:00,9.17,19,na,62.5,144,y,,2016-07-20,y,1731,14:00:00,14,298,28,na,,8.509,3.998,0.242,0.655
2,2016-Jun,Second,OP,2016-06-09,13:30:00,13.5,3,L,6.5,1746,94,80,na,0,24,72,na,na,,2016-06-13,1746,9:10:00,9.17,15,na,51,81,y,,2016-07-20,n,1746,14:00:00,14,na,na,na,,7.069,na,na,-4.713
2,2016-Jun,Second,OP,2016-06-09,13:30:00,13.5,3,L,5.7,1812,100,85,na,0,20,63,na,na,,2016-06-13,1812,9:10:00,9.17,20,na,37,80.5,y,,2016-07-20,n,1812,14:00:00,14,na,na,na,,4.451,na,na,0.131
2,2016-Jun,Second,OP,2016-06-09,13:30:00,13.5,2,L,13.5,1828,309,180,na,0,65,167,na,na,,2016-06-13,1828,9:10:00,9.17,52,na,87,150,y,,2016-07-20,y,1828,14:00:00,14,512,45,na,,5.760,4.949,-0.188,-10.211
2,2016-Jun,Second,AM,2016-06-09,13:30:00,13.5,3,R,1.8,1850,176,109,na,0,40,120,na,na,,2016-06-13,1850,9:10:00,9.17,23,na,66.5,136,y,,2016-07-20,n,1850,14:00:00,14,na,na,na,,6.938,na,na,-2.749
2,2016-Jun,Second,OP,2016-06-09,13:30:00,13.5,1,L,1,1886,135,70,na,0,24,71,na,na,,2016-06-13,1886,9:10:00,9.17,12,na,na,na,y,broke blade untangling,2016-07-20,y,1886,14:00:00,14,363,37,na,senescing (ave blade length 35),na,5.558,0.672,na
2,2016-Jun,Second,AM,2016-06-09,13:30:00,13.5,3,R,5.8,1928,142,100,na,0,30,96,na,na,,2016-06-13,1928,9:10:00,9.17,13,na,52,119,y,,2016-07-20,y,1928,14:00:00,14,358,27,na,,5.760,5.266,0.376,0.262
2,2016-Jun,Second,OP,2016-06-09,13:30:00,13.5,1,L,6.4,1940,309,180,na,0,30,108,na,na,,2016-06-13,1940,9:10:00,9.17,39,na,54,121.5,y,,2016-07-20,y,1940,14:00:00,14,532,41,na,senescing (ave blade length 60),6.283,5.436,0.054,-2.749
2,2016-Jun,Second,AM,2016-06-09,13:30:00,13.5,2,R,9,2043,191,170,na,0,60,170,na,na,,2016-06-13,2043,9:10:00,9.17,36,na,na,na,y,no punch found,2016-07-20,n,2043,14:00:00,14,na,na,na,,na,na,na,na
2,2016-Jun,Second,OP,2016-06-09,13:30:00,13.5,3,L,11,2055,206,125,na,0,31,95,na,na,,2016-06-13,2055,9:10:00,9.17,22,na,53,116,y,,2016-07-20,n,2055,14:00:00,14,na,na,na,,5.760,na,na,-0.262
2,2016-Jun,Second,OP,2016-06-09,13:30:00,13.5,1,L,15.9,2056,244,200,na,0,20,57,na,na,,2016-06-13,2056,9:10:00,9.17,35,na,na,na,y,no punch found,2016-07-20,y,2056,14:00:00,14,470,50,na,senescing (ave blade length 70),na,5.509,0.403,na
2,2016-Jun,Second,OP,2016-06-09,13:30:00,13.5,2,L,12.6,2065,120,85,na,0,27,78,na,na,,2016-06-13,2065,9:10:00,9.17,14,na,42,93.5,y,,2016-07-20,n,2065,14:00:00,14,na,na,na,,3.927,na,na,0.131
2,2016-Jun,Second,AM,2016-06-09,13:30:00,13.5,1,R,12.1,2126,260,160,na,0,50,154,na,na,,2016-06-13,2126,9:10:00,9.17,35,na,na,na,y,no punch found,2016-07-20,n,2126,14:00:00,14,na,na,na,,na,na,na,na
2,2016-Jun,Second,AM,2016-06-09,13:30:00,13.5,1,R,4.8,2402,170,150,na,0,50,146,na,na,,2016-06-13,2402,9:10:00,9.17,26,na,74,143,y,,2016-07-20,n,2402,14:00:00,14,na,na,na,,6.283,na,na,-7.069
2,2016-Jun,Second,AM,2016-06-09,13:30:00,13.5,3,R,1,2500,137,120,na,0,30,104,na,na,,2016-06-13,2500,9:10:00,9.17,30,na,52,123,y,,2016-07-20,n,2500,14:00:00,14,na,na,na,,5.760,na,na,-0.785
2,2016-Jun,Second,AM,2016-06-09,13:30:00,13.5,2,R,3.2,2513,213,110,na,0,30,90,na,na,,2016-06-13,2513,9:10:00,9.17,33,na,49,109,y,,2016-07-20,y,2513,14:00:00,14,333,67,na,,4.974,2.925,0.914,0.000
2,2016-Jun,North,AM,2016-06-09,16:15:00,16.3,1,L,6.8,1545,170,140,na,0,40,133,na,na,,2016-06-13,1545,10:40:00,10.67,21,na,68,166,y,,2016-07-21,y,1545,15:30:00,15.5,450,35,na,,7.436,6.672,0.366,1.328
2,2016-Jun,North,OP,2016-06-09,16:15:00,16.3,2,R,10.7,1776,94,55,na,0,20,58,na,na,,2016-06-13,1776,10:40:00,10.67,11,na,36,76.5,y,,2016-07-21,y,1776,15:30:00,15.5,441,36,na,,4.249,8.268,0.654,0.664
2,2016-Jun,North,OP,2016-06-09,16:15:00,16.3,2,R,5.3,1789,154,120,na,0,40,126,na,na,,2016-06-13,1789,10:40:00,10.67,21,na,78,170,y,,2016-07-21,n,1789,15:30:00,15.5,na,na,na,,10.092,na,na,1.593
2,2016-Jun,North,OP,2016-06-09,16:15:00,16.3,3,R,2,1802,109,95,na,0,23,84,na,na,,2016-06-13,1802,10:40:00,10.67,14,na,na,na,y,no punch found,2016-07-21,y,1802,15:30:00,15.5,445,29,na,ave blade length 45,na,8.006,0.393,na
2,2016-Jun,North,AM,2016-06-09,16:15:00,16.3,1,L,5.9,1866,153,125,na,0,30,100,na,na,,2016-06-13,1866,10:40:00,10.67,23,na,52.5,125,y,,2016-07-21,y,1866,15:30:00,15.5,394,38,na,,5.975,5.743,0.393,0.664
2,2016-Jun,North,AM,2016-06-09,16:15:00,16.3,2,L,6.2,1878,97,100,na,0,30,93,na,na,,2016-06-13,1878,10:40:00,10.67,20,na,na,na,y,no punch found,2016-07-21,y,1878,15:30:00,15.5,368,38,na,,na,6.458,0.471,na
2,2016-Jun,North,AM,2016-06-09,16:15:00,16.3,3,L,16.5,1900,96,82,na,0,20,67,na,na,,2016-06-13,1900,10:40:00,10.67,10,na,34,81,y,,2016-07-21,y,1900,15:30:00,15.5,431,29,na,,3.718,7.983,0.497,0.000
2,2016-Jun,North,AM,2016-06-09,16:15:00,16.3,2,L,3.6,1918,170,150,na,0,40,120,na,na,,2016-06-13,1918,10:40:00,10.67,16,na,69,150,y,,2016-07-21,y,1918,15:30:00,15.5,367,33,na,,7.702,4.694,0.445,0.266
2,2016-Jun,North,AM,2016-06-09,16:15:00,16.3,3,L,10.9,1922,114,130,na,0,40,129,na,na,,2016-06-13,1922,10:40:00,10.67,17,na,71,77,y,blade broken,2016-07-21,y,1922,15:30:00,15.5,377,24,na,,8.233,6.267,0.183,-22.043
2,2016-Jun,North,OP,2016-06-09,16:15:00,16.3,1,R,9.2,1964,116,65,na,0,21,64,na,na,,2016-06-13,1964,10:40:00,10.67,15,na,38.5,75.5,y,,2016-07-21,y,1964,15:30:00,15.5,404,36,na,ave blade length 35,4.648,6.863,0.550,-1.593
2,2016-Jun,North,OP,2016-06-09,16:15:00,16.3,1,R,7.8,1971,148,105,na,0,21,67,na,na,,2016-06-13,1971,10:40:00,10.67,20,na,41,89.5,y,,2016-07-21,y,1971,15:30:00,15.5,435,40,na,ave blade length 55,5.311,6.839,0.524,0.664
2,2016-Jun,North,AM,2016-06-09,16:15:00,16.3,3,L,0,2021,133,100,na,0,25,85,na,na,,2016-06-13,2021,10:40:00,10.67,20,na,45.5,96.5,y,,2016-07-21,y,2021,15:30:00,15.5,214,33,na,,5.444,1.930,0.340,-2.390
2,2016-Jun,North,OP,2016-06-09,16:15:00,16.3,1,R,7.8,2053,132,90,na,0,30,108,na,na,,2016-06-13,2053,10:40:00,10.67,15,na,54,114,y,,2016-07-21,y,2053,15:30:00,15.5,423,31,na,ave blade length 55,6.374,6.934,0.419,-4.780
2,2016-Jun,North,OP,2016-06-09,16:15:00,16.3,3,R,9.8,2092,123,100,na,0,30,101,na,na,,2016-06-13,2092,10:40:00,10.67,12,na,53,128,y,,2016-07-21,y,2092,15:30:00,15.5,463,29,na,ave blade length 60,6.108,8.102,0.445,1.062
2,2016-Jun,North,AM,2016-06-09,16:15:00,16.3,1,L,12,2099,243,170,na,0,50,160,na,na,,2016-06-13,2099,10:40:00,10.67,37,na,79.5,184,y,,2016-07-21,y,2099,15:30:00,15.5,451,43,na,,7.834,4.956,0.157,-1.461
2,2016-Jun,North,OP,2016-06-09,16:15:00,16.3,3,R,14.5,2101,254,150,na,0,36,123,na,na,,2016-06-13,2101,10:40:00,10.67,24,na,64,149,y,,2016-07-21,y,2101,15:30:00,15.5,588,30,na,ave blade length 70,7.436,7.959,0.157,-0.531
2,2016-Jun,Manley,AM,2016-06-11,9:45:00,9.8,3,L,0.2,1739,254,100,na,0,25,83,na,na,,2016-06-15,1739,11:45:00,11.75,33,na,36.5,79.7,y,,2016-07-21,n,1739,13:00:00,13,na,na,na,,2.818,na,na,-3.626
2,2016-Jun,Manley,AM,2016-06-11,9:45:00,9.8,3,L,2.8,1726,153,90,na,0,25,77,na,na,,2016-06-15,1726,11:45:00,11.75,46,na,40.6,93,y,,2016-07-21,y,1726,13:00:00,13,283,74,na,,3.822,3.239,0.777,0.098
2,2016-Jun,Manley,AM,2016-06-11,9:45:00,9.8,3,L,18.7,1771,240,80,na,0,25,78,na,na,,2016-06-15,1771,11:45:00,11.75,36,na,42,74.4,y,,2016-07-21,y,1771,13:00:00,13,350,45,na,,4.165,2.741,0.250,-5.047
2,2016-Jun,Manley,AM,2016-06-11,9:45:00,9.8,2,L,0.6,1735,324,125,na,0,30,94,na,na,,2016-06-15,1735,11:45:00,11.75,56,na,50.5,102.4,y,,2016-07-21,y,1735,13:00:00,13,397,65,na,,5.023,1.819,0.250,-2.965
2,2016-Jun,Manley,AM,2016-06-11,9:45:00,9.8,2,L,2.5,2030,171,120,na,0,30,114,na,na,,2016-06-15,2030,11:45:00,11.75,30,na,39.5,106,y,,2016-07-21,n,2030,13:00:00,13,na,na,na,,2.328,na,na,-4.288
2,2016-Jun,Manley,AM,2016-06-11,9:45:00,9.8,2,L,13,2078,165,110,na,0,25,80,na,na,,2016-06-15,2078,11:45:00,11.75,41,na,38.5,38.5,y,broken at punch,2016-07-21,y,2078,13:00:00,13,235,48,na,,3.308,1.744,0.194,-13.476
2,2016-Jun,Manley,AM,2016-06-11,9:45:00,9.8,1,L,10.3,1800,221,95,na,0,25,71,na,na,,2016-06-15,1800,11:45:00,11.75,48,na,37.6,87.7,y,,2016-07-21,y,1800,13:00:00,13,308,60,na,,3.087,2.168,0.333,1.005
2,2016-Jun,Manley,AM,2016-06-11,9:45:00,9.8,1,L,16.2,1725,138,90,na,0,25,86,na,na,,2016-06-15,1725,11:45:00,11.75,50,na,38.7,100.5,y,,2016-07-21,y,1725,13:00:00,13,273,31,na,,3.357,3.364,-0.527,0.196
2,2016-Jun,Manley,NR,2016-06-11,9:45:00,9.8,1,R,7.5,1982,156,110,na,0,30,110,na,na,,2016-06-15,1982,11:45:00,11.75,52,na,48.5,100,y,,2016-07-21,y,1982,13:00:00,13,294,70,na,ave blade length 100,4.533,3.439,0.499,-6.983
2,2016-Jun,Manley,NR,2016-06-11,9:45:00,9.8,1,R,11.3,2085,192,75,na,0,20,69,na,na,,2016-06-15,2085,11:45:00,11.75,40,na,35.8,86.7,y,,2016-07-21,y,2085,13:00:00,13,277,47,na,ave blade length 85,3.871,2.118,0.194,0.466
2,2016-Jun,Manley,NR,2016-06-11,9:45:00,9.8,1,R,17.4,2114,166,96,na,0,25,82,na,na,,2016-06-15,2114,11:45:00,11.75,39,na,34.5,99.3,y,,2016-07-21,y,2114,13:00:00,13,266,58,na,ave blade length 86,2.328,2.492,0.527,1.911
2,2016-Jun,Manley,NR,2016-06-11,9:45:00,9.8,2,R,14.2,2132,118,105,na,0,30,95,na,na,,2016-06-15,2132,11:45:00,11.75,48,na,48.4,110,y,,2016-07-21,y,2132,13:00:00,13,219,66,na,ave blade length 75,4.508,2.517,0.499,-0.833
2,2016-Jun,Manley,NR,2016-06-11,9:45:00,9.8,2,R,4.9,1841,215,105,na,0,30,95,na,na,,2016-06-15,1841,11:45:00,11.75,41,na,46.7,46.7,y,broken at punch,2016-07-21,y,1841,13:00:00,13,316,56,na,ave blade length 60,4.092,2.517,0.416,-15.926
2,2016-Jun,Manley,NR,2016-06-11,9:45:00,9.8,3,R,5,1999,219,118,na,0,30,100,na,na,,2016-06-15,1999,11:45:00,11.75,51,na,48.4,109.9,y,,2016-07-21,y,1999,13:00:00,13,286,60,na,ave blade length 80,4.508,1.669,0.250,-2.083
2,2016-Jun,North,AM,2016-06-12,14:07:00,14.1,1,na,na,na,150,75,na,0,na,na,na,na,,na,na,na,na,na,na,na,na,na,,na,na,na,na,na,na,na,na,,na,na,na,na
2,2016-Jun,North,AM,2016-06-12,14:07:00,14.1,1,na,na,na,188,130,na,0,na,na,na,na,,na,na,na,na,na,na,na,na,na,,na,na,na,na,na,na,na,na,,na,na,na,na
2,2016-Jun,North,AM,2016-06-12,14:07:00,14.1,1,na,na,na,343,180,na,0,na,na,na,na,,na,na,na,na,na,na,na,na,na,,na,na,na,na,na,na,na,na,,na,na,na,na
2,2016-Jun,North,AM,2016-06-12,14:07:00,14.1,1,na,na,na,194,150,na,0,na,na,na,na,,na,na,na,na,na,na,na,na,na,,na,na,na,na,na,na,na,na,,na,na,na,na
2,2016-Jun,North,AM,2016-06-12,14:07:00,14.1,1,na,na,na,147,85,na,0,na,na,na,na,,na,na,na,na,na,na,na,na,na,,na,na,na,na,na,na,na,na,,na,na,na,na
2,2016-Jun,North,AM,2016-06-12,14:07:00,14.1,1,na,na,na,108,62,na,0,na,na,na,na,,na,na,na,na,na,na,na,na,na,,na,na,na,na,na,na,na,na,,na,na,na,na
2,2016-Jun,North,AM,2016-06-12,14:07:00,14.1,1,na,na,na,121,85,na,0,na,na,na,na,,na,na,na,na,na,na,na,na,na,,na,na,na,na,na,na,na,na,,na,na,na,na
2,2016-Jun,North,AM,2016-06-12,14:07:00,14.1,2,na,na,na,171,121,na,0,na,na,na,na,,na,na,na,na,na,na,na,na,na,,na,na,na,na,na,na,na,na,,na,na,na,na
2,2016-Jun,North,AM,2016-06-12,14:07:00,14.1,2,na,na,na,263,185,na,0,na,na,na,na,,na,na,na,na,na,na,na,na,na,,na,na,na,na,na,na,na,na,,na,na,na,na
2,2016-Jun,North,AM,2016-06-12,14:07:00,14.1,2,na,na,na,214,140,na,0,na,na,na,na,,na,na,na,na,na,na,na,na,na,,na,na,na,na,na,na,na,na,,na,na,na,na
2,2016-Jun,North,AM,2016-06-12,14:07:00,14.1,2,na,na,na,107,90,na,0,na,na,na,na,,na,na,na,na,na,na,na,na,na,,na,na,na,na,na,na,na,na,,na,na,na,na
2,2016-Jun,North,AM,2016-06-12,14:07:00,14.1,2,na,na,na,112,100,na,0,na,na,na,na,,na,na,na,na,na,na,na,na,na,,na,na,na,na,na,na,na,na,,na,na,na,na
2,2016-Jun,North,AM,2016-06-12,14:07:00,14.1,2,na,na,na,236,150,na,0,na,na,na,na,,na,na,na,na,na,na,na,na,na,,na,na,na,na,na,na,na,na,,na,na,na,na
2,2016-Jun,North,AM,2016-06-12,14:07:00,14.1,2,na,na,na,237,150,na,0,na,na,na,na,,na,na,na,na,na,na,na,na,na,,na,na,na,na,na,na,na,na,,na,na,na,na
2,2016-Jun,North,AM,2016-06-12,14:07:00,14.1,2,na,na,na,208,111,na,0,na,na,na,na,,na,na,na,na,na,na,na,na,na,,na,na,na,na,na,na,na,na,,na,na,na,na
2,2016-Jun,North,AM,2016-06-12,14:07:00,14.1,2,na,na,na,168,120,na,0,na,na,na,na,,na,na,na,na,na,na,na,na,na,,na,na,na,na,na,na,na,na,,na,na,na,na
2,2016-Jun,North,OP,2016-06-12,14:07:00,14.1,2,na,na,na,99,72,na,0,na,na,na,na,,na,na,na,na,na,na,na,na,na,,na,na,na,na,na,na,na,na,,na,na,na,na
2,2016-Jun,North,OP,2016-06-12,14:07:00,14.1,2,na,na,na,100,68,na,0,na,na,na,na,,na,na,na,na,na,na,na,na,na,,na,na,na,na,na,na,na,na,,na,na,na,na
2,2016-Jun,North,OP,2016-06-12,14:07:00,14.1,2,na,na,na,235,167,na,0,na,na,na,na,,na,na,na,na,na,na,na,na,na,,na,na,na,na,na,na,na,na,,na,na,na,na
2,2016-Jun,North,OP,2016-06-12,14:07:00,14.1,2,na,na,na,76,63,na,0,na,na,na,na,,na,na,na,na,na,na,na,na,na,,na,na,na,na,na,na,na,na,,na,na,na,na
2,2016-Jun,North,OP,2016-06-12,14:07:00,14.1,2,na,na,na,129,67,na,0,na,na,na,na,,na,na,na,na,na,na,na,na,na,,na,na,na,na,na,na,na,na,,na,na,na,na
2,2016-Jun,North,OP,2016-06-12,14:07:00,14.1,2,na,na,na,471,280,na,0,na,na,na,na,,na,na,na,na,na,na,na,na,na,,na,na,na,na,na,na,na,na,,na,na,na,na
2,2016-Jun,North,NR,2016-06-12,14:07:00,14.1,3,na,na,na,225,143,na,0,na,na,na,na,,na,na,na,na,na,na,na,na,na,,na,na,na,na,na,na,na,na,,na,na,na,na
2,2016-Jun,North,NR,2016-06-12,14:07:00,14.1,3,na,na,na,143,67,na,0,na,na,na,na,,na,na,na,na,na,na,na,na,na,,na,na,na,na,na,na,na,na,,na,na,na,na
2,2016-Jun,North,NR,2016-06-12,14:07:00,14.1,3,na,na,na,116,89,na,0,na,na,na,na,,na,na,na,na,na,na,na,na,na,,na,na,na,na,na,na,na,na,,na,na,na,na
2,2016-Jun,North,NR,2016-06-12,14:07:00,14.1,3,na,na,na,80,68,na,0,na,na,na,na,,na,na,na,na,na,na,na,na,na,,na,na,na,na,na,na,na,na,,na,na,na,na
2,2016-Jun,North,NR,2016-06-12,14:07:00,14.1,3,na,na,na,160,113,na,0,na,na,na,na,,na,na,na,na,na,na,na,na,na,,na,na,na,na,na,na,na,na,,na,na,na,na
2,2016-Jun,North,NR,2016-06-12,14:07:00,14.1,3,na,na,na,31,11,na,0,na,na,na,na,,na,na,na,na,na,na,na,na,na,,na,na,na,na,na,na,na,na,,na,na,na,na
2,2016-Jun,North,NR,2016-06-12,14:07:00,14.1,3,na,na,na,126,95,na,0,na,na,na,na,,na,na,na,na,na,na,na,na,na,,na,na,na,na,na,na,na,na,,na,na,na,na
2,2016-Jun,North,NR,2016-06-12,14:07:00,14.1,3,na,na,na,124,74,na,0,na,na,na,na,,na,na,na,na,na,na,na,na,na,,na,na,na,na,na,na,na,na,,na,na,na,na
2,2016-Jun,North,NR,2016-06-12,14:07:00,14.1,3,na,na,na,391,156,na,0,na,na,na,na,,na,na,na,na,na,na,na,na,na,,na,na,na,na,na,na,na,na,,na,na,na,na
2,2016-Jun,North,NR,2016-06-12,14:07:00,14.1,3,na,na,na,100,54,na,0,na,na,na,na,,na,na,na,na,na,na,na,na,na,,na,na,na,na,na,na,na,na,,na,na,na,na
2,2016-Jun,North,NR,2016-06-12,14:07:00,14.1,3,na,na,na,144,101,na,0,na,na,na,na,,na,na,na,na,na,na,na,na,na,,na,na,na,na,na,na,na,na,,na,na,na,na
2,2016-Jun,North,NR,2016-06-12,14:07:00,14.1,3,na,na,na,139,94,na,0,na,na,na,na,,na,na,na,na,na,na,na,na,na,,na,na,na,na,na,na,na,na,,na,na,na,na
2,2016-Jun,North,NR,2016-06-12,14:07:00,14.1,3,na,na,na,312,150,na,0,na,na,na,na,,na,na,na,na,na,na,na,na,na,,na,na,na,na,na,na,na,na,,na,na,na,na
2,2016-Jun,North,NR,2016-06-12,14:07:00,14.1,3,na,na,na,214,100,na,0,na,na,na,na,,na,na,na,na,na,na,na,na,na,,na,na,na,na,na,na,na,na,,na,na,na,na
2,2016-Jun,North,NR,2016-06-12,14:07:00,14.1,3,na,na,na,171,99,na,0,na,na,na,na,,na,na,na,na,na,na,na,na,na,,na,na,na,na,na,na,na,na,,na,na,na,na
2,2016-Jun,Manley,OP,2016-06-15,10:40:00,10.7,1,na,na,na,95,60,na,0,na,na,na,na,,na,na,na,na,na,na,na,na,na,,na,na,na,na,na,na,na,na,,na,na,na,na
2,2016-Jun,Manley,OP,2016-06-15,10:40:00,10.7,1,na,na,na,200,100,na,0,na,na,na,na,,na,na,na,na,na,na,na,na,na,,na,na,na,na,na,na,na,na,,na,na,na,na
2,2016-Jun,Manley,OP,2016-06-15,10:40:00,10.7,1,na,na,na,115,185,na,0,na,na,na,na,,na,na,na,na,na,na,na,na,na,,na,na,na,na,na,na,na,na,,na,na,na,na
2,2016-Jun,Manley,OP,2016-06-15,10:40:00,10.7,1,na,na,na,185,90,na,0,na,na,na,na,,na,na,na,na,na,na,na,na,na,,na,na,na,na,na,na,na,na,,na,na,na,na
2,2016-Jun,Manley,OP,2016-06-15,10:40:00,10.7,1,na,na,na,110,70,na,0,na,na,na,na,,na,na,na,na,na,na,na,na,na,,na,na,na,na,na,na,na,na,,na,na,na,na
2,2016-Jun,Manley,OP,2016-06-15,10:40:00,10.7,1,na,na,na,149,110,na,0,na,na,na,na,,na,na,na,na,na,na,na,na,na,,na,na,na,na,na,na,na,na,,na,na,na,na
2,2016-Jun,Manley,OP,2016-06-15,10:40:00,10.7,1,na,na,na,197,70,na,0,na,na,na,na,,na,na,na,na,na,na,na,na,na,,na,na,na,na,na,na,na,na,,na,na,na,na
2,2016-Jun,Manley,OP,2016-06-15,10:40:00,10.7,1,na,na,na,285,100,na,0,na,na,na,na,,na,na,na,na,na,na,na,na,na,,na,na,na,na,na,na,na,na,,na,na,na,na
2,2016-Jun,Manley,OP,2016-06-15,10:40:00,10.7,1,na,na,na,74,65,na,0,na,na,na,na,,na,na,na,na,na,na,na,na,na,,na,na,na,na,na,na,na,na,,na,na,na,na
2,2016-Jun,Manley,OP,2016-06-15,10:40:00,10.7,1,na,na,na,113,65,na,0,na,na,na,na,,na,na,na,na,na,na,na,na,na,,na,na,na,na,na,na,na,na,,na,na,na,na
2,2016-Jun,Manley,OP,2016-06-15,10:40:00,10.7,1,na,na,na,66,40,na,0,na,na,na,na,,na,na,na,na,na,na,na,na,na,,na,na,na,na,na,na,na,na,,na,na,na,na
2,2016-Jun,Manley,OP,2016-06-15,10:40:00,10.7,1,na,na,na,170,75,na,0,na,na,na,na,,na,na,na,na,na,na,na,na,na,,na,na,na,na,na,na,na,na,,na,na,na,na
2,2016-Jun,Manley,OP,2016-06-15,10:40:00,10.7,1,na,na,na,181,65,na,0,na,na,na,na,,na,na,na,na,na,na,na,na,na,,na,na,na,na,na,na,na,na,,na,na,na,na
2,2016-Jun,Manley,OP,2016-06-15,10:40:00,10.7,1,na,na,na,126,65,na,0,na,na,na,na,,na,na,na,na,na,na,na,na,na,,na,na,na,na,na,na,na,na,,na,na,na,na
2,2016-Jun,Manley,OP,2016-06-15,10:40:00,10.7,1,na,na,na,95,90,na,0,na,na,na,na,,na,na,na,na,na,na,na,na,na,,na,na,na,na,na,na,na,na,,na,na,na,na
2,2016-Jun,Manley,OP,2016-06-15,10:40:00,10.7,2,na,na,na,128,95,na,0,na,na,na,na,,na,na,na,na,na,na,na,na,na,,na,na,na,na,na,na,na,na,,na,na,na,na
2,2016-Jun,Manley,OP,2016-06-15,10:40:00,10.7,2,na,na,na,164,125,na,0,na,na,na,na,,na,na,na,na,na,na,na,na,na,,na,na,na,na,na,na,na,na,,na,na,na,na
2,2016-Jun,Manley,OP,2016-06-15,10:40:00,10.7,2,na,na,na,118,70,na,0,na,na,na,na,,na,na,na,na,na,na,na,na,na,,na,na,na,na,na,na,na,na,,na,na,na,na
2,2016-Jun,Manley,OP,2016-06-15,10:40:00,10.7,2,na,na,na,208,110,na,0,na,na,na,na,,na,na,na,na,na,na,na,na,na,,na,na,na,na,na,na,na,na,,na,na,na,na
2,2016-Jun,Manley,OP,2016-06-15,10:40:00,10.7,2,na,na,na,235,85,na,0,na,na,na,na,,na,na,na,na,na,na,na,na,na,,na,na,na,na,na,na,na,na,,na,na,na,na
2,2016-Jun,Manley,OP,2016-06-15,10:40:00,10.7,2,na,na,na,279,140,na,0,na,na,na,na,,na,na,na,na,na,na,na,na,na,,na,na,na,na,na,na,na,na,,na,na,na,na
2,2016-Jun,Manley,OP,2016-06-15,10:40:00,10.7,2,na,na,na,166,65,na,0,na,na,na,na,,na,na,na,na,na,na,na,na,na,,na,na,na,na,na,na,na,na,,na,na,na,na
2,2016-Jun,Manley,OP,2016-06-15,10:40:00,10.7,2,na,na,na,190,100,na,0,na,na,na,na,,na,na,na,na,na,na,na,na,na,,na,na,na,na,na,na,na,na,,na,na,na,na
2,2016-Jun,Manley,OP,2016-06-15,10:40:00,10.7,2,na,na,na,187,95,na,0,na,na,na,na,,na,na,na,na,na,na,na,na,na,,na,na,na,na,na,na,na,na,,na,na,na,na
2,2016-Jun,Manley,OP,2016-06-15,10:40:00,10.7,2,na,na,na,150,100,na,0,na,na,na,na,,na,na,na,na,na,na,na,na,na,,na,na,na,na,na,na,na,na,,na,na,na,na
2,2016-Jun,Manley,OP,2016-06-15,10:40:00,10.7,2,na,na,na,98,65,na,0,na,na,na,na,,na,na,na,na,na,na,na,na,na,,na,na,na,na,na,na,na,na,,na,na,na,na
2,2016-Jun,Manley,OP,2016-06-15,10:40:00,10.7,2,na,na,na,97,60,na,0,na,na,na,na,,na,na,na,na,na,na,na,na,na,,na,na,na,na,na,na,na,na,,na,na,na,na
2,2016-Jun,Manley,OP,2016-06-15,10:40:00,10.7,2,na,na,na,99,55,na,0,na,na,na,na,,na,na,na,na,na,na,na,na,na,,na,na,na,na,na,na,na,na,,na,na,na,na
2,2016-Jun,Manley,OP,2016-06-15,10:40:00,10.7,2,na,na,na,121,55,na,0,na,na,na,na,,na,na,na,na,na,na,na,na,na,,na,na,na,na,na,na,na,na,,na,na,na,na
2,2016-Jun,Manley,OP,2016-06-15,10:40:00,10.7,2,na,na,na,153,100,na,0,na,na,na,na,,na,na,na,na,na,na,na,na,na,,na,na,na,na,na,na,na,na,,na,na,na,na
2,2016-Jun,Manley,OP,2016-06-15,10:40:00,10.7,3,na,na,na,225,100,na,0,na,na,na,na,,na,na,na,na,na,na,na,na,na,,na,na,na,na,na,na,na,na,,na,na,na,na
2,2016-Jun,Manley,OP,2016-06-15,10:40:00,10.7,3,na,na,na,117,90,na,0,na,na,na,na,,na,na,na,na,na,na,na,na,na,,na,na,na,na,na,na,na,na,,na,na,na,na
2,2016-Jun,Manley,OP,2016-06-15,10:40:00,10.7,3,na,na,na,112,60,na,0,na,na,na,na,,na,na,na,na,na,na,na,na,na,,na,na,na,na,na,na,na,na,,na,na,na,na
2,2016-Jun,Manley,OP,2016-06-15,10:40:00,10.7,3,na,na,na,100,75,na,0,na,na,na,na,,na,na,na,na,na,na,na,na,na,,na,na,na,na,na,na,na,na,,na,na,na,na
2,2016-Jun,Manley,OP,2016-06-15,10:40:00,10.7,3,na,na,na,121,50,na,0,na,na,na,na,,na,na,na,na,na,na,na,na,na,,na,na,na,na,na,na,na,na,,na,na,na,na
2,2016-Jun,Manley,OP,2016-06-15,10:40:00,10.7,3,na,na,na,142,80,na,0,na,na,na,na,,na,na,na,na,na,na,na,na,na,,na,na,na,na,na,na,na,na,,na,na,na,na
2,2016-Jun,Manley,OP,2016-06-15,10:40:00,10.7,3,na,na,na,188,120,na,0,na,na,na,na,,na,na,na,na,na,na,na,na,na,,na,na,na,na,na,na,na,na,,na,na,na,na
2,2016-Jun,Manley,OP,2016-06-15,10:40:00,10.7,3,na,na,na,116,95,na,0,na,na,na,na,,na,na,na,na,na,na,na,na,na,,na,na,na,na,na,na,na,na,,na,na,na,na
2,2016-Jun,Manley,OP,2016-06-15,10:40:00,10.7,3,na,na,na,180,100,na,0,na,na,na,na,,na,na,na,na,na,na,na,na,na,,na,na,na,na,na,na,na,na,,na,na,na,na
2,2016-Jun,Manley,OP,2016-06-15,10:40:00,10.7,3,na,na,na,250,140,na,0,na,na,na,na,,na,na,na,na,na,na,na,na,na,,na,na,na,na,na,na,na,na,,na,na,na,na
2,2016-Jun,Manley,OP,2016-06-15,10:40:00,10.7,3,na,na,na,142,110,na,0,na,na,na,na,,na,na,na,na,na,na,na,na,na,,na,na,na,na,na,na,na,na,,na,na,na,na
2,2016-Jun,Manley,OP,2016-06-15,10:40:00,10.7,3,na,na,na,302,100,na,0,na,na,na,na,,na,na,na,na,na,na,na,na,na,,na,na,na,na,na,na,na,na,,na,na,na,na
2,2016-Jun,Manley,OP,2016-06-15,10:40:00,10.7,3,na,na,na,193,125,na,0,na,na,na,na,,na,na,na,na,na,na,na,na,na,,na,na,na,na,na,na,na,na,,na,na,na,na
2,2016-Jun,Manley,OP,2016-06-15,10:40:00,10.7,3,na,na,na,120,65,na,0,na,na,na,na,,na,na,na,na,na,na,na,na,na,,na,na,na,na,na,na,na,na,,na,na,na,na
2,2016-Jun,Manley,OP,2016-06-15,10:40:00,10.7,3,na,na,na,140,70,na,0,na,na,na,na,,na,na,na,na,na,na,na,na,na,,na,na,na,na,na,na,na,na,,na,na,na,na
2,2016-Jun,Second,OP,2016-06-17,9:08:00,9.1,1,na,na,na,110,65,na,0,na,na,na,na,,na,na,na,na,na,na,na,na,na,,na,na,na,na,na,na,na,na,,na,na,na,na
2,2016-Jun,Second,OP,2016-06-17,9:08:00,9.1,1,na,na,na,172,100,na,0,na,na,na,na,,na,na,na,na,na,na,na,na,na,,na,na,na,na,na,na,na,na,,na,na,na,na
2,2016-Jun,Second,OP,2016-06-17,9:08:00,9.1,1,na,na,na,350,200,na,0,na,na,na,na,,na,na,na,na,na,na,na,na,na,,na,na,na,na,na,na,na,na,,na,na,na,na
2,2016-Jun,Second,OP,2016-06-17,9:08:00,9.1,1,na,na,na,160,100,na,0,na,na,na,na,,na,na,na,na,na,na,na,na,na,,na,na,na,na,na,na,na,na,,na,na,na,na
2,2016-Jun,Second,OP,2016-06-17,9:08:00,9.1,1,na,na,na,127,86,na,0,na,na,na,na,,na,na,na,na,na,na,na,na,na,,na,na,na,na,na,na,na,na,,na,na,na,na
2,2016-Jun,Second,OP,2016-06-17,9:08:00,9.1,1,na,na,na,121,75,na,0,na,na,na,na,,na,na,na,na,na,na,na,na,na,,na,na,na,na,na,na,na,na,,na,na,na,na
2,2016-Jun,Second,OP,2016-06-17,9:08:00,9.1,1,na,na,na,184,100,na,0,na,na,na,na,,na,na,na,na,na,na,na,na,na,,na,na,na,na,na,na,na,na,,na,na,na,na
2,2016-Jun,Second,OP,2016-06-17,9:08:00,9.1,1,na,na,na,230,120,na,0,na,na,na,na,,na,na,na,na,na,na,na,na,na,,na,na,na,na,na,na,na,na,,na,na,na,na
2,2016-Jun,Second,OP,2016-06-17,9:08:00,9.1,1,na,na,na,155,100,na,0,na,na,na,na,,na,na,na,na,na,na,na,na,na,,na,na,na,na,na,na,na,na,,na,na,na,na
2,2016-Jun,Second,OP,2016-06-17,9:08:00,9.1,1,na,na,na,220,150,na,0,na,na,na,na,,na,na,na,na,na,na,na,na,na,,na,na,na,na,na,na,na,na,,na,na,na,na
2,2016-Jun,Second,OP,2016-06-17,9:08:00,9.1,1,na,na,na,419,250,na,0,na,na,na,na,,na,na,na,na,na,na,na,na,na,,na,na,na,na,na,na,na,na,,na,na,na,na
2,2016-Jun,Second,OP,2016-06-17,9:08:00,9.1,1,na,na,na,100,50,na,0,na,na,na,na,,na,na,na,na,na,na,na,na,na,,na,na,na,na,na,na,na,na,,na,na,na,na
2,2016-Jun,Second,OP,2016-06-17,9:08:00,9.1,1,na,na,na,165,80,na,0,na,na,na,na,,na,na,na,na,na,na,na,na,na,,na,na,na,na,na,na,na,na,,na,na,na,na
2,2016-Jun,Second,OP,2016-06-17,9:08:00,9.1,1,na,na,na,198,100,na,0,na,na,na,na,,na,na,na,na,na,na,na,na,na,,na,na,na,na,na,na,na,na,,na,na,na,na
2,2016-Jun,Second,OP,2016-06-17,9:08:00,9.1,1,na,na,na,348,140,na,0,na,na,na,na,,na,na,na,na,na,na,na,na,na,,na,na,na,na,na,na,na,na,,na,na,na,na
2,2016-Jun,Second,OP,2016-06-17,9:08:00,9.1,2,na,na,na,115,100,na,0,na,na,na,na,,na,na,na,na,na,na,na,na,na,,na,na,na,na,na,na,na,na,,na,na,na,na
2,2016-Jun,Second,OP,2016-06-17,9:08:00,9.1,2,na,na,na,254,100,na,0,na,na,na,na,,na,na,na,na,na,na,na,na,na,,na,na,na,na,na,na,na,na,,na,na,na,na
2,2016-Jun,Second,OP,2016-06-17,9:08:00,9.1,2,na,na,na,254,150,na,0,na,na,na,na,,na,na,na,na,na,na,na,na,na,,na,na,na,na,na,na,na,na,,na,na,na,na
2,2016-Jun,Second,OP,2016-06-17,9:08:00,9.1,2,na,na,na,117,150,na,0,na,na,na,na,,na,na,na,na,na,na,na,na,na,,na,na,na,na,na,na,na,na,,na,na,na,na
2,2016-Jun,Second,OP,2016-06-17,9:08:00,9.1,2,na,na,na,415,200,na,0,na,na,na,na,,na,na,na,na,na,na,na,na,na,,na,na,na,na,na,na,na,na,,na,na,na,na
2,2016-Jun,Second,OP,2016-06-17,9:08:00,9.1,2,na,na,na,424,250,na,0,na,na,na,na,,na,na,na,na,na,na,na,na,na,,na,na,na,na,na,na,na,na,,na,na,na,na
2,2016-Jun,Second,OP,2016-06-17,9:08:00,9.1,2,na,na,na,129,80,na,0,na,na,na,na,,na,na,na,na,na,na,na,na,na,,na,na,na,na,na,na,na,na,,na,na,na,na
2,2016-Jun,Second,OP,2016-06-17,9:08:00,9.1,2,na,na,na,324,200,na,0,na,na,na,na,,na,na,na,na,na,na,na,na,na,,na,na,na,na,na,na,na,na,,na,na,na,na
2,2016-Jun,Second,OP,2016-06-17,9:08:00,9.1,2,na,na,na,134,90,na,0,na,na,na,na,,na,na,na,na,na,na,na,na,na,,na,na,na,na,na,na,na,na,,na,na,na,na
2,2016-Jun,Second,OP,2016-06-17,9:08:00,9.1,2,na,na,na,300,130,na,0,na,na,na,na,,na,na,na,na,na,na,na,na,na,,na,na,na,na,na,na,na,na,,na,na,na,na
2,2016-Jun,Second,OP,2016-06-17,9:08:00,9.1,2,na,na,na,128,90,na,0,na,na,na,na,,na,na,na,na,na,na,na,na,na,,na,na,na,na,na,na,na,na,,na,na,na,na
2,2016-Jun,Second,OP,2016-06-17,9:08:00,9.1,2,na,na,na,400,230,na,0,na,na,na,na,,na,na,na,na,na,na,na,na,na,,na,na,na,na,na,na,na,na,,na,na,na,na
2,2016-Jun,Second,OP,2016-06-17,9:08:00,9.1,2,na,na,na,319,120,na,0,na,na,na,na,,na,na,na,na,na,na,na,na,na,,na,na,na,na,na,na,na,na,,na,na,na,na
2,2016-Jun,Second,OP,2016-06-17,9:08:00,9.1,2,na,na,na,260,130,na,0,na,na,na,na,,na,na,na,na,na,na,na,na,na,,na,na,na,na,na,na,na,na,,na,na,na,na
2,2016-Jun,Second,OP,2016-06-17,9:08:00,9.1,2,na,na,na,134,100,na,0,na,na,na,na,,na,na,na,na,na,na,na,na,na,,na,na,na,na,na,na,na,na,,na,na,na,na
2,2016-Jun,Second,OP,2016-06-17,9:08:00,9.1,3,na,na,na,126,60,na,0,na,na,na,na,,na,na,na,na,na,na,na,na,na,,na,na,na,na,na,na,na,na,,na,na,na,na
2,2016-Jun,Second,OP,2016-06-17,9:08:00,9.1,3,na,na,na,113,78,na,0,na,na,na,na,,na,na,na,na,na,na,na,na,na,,na,na,na,na,na,na,na,na,,na,na,na,na
2,2016-Jun,Second,OP,2016-06-17,9:08:00,9.1,3,na,na,na,120,80,na,0,na,na,na,na,,na,na,na,na,na,na,na,na,na,,na,na,na,na,na,na,na,na,,na,na,na,na
2,2016-Jun,Second,OP,2016-06-17,9:08:00,9.1,3,na,na,na,158,72,na,0,na,na,na,na,,na,na,na,na,na,na,na,na,na,,na,na,na,na,na,na,na,na,,na,na,na,na
2,2016-Jun,Second,OP,2016-06-17,9:08:00,9.1,3,na,na,na,316,200,na,0,na,na,na,na,,na,na,na,na,na,na,na,na,na,,na,na,na,na,na,na,na,na,,na,na,na,na
2,2016-Jun,Second,OP,2016-06-17,9:08:00,9.1,3,na,na,na,168,125,na,0,na,na,na,na,,na,na,na,na,na,na,na,na,na,,na,na,na,na,na,na,na,na,,na,na,na,na
2,2016-Jun,Second,OP,2016-06-17,9:08:00,9.1,3,na,na,na,174,105,na,0,na,na,na,na,,na,na,na,na,na,na,na,na,na,,na,na,na,na,na,na,na,na,,na,na,na,na
2,2016-Jun,Second,OP,2016-06-17,9:08:00,9.1,3,na,na,na,308,180,na,0,na,na,na,na,,na,na,na,na,na,na,na,na,na,,na,na,na,na,na,na,na,na,,na,na,na,na
2,2016-Jun,Second,OP,2016-06-17,9:08:00,9.1,3,na,na,na,111,85,na,0,na,na,na,na,,na,na,na,na,na,na,na,na,na,,na,na,na,na,na,na,na,na,,na,na,na,na
2,2016-Jun,Second,OP,2016-06-17,9:08:00,9.1,3,na,na,na,142,85,na,0,na,na,na,na,,na,na,na,na,na,na,na,na,na,,na,na,na,na,na,na,na,na,,na,na,na,na
2,2016-Jun,Second,OP,2016-06-17,9:08:00,9.1,3,na,na,na,333,200,na,0,na,na,na,na,,na,na,na,na,na,na,na,na,na,,na,na,na,na,na,na,na,na,,na,na,na,na
2,2016-Jun,Second,OP,2016-06-17,9:08:00,9.1,3,na,na,na,104,75,na,0,na,na,na,na,,na,na,na,na,na,na,na,na,na,,na,na,na,na,na,na,na,na,,na,na,na,na
2,2016-Jun,Second,OP,2016-06-17,9:08:00,9.1,3,na,na,na,275,93,na,0,na,na,na,na,,na,na,na,na,na,na,na,na,na,,na,na,na,na,na,na,na,na,,na,na,na,na
2,2016-Jun,Second,OP,2016-06-17,9:08:00,9.1,3,na,na,na,178,125,na,0,na,na,na,na,,na,na,na,na,na,na,na,na,na,,na,na,na,na,na,na,na,na,,na,na,na,na
2,2016-Jun,Second,OP,2016-06-17,9:08:00,9.1,3,na,na,na,172,120,na,0,na,na,na,na,,na,na,na,na,na,na,na,na,na,,na,na,na,na,na,na,na,na,,na,na,na,na
3,2016-Jul,Second,AM,2016-07-20,14:00:00,14,1,R,1.9,2174,250,54,na,0,15,43,na,na,,2016-07-23,2174,15:20:00,15.33,36,na,na,na,y,couldn't find blade,2016-08-14,n,2174,13:30:00,13.5,na,na,na,,na,na,na,na
3,2016-Jul,Second,AM,2016-07-20,14:00:00,14,1,R,7,2173,367,57,na,0,15,56,na,na,,2016-07-23,2173,15:20:00,15.33,22,na,16,24,y,,2016-08-14,n,2173,13:30:00,13.5,na,na,na,,0.327,na,na,-10.800
3,2016-Jul,Second,AM,2016-07-20,14:00:00,14,1,R,11,2148,522,100,na,L,30,92,na,na,,2016-07-23,2148,15:20:00,15.33,87,na,37,80,y,,2016-08-14,y,2148,13:30:00,13.5,na,20,na,stipe shrunk measured 512 cm‚Ä¶? Could be error in either L1 or L3,2.291,na,-3.056,-6.218
3,2016-Jul,Second,AM,2016-07-20,14:00:00,14,2,R,5.1,808,240,40,na,0,10,32,na,na,,2016-07-23,808,15:20:00,15.33,44,na,10,20,y,,2016-08-14,n,808,13:30:00,13.5,na,na,na,,0.000,na,na,-3.927
3,2016-Jul,Second,AM,2016-07-20,14:00:00,14,2,R,12.9,722,312,90,na,0,15,53,na,na,,2016-07-23,722,15:20:00,15.33,48,na,17,42,y,,2016-08-14,y,722,13:30:00,13.5,352,32,na,,0.655,1.601,-0.730,-4.255
3,2016-Jul,Second,AM,2016-07-20,14:00:00,14,3,R,18,2163,310,56,na,0,15,59,na,na,,2016-07-23,2163,15:20:00,15.33,37,na,16.5,35,y,,2016-08-14,n,2163,13:30:00,13.5,na,na,na,,0.491,na,na,-8.346
3,2016-Jul,Second,AM,2016-07-20,14:00:00,14,3,R,12.5,2167,262,60,na,0,15,50,na,na,,2016-07-23,2167,15:20:00,15.33,27,na,17,46,y,,2016-08-14,y,2167,13:30:00,13.5,363,21,na,,0.655,4.043,-0.274,-1.964
3,2016-Jul,Second,AM,2016-07-20,14:00:00,14,3,R,10,759,212,50,na,0,15,44,na,na,,2016-07-23,759,15:20:00,15.33,21,na,20,36,y,,2016-08-14,y,759,13:30:00,13.5,222,24,na,,1.636,0.400,0.137,-4.255
3,2016-Jul,Second,OP,2016-07-20,14:00:00,14,1,L,6.9,2154,584,95,na,L,15,50,na,na,"blade measured from tapered part, senescing",2016-07-23,2154,15:20:00,15.33,86,na,18,51,y,,2016-08-14,y,2154,13:30:00,13.5,606,61,na,,0.982,0.881,-1.140,-0.655
3,2016-Jul,Second,OP,2016-07-20,14:00:00,14,1,L,13.5,2191,398,45,na,0,10,25,na,na,"blade measured from tapered part, senescing",2016-07-23,2191,15:20:00,15.33,30,na,14,14,y,broken at the punch,2016-08-14,n,2191,13:30:00,13.5,na,na,na,,1.309,na,na,-4.909
3,2016-Jul,Second,OP,2016-07-20,14:00:00,14,1,L,18.1,815,343,30,na,0,7,21,na,na,"blade measured from tapered part, senescing",2016-07-23,815,15:20:00,15.33,30,na,8,21,y,,2016-08-14,n,815,13:30:00,13.5,na,na,na,,0.327,na,na,-0.327
3,2016-Jul,Second,OP,2016-07-20,14:00:00,14,2,L,16.5,2157,200,50,na,0,12,38,na,na,"blade measured from tapered part, senescing",2016-07-23,2157,15:20:00,15.33,24,na,16,38,y,,2016-08-14,y,2157,13:30:00,13.5,289,34,na,,1.309,3.563,0.456,-1.309
3,2016-Jul,Second,OP,2016-07-20,14:00:00,14,2,L,8,2168,410,85,na,0,20,66,na,na,"blade measured from tapered part, senescing",2016-07-23,2168,15:20:00,15.33,38,na,25,63,y,,2016-08-14,y,2168,13:30:00,13.5,425,38,na,,1.636,0.601,0.000,-2.618
3,2016-Jul,Second,OP,2016-07-20,14:00:00,14,3,L,11,797,366,75,na,0,25,72,na,na,"blade measured from tapered part, senescing",2016-07-23,797,15:20:00,15.33,41,na,26,53,y,,2016-08-14,n,797,13:30:00,13.5,na,na,na,,0.327,na,na,-6.546
3,2016-Jul,Second,OP,2016-07-20,14:00:00,14,3,L,16.5,848,296,35,na,0,8,24,na,na,"blade measured from tapered part, senescing",2016-07-23,848,15:20:00,15.33,20,na,10,20,y,,2016-08-14,y,848,13:30:00,13.5,299,0,na,,0.655,0.120,-0.912,-1.964
3,2016-Jul,Second,OP,2016-07-20,14:00:00,14,3,L,18.9,2151,235,35,na,0,7,23,na,na,"blade measured from tapered part, senescing",2016-07-23,2151,15:20:00,15.33,24,na,7.5,15,y,,2016-08-14,n,2151,13:30:00,13.5,na,na,na,,0.164,na,na,-2.782
3,2016-Jul,North,AM,2016-07-21,14:40:00,14.7,3,L,4.2,336,613,73,na,L,15,53,na,na,,2016-07-25,336,16:00:00,16,45,na,20.5,36,y,,2016-08-10,y,336,14:40:00,14.67,615,36,na,,1.357,0.100,-0.564,-5.550
3,2016-Jul,North,AM,2016-07-21,14:40:00,14.7,3,L,13,1986,155,45,na,0,10,38,na,na,,2016-07-25,1986,16:00:00,16,35,na,20,45,y,,2016-08-10,n,1986,14:40:00,14.67,na,na,na,gone,2.467,na,na,-0.740
3,2016-Jul,North,AM,2016-07-21,14:40:00,14.7,3,L,4.6,2027,273,40,na,0,15,45,na,na,,2016-07-25,2027,16:00:00,16,33,na,25,52,y,,2016-08-10,y,2027,14:40:00,14.67,322,42,na,,2.467,2.450,0.564,-0.740
3,2016-Jul,North,AM,2016-07-21,14:40:00,14.7,2,L,4.8,1924,483,76,na,L,20,69,na,na,,2016-07-25,1924,16:00:00,16,51,na,28,61,y,,2016-08-10,y,1924,14:40:00,14.67,487,45,na,,1.973,0.200,-0.376,-3.947
3,2016-Jul,North,AM,2016-07-21,14:40:00,14.7,2,L,10.5,2042,513,76,na,0,20,61,na,na,,2016-07-25,2042,16:00:00,16,28,na,25,63,y,,2016-08-10,y,2042,14:40:00,14.67,520,27,na,,1.233,0.350,-0.063,-0.740
3,2016-Jul,North,AM,2016-07-21,14:40:00,14.7,2,L,6.3,335,387,30,na,0,10,31,na,na,,2016-07-25,335,16:00:00,16,33,na,18,33,y,,2016-08-10,y,335,14:40:00,14.67,387,29,na,stipe shrunk measured 385 cm‚Ä¶?Could be error in either L1 or L3,1.973,0.000,-0.251,-1.480
3,2016-Jul,North,AM,2016-07-21,14:40:00,14.7,1,L,6.9,1737,339,50,na,0,15,46,na,na,,2016-07-25,1737,16:00:00,16,23,na,23,49,y,,2016-08-10,y,1737,14:40:00,14.67,342,39,na,,1.973,0.150,1.003,-1.233
3,2016-Jul,North,AM,2016-07-21,14:40:00,14.7,1,L,10,1723,553,110,na,0,30,115,na,na,,2016-07-25,1723,16:00:00,16,69,na,39,107,y,,2016-08-10,y,1723,14:40:00,14.67,553,64,na,"stipe shrunk, measured 550cm‚Ä¶?Could be error in either L1 or L3",2.220,0.000,-0.314,-4.193
3,2016-Jul,North,OP,2016-07-21,14:40:00,14.7,1,R,3.2,1834,248,50,na,0,12,42,na,na,,2016-07-25,1834,16:00:00,16,37,na,25,52,y,,2016-08-10,y,1834,14:40:00,14.67,276,39,na,,3.207,1.400,0.125,-0.740
3,2016-Jul,North,OP,2016-07-21,14:40:00,14.7,1,R,10.5,1787,477,60,na,0,15,46,na,na,,2016-07-25,1787,16:00:00,16,43,na,25,54,y,,2016-08-10,y,1787,14:40:00,14.67,504,32,na,,2.467,1.350,-0.690,-0.493
3,2016-Jul,North,OP,2016-07-21,14:40:00,14.7,2,R,20,1806,366,60,na,0,15,53,na,na,,2016-07-25,1806,16:00:00,16,49,na,30.5,69,y,,2016-08-10,y,1806,14:40:00,14.67,405,49,na,,3.823,1.950,0.000,0.123
3,2016-Jul,North,OP,2016-07-21,14:40:00,14.7,2,R,15,1872,342,40,na,0,16,29,na,na,,2016-07-25,1872,16:00:00,16,42,na,20.5,40.5,y,,2016-08-10,y,1872,14:40:00,14.67,445,44,na,,1.110,5.150,0.125,1.727
3,2016-Jul,North,OP,2016-07-21,14:40:00,14.7,2,R,2,1892,484,90,na,0,22,66,na,na,,2016-07-25,1892,16:00:00,16,46,na,33,72,y,,2016-08-10,y,1892,14:40:00,14.67,505,44,na,,2.713,1.050,-0.125,-1.233
3,2016-Jul,North,OP,2016-07-21,14:40:00,14.7,3,R,15,1826,310,45,na,0,15,43,na,na,,2016-07-25,1826,16:00:00,16,21,na,30,56,y,,2016-08-10,y,1826,14:40:00,14.67,456,23,na,,3.700,7.300,0.125,-0.493
3,2016-Jul,North,OP,2016-07-21,14:40:00,14.7,3,R,7.5,2145,264,35,na,0,10,35,na,na,,2016-07-25,2145,16:00:00,16,31,na,21,44,y,,2016-08-10,y,2145,14:40:00,14.67,327,31,na,,2.713,3.150,0.000,-0.493
3,2016-Jul,North,OP,2016-07-21,14:40:00,14.7,3,R,18.5,853,329,40,na,0,12,40,na,na,,2016-07-25,853,16:00:00,16,39,na,21.5,49,y,,2016-08-10,y,853,14:40:00,14.67,431,39,na,,2.343,5.100,0.000,-0.123
3,2016-Jul,Manley,AM,2016-07-21,12:19:00,12.3,3,L,3,729,157,65,na,0,20,64,na,na,,2016-07-24,729,12:20:00,12.33,41,na,23,53,y,,2016-08-13,n,729,11:45:00,11.75,na,na,na,gone,1.000,na,na,-4.665
3,2016-Jul,Manley,AM,2016-07-21,12:19:00,12.3,3,L,7,2182,285,64,na,0,15,49,na,na,,2016-07-24,2182,12:20:00,12.33,42,na,26,53,y,,2016-08-13,n,2182,11:45:00,11.75,na,na,na,gone,3.665,na,na,-2.332
3,2016-Jul,Manley,AM,2016-07-21,12:19:00,12.3,3,L,18,2153,299,100,na,0,25,86,na,na,,2016-07-24,2153,12:20:00,12.33,67,na,37,85,y,,2016-08-13,y,2153,11:45:00,11.75,311,65,na,,3.998,0.522,-0.100,-4.332
3,2016-Jul,Manley,AM,2016-07-21,12:19:00,12.3,2,L,11.5,2170,250,38,na,0,10,29,na,na,,2016-07-24,2170,12:20:00,12.33,31,na,13.5,18.5,y,,2016-08-13,n,2170,11:45:00,11.75,na,na,na,gone,1.166,na,na,-4.665
3,2016-Jul,Manley,AM,2016-07-21,12:19:00,12.3,2,L,7.8,2190,179,70,na,0,20,70,na,na,,2016-07-24,2190,12:20:00,12.33,41,na,28,66,y,,2016-08-13,y,2190,11:45:00,11.75,192,38,na,,2.666,0.566,-0.150,-3.998
3,2016-Jul,Manley,AM,2016-07-21,12:19:00,12.3,2,L,1.7,2144,255,80,na,0,25,79,na,na,,2016-07-24,2144,12:20:00,12.33,69,na,26,74,y,,2016-08-13,n,2144,11:45:00,11.75,na,na,na,gone,0.333,na,na,-1.999
3,2016-Jul,Manley,AM,2016-07-21,12:19:00,12.3,1,L,5.1,2192,240,60,na,0,15,46,na,na,,2016-07-24,2192,12:20:00,12.33,58,na,20.5,43.5,y,,2016-08-13,y,2192,11:45:00,11.75,240,49,na,hard to believe stipe stayed exact same length,1.833,0.000,-0.451,-2.666
3,2016-Jul,Manley,AM,2016-07-21,12:19:00,12.3,1,L,12,2165,348,90,na,0,20,64,na,na,,2016-07-24,2165,12:20:00,12.33,64,na,27,64,y,,2016-08-13,y,2165,11:45:00,11.75,349,49,na,,2.332,0.044,-0.751,-2.332
3,2016-Jul,Manley,OP,2016-07-21,12:19:00,12.3,1,R,3.5,2142,280,70,na,0,23,67,na,na,,2016-07-24,2142,12:20:00,12.33,88,na,29,60,y,unsure on whether that's a hole or a tare,2016-08-13,n,2142,11:45:00,11.75,na,na,na,gone,1.999,na,na,-4.332
3,2016-Jul,Manley,OP,2016-07-21,12:19:00,12.3,1,R,10.1,2064,169,100,na,0,25,68,na,na,,2016-07-24,2064,12:20:00,12.33,40,na,31,78,y,,2016-08-13,y,2064,11:45:00,11.75,181,33,na,,1.999,0.522,-0.350,1.333
3,2016-Jul,Manley,OP,2016-07-21,12:19:00,12.3,1,R,18,2140,132,50,na,0,10,30,na,na,,2016-07-24,2140,12:20:00,12.33,20,na,13,33,y,,2016-08-13,y,2140,11:45:00,11.75,145,22,na,,1.000,0.566,0.100,0.000
3,2016-Jul,Manley,OP,2016-07-21,12:19:00,12.3,2,R,18.5,2160,283,80,na,0,12,37,na,na,,2016-07-24,2160,12:20:00,12.33,50,na,15.5,24.5,y,,2016-08-13,y,2160,11:45:00,11.75,284,31,na,,1.166,0.044,-0.951,-5.331
3,2016-Jul,Manley,OP,2016-07-21,12:19:00,12.3,2,R,13.5,2159,215,65,na,0,15,39,na,na,,2016-07-24,2159,12:20:00,12.33,36,na,20,45,y,,2016-08-13,n,2159,11:45:00,11.75,na,na,na,gone,1.666,na,na,0.333
3,2016-Jul,Manley,OP,2016-07-21,12:19:00,12.3,2,R,3.5,776,287,80,na,0,25,75,na,na,,2016-07-24,776,12:20:00,12.33,61,na,29.5,75,y,,2016-08-13,y,776,11:45:00,11.75,290,34,na,,1.499,0.131,-1.352,-1.499
3,2016-Jul,Manley,OP,2016-07-21,12:19:00,12.3,3,R,1,2143,254,55,na,0,15,42,na,na,,2016-07-24,2143,12:20:00,12.33,77,na,18,46,y,,2016-08-13,n,2143,11:45:00,11.75,na,na,na,gone,1.000,na,na,0.333
3,2016-Jul,Manley,OP,2016-07-21,12:19:00,12.3,3,R,19.5,721,319,75,na,0,22,66,na,na,,2016-07-24,721,12:20:00,12.33,82,na,28,67,y,,2016-08-13,y,721,11:45:00,11.75,319,69,na,"stipe shrunk, measured 318cm‚Ä¶?Could be error in either L1 or L3",1.999,0.000,-0.651,-1.666
3,2016-Jul,Second,AM,2016-07-23,14:00:00,14,3,na,na,na,165,50,na,0,na,na,na,na,,na,na,na,na,na,na,na,na,na,,na,na,na,na,na,na,na,na,,na,na,na,na
3,2016-Jul,Second,AM,2016-07-23,14:00:00,14,3,na,na,na,160,20,na,0,na,na,na,na,,na,na,na,na,na,na,na,na,na,,na,na,na,na,na,na,na,na,,na,na,na,na
3,2016-Jul,Second,AM,2016-07-23,14:00:00,14,3,na,na,na,108,35,na,0,na,na,na,na,,na,na,na,na,na,na,na,na,na,,na,na,na,na,na,na,na,na,,na,na,na,na
3,2016-Jul,Second,AM,2016-07-23,14:00:00,14,3,na,na,na,169,30,na,0,na,na,na,na,,na,na,na,na,na,na,na,na,na,,na,na,na,na,na,na,na,na,,na,na,na,na
3,2016-Jul,Second,AM,2016-07-23,14:00:00,14,3,na,na,na,477,45,na,0,na,na,na,na,,na,na,na,na,na,na,na,na,na,,na,na,na,na,na,na,na,na,,na,na,na,na
3,2016-Jul,Second,AM,2016-07-23,14:00:00,14,3,na,na,na,215,50,na,0,na,na,na,na,,na,na,na,na,na,na,na,na,na,,na,na,na,na,na,na,na,na,,na,na,na,na
3,2016-Jul,Second,AM,2016-07-23,14:00:00,14,3,na,na,na,250,25,na,0,na,na,na,na,,na,na,na,na,na,na,na,na,na,,na,na,na,na,na,na,na,na,,na,na,na,na
3,2016-Jul,Second,AM,2016-07-23,14:00:00,14,3,na,na,na,271,40,na,0,na,na,na,na,,na,na,na,na,na,na,na,na,na,,na,na,na,na,na,na,na,na,,na,na,na,na
3,2016-Jul,Second,AM,2016-07-23,14:00:00,14,3,na,na,na,268,40,na,0,na,na,na,na,,na,na,na,na,na,na,na,na,na,,na,na,na,na,na,na,na,na,,na,na,na,na
3,2016-Jul,Second,AM,2016-07-23,14:00:00,14,3,na,na,na,264,25,na,0,na,na,na,na,,na,na,na,na,na,na,na,na,na,,na,na,na,na,na,na,na,na,,na,na,na,na
3,2016-Jul,Second,AM,2016-07-23,14:00:00,14,3,na,na,na,314,25,na,0,na,na,na,na,,na,na,na,na,na,na,na,na,na,,na,na,na,na,na,na,na,na,,na,na,na,na
3,2016-Jul,Second,AM,2016-07-23,14:00:00,14,3,na,na,na,352,20,na,0,na,na,na,na,,na,na,na,na,na,na,na,na,na,,na,na,na,na,na,na,na,na,,na,na,na,na
3,2016-Jul,Second,AM,2016-07-23,14:00:00,14,3,na,na,na,254,57,na,0,na,na,na,na,,na,na,na,na,na,na,na,na,na,,na,na,na,na,na,na,na,na,,na,na,na,na
3,2016-Jul,Second,AM,2016-07-23,14:00:00,14,3,na,na,na,341,35,na,0,na,na,na,na,,na,na,na,na,na,na,na,na,na,,na,na,na,na,na,na,na,na,,na,na,na,na
3,2016-Jul,Second,AM,2016-07-23,14:00:00,14,3,na,na,na,316,42,na,0,na,na,na,na,,na,na,na,na,na,na,na,na,na,,na,na,na,na,na,na,na,na,,na,na,na,na
3,2016-Jul,Second,AM,2016-07-23,14:00:00,14,2,na,na,na,195,38,na,0,na,na,na,na,,na,na,na,na,na,na,na,na,na,,na,na,na,na,na,na,na,na,,na,na,na,na
3,2016-Jul,Second,AM,2016-07-23,14:00:00,14,2,na,na,na,350,68,na,0,na,na,na,na,,na,na,na,na,na,na,na,na,na,,na,na,na,na,na,na,na,na,,na,na,na,na
3,2016-Jul,Second,AM,2016-07-23,14:00:00,14,2,na,na,na,231,34,na,0,na,na,na,na,,na,na,na,na,na,na,na,na,na,,na,na,na,na,na,na,na,na,,na,na,na,na
3,2016-Jul,Second,AM,2016-07-23,14:00:00,14,2,na,na,na,292,43,na,0,na,na,na,na,,na,na,na,na,na,na,na,na,na,,na,na,na,na,na,na,na,na,,na,na,na,na
3,2016-Jul,Second,AM,2016-07-23,14:00:00,14,2,na,na,na,544,88,na,0,na,na,na,na,,na,na,na,na,na,na,na,na,na,,na,na,na,na,na,na,na,na,,na,na,na,na
3,2016-Jul,Second,AM,2016-07-23,14:00:00,14,2,na,na,na,442,34,na,0,na,na,na,na,,na,na,na,na,na,na,na,na,na,,na,na,na,na,na,na,na,na,,na,na,na,na
3,2016-Jul,Second,AM,2016-07-23,14:00:00,14,2,na,na,na,106,32,na,0,na,na,na,na,,na,na,na,na,na,na,na,na,na,,na,na,na,na,na,na,na,na,,na,na,na,na
3,2016-Jul,Second,AM,2016-07-23,14:00:00,14,2,na,na,na,386,45,na,0,na,na,na,na,,na,na,na,na,na,na,na,na,na,,na,na,na,na,na,na,na,na,,na,na,na,na
3,2016-Jul,Second,AM,2016-07-23,14:00:00,14,2,na,na,na,311,30,na,0,na,na,na,na,,na,na,na,na,na,na,na,na,na,,na,na,na,na,na,na,na,na,,na,na,na,na
3,2016-Jul,Second,AM,2016-07-23,14:00:00,14,2,na,na,na,362,32,na,0,na,na,na,na,,na,na,na,na,na,na,na,na,na,,na,na,na,na,na,na,na,na,,na,na,na,na
3,2016-Jul,Second,AM,2016-07-23,14:00:00,14,2,na,na,na,303,18,na,0,na,na,na,na,,na,na,na,na,na,na,na,na,na,,na,na,na,na,na,na,na,na,,na,na,na,na
3,2016-Jul,Second,AM,2016-07-23,14:00:00,14,2,na,na,na,603,65,na,0,na,na,na,na,,na,na,na,na,na,na,na,na,na,,na,na,na,na,na,na,na,na,,na,na,na,na
3,2016-Jul,Second,AM,2016-07-23,14:00:00,14,2,na,na,na,176,35,na,0,na,na,na,na,,na,na,na,na,na,na,na,na,na,,na,na,na,na,na,na,na,na,,na,na,na,na
3,2016-Jul,Second,AM,2016-07-23,14:00:00,14,2,na,na,na,240,12,na,0,na,na,na,na,,na,na,na,na,na,na,na,na,na,,na,na,na,na,na,na,na,na,,na,na,na,na
3,2016-Jul,Second,AM,2016-07-23,14:00:00,14,2,na,na,na,410,50,na,0,na,na,na,na,,na,na,na,na,na,na,na,na,na,,na,na,na,na,na,na,na,na,,na,na,na,na
3,2016-Jul,Second,AM,2016-07-23,14:00:00,14,1,na,na,na,183,47,na,0,na,na,na,na,,na,na,na,na,na,na,na,na,na,,na,na,na,na,na,na,na,na,,na,na,na,na
3,2016-Jul,Second,AM,2016-07-23,14:00:00,14,1,na,na,na,116,34,na,0,na,na,na,na,,na,na,na,na,na,na,na,na,na,,na,na,na,na,na,na,na,na,,na,na,na,na
3,2016-Jul,Second,AM,2016-07-23,14:00:00,14,1,na,na,na,308,44,na,0,na,na,na,na,,na,na,na,na,na,na,na,na,na,,na,na,na,na,na,na,na,na,,na,na,na,na
3,2016-Jul,Second,AM,2016-07-23,14:00:00,14,1,na,na,na,144,48,na,0,na,na,na,na,,na,na,na,na,na,na,na,na,na,,na,na,na,na,na,na,na,na,,na,na,na,na
3,2016-Jul,Second,AM,2016-07-23,14:00:00,14,1,na,na,na,229,23,na,0,na,na,na,na,,na,na,na,na,na,na,na,na,na,,na,na,na,na,na,na,na,na,,na,na,na,na
3,2016-Jul,Second,AM,2016-07-23,14:00:00,14,1,na,na,na,520,44,na,0,na,na,na,na,,na,na,na,na,na,na,na,na,na,,na,na,na,na,na,na,na,na,,na,na,na,na
3,2016-Jul,Second,AM,2016-07-23,14:00:00,14,1,na,na,na,386,26,na,0,na,na,na,na,,na,na,na,na,na,na,na,na,na,,na,na,na,na,na,na,na,na,,na,na,na,na
3,2016-Jul,Second,AM,2016-07-23,14:00:00,14,1,na,na,na,112,24,na,0,na,na,na,na,,na,na,na,na,na,na,na,na,na,,na,na,na,na,na,na,na,na,,na,na,na,na
3,2016-Jul,Second,AM,2016-07-23,14:00:00,14,1,na,na,na,546,23,na,0,na,na,na,na,,na,na,na,na,na,na,na,na,na,,na,na,na,na,na,na,na,na,,na,na,na,na
3,2016-Jul,Second,AM,2016-07-23,14:00:00,14,1,na,na,na,456,50,na,0,na,na,na,na,,na,na,na,na,na,na,na,na,na,,na,na,na,na,na,na,na,na,,na,na,na,na
3,2016-Jul,Second,AM,2016-07-23,14:00:00,14,1,na,na,na,431,52,na,0,na,na,na,na,,na,na,na,na,na,na,na,na,na,,na,na,na,na,na,na,na,na,,na,na,na,na
3,2016-Jul,Second,AM,2016-07-23,14:00:00,14,1,na,na,na,212,30,na,0,na,na,na,na,,na,na,na,na,na,na,na,na,na,,na,na,na,na,na,na,na,na,,na,na,na,na
3,2016-Jul,Second,AM,2016-07-23,14:00:00,14,1,na,na,na,286,22,na,0,na,na,na,na,,na,na,na,na,na,na,na,na,na,,na,na,na,na,na,na,na,na,,na,na,na,na
3,2016-Jul,Second,AM,2016-07-23,14:00:00,14,1,na,na,na,377,39,na,0,na,na,na,na,,na,na,na,na,na,na,na,na,na,,na,na,na,na,na,na,na,na,,na,na,na,na
3,2016-Jul,Second,AM,2016-07-23,14:00:00,14,1,na,na,na,380,31,na,0,na,na,na,na,,na,na,na,na,na,na,na,na,na,,na,na,na,na,na,na,na,na,,na,na,na,na
3,2016-Jul,Manley,AM,2016-07-24,12:19:00,12.3,1,na,na,na,152,47,na,0,na,na,na,na,,na,na,na,na,na,na,na,na,na,,na,na,na,na,na,na,na,na,,na,na,na,na
3,2016-Jul,Manley,AM,2016-07-24,12:19:00,12.3,1,na,na,na,172,66,na,0,na,na,na,na,,na,na,na,na,na,na,na,na,na,,na,na,na,na,na,na,na,na,,na,na,na,na
3,2016-Jul,Manley,AM,2016-07-24,12:19:00,12.3,1,na,na,na,203,20,na,0,na,na,na,na,,na,na,na,na,na,na,na,na,na,,na,na,na,na,na,na,na,na,,na,na,na,na
3,2016-Jul,Manley,AM,2016-07-24,12:19:00,12.3,1,na,na,na,125,13,na,0,na,na,na,na,,na,na,na,na,na,na,na,na,na,,na,na,na,na,na,na,na,na,,na,na,na,na
3,2016-Jul,Manley,AM,2016-07-24,12:19:00,12.3,1,na,na,na,125,45,na,0,na,na,na,na,,na,na,na,na,na,na,na,na,na,,na,na,na,na,na,na,na,na,,na,na,na,na
3,2016-Jul,Manley,AM,2016-07-24,12:19:00,12.3,1,na,na,na,156,67,na,0,na,na,na,na,,na,na,na,na,na,na,na,na,na,,na,na,na,na,na,na,na,na,,na,na,na,na
3,2016-Jul,Manley,AM,2016-07-24,12:19:00,12.3,1,na,na,na,276,69,na,0,na,na,na,na,,na,na,na,na,na,na,na,na,na,,na,na,na,na,na,na,na,na,,na,na,na,na
3,2016-Jul,Manley,AM,2016-07-24,12:19:00,12.3,1,na,na,na,188,47,na,0,na,na,na,na,,na,na,na,na,na,na,na,na,na,,na,na,na,na,na,na,na,na,,na,na,na,na
3,2016-Jul,Manley,AM,2016-07-24,12:19:00,12.3,1,na,na,na,112,22,na,0,na,na,na,na,,na,na,na,na,na,na,na,na,na,,na,na,na,na,na,na,na,na,,na,na,na,na
3,2016-Jul,Manley,AM,2016-07-24,12:19:00,12.3,1,na,na,na,113,39,na,0,na,na,na,na,,na,na,na,na,na,na,na,na,na,,na,na,na,na,na,na,na,na,,na,na,na,na
3,2016-Jul,Manley,AM,2016-07-24,12:19:00,12.3,1,na,na,na,257,66,na,0,na,na,na,na,,na,na,na,na,na,na,na,na,na,,na,na,na,na,na,na,na,na,,na,na,na,na
3,2016-Jul,Manley,AM,2016-07-24,12:19:00,12.3,1,na,na,na,216,78,na,0,na,na,na,na,,na,na,na,na,na,na,na,na,na,,na,na,na,na,na,na,na,na,,na,na,na,na
3,2016-Jul,Manley,AM,2016-07-24,12:19:00,12.3,1,na,na,na,199,42,na,0,na,na,na,na,,na,na,na,na,na,na,na,na,na,,na,na,na,na,na,na,na,na,,na,na,na,na
3,2016-Jul,Manley,AM,2016-07-24,12:19:00,12.3,1,na,na,na,115,32,na,0,na,na,na,na,,na,na,na,na,na,na,na,na,na,,na,na,na,na,na,na,na,na,,na,na,na,na
3,2016-Jul,Manley,AM,2016-07-24,12:19:00,12.3,1,na,na,na,176,60,na,0,na,na,na,na,,na,na,na,na,na,na,na,na,na,,na,na,na,na,na,na,na,na,,na,na,na,na
3,2016-Jul,Manley,AM,2016-07-24,12:19:00,12.3,2,na,na,na,197,69,na,0,na,na,na,na,,na,na,na,na,na,na,na,na,na,,na,na,na,na,na,na,na,na,,na,na,na,na
3,2016-Jul,Manley,AM,2016-07-24,12:19:00,12.3,2,na,na,na,297,66,na,0,na,na,na,na,,na,na,na,na,na,na,na,na,na,,na,na,na,na,na,na,na,na,,na,na,na,na
3,2016-Jul,Manley,AM,2016-07-24,12:19:00,12.3,2,na,na,na,154,53,na,0,na,na,na,na,,na,na,na,na,na,na,na,na,na,,na,na,na,na,na,na,na,na,,na,na,na,na
3,2016-Jul,Manley,AM,2016-07-24,12:19:00,12.3,2,na,na,na,208,33,na,0,na,na,na,na,,na,na,na,na,na,na,na,na,na,,na,na,na,na,na,na,na,na,,na,na,na,na
3,2016-Jul,Manley,AM,2016-07-24,12:19:00,12.3,2,na,na,na,275,78,na,0,na,na,na,na,,na,na,na,na,na,na,na,na,na,,na,na,na,na,na,na,na,na,,na,na,na,na
3,2016-Jul,Manley,AM,2016-07-24,12:19:00,12.3,2,na,na,na,122,35,na,0,na,na,na,na,,na,na,na,na,na,na,na,na,na,,na,na,na,na,na,na,na,na,,na,na,na,na
3,2016-Jul,Manley,AM,2016-07-24,12:19:00,12.3,2,na,na,na,113,72,na,0,na,na,na,na,,na,na,na,na,na,na,na,na,na,,na,na,na,na,na,na,na,na,,na,na,na,na
3,2016-Jul,Manley,AM,2016-07-24,12:19:00,12.3,2,na,na,na,129,40,na,0,na,na,na,na,,na,na,na,na,na,na,na,na,na,,na,na,na,na,na,na,na,na,,na,na,na,na
3,2016-Jul,Manley,AM,2016-07-24,12:19:00,12.3,2,na,na,na,377,68,na,0,na,na,na,na,,na,na,na,na,na,na,na,na,na,,na,na,na,na,na,na,na,na,,na,na,na,na
3,2016-Jul,Manley,AM,2016-07-24,12:19:00,12.3,2,na,na,na,268,80,na,0,na,na,na,na,,na,na,na,na,na,na,na,na,na,,na,na,na,na,na,na,na,na,,na,na,na,na
3,2016-Jul,Manley,AM,2016-07-24,12:19:00,12.3,2,na,na,na,122,16,na,0,na,na,na,na,,na,na,na,na,na,na,na,na,na,,na,na,na,na,na,na,na,na,,na,na,na,na
3,2016-Jul,Manley,AM,2016-07-24,12:19:00,12.3,2,na,na,na,272,73,na,0,na,na,na,na,,na,na,na,na,na,na,na,na,na,,na,na,na,na,na,na,na,na,,na,na,na,na
3,2016-Jul,Manley,AM,2016-07-24,12:19:00,12.3,2,na,na,na,119,59,na,0,na,na,na,na,,na,na,na,na,na,na,na,na,na,,na,na,na,na,na,na,na,na,,na,na,na,na
3,2016-Jul,Manley,AM,2016-07-24,12:19:00,12.3,2,na,na,na,220,77,na,0,na,na,na,na,,na,na,na,na,na,na,na,na,na,,na,na,na,na,na,na,na,na,,na,na,na,na
3,2016-Jul,Manley,AM,2016-07-24,12:19:00,12.3,2,na,na,na,141,15,na,0,na,na,na,na,,na,na,na,na,na,na,na,na,na,,na,na,na,na,na,na,na,na,,na,na,na,na
3,2016-Jul,Manley,AM,2016-07-24,12:19:00,12.3,3,na,na,na,359,38,na,0,na,na,na,na,,na,na,na,na,na,na,na,na,na,,na,na,na,na,na,na,na,na,,na,na,na,na
3,2016-Jul,Manley,AM,2016-07-24,12:19:00,12.3,3,na,na,na,155,70,na,0,na,na,na,na,,na,na,na,na,na,na,na,na,na,,na,na,na,na,na,na,na,na,,na,na,na,na
3,2016-Jul,Manley,AM,2016-07-24,12:19:00,12.3,3,na,na,na,135,47,na,0,na,na,na,na,,na,na,na,na,na,na,na,na,na,,na,na,na,na,na,na,na,na,,na,na,na,na
3,2016-Jul,Manley,AM,2016-07-24,12:19:00,12.3,3,na,na,na,212,52,na,0,na,na,na,na,,na,na,na,na,na,na,na,na,na,,na,na,na,na,na,na,na,na,,na,na,na,na
3,2016-Jul,Manley,AM,2016-07-24,12:19:00,12.3,3,na,na,na,218,12,na,0,na,na,na,na,,na,na,na,na,na,na,na,na,na,,na,na,na,na,na,na,na,na,,na,na,na,na
3,2016-Jul,Manley,AM,2016-07-24,12:19:00,12.3,3,na,na,na,163,68,na,0,na,na,na,na,,na,na,na,na,na,na,na,na,na,,na,na,na,na,na,na,na,na,,na,na,na,na
3,2016-Jul,Manley,AM,2016-07-24,12:19:00,12.3,3,na,na,na,115,46,na,0,na,na,na,na,,na,na,na,na,na,na,na,na,na,,na,na,na,na,na,na,na,na,,na,na,na,na
3,2016-Jul,Manley,AM,2016-07-24,12:19:00,12.3,3,na,na,na,257,42,na,0,na,na,na,na,,na,na,na,na,na,na,na,na,na,,na,na,na,na,na,na,na,na,,na,na,na,na
3,2016-Jul,Manley,AM,2016-07-24,12:19:00,12.3,3,na,na,na,210,46,na,0,na,na,na,na,,na,na,na,na,na,na,na,na,na,,na,na,na,na,na,na,na,na,,na,na,na,na
3,2016-Jul,Manley,AM,2016-07-24,12:19:00,12.3,3,na,na,na,289,52,na,0,na,na,na,na,,na,na,na,na,na,na,na,na,na,,na,na,na,na,na,na,na,na,,na,na,na,na
3,2016-Jul,Manley,AM,2016-07-24,12:19:00,12.3,3,na,na,na,122,54,na,0,na,na,na,na,,na,na,na,na,na,na,na,na,na,,na,na,na,na,na,na,na,na,,na,na,na,na
3,2016-Jul,Manley,AM,2016-07-24,12:19:00,12.3,3,na,na,na,313,90,na,0,na,na,na,na,,na,na,na,na,na,na,na,na,na,,na,na,na,na,na,na,na,na,,na,na,na,na
3,2016-Jul,Manley,AM,2016-07-24,12:19:00,12.3,3,na,na,na,184,34,na,0,na,na,na,na,,na,na,na,na,na,na,na,na,na,,na,na,na,na,na,na,na,na,,na,na,na,na
3,2016-Jul,Manley,AM,2016-07-24,12:19:00,12.3,3,na,na,na,136,77,na,0,na,na,na,na,,na,na,na,na,na,na,na,na,na,,na,na,na,na,na,na,na,na,,na,na,na,na
3,2016-Jul,Manley,AM,2016-07-24,12:19:00,12.3,3,na,na,na,254,59,na,0,na,na,na,na,,na,na,na,na,na,na,na,na,na,,na,na,na,na,na,na,na,na,,na,na,na,na
3,2016-Jul,North,AM,2016-07-25,14:40:00,14.7,1,na,na,na,496,59,na,0,na,na,na,na,,na,na,na,na,na,na,na,na,na,,na,na,na,na,na,na,na,na,,na,na,na,na
3,2016-Jul,North,AM,2016-07-25,14:40:00,14.7,1,na,na,na,453,80,na,0,na,na,na,na,,na,na,na,na,na,na,na,na,na,,na,na,na,na,na,na,na,na,,na,na,na,na
3,2016-Jul,North,AM,2016-07-25,14:40:00,14.7,1,na,na,na,291,54,na,0,na,na,na,na,,na,na,na,na,na,na,na,na,na,,na,na,na,na,na,na,na,na,,na,na,na,na
3,2016-Jul,North,AM,2016-07-25,14:40:00,14.7,1,na,na,na,359,68,na,0,na,na,na,na,,na,na,na,na,na,na,na,na,na,,na,na,na,na,na,na,na,na,,na,na,na,na
3,2016-Jul,North,AM,2016-07-25,14:40:00,14.7,1,na,na,na,309,32,na,0,na,na,na,na,,na,na,na,na,na,na,na,na,na,,na,na,na,na,na,na,na,na,,na,na,na,na
3,2016-Jul,North,AM,2016-07-25,14:40:00,14.7,1,na,na,na,340,59,na,0,na,na,na,na,,na,na,na,na,na,na,na,na,na,,na,na,na,na,na,na,na,na,,na,na,na,na
3,2016-Jul,North,AM,2016-07-25,14:40:00,14.7,1,na,na,na,356,31,na,0,na,na,na,na,,na,na,na,na,na,na,na,na,na,,na,na,na,na,na,na,na,na,,na,na,na,na
3,2016-Jul,North,AM,2016-07-25,14:40:00,14.7,1,na,na,na,355,45,na,0,na,na,na,na,,na,na,na,na,na,na,na,na,na,,na,na,na,na,na,na,na,na,,na,na,na,na
3,2016-Jul,North,AM,2016-07-25,14:40:00,14.7,1,na,na,na,118,56,na,0,na,na,na,na,,na,na,na,na,na,na,na,na,na,,na,na,na,na,na,na,na,na,,na,na,na,na
3,2016-Jul,North,AM,2016-07-25,14:40:00,14.7,1,na,na,na,243,42,na,0,na,na,na,na,,na,na,na,na,na,na,na,na,na,,na,na,na,na,na,na,na,na,,na,na,na,na
3,2016-Jul,North,AM,2016-07-25,14:40:00,14.7,1,na,na,na,310,27,na,0,na,na,na,na,,na,na,na,na,na,na,na,na,na,,na,na,na,na,na,na,na,na,,na,na,na,na
3,2016-Jul,North,AM,2016-07-25,14:40:00,14.7,1,na,na,na,304,45,na,0,na,na,na,na,,na,na,na,na,na,na,na,na,na,,na,na,na,na,na,na,na,na,,na,na,na,na
3,2016-Jul,North,AM,2016-07-25,14:40:00,14.7,1,na,na,na,284,19,na,0,na,na,na,na,,na,na,na,na,na,na,na,na,na,,na,na,na,na,na,na,na,na,,na,na,na,na
3,2016-Jul,North,AM,2016-07-25,14:40:00,14.7,1,na,na,na,317,48,na,0,na,na,na,na,,na,na,na,na,na,na,na,na,na,,na,na,na,na,na,na,na,na,,na,na,na,na
3,2016-Jul,North,AM,2016-07-25,14:40:00,14.7,1,na,na,na,230,41,na,0,na,na,na,na,,na,na,na,na,na,na,na,na,na,,na,na,na,na,na,na,na,na,,na,na,na,na
3,2016-Jul,North,AM,2016-07-25,14:40:00,14.7,2,na,na,na,396,29,na,0,na,na,na,na,,na,na,na,na,na,na,na,na,na,,na,na,na,na,na,na,na,na,,na,na,na,na
3,2016-Jul,North,AM,2016-07-25,14:40:00,14.7,2,na,na,na,482,55,na,0,na,na,na,na,,na,na,na,na,na,na,na,na,na,,na,na,na,na,na,na,na,na,,na,na,na,na
3,2016-Jul,North,AM,2016-07-25,14:40:00,14.7,2,na,na,na,450,48,na,0,na,na,na,na,,na,na,na,na,na,na,na,na,na,,na,na,na,na,na,na,na,na,,na,na,na,na
3,2016-Jul,North,AM,2016-07-25,14:40:00,14.7,2,na,na,na,245,50,na,0,na,na,na,na,,na,na,na,na,na,na,na,na,na,,na,na,na,na,na,na,na,na,,na,na,na,na
3,2016-Jul,North,AM,2016-07-25,14:40:00,14.7,2,na,na,na,326,46,na,0,na,na,na,na,,na,na,na,na,na,na,na,na,na,,na,na,na,na,na,na,na,na,,na,na,na,na
3,2016-Jul,North,AM,2016-07-25,14:40:00,14.7,2,na,na,na,482,53,na,0,na,na,na,na,,na,na,na,na,na,na,na,na,na,,na,na,na,na,na,na,na,na,,na,na,na,na
3,2016-Jul,North,AM,2016-07-25,14:40:00,14.7,2,na,na,na,494,47,na,0,na,na,na,na,,na,na,na,na,na,na,na,na,na,,na,na,na,na,na,na,na,na,,na,na,na,na
3,2016-Jul,North,AM,2016-07-25,14:40:00,14.7,2,na,na,na,308,46,na,0,na,na,na,na,,na,na,na,na,na,na,na,na,na,,na,na,na,na,na,na,na,na,,na,na,na,na
3,2016-Jul,North,AM,2016-07-25,14:40:00,14.7,2,na,na,na,188,45,na,0,na,na,na,na,,na,na,na,na,na,na,na,na,na,,na,na,na,na,na,na,na,na,,na,na,na,na
3,2016-Jul,North,AM,2016-07-25,14:40:00,14.7,2,na,na,na,183,66,na,0,na,na,na,na,,na,na,na,na,na,na,na,na,na,,na,na,na,na,na,na,na,na,,na,na,na,na
3,2016-Jul,North,AM,2016-07-25,14:40:00,14.7,2,na,na,na,344,48,na,0,na,na,na,na,,na,na,na,na,na,na,na,na,na,,na,na,na,na,na,na,na,na,,na,na,na,na
3,2016-Jul,North,AM,2016-07-25,14:40:00,14.7,2,na,na,na,187,64,na,0,na,na,na,na,,na,na,na,na,na,na,na,na,na,,na,na,na,na,na,na,na,na,,na,na,na,na
3,2016-Jul,North,AM,2016-07-25,14:40:00,14.7,2,na,na,na,169,67,na,0,na,na,na,na,,na,na,na,na,na,na,na,na,na,,na,na,na,na,na,na,na,na,,na,na,na,na
3,2016-Jul,North,AM,2016-07-25,14:40:00,14.7,2,na,na,na,397,34,na,0,na,na,na,na,,na,na,na,na,na,na,na,na,na,,na,na,na,na,na,na,na,na,,na,na,na,na
3,2016-Jul,North,AM,2016-07-25,14:40:00,14.7,2,na,na,na,281,72,na,0,na,na,na,na,,na,na,na,na,na,na,na,na,na,,na,na,na,na,na,na,na,na,,na,na,na,na
3,2016-Jul,North,AM,2016-07-25,14:40:00,14.7,3,na,na,na,123,54,na,0,na,na,na,na,,na,na,na,na,na,na,na,na,na,,na,na,na,na,na,na,na,na,,na,na,na,na
3,2016-Jul,North,AM,2016-07-25,14:40:00,14.7,3,na,na,na,308,30,na,0,na,na,na,na,,na,na,na,na,na,na,na,na,na,,na,na,na,na,na,na,na,na,,na,na,na,na
3,2016-Jul,North,AM,2016-07-25,14:40:00,14.7,3,na,na,na,267,49,na,0,na,na,na,na,,na,na,na,na,na,na,na,na,na,,na,na,na,na,na,na,na,na,,na,na,na,na
3,2016-Jul,North,AM,2016-07-25,14:40:00,14.7,3,na,na,na,255,64,na,0,na,na,na,na,,na,na,na,na,na,na,na,na,na,,na,na,na,na,na,na,na,na,,na,na,na,na
3,2016-Jul,North,AM,2016-07-25,14:40:00,14.7,3,na,na,na,226,37,na,0,na,na,na,na,,na,na,na,na,na,na,na,na,na,,na,na,na,na,na,na,na,na,,na,na,na,na
3,2016-Jul,North,AM,2016-07-25,14:40:00,14.7,3,na,na,na,288,51,na,0,na,na,na,na,,na,na,na,na,na,na,na,na,na,,na,na,na,na,na,na,na,na,,na,na,na,na
3,2016-Jul,North,AM,2016-07-25,14:40:00,14.7,3,na,na,na,203,39,na,0,na,na,na,na,,na,na,na,na,na,na,na,na,na,,na,na,na,na,na,na,na,na,,na,na,na,na
3,2016-Jul,North,AM,2016-07-25,14:40:00,14.7,3,na,na,na,207,49,na,0,na,na,na,na,,na,na,na,na,na,na,na,na,na,,na,na,na,na,na,na,na,na,,na,na,na,na
3,2016-Jul,North,AM,2016-07-25,14:40:00,14.7,3,na,na,na,255,54,na,0,na,na,na,na,,na,na,na,na,na,na,na,na,na,,na,na,na,na,na,na,na,na,,na,na,na,na
3,2016-Jul,North,AM,2016-07-25,14:40:00,14.7,3,na,na,na,220,24,na,0,na,na,na,na,,na,na,na,na,na,na,na,na,na,,na,na,na,na,na,na,na,na,,na,na,na,na
3,2016-Jul,North,AM,2016-07-25,14:40:00,14.7,3,na,na,na,114,34,na,0,na,na,na,na,,na,na,na,na,na,na,na,na,na,,na,na,na,na,na,na,na,na,,na,na,na,na
3,2016-Jul,North,AM,2016-07-25,14:40:00,14.7,3,na,na,na,194,40,na,0,na,na,na,na,,na,na,na,na,na,na,na,na,na,,na,na,na,na,na,na,na,na,,na,na,na,na
3,2016-Jul,North,AM,2016-07-25,14:40:00,14.7,3,na,na,na,184,60,na,0,na,na,na,na,,na,na,na,na,na,na,na,na,na,,na,na,na,na,na,na,na,na,,na,na,na,na
3,2016-Jul,North,AM,2016-07-25,14:40:00,14.7,3,na,na,na,392,22,na,0,na,na,na,na,,na,na,na,na,na,na,na,na,na,,na,na,na,na,na,na,na,na,,na,na,na,na
3,2016-Jul,North,AM,2016-07-25,14:40:00,14.7,3,na,na,na,348,26,na,0,na,na,na,na,,na,na,na,na,na,na,na,na,na,,na,na,na,na,na,na,na,na,,na,na,na,na
4,2016-Aug,North,AM,2016-08-10,14:00:00,14,1,L,4.2,1840,378,42,na,0,10,42,na,na,,2016-08-14,1840,9:45:00,9.75,30,na,na,na,y,no hole found,2016-09-05,n,1840,15:30:00,15.5,na,na,na,lot of urchins around,na,na,na,na
4,2016-Aug,North,AM,2016-08-10,14:00:00,14,1,L,9.5,1762,420,61,na,0,15,52,na,na,,2016-08-14,1762,9:45:00,9.75,26,na,24,51,y,,2016-09-05,y,1762,15:30:00,15.5,534,32,na,,2.354,4.374,0.270,-2.616
4,2016-Aug,North,AM,2016-08-10,14:00:00,14,1,L,10.9,2082,413,73,na,0,20,69,na,na,,2016-08-14,2082,9:45:00,9.75,25,na,32,61,y,,2016-09-05,y,2082,15:30:00,15.5,559,27,na,,3.139,5.602,0.090,-5.232
4,2016-Aug,North,AM,2016-08-10,14:00:00,14,2,L,3.1,1798,427,75,na,0,20,57,na,na,,2016-08-14,1798,9:45:00,9.75,39,na,25,57,y,,2016-09-05,y,1798,15:30:00,15.5,464,38,na,,1.308,1.420,-0.045,-1.308
4,2016-Aug,North,AM,2016-08-10,14:00:00,14,2,L,19.8,1984,171,80,na,0,20,62,na,na,,2016-08-14,1984,9:45:00,9.75,20,na,35,74,y,,2016-09-05,y,1984,15:30:00,15.5,376,35,na,,3.924,7.866,0.674,-0.785
4,2016-Aug,North,AM,2016-08-10,14:00:00,14,3,L,4.2,1954,352,60,na,0,20,64,na,na,,2016-08-14,1954,9:45:00,9.75,18,na,29.5,55,y,,2016-09-05,y,1954,15:30:00,15.5,538,25,na,,2.485,7.137,0.315,-4.839
4,2016-Aug,North,AM,2016-08-10,14:00:00,14,3,L,5,1804,302,50,na,0,15,52,na,na,,2016-08-14,1804,9:45:00,9.75,10,na,na,na,y,no hole found,2016-09-05,y,1804,15:30:00,15.5,458,10,na,,na,5.986,0.000,na
4,2016-Aug,North,AM,2016-08-10,14:00:00,14,3,L,7.5,1970,169,83,na,0,25,80,na,na,,2016-08-14,1970,9:45:00,9.75,22,na,51,98,y,,2016-09-05,y,1970,15:30:00,15.5,465,22,na,,6.801,11.357,0.000,-2.093
4,2016-Aug,North,OP,2016-08-10,14:00:00,14,3,R,18,2009,356,50,na,0,15,52,na,na,,2016-08-14,2009,9:45:00,9.75,43,na,28,56,y,,2016-09-05,y,2009,15:30:00,15.5,492,41,na,,3.401,5.218,-0.090,-2.354
4,2016-Aug,North,OP,2016-08-10,14:00:00,14,3,R,13.75,2045,351,60,na,0,16,54,na,na,,2016-08-14,2045,9:45:00,9.75,31,na,28,62,y,,2016-09-05,y,2045,15:30:00,15.5,533,36,na,,3.139,6.983,0.225,-1.046
4,2016-Aug,North,OP,2016-08-10,14:00:00,14,3,R,3,511,371,35,na,0,13,33,na,na,,2016-08-14,511,9:45:00,9.75,31,na,22,39,y,,2016-09-05,y,511,15:30:00,15.5,372,36,na,,2.354,0.038,0.225,-0.785
4,2016-Aug,North,OP,2016-08-10,14:00:00,14,2,R,1,325,472,50,na,0,16,43,na,na,,2016-08-14,325,9:45:00,9.75,26,na,33,54,y,,2016-09-05,y,325,15:30:00,15.5,478,22,na,,4.447,0.230,-0.180,-1.569
4,2016-Aug,North,OP,2016-08-10,14:00:00,14,2,R,6,1874,365,45,na,0,13,40,na,na,,2016-08-14,1874,9:45:00,9.75,41,na,24,45,y,,2016-09-05,y,1874,15:30:00,15.5,438,44,na,,2.877,2.801,0.135,-1.569
4,2016-Aug,North,OP,2016-08-10,14:00:00,14,2,R,17,1980,371,100,na,0,24,83,na,na,,2016-08-14,1980,9:45:00,9.75,32,na,44,102,y,,2016-09-05,y,1980,15:30:00,15.5,638,59,na,,5.232,10.245,1.214,-0.262
4,2016-Aug,North,OP,2016-08-10,14:00:00,14,1,R,9,320,427,70,na,0,16,58,na,na,,2016-08-14,320,9:45:00,9.75,43,na,30,70,y,,2016-09-05,y,320,15:30:00,15.5,459,44,na,,3.662,1.228,0.045,-0.523
4,2016-Aug,North,OP,2016-08-10,14:00:00,14,1,R,5,338,374,50,na,0,17,55,na,na,,2016-08-14,338,9:45:00,9.75,34,na,27,56,y,,2016-09-05,n,338,15:30:00,15.5,na,na,na,,2.616,na,na,-2.354
4,2016-Aug,Second,AM,2016-08-10,12:05:00,12.1,3,R,18.6,322,238,46,na,0,15,51,na,na,,2016-08-14,322,13:30:00,13.5,25,na,30,56,y,,2016-09-05,n,322,14:00:00,14,na,na,na,,3.696,na,na,-2.464
4,2016-Aug,Second,AM,2016-08-10,12:05:00,12.1,3,R,9.1,508,227,31,na,0,10,34,na,na,,2016-08-14,508,13:30:00,13.5,24,na,19.5,37,y,,2016-09-05,y,508,14:00:00,14,306,23,na,,2.341,3.029,-0.045,-1.602
4,2016-Aug,Second,AM,2016-08-10,12:05:00,12.1,3,R,6.5,506,423,48,na,0,15,51,na,na,,2016-08-14,506,13:30:00,13.5,49,na,25,53,y,,2016-09-05,n,506,14:00:00,14,na,na,na,,2.464,na,na,-1.971
4,2016-Aug,Second,AM,2016-08-10,12:05:00,12.1,2,R,9.9,2138,220,30,na,0,10,32,na,na,,2016-08-14,2138,13:30:00,13.5,30,na,17,29,y,,2016-09-05,n,2138,14:00:00,14,na,na,na,,1.725,na,na,-2.464
4,2016-Aug,Second,AM,2016-08-10,12:05:00,12.1,2,R,17,2133,223,50,na,0,15,51,na,na,,2016-08-14,2133,13:30:00,13.5,11,na,27,52,y,,2016-09-05,y,2133,14:00:00,14,385,15,na,,2.957,6.212,0.182,-2.710
4,2016-Aug,Second,AM,2016-08-10,12:05:00,12.1,1,R,12,515,332,31,na,0,10,23,na,na,,2016-08-14,515,13:30:00,13.5,na,na,na,na,n,gone,2016-09-05,n,515,14:00:00,14,na,na,na,,na,na,na,na
4,2016-Aug,Second,AM,2016-08-10,12:05:00,12.1,1,R,10,305,526,43,na,0,15,43,na,na,,2016-08-14,305,13:30:00,13.5,37,na,28,48,y,,2016-09-05,n,305,14:00:00,14,na,na,na,plant gone,3.203,na,na,-1.971
4,2016-Aug,Second,AM,2016-08-10,12:05:00,12.1,1,R,17,1944,581,57,na,H,15,46,na,na,,2016-08-14,1944,13:30:00,13.5,34,na,na,na,y,could not find hole,2016-09-05,y,1944,14:00:00,14,585,28,na,,na,0.153,-0.272,na
4,2016-Aug,Second,OP,2016-08-10,12:05:00,12.1,3,L,17,510,255,10,na,0,3,8,na,na,,2016-08-14,510,13:30:00,13.5,21,na,6,10,y,,2016-09-05,y,510,14:00:00,14,na,10,na,,0.739,na,-0.500,-0.246
4,2016-Aug,Second,OP,2016-08-10,12:05:00,12.1,3,L,12.5,329,270,20,na,0,5,14,na,na,,2016-08-14,329,13:30:00,13.5,23,na,10,17,y,,2016-09-05,n,329,14:00:00,14,na,na,na,,1.232,na,na,-0.493
4,2016-Aug,Second,OP,2016-08-10,12:05:00,12.1,3,L,4,503,333,15,na,0,3,11,na,na,,2016-08-14,503,13:30:00,13.5,25,na,7,14,y,,2016-09-05,n,503,14:00:00,14,na,na,na,,0.986,na,na,-0.246
4,2016-Aug,Second,OP,2016-08-10,12:05:00,12.1,2,L,8,2181,450,50,na,0,12,37,na,na,,2016-08-14,2181,13:30:00,13.5,59,na,24,45,y,,2016-09-05,y,2181,14:00:00,14,464,62,na,,2.957,0.537,0.136,-0.986
4,2016-Aug,Second,OP,2016-08-10,12:05:00,12.1,2,L,7,509,281,0,na,na,na,na,na,na,no blades,2016-08-14,509,13:30:00,13.5,0,na,na,na,y,no blades,2016-09-05,n,509,14:00:00,14,na,na,na,,na,na,na,na
4,2016-Aug,Second,OP,2016-08-10,12:05:00,12.1,2,L,13.5,2175,396,0,na,na,na,na,na,na,no blades,2016-08-14,2175,13:30:00,13.5,0,na,na,na,y,no blades,2016-09-05,n,2175,14:00:00,14,na,na,na,,na,na,na,na
4,2016-Aug,Second,OP,2016-08-10,12:05:00,12.1,2,L,14,2081,339,100,na,L,26,84,na,na,,2016-08-14,2081,13:30:00,13.5,75,na,48,93,y,,2016-09-05,y,2081,14:00:00,14,641,70,na,,5.421,11.580,-0.227,-3.203
4,2016-Aug,Second,OP,2016-08-10,12:05:00,12.1,1,L,12,1780,399,18,na,0,6,16,na,na,,2016-08-14,1780,13:30:00,13.5,26,na,10,17,y,,2016-09-05,y,1780,14:00:00,14,400,0,na,,0.986,0.038,-1.181,-0.739
4,2016-Aug,Second,OP,2016-08-10,12:05:00,12.1,1,L,7,1950,387,20,na,0,6,19,na,na,,2016-08-14,1950,13:30:00,13.5,37,na,10,19,y,,2016-09-05,y,1950,14:00:00,14,388,28,na,,0.986,0.038,-0.409,-0.986
4,2016-Aug,Manley,AM,2016-08-10,9:20:00,9.3,3,L,1.9,1988,161,30,na,0,10,36,na,na,,2016-08-13,1988,11:45:00,11.75,28,na,14,31,y,,2016-09-05,n,1988,9:30:00,9.5,na,na,na,lots of urchin around,1.289,na,na,-2.901
4,2016-Aug,Manley,AM,2016-08-10,9:20:00,9.3,3,L,7.1,1902,184,40,na,0,10,42,na,na,,2016-08-13,1902,11:45:00,11.75,51,na,na,na,y,no hole found,2016-09-05,n,1902,9:30:00,9.5,na,na,na,lots of urchin around,na,na,na,na
4,2016-Aug,Manley,AM,2016-08-10,9:20:00,9.3,3,L,12.2,2123,314,44,na,0,10,31,na,na,,2016-08-13,2123,11:45:00,11.75,46,na,12,26,y,,2016-09-05,n,2123,9:30:00,9.5,na,na,na,,0.645,na,na,-2.257
4,2016-Aug,Manley,AM,2016-08-10,9:20:00,9.3,2,L,10.5,2419,259,42,na,0,10,26,na,na,,2016-08-13,2419,11:45:00,11.75,43,na,17.5,19,y,,2016-09-05,n,2419,9:30:00,9.5,na,na,na,,2.418,na,na,-4.674
4,2016-Aug,Manley,AM,2016-08-10,9:20:00,9.3,2,L,9.5,1881,153,42,na,0,10,37,na,na,,2016-08-13,1881,11:45:00,11.75,34,na,15.5,31,y,,2016-09-05,y,1881,9:30:00,9.5,166,33,na,,1.773,0.500,-0.044,-3.707
4,2016-Aug,Manley,AM,2016-08-10,9:20:00,9.3,2,L,8.2,1692,275,45,na,0,15,52,na,na,,2016-08-13,1692,11:45:00,11.75,37,na,20,48,y,,2016-09-05,n,1692,9:30:00,9.5,na,na,na,,1.612,na,na,-2.901
4,2016-Aug,Manley,AM,2016-08-10,9:20:00,9.3,1,L,11.6,1690,154,42,na,0,10,41,na,na,,2016-08-13,1690,11:45:00,11.75,36,na,13,32,y,,2016-09-05,n,1690,9:30:00,9.5,na,na,na,,0.967,na,na,-3.868
4,2016-Aug,Manley,AM,2016-08-10,9:20:00,9.3,1,L,8.2,2087,146,31,na,0,10,26,na,na,,2016-08-13,2087,11:45:00,11.75,24,na,14,23,y,,2016-09-05,n,2087,9:30:00,9.5,na,na,na,lots of urchin around,1.289,na,na,-2.257
4,2016-Aug,Manley,OP,2016-08-10,9:20:00,9.3,3,R,8.3,2131,222,50,na,0,17,48,na,na,,2016-08-13,2131,11:45:00,11.75,37,na,20,41,y,,2016-09-05,y,2131,9:30:00,9.5,226,36,na,,0.967,0.154,-0.044,-3.224
4,2016-Aug,Manley,OP,2016-08-10,9:20:00,9.3,3,R,12.8,2185,250,15,na,0,7,20,na,na,,2016-08-13,2185,11:45:00,11.75,na,na,8,14,y,"broke, stype brittle",2016-09-05,n,2185,9:30:00,9.5,na,na,na,,0.322,na,na,-2.257
4,2016-Aug,Manley,OP,2016-08-10,9:20:00,9.3,2,R,16.5,2019,283,50,na,0,25,54,na,na,,2016-08-13,2019,11:45:00,11.75,54,na,29,39,y,,2016-09-05,n,2019,9:30:00,9.5,na,na,na,,1.289,na,na,-6.125
4,2016-Aug,Manley,OP,2016-08-10,9:20:00,9.3,2,R,13,2406,313,60,na,0,17,51,na,na,,2016-08-13,2406,11:45:00,11.75,55,na,22,48,y,,2016-09-05,y,2406,9:30:00,9.5,315,45,na,,1.612,0.077,-0.437,-2.579
4,2016-Aug,Manley,OP,2016-08-10,9:20:00,9.3,2,R,5.5,2150,281,45,na,0,10,29,na,na,,2016-08-13,2150,11:45:00,11.75,46,na,11,18,y,,2016-09-05,n,2150,9:30:00,9.5,na,na,na,,0.322,na,na,-3.868
4,2016-Aug,Manley,OP,2016-08-10,9:20:00,9.3,1,R,9.2,2135,232,30,na,0,8,24,na,na,,2016-08-13,2135,11:45:00,11.75,35,na,9,24,y,,2016-09-05,y,2135,9:30:00,9.5,240,0,na,decomposed,0.322,0.308,-1.528,-0.322
4,2016-Aug,Manley,OP,2016-08-10,9:20:00,9.3,1,R,17,2076,133,50,na,0,10,31,na,na,,2016-08-13,2076,11:45:00,11.75,29,na,15,35,y,,2016-09-05,y,2076,9:30:00,9.5,270,31,na,,1.612,5.268,0.087,-0.322
4,2016-Aug,Manley,OP,2016-08-10,9:20:00,9.3,1,R,20,1835,173,50,na,0,17,49,na,na,,2016-08-13,1835,11:45:00,11.75,45,na,23,40,y,,2016-09-05,y,1835,9:30:00,9.5,182,40,na,,1.934,0.346,-0.218,-4.835
4,2016-Aug,Manley,OP,2016-08-10,9:20:00,9.3,1,na,na,na,319,55,na,0,na,na,na,na,,na,na,na,na,na,na,na,na,na,,na,na,na,na,na,na,na,na,,na,na,na,na
4,2016-Aug,Manley,OP,2016-08-10,9:20:00,9.3,1,na,na,na,116,60,na,0,na,na,na,na,,na,na,na,na,na,na,na,na,na,,na,na,na,na,na,na,na,na,,na,na,na,na
4,2016-Aug,Manley,OP,2016-08-10,9:20:00,9.3,1,na,na,na,160,30,na,0,na,na,na,na,,na,na,na,na,na,na,na,na,na,,na,na,na,na,na,na,na,na,,na,na,na,na
4,2016-Aug,Manley,OP,2016-08-10,9:20:00,9.3,1,na,na,na,282,40,na,0,na,na,na,na,,na,na,na,na,na,na,na,na,na,,na,na,na,na,na,na,na,na,,na,na,na,na
4,2016-Aug,Manley,OP,2016-08-10,9:20:00,9.3,1,na,na,na,113,45,na,0,na,na,na,na,,na,na,na,na,na,na,na,na,na,,na,na,na,na,na,na,na,na,,na,na,na,na
4,2016-Aug,Manley,OP,2016-08-10,9:20:00,9.3,1,na,na,na,180,40,na,0,na,na,na,na,,na,na,na,na,na,na,na,na,na,,na,na,na,na,na,na,na,na,,na,na,na,na
4,2016-Aug,Manley,OP,2016-08-10,9:20:00,9.3,1,na,na,na,181,63,na,0,na,na,na,na,,na,na,na,na,na,na,na,na,na,,na,na,na,na,na,na,na,na,,na,na,na,na
4,2016-Aug,Manley,OP,2016-08-10,9:20:00,9.3,1,na,na,na,167,40,na,0,na,na,na,na,,na,na,na,na,na,na,na,na,na,,na,na,na,na,na,na,na,na,,na,na,na,na
4,2016-Aug,Manley,OP,2016-08-10,9:20:00,9.3,1,na,na,na,306,20,na,0,na,na,na,na,,na,na,na,na,na,na,na,na,na,,na,na,na,na,na,na,na,na,,na,na,na,na
4,2016-Aug,Manley,OP,2016-08-10,9:20:00,9.3,1,na,na,na,209,20,na,0,na,na,na,na,,na,na,na,na,na,na,na,na,na,,na,na,na,na,na,na,na,na,,na,na,na,na
4,2016-Aug,Manley,OP,2016-08-10,9:20:00,9.3,1,na,na,na,212,25,na,0,na,na,na,na,,na,na,na,na,na,na,na,na,na,,na,na,na,na,na,na,na,na,,na,na,na,na
4,2016-Aug,Manley,OP,2016-08-10,9:20:00,9.3,1,na,na,na,145,36,na,0,na,na,na,na,,na,na,na,na,na,na,na,na,na,,na,na,na,na,na,na,na,na,,na,na,na,na
4,2016-Aug,Manley,OP,2016-08-10,9:20:00,9.3,1,na,na,na,319,55,na,0,na,na,na,na,,na,na,na,na,na,na,na,na,na,,na,na,na,na,na,na,na,na,,na,na,na,na
4,2016-Aug,Manley,OP,2016-08-10,9:20:00,9.3,1,na,na,na,188,20,na,0,na,na,na,na,,na,na,na,na,na,na,na,na,na,,na,na,na,na,na,na,na,na,,na,na,na,na
4,2016-Aug,Manley,OP,2016-08-10,9:20:00,9.3,1,na,na,na,216,65,na,0,na,na,na,na,,na,na,na,na,na,na,na,na,na,,na,na,na,na,na,na,na,na,,na,na,na,na
4,2016-Aug,Manley,OP,2016-08-10,9:20:00,9.3,2,na,na,na,314,20,na,0,na,na,na,na,,na,na,na,na,na,na,na,na,na,,na,na,na,na,na,na,na,na,,na,na,na,na
4,2016-Aug,Manley,OP,2016-08-10,9:20:00,9.3,2,na,na,na,258,60,na,0,na,na,na,na,,na,na,na,na,na,na,na,na,na,,na,na,na,na,na,na,na,na,,na,na,na,na
4,2016-Aug,Manley,OP,2016-08-10,9:20:00,9.3,2,na,na,na,160,20,na,0,na,na,na,na,,na,na,na,na,na,na,na,na,na,,na,na,na,na,na,na,na,na,,na,na,na,na
4,2016-Aug,Manley,OP,2016-08-10,9:20:00,9.3,2,na,na,na,104,16,na,0,na,na,na,na,,na,na,na,na,na,na,na,na,na,,na,na,na,na,na,na,na,na,,na,na,na,na
4,2016-Aug,Manley,OP,2016-08-10,9:20:00,9.3,2,na,na,na,119,25,na,0,na,na,na,na,,na,na,na,na,na,na,na,na,na,,na,na,na,na,na,na,na,na,,na,na,na,na
4,2016-Aug,Manley,OP,2016-08-10,9:20:00,9.3,2,na,na,na,148,20,na,0,na,na,na,na,,na,na,na,na,na,na,na,na,na,,na,na,na,na,na,na,na,na,,na,na,na,na
4,2016-Aug,Manley,OP,2016-08-10,9:20:00,9.3,2,na,na,na,280,0,na,na,na,na,na,na,no blades,na,na,na,na,na,na,na,na,na,,na,na,na,na,na,na,na,na,,na,na,na,na
4,2016-Aug,Manley,OP,2016-08-10,9:20:00,9.3,2,na,na,na,281,15,na,0,na,na,na,na,,na,na,na,na,na,na,na,na,na,,na,na,na,na,na,na,na,na,,na,na,na,na
4,2016-Aug,Manley,OP,2016-08-10,9:20:00,9.3,2,na,na,na,280,15,na,0,na,na,na,na,,na,na,na,na,na,na,na,na,na,,na,na,na,na,na,na,na,na,,na,na,na,na
4,2016-Aug,Manley,OP,2016-08-10,9:20:00,9.3,2,na,na,na,145,55,na,0,na,na,na,na,,na,na,na,na,na,na,na,na,na,,na,na,na,na,na,na,na,na,,na,na,na,na
4,2016-Aug,Manley,OP,2016-08-10,9:20:00,9.3,2,na,na,na,245,40,na,0,na,na,na,na,,na,na,na,na,na,na,na,na,na,,na,na,na,na,na,na,na,na,,na,na,na,na
4,2016-Aug,Manley,OP,2016-08-10,9:20:00,9.3,2,na,na,na,284,23,na,0,na,na,na,na,,na,na,na,na,na,na,na,na,na,,na,na,na,na,na,na,na,na,,na,na,na,na
4,2016-Aug,Manley,OP,2016-08-10,9:20:00,9.3,2,na,na,na,280,20,na,0,na,na,na,na,,na,na,na,na,na,na,na,na,na,,na,na,na,na,na,na,na,na,,na,na,na,na
4,2016-Aug,Manley,OP,2016-08-10,9:20:00,9.3,2,na,na,na,280,15,na,0,na,na,na,na,,na,na,na,na,na,na,na,na,na,,na,na,na,na,na,na,na,na,,na,na,na,na
4,2016-Aug,Manley,OP,2016-08-10,9:20:00,9.3,2,na,na,na,126,60,na,0,na,na,na,na,,na,na,na,na,na,na,na,na,na,,na,na,na,na,na,na,na,na,,na,na,na,na
4,2016-Aug,Manley,OP,2016-08-10,9:20:00,9.3,3,na,na,na,100,18,na,0,na,na,na,na,,na,na,na,na,na,na,na,na,na,,na,na,na,na,na,na,na,na,,na,na,na,na
4,2016-Aug,Manley,OP,2016-08-10,9:20:00,9.3,3,na,na,na,251,45,na,0,na,na,na,na,,na,na,na,na,na,na,na,na,na,,na,na,na,na,na,na,na,na,,na,na,na,na
4,2016-Aug,Manley,OP,2016-08-10,9:20:00,9.3,3,na,na,na,300,50,na,0,na,na,na,na,,na,na,na,na,na,na,na,na,na,,na,na,na,na,na,na,na,na,,na,na,na,na
4,2016-Aug,Manley,OP,2016-08-10,9:20:00,9.3,3,na,na,na,161,60,na,0,na,na,na,na,,na,na,na,na,na,na,na,na,na,,na,na,na,na,na,na,na,na,,na,na,na,na
4,2016-Aug,Manley,OP,2016-08-10,9:20:00,9.3,3,na,na,na,277,65,na,0,na,na,na,na,,na,na,na,na,na,na,na,na,na,,na,na,na,na,na,na,na,na,,na,na,na,na
4,2016-Aug,Manley,OP,2016-08-10,9:20:00,9.3,3,na,na,na,278,20,na,0,na,na,na,na,,na,na,na,na,na,na,na,na,na,,na,na,na,na,na,na,na,na,,na,na,na,na
4,2016-Aug,Manley,OP,2016-08-10,9:20:00,9.3,3,na,na,na,282,40,na,0,na,na,na,na,,na,na,na,na,na,na,na,na,na,,na,na,na,na,na,na,na,na,,na,na,na,na
4,2016-Aug,Manley,OP,2016-08-10,9:20:00,9.3,3,na,na,na,345,50,na,0,na,na,na,na,,na,na,na,na,na,na,na,na,na,,na,na,na,na,na,na,na,na,,na,na,na,na
4,2016-Aug,Manley,OP,2016-08-10,9:20:00,9.3,3,na,na,na,192,15,na,0,na,na,na,na,,na,na,na,na,na,na,na,na,na,,na,na,na,na,na,na,na,na,,na,na,na,na
4,2016-Aug,Manley,OP,2016-08-10,9:20:00,9.3,3,na,na,na,300,35,na,0,na,na,na,na,,na,na,na,na,na,na,na,na,na,,na,na,na,na,na,na,na,na,,na,na,na,na
4,2016-Aug,Manley,OP,2016-08-10,9:20:00,9.3,3,na,na,na,113,25,na,0,na,na,na,na,,na,na,na,na,na,na,na,na,na,,na,na,na,na,na,na,na,na,,na,na,na,na
4,2016-Aug,Manley,OP,2016-08-10,9:20:00,9.3,3,na,na,na,269,55,na,0,na,na,na,na,,na,na,na,na,na,na,na,na,na,,na,na,na,na,na,na,na,na,,na,na,na,na
4,2016-Aug,Manley,OP,2016-08-10,9:20:00,9.3,3,na,na,na,315,40,na,0,na,na,na,na,,na,na,na,na,na,na,na,na,na,,na,na,na,na,na,na,na,na,,na,na,na,na
4,2016-Aug,Manley,OP,2016-08-10,9:20:00,9.3,3,na,na,na,178,30,na,0,na,na,na,na,,na,na,na,na,na,na,na,na,na,,na,na,na,na,na,na,na,na,,na,na,na,na
4,2016-Aug,Manley,OP,2016-08-10,9:20:00,9.3,3,na,na,na,318,48,na,0,na,na,na,na,,na,na,na,na,na,na,na,na,na,,na,na,na,na,na,na,na,na,,na,na,na,na
4,2016-Aug,Second,OP,2016-08-14,12:05:00,12.1,1,na,na,na,418,20,na,0,na,na,na,na,,na,na,na,na,na,na,na,na,na,,na,na,na,na,na,na,na,na,,na,na,na,na
4,2016-Aug,Second,OP,2016-08-14,12:05:00,12.1,1,na,na,na,569,50,na,0,na,na,na,na,,na,na,na,na,na,na,na,na,na,,na,na,na,na,na,na,na,na,,na,na,na,na
4,2016-Aug,Second,OP,2016-08-14,12:05:00,12.1,1,na,na,na,288,0,na,na,na,na,na,na,no blades,na,na,na,na,na,na,na,na,na,,na,na,na,na,na,na,na,na,,na,na,na,na
4,2016-Aug,Second,OP,2016-08-14,12:05:00,12.1,1,na,na,na,263,50,na,0,na,na,na,na,,na,na,na,na,na,na,na,na,na,,na,na,na,na,na,na,na,na,,na,na,na,na
4,2016-Aug,Second,OP,2016-08-14,12:05:00,12.1,1,na,na,na,536,10,na,0,na,na,na,na,,na,na,na,na,na,na,na,na,na,,na,na,na,na,na,na,na,na,,na,na,na,na
4,2016-Aug,Second,OP,2016-08-14,12:05:00,12.1,1,na,na,na,412,0,na,na,na,na,na,na,no blades,na,na,na,na,na,na,na,na,na,,na,na,na,na,na,na,na,na,,na,na,na,na
4,2016-Aug,Second,OP,2016-08-14,12:05:00,12.1,1,na,na,na,677,120,na,L,na,na,na,na,,na,na,na,na,na,na,na,na,na,,na,na,na,na,na,na,na,na,,na,na,na,na
4,2016-Aug,Second,OP,2016-08-14,12:05:00,12.1,1,na,na,na,446,10,na,0,na,na,na,na,,na,na,na,na,na,na,na,na,na,,na,na,na,na,na,na,na,na,,na,na,na,na
4,2016-Aug,Second,OP,2016-08-14,12:05:00,12.1,1,na,na,na,406,0,na,na,na,na,na,na,no blades,na,na,na,na,na,na,na,na,na,,na,na,na,na,na,na,na,na,,na,na,na,na
4,2016-Aug,Second,OP,2016-08-14,12:05:00,12.1,1,na,na,na,404,0,na,na,na,na,na,na,no blades,na,na,na,na,na,na,na,na,na,,na,na,na,na,na,na,na,na,,na,na,na,na
4,2016-Aug,Second,OP,2016-08-14,12:05:00,12.1,1,na,na,na,280,25,na,0,na,na,na,na,,na,na,na,na,na,na,na,na,na,,na,na,na,na,na,na,na,na,,na,na,na,na
4,2016-Aug,Second,OP,2016-08-14,12:05:00,12.1,1,na,na,na,447,20,na,0,na,na,na,na,,na,na,na,na,na,na,na,na,na,,na,na,na,na,na,na,na,na,,na,na,na,na
4,2016-Aug,Second,OP,2016-08-14,12:05:00,12.1,1,na,na,na,374,0,na,na,na,na,na,na,no blades,na,na,na,na,na,na,na,na,na,,na,na,na,na,na,na,na,na,,na,na,na,na
4,2016-Aug,Second,OP,2016-08-14,12:05:00,12.1,1,na,na,na,221,50,na,0,na,na,na,na,,na,na,na,na,na,na,na,na,na,,na,na,na,na,na,na,na,na,,na,na,na,na
4,2016-Aug,Second,OP,2016-08-14,12:05:00,12.1,1,na,na,na,180,25,na,0,na,na,na,na,,na,na,na,na,na,na,na,na,na,,na,na,na,na,na,na,na,na,,na,na,na,na
4,2016-Aug,Second,OP,2016-08-14,12:05:00,12.1,2,na,na,na,294,30,na,0,na,na,na,na,,na,na,na,na,na,na,na,na,na,,na,na,na,na,na,na,na,na,,na,na,na,na
4,2016-Aug,Second,OP,2016-08-14,12:05:00,12.1,2,na,na,na,350,35,na,0,na,na,na,na,,na,na,na,na,na,na,na,na,na,,na,na,na,na,na,na,na,na,,na,na,na,na
4,2016-Aug,Second,OP,2016-08-14,12:05:00,12.1,2,na,na,na,271,0,na,na,na,na,na,na,no blades,na,na,na,na,na,na,na,na,na,,na,na,na,na,na,na,na,na,,na,na,na,na
4,2016-Aug,Second,OP,2016-08-14,12:05:00,12.1,2,na,na,na,327,12,na,0,na,na,na,na,,na,na,na,na,na,na,na,na,na,,na,na,na,na,na,na,na,na,,na,na,na,na
4,2016-Aug,Second,OP,2016-08-14,12:05:00,12.1,2,na,na,na,287,0,na,na,na,na,na,na,no blades,na,na,na,na,na,na,na,na,na,,na,na,na,na,na,na,na,na,,na,na,na,na
4,2016-Aug,Second,OP,2016-08-14,12:05:00,12.1,2,na,na,na,318,0,na,na,na,na,na,na,no blades,na,na,na,na,na,na,na,na,na,,na,na,na,na,na,na,na,na,,na,na,na,na
4,2016-Aug,Second,OP,2016-08-14,12:05:00,12.1,2,na,na,na,253,50,na,0,na,na,na,na,,na,na,na,na,na,na,na,na,na,,na,na,na,na,na,na,na,na,,na,na,na,na
4,2016-Aug,Second,OP,2016-08-14,12:05:00,12.1,2,na,na,na,160,40,na,0,na,na,na,na,,na,na,na,na,na,na,na,na,na,,na,na,na,na,na,na,na,na,,na,na,na,na
4,2016-Aug,Second,OP,2016-08-14,12:05:00,12.1,2,na,na,na,500,20,na,0,na,na,na,na,,na,na,na,na,na,na,na,na,na,,na,na,na,na,na,na,na,na,,na,na,na,na
4,2016-Aug,Second,OP,2016-08-14,12:05:00,12.1,2,na,na,na,300,0,na,na,na,na,na,na,no blades,na,na,na,na,na,na,na,na,na,,na,na,na,na,na,na,na,na,,na,na,na,na
4,2016-Aug,Second,OP,2016-08-14,12:05:00,12.1,2,na,na,na,370,50,na,0,na,na,na,na,,na,na,na,na,na,na,na,na,na,,na,na,na,na,na,na,na,na,,na,na,na,na
4,2016-Aug,Second,OP,2016-08-14,12:05:00,12.1,2,na,na,na,395,45,na,0,na,na,na,na,,na,na,na,na,na,na,na,na,na,,na,na,na,na,na,na,na,na,,na,na,na,na
4,2016-Aug,Second,OP,2016-08-14,12:05:00,12.1,2,na,na,na,128,60,na,0,na,na,na,na,,na,na,na,na,na,na,na,na,na,,na,na,na,na,na,na,na,na,,na,na,na,na
4,2016-Aug,Second,OP,2016-08-14,12:05:00,12.1,2,na,na,na,290,50,na,0,na,na,na,na,,na,na,na,na,na,na,na,na,na,,na,na,na,na,na,na,na,na,,na,na,na,na
4,2016-Aug,Second,OP,2016-08-14,12:05:00,12.1,2,na,na,na,395,0,na,na,na,na,na,na,no blades,na,na,na,na,na,na,na,na,na,,na,na,na,na,na,na,na,na,,na,na,na,na
4,2016-Aug,Second,OP,2016-08-14,12:05:00,12.1,3,na,na,na,352,0,na,na,na,na,na,na,no blades,na,na,na,na,na,na,na,na,na,,na,na,na,na,na,na,na,na,,na,na,na,na
4,2016-Aug,Second,OP,2016-08-14,12:05:00,12.1,3,na,na,na,270,10,na,0,na,na,na,na,,na,na,na,na,na,na,na,na,na,,na,na,na,na,na,na,na,na,,na,na,na,na
4,2016-Aug,Second,OP,2016-08-14,12:05:00,12.1,3,na,na,na,417,80,na,L,na,na,na,na,,na,na,na,na,na,na,na,na,na,,na,na,na,na,na,na,na,na,,na,na,na,na
4,2016-Aug,Second,OP,2016-08-14,12:05:00,12.1,3,na,na,na,412,40,na,0,na,na,na,na,,na,na,na,na,na,na,na,na,na,,na,na,na,na,na,na,na,na,,na,na,na,na
4,2016-Aug,Second,OP,2016-08-14,12:05:00,12.1,3,na,na,na,395,45,na,0,na,na,na,na,,na,na,na,na,na,na,na,na,na,,na,na,na,na,na,na,na,na,,na,na,na,na
4,2016-Aug,Second,OP,2016-08-14,12:05:00,12.1,3,na,na,na,300,30,na,0,na,na,na,na,,na,na,na,na,na,na,na,na,na,,na,na,na,na,na,na,na,na,,na,na,na,na
4,2016-Aug,Second,OP,2016-08-14,12:05:00,12.1,3,na,na,na,473,40,na,0,na,na,na,na,,na,na,na,na,na,na,na,na,na,,na,na,na,na,na,na,na,na,,na,na,na,na
4,2016-Aug,Second,OP,2016-08-14,12:05:00,12.1,3,na,na,na,314,30,na,0,na,na,na,na,,na,na,na,na,na,na,na,na,na,,na,na,na,na,na,na,na,na,,na,na,na,na
4,2016-Aug,Second,OP,2016-08-14,12:05:00,12.1,3,na,na,na,111,50,na,0,na,na,na,na,,na,na,na,na,na,na,na,na,na,,na,na,na,na,na,na,na,na,,na,na,na,na
4,2016-Aug,Second,OP,2016-08-14,12:05:00,12.1,3,na,na,na,276,10,na,0,na,na,na,na,,na,na,na,na,na,na,na,na,na,,na,na,na,na,na,na,na,na,,na,na,na,na
4,2016-Aug,Second,OP,2016-08-14,12:05:00,12.1,3,na,na,na,266,50,na,0,na,na,na,na,,na,na,na,na,na,na,na,na,na,,na,na,na,na,na,na,na,na,,na,na,na,na
4,2016-Aug,Second,OP,2016-08-14,12:05:00,12.1,3,na,na,na,160,13,na,0,na,na,na,na,,na,na,na,na,na,na,na,na,na,,na,na,na,na,na,na,na,na,,na,na,na,na
4,2016-Aug,Second,OP,2016-08-14,12:05:00,12.1,3,na,na,na,120,30,na,0,na,na,na,na,,na,na,na,na,na,na,na,na,na,,na,na,na,na,na,na,na,na,,na,na,na,na
4,2016-Aug,Second,OP,2016-08-14,12:05:00,12.1,3,na,na,na,373,10,na,0,na,na,na,na,,na,na,na,na,na,na,na,na,na,,na,na,na,na,na,na,na,na,,na,na,na,na
4,2016-Aug,Second,OP,2016-08-14,12:05:00,12.1,3,na,na,na,335,0,na,na,na,na,na,na,no blades,na,na,na,na,na,na,na,na,na,,na,na,na,na,na,na,na,na,,na,na,na,na
4,2016-Aug,North,AM,2016-08-14,14:00:00,14,1,na,na,na,518,75,na,0,na,na,na,na,,na,na,na,na,na,na,na,na,na,,na,na,na,na,na,na,na,na,,na,na,na,na
4,2016-Aug,North,AM,2016-08-14,14:00:00,14,1,na,na,na,458,92,na,L,na,na,na,na,,na,na,na,na,na,na,na,na,na,,na,na,na,na,na,na,na,na,,na,na,na,na
4,2016-Aug,North,AM,2016-08-14,14:00:00,14,1,na,na,na,357,90,na,0,na,na,na,na,,na,na,na,na,na,na,na,na,na,,na,na,na,na,na,na,na,na,,na,na,na,na
4,2016-Aug,North,AM,2016-08-14,14:00:00,14,1,na,na,na,408,30,na,0,na,na,na,na,,na,na,na,na,na,na,na,na,na,,na,na,na,na,na,na,na,na,,na,na,na,na
4,2016-Aug,North,AM,2016-08-14,14:00:00,14,1,na,na,na,312,45,na,0,na,na,na,na,,na,na,na,na,na,na,na,na,na,,na,na,na,na,na,na,na,na,,na,na,na,na
4,2016-Aug,North,AM,2016-08-14,14:00:00,14,1,na,na,na,364,37,na,0,na,na,na,na,,na,na,na,na,na,na,na,na,na,,na,na,na,na,na,na,na,na,,na,na,na,na
4,2016-Aug,North,AM,2016-08-14,14:00:00,14,1,na,na,na,299,44,na,0,na,na,na,na,,na,na,na,na,na,na,na,na,na,,na,na,na,na,na,na,na,na,,na,na,na,na
4,2016-Aug,North,AM,2016-08-14,14:00:00,14,1,na,na,na,270,13,na,0,na,na,na,na,,na,na,na,na,na,na,na,na,na,,na,na,na,na,na,na,na,na,,na,na,na,na
4,2016-Aug,North,AM,2016-08-14,14:00:00,14,1,na,na,na,423,37,na,0,na,na,na,na,,na,na,na,na,na,na,na,na,na,,na,na,na,na,na,na,na,na,,na,na,na,na
4,2016-Aug,North,AM,2016-08-14,14:00:00,14,1,na,na,na,505,64,na,0,na,na,na,na,,na,na,na,na,na,na,na,na,na,,na,na,na,na,na,na,na,na,,na,na,na,na
4,2016-Aug,North,AM,2016-08-14,14:00:00,14,1,na,na,na,297,123,na,0,na,na,na,na,,na,na,na,na,na,na,na,na,na,,na,na,na,na,na,na,na,na,,na,na,na,na
4,2016-Aug,North,AM,2016-08-14,14:00:00,14,1,na,na,na,218,85,na,0,na,na,na,na,,na,na,na,na,na,na,na,na,na,,na,na,na,na,na,na,na,na,,na,na,na,na
4,2016-Aug,North,AM,2016-08-14,14:00:00,14,1,na,na,na,422,88,na,0,na,na,na,na,,na,na,na,na,na,na,na,na,na,,na,na,na,na,na,na,na,na,,na,na,na,na
4,2016-Aug,North,AM,2016-08-14,14:00:00,14,1,na,na,na,463,19,na,0,na,na,na,na,,na,na,na,na,na,na,na,na,na,,na,na,na,na,na,na,na,na,,na,na,na,na
4,2016-Aug,North,AM,2016-08-14,14:00:00,14,1,na,na,na,516,73,na,L,na,na,na,na,,na,na,na,na,na,na,na,na,na,,na,na,na,na,na,na,na,na,,na,na,na,na
4,2016-Aug,North,AM,2016-08-14,14:00:00,14,2,na,na,na,294,47,na,0,na,na,na,na,,na,na,na,na,na,na,na,na,na,,na,na,na,na,na,na,na,na,,na,na,na,na
4,2016-Aug,North,AM,2016-08-14,14:00:00,14,2,na,na,na,450,37,na,0,na,na,na,na,,na,na,na,na,na,na,na,na,na,,na,na,na,na,na,na,na,na,,na,na,na,na
4,2016-Aug,North,AM,2016-08-14,14:00:00,14,2,na,na,na,504,84,na,0,na,na,na,na,,na,na,na,na,na,na,na,na,na,,na,na,na,na,na,na,na,na,,na,na,na,na
4,2016-Aug,North,AM,2016-08-14,14:00:00,14,2,na,na,na,359,39,na,0,na,na,na,na,,na,na,na,na,na,na,na,na,na,,na,na,na,na,na,na,na,na,,na,na,na,na
4,2016-Aug,North,AM,2016-08-14,14:00:00,14,2,na,na,na,382,62,na,0,na,na,na,na,,na,na,na,na,na,na,na,na,na,,na,na,na,na,na,na,na,na,,na,na,na,na
4,2016-Aug,North,AM,2016-08-14,14:00:00,14,2,na,na,na,300,28,na,0,na,na,na,na,,na,na,na,na,na,na,na,na,na,,na,na,na,na,na,na,na,na,,na,na,na,na
4,2016-Aug,North,AM,2016-08-14,14:00:00,14,2,na,na,na,387,60,na,0,na,na,na,na,,na,na,na,na,na,na,na,na,na,,na,na,na,na,na,na,na,na,,na,na,na,na
4,2016-Aug,North,AM,2016-08-14,14:00:00,14,2,na,na,na,387,35,na,0,na,na,na,na,,na,na,na,na,na,na,na,na,na,,na,na,na,na,na,na,na,na,,na,na,na,na
4,2016-Aug,North,AM,2016-08-14,14:00:00,14,2,na,na,na,407,68,na,0,na,na,na,na,,na,na,na,na,na,na,na,na,na,,na,na,na,na,na,na,na,na,,na,na,na,na
4,2016-Aug,North,AM,2016-08-14,14:00:00,14,2,na,na,na,362,10,na,0,na,na,na,na,,na,na,na,na,na,na,na,na,na,,na,na,na,na,na,na,na,na,,na,na,na,na
4,2016-Aug,North,AM,2016-08-14,14:00:00,14,2,na,na,na,283,26,na,0,na,na,na,na,,na,na,na,na,na,na,na,na,na,,na,na,na,na,na,na,na,na,,na,na,na,na
4,2016-Aug,North,AM,2016-08-14,14:00:00,14,2,na,na,na,409,45,na,0,na,na,na,na,,na,na,na,na,na,na,na,na,na,,na,na,na,na,na,na,na,na,,na,na,na,na
4,2016-Aug,North,AM,2016-08-14,14:00:00,14,2,na,na,na,477,72,na,0,na,na,na,na,,na,na,na,na,na,na,na,na,na,,na,na,na,na,na,na,na,na,,na,na,na,na
4,2016-Aug,North,AM,2016-08-14,14:00:00,14,2,na,na,na,417,68,na,0,na,na,na,na,,na,na,na,na,na,na,na,na,na,,na,na,na,na,na,na,na,na,,na,na,na,na
4,2016-Aug,North,AM,2016-08-14,14:00:00,14,2,na,na,na,133,70,na,0,na,na,na,na,,na,na,na,na,na,na,na,na,na,,na,na,na,na,na,na,na,na,,na,na,na,na
4,2016-Aug,North,AM,2016-08-14,14:00:00,14,3,na,na,na,187,88,na,0,na,na,na,na,,na,na,na,na,na,na,na,na,na,,na,na,na,na,na,na,na,na,,na,na,na,na
4,2016-Aug,North,AM,2016-08-14,14:00:00,14,3,na,na,na,270,72,na,0,na,na,na,na,,na,na,na,na,na,na,na,na,na,,na,na,na,na,na,na,na,na,,na,na,na,na
4,2016-Aug,North,AM,2016-08-14,14:00:00,14,3,na,na,na,330,25,na,0,na,na,na,na,,na,na,na,na,na,na,na,na,na,,na,na,na,na,na,na,na,na,,na,na,na,na
4,2016-Aug,North,AM,2016-08-14,14:00:00,14,3,na,na,na,342,54,na,0,na,na,na,na,,na,na,na,na,na,na,na,na,na,,na,na,na,na,na,na,na,na,,na,na,na,na
4,2016-Aug,North,AM,2016-08-14,14:00:00,14,3,na,na,na,217,86,na,0,na,na,na,na,,na,na,na,na,na,na,na,na,na,,na,na,na,na,na,na,na,na,,na,na,na,na
4,2016-Aug,North,AM,2016-08-14,14:00:00,14,3,na,na,na,185,70,na,0,na,na,na,na,,na,na,na,na,na,na,na,na,na,,na,na,na,na,na,na,na,na,,na,na,na,na
4,2016-Aug,North,AM,2016-08-14,14:00:00,14,3,na,na,na,458,58,na,0,na,na,na,na,,na,na,na,na,na,na,na,na,na,,na,na,na,na,na,na,na,na,,na,na,na,na
4,2016-Aug,North,AM,2016-08-14,14:00:00,14,3,na,na,na,407,97,na,0,na,na,na,na,,na,na,na,na,na,na,na,na,na,,na,na,na,na,na,na,na,na,,na,na,na,na
4,2016-Aug,North,AM,2016-08-14,14:00:00,14,3,na,na,na,357,68,na,0,na,na,na,na,,na,na,na,na,na,na,na,na,na,,na,na,na,na,na,na,na,na,,na,na,na,na
4,2016-Aug,North,AM,2016-08-14,14:00:00,14,3,na,na,na,317,47,na,0,na,na,na,na,,na,na,na,na,na,na,na,na,na,,na,na,na,na,na,na,na,na,,na,na,na,na
4,2016-Aug,North,AM,2016-08-14,14:00:00,14,3,na,na,na,487,69,na,0,na,na,na,na,,na,na,na,na,na,na,na,na,na,,na,na,na,na,na,na,na,na,,na,na,na,na
4,2016-Aug,North,AM,2016-08-14,14:00:00,14,3,na,na,na,284,34,na,0,na,na,na,na,,na,na,na,na,na,na,na,na,na,,na,na,na,na,na,na,na,na,,na,na,na,na
4,2016-Aug,North,AM,2016-08-14,14:00:00,14,3,na,na,na,380,52,na,0,na,na,na,na,,na,na,na,na,na,na,na,na,na,,na,na,na,na,na,na,na,na,,na,na,na,na
4,2016-Aug,North,AM,2016-08-14,14:00:00,14,3,na,na,na,426,12,na,0,na,na,na,na,,na,na,na,na,na,na,na,na,na,,na,na,na,na,na,na,na,na,,na,na,na,na
4,2016-Aug,North,AM,2016-08-14,14:00:00,14,3,na,na,na,452,79,na,0,na,na,na,na,,na,na,na,na,na,na,na,na,na,,na,na,na,na,na,na,na,na,,na,na,na,na
5,2016-Sep,Manley,AM,2016-09-05,9:30:00,9.5,1,L,11,2015,136,49,na,0,15,47,na,na,,2016-09-10,2015,9:30:00,9.5,28,na,18.5,43,y,,2016-11-18,n,2015,11:00:00,11,na,na,na,gone,0.700,na,na,-1.500
5,2016-Sep,Manley,AM,2016-09-05,9:30:00,9.5,1,L,11.6,2493,182,61,na,0,20,61,na,na,,2016-09-10,2493,9:30:00,9.5,41,na,29,66,y,,2016-11-18,n,2493,11:00:00,11,na,na,na,gone,1.800,na,na,-0.800
5,2016-Sep,Manley,AM,2016-09-05,9:30:00,9.5,2,L,14.7,1855,375,23,na,0,10,30,na,na,,2016-09-10,1855,9:30:00,9.5,25,na,na,na,y,error in measurements,2016-11-18,n,1855,11:00:00,11,na,na,na,gone,na,na,na,na
5,2016-Sep,Manley,AM,2016-09-05,9:30:00,9.5,2,L,10.5,1821,171,35,na,0,10,38,na,na,,2016-09-10,1821,9:30:00,9.5,na,na,na,na,n,gone,2016-11-18,n,1821,11:00:00,11,na,na,na,gone,na,na,na,na
5,2016-Sep,Manley,AM,2016-09-05,9:30:00,9.5,2,L,17.5,1960,151,69,na,0,20,62,na,na,,2016-09-10,1960,9:30:00,9.5,31,na,31,64,y,,2016-11-18,n,1960,11:00:00,11,na,na,na,gone,2.200,na,na,-1.800
5,2016-Sep,Manley,AM,2016-09-05,9:30:00,9.5,3,L,12.5,2428,250,39,na,0,10,34,na,na,,2016-09-10,2428,9:30:00,9.5,21,na,17,41.5,y,,2016-11-18,n,2428,11:00:00,11,na,na,na,gone,1.400,na,na,0.100
5,2016-Sep,Manley,AM,2016-09-05,9:30:00,9.5,3,L,15.2,2482,159,37,na,0,10,32,na,na,,2016-09-10,2482,9:30:00,9.5,9,na,15.5,38.5,y,,2016-11-18,n,2482,11:00:00,11,na,na,na,gone,1.100,na,na,0.200
5,2016-Sep,Manley,AM,2016-09-05,9:30:00,9.5,3,L,18.9,1868,200,67,na,0,25,74,na,na,,2016-09-10,1868,9:30:00,9.5,70,na,34,77,y,,2016-11-18,n,1868,11:00:00,11,na,na,na,gone,1.800,na,na,-1.200
5,2016-Sep,Manley,OP,2016-09-05,9:30:00,9.5,1,R,17,2088,292,25,na,0,10,27,na,na,,2016-09-10,2088,9:30:00,9.5,24,na,16.5,27,y,,2016-11-18,n,2088,11:00:00,11,na,na,na,gone,1.300,na,na,-1.300
5,2016-Sep,Manley,OP,2016-09-05,9:30:00,9.5,1,R,17.2,2016,281,50,na,0,15,52,na,na,,2016-09-10,2016,9:30:00,9.5,47,na,23,50,y,,2016-11-18,n,2016,11:00:00,11,na,na,na,gone,1.600,na,na,-2.000
5,2016-Sep,Manley,OP,2016-09-05,9:30:00,9.5,2,R,20,1752,242,80,na,0,22,71,na,na,,2016-09-10,1752,9:30:00,9.5,59,na,36,83,y,,2016-11-18,n,1752,11:00:00,11,na,na,na,gone,2.800,na,na,-0.400
5,2016-Sep,Manley,OP,2016-09-05,9:30:00,9.5,2,R,12,1993,215,60,na,0,20.5,69,na,na,,2016-09-10,1993,9:30:00,9.5,26,na,35,73,y,,2016-11-18,n,1993,11:00:00,11,na,na,na,gone,2.900,na,na,-2.100
5,2016-Sep,Manley,OP,2016-09-05,9:30:00,9.5,2,R,5,1865,261,40,na,0,13,39,na,na,,2016-09-10,1865,9:30:00,9.5,34,na,na,na,y,,2016-11-18,n,1865,11:00:00,11,na,na,na,gone,na,na,na,na
5,2016-Sep,Manley,OP,2016-09-05,9:30:00,9.5,3,R,20,1890,316,40,na,0,13,39,na,na,,2016-09-10,1890,9:30:00,9.5,56,na,21,43,y,,2016-11-18,n,1890,11:00:00,11,na,na,na,gone,1.600,na,na,-0.800
5,2016-Sep,Manley,OP,2016-09-05,9:30:00,9.5,3,R,8.5,2026,226,30,na,0,13,36,na,na,,2016-09-10,2026,9:30:00,9.5,24,na,17.5,39,y,,2016-11-18,n,2026,11:00:00,11,na,na,na,gone,0.900,na,na,-0.300
5,2016-Sep,Second,OP,2016-09-05,14:00:00,14,3,L,16.5,1724,348,120,na,0,41,122,na,na,,2016-09-10,1724,13:30:00,13.5,34,na,na,na,y,,2016-11-17,n,1724,11:30:00,11.5,na,na,na,gone,na,na,na,na
5,2016-Sep,Second,OP,2016-09-05,14:00:00,14,3,L,11,2075,431,140,na,0,51,162,na,na,,2016-09-10,2075,13:30:00,13.5,na,na,na,na,n,gone,2016-11-17,n,2075,11:30:00,11.5,na,na,na,gone,na,na,na,na
5,2016-Sep,Second,OP,2016-09-05,14:00:00,14,3,L,5,1956,430,50,na,0,17,54,na,na,,2016-09-10,1956,13:30:00,13.5,30,na,29.5,65,y,,2016-11-17,y,1956,11:30:00,11.5,540,21,na,,2.510,1.509,-0.133,-0.301
5,2016-Sep,Second,OP,2016-09-05,14:00:00,14,2,L,14,1827,470,100,na,H,25,76,na,na,,2016-09-10,1827,13:30:00,13.5,36,na,43,86,y,,2016-11-17,n,1827,11:30:00,11.5,na,na,na,gone,3.615,na,na,-1.607
5,2016-Sep,Second,OP,2016-09-05,14:00:00,14,2,L,9,2111,256,100,na,0,22,70,na,na,,2016-09-10,2111,13:30:00,13.5,24,na,34,42,y,,2016-11-17,n,2111,11:30:00,11.5,na,na,na,gone,2.410,na,na,-8.033
5,2016-Sep,Second,OP,2016-09-05,14:00:00,14,2,L,8,1853,527,50,na,0,10,33,na,na,,2016-09-10,1853,13:30:00,13.5,24,na,19.5,42,y,,2016-11-17,y,1853,11:30:00,11.5,529,15,na,,1.908,0.027,-0.133,-0.100
5,2016-Sep,Second,OP,2016-09-05,14:00:00,14,1,L,13,1985,335,75,na,0,10,25,na,na,,2016-09-10,1985,13:30:00,13.5,19,na,18,36.5,y,,2016-11-17,n,1985,11:30:00,11.5,na,na,na,gone,1.607,na,na,0.703
5,2016-Sep,Second,AM,2016-09-05,14:00:00,14,3,L,4.5,2504,504,110,na,L,25,78,na,na,,2016-09-10,2504,13:30:00,13.5,36,na,41.5,90,y,,2016-11-17,y,2504,11:30:00,11.5,525,16,na,gone,3.314,0.288,-0.294,-0.904
5,2016-Sep,Second,AM,2016-09-05,14:00:00,14,3,L,10.4,1998,413,112,na,0,30,90,na,na,,2016-09-10,1998,13:30:00,13.5,28,na,45.5,66.5,y,,2016-11-17,n,1998,11:30:00,11.5,na,na,na,gone,3.113,na,na,-7.833
5,2016-Sep,Second,AM,2016-09-05,14:00:00,14,3,R,17,1829,293,35,na,0,10,36,na,na,,2016-09-10,1829,13:30:00,13.5,15,na,na,na,y,,2016-11-17,n,1829,11:30:00,11.5,na,na,na,gone,na,na,na,na
5,2016-Sep,Second,AM,2016-09-05,14:00:00,14,2,R,13,1699,500,40,na,0,15,49,na,na,,2016-09-10,1699,13:30:00,13.5,29,na,23,54,y,,2016-11-17,n,1699,11:30:00,11.5,na,na,na,gone,1.607,na,na,-0.603
5,2016-Sep,Second,AM,2016-09-05,14:00:00,14,1,R,5,1958,300,57,na,0,15,57,na,na,,2016-09-10,1958,13:30:00,13.5,32,na,24,63,y,,2016-11-17,n,1958,11:30:00,11.5,na,na,na,gone,1.808,na,na,-0.603
5,2016-Sep,Second,AM,2016-09-05,14:00:00,14,1,R,6.1,1976,527,32,na,0,10,38,na,na,,2016-09-10,1976,13:30:00,13.5,16,na,15.5,44,y,,2016-11-17,n,1976,11:30:00,11.5,na,na,na,gone,1.105,na,na,0.100
5,2016-Sep,Second,AM,2016-09-05,14:00:00,14,1,R,10,1875,519,75,na,L,20,63,na,na,,2016-09-10,1875,13:30:00,13.5,32,na,24,71,y,,2016-11-17,y,1875,11:30:00,11.5,539,18,na,,0.803,0.274,-0.206,0.803
5,2016-Sep,Second,AM,2016-09-05,14:00:00,14,1,R,12.3,2097,603,143,na,L,40,113,na,na,,2016-09-10,2097,13:30:00,13.5,46,na,50,119,y,,2016-11-17,y,2097,11:30:00,11.5,617,18,na,,2.008,0.192,-0.412,-0.803
5,2016-Sep,North,AM,2016-09-05,15:30:00,15.5,3,L,16.6,1755,519,98,na,0,30,110,na,na,,2016-09-09,1755,15:30:00,15.5,28,na,47.5,121,y,,2016-11-12,y,1755,12:00:00,12,600,23,na,,4.375,1.194,-0.078,-1.625
5,2016-Sep,North,AM,2016-09-05,15:30:00,15.5,3,L,13.9,1685,359,108,na,0,30,100,na,na,,2016-09-09,1685,15:30:00,15.5,23,na,34,91.5,y,,2016-11-12,y,1685,12:00:00,12,643,12,na,,1.000,4.185,-0.172,-3.125
5,2016-Sep,North,AM,2016-09-05,15:30:00,15.5,3,L,7.4,1761,525,120,na,0,40,121,na,na,,2016-09-09,1761,15:30:00,15.5,22,na,58,133,y,,2016-11-12,n,1761,12:00:00,12,na,na,na,gone,4.500,na,na,-1.500
5,2016-Sep,North,AM,2016-09-05,15:30:00,15.5,2,L,10.8,2023,513,103,na,L,25,78,na,na,,2016-09-09,2023,15:30:00,15.5,22,na,32,84,y,,2016-11-12,n,2023,12:00:00,12,na,na,na,gone,1.750,na,na,-0.250
5,2016-Sep,North,AM,2016-09-05,15:30:00,15.5,2,L,6.2,1727,448,109,na,L,25,85,na,na,,2016-09-09,1727,15:30:00,15.5,35,na,34,93,y,,2016-11-12,y,1727,12:00:00,12,476,17,na,,2.250,0.413,-0.282,-0.250
5,2016-Sep,North,AM,2016-09-05,15:30:00,15.5,2,L,13.5,1807,597,117,na,0,40,121,na,na,,2016-09-09,1807,15:30:00,15.5,31,na,63,129,y,,2016-11-12,y,1807,12:00:00,12,702,29,na,,5.750,1.547,-0.031,-3.750
5,2016-Sep,North,AM,2016-09-05,15:30:00,15.5,1,L,7.2,2128,448,63,na,0,25,80,na,na,,2016-09-09,2128,15:30:00,15.5,14,na,33,83,y,,2016-11-12,n,2128,12:00:00,12,na,na,na,gone,2.000,na,na,-1.250
5,2016-Sep,North,AM,2016-09-05,15:30:00,15.5,1,L,12,1778,444,127,na,0,40,131,na,na,,2016-09-09,1778,15:30:00,15.5,27,na,85,140,y,,2016-11-12,y,1778,12:00:00,12,644,17,na,,11.250,2.947,-0.157,-9.000
5,2016-Sep,North,OP,2016-09-05,15:30:00,15.5,3,R,14.5,1710,554,115,na,0,30,110,na,na,,2016-09-09,1710,15:30:00,15.5,35,na,45,109.5,y,,2016-11-12,y,1710,12:00:00,12,na,na,na,too tangled,3.750,na,na,-3.875
5,2016-Sep,North,OP,2016-09-05,15:30:00,15.5,3,R,14.5,1973,335,75,na,0,20,68,na,na,,2016-09-09,1973,15:30:00,15.5,29,na,27.5,74,y,,2016-11-12,n,1973,12:00:00,12,na,na,na,gone,1.875,na,na,-0.375
5,2016-Sep,North,OP,2016-09-05,15:30:00,15.5,3,R,8,2501,442,80,na,0,22,68,na,na,,2016-09-09,2501,15:30:00,15.5,28,na,33,71,y,,2016-11-12,y,2501,12:00:00,12,523,17,na,,2.750,1.194,-0.172,-2.000
5,2016-Sep,North,OP,2016-09-05,15:30:00,15.5,3,R,1,2050,604,100,na,0,32,98,na,na,,2016-09-09,2050,15:30:00,15.5,20,na,50.5,114.5,y,,2016-11-12,n,2050,12:00:00,12,na,na,na,gone,4.625,na,na,-0.500
5,2016-Sep,North,OP,2016-09-05,15:30:00,15.5,2,R,2,2497,456,95,na,L,24,72,na,na,,2016-09-09,2497,15:30:00,15.5,27,na,32.5,76.4,y,,2016-11-12,n,2497,12:00:00,12,na,na,na,gone,2.125,na,na,-1.025
5,2016-Sep,North,OP,2016-09-05,15:30:00,15.5,2,R,2,2519,526,180,na,L,75,200,na,na,,2016-09-09,2519,15:30:00,15.5,39,na,102.5,204,y,,2016-11-12,n,2519,12:00:00,12,na,na,na,gone,6.875,na,na,-5.875
5,2016-Sep,North,OP,2016-09-05,15:30:00,15.5,1,R,8,1721,476,100,na,0,33,96,na,na,,2016-09-09,1721,15:30:00,15.5,28,na,48.5,106.5,y,,2016-11-12,n,1721,12:00:00,12,na,na,na,gone,3.875,na,na,-1.250
5,2016-Sep,North,KH,2016-09-09,na,na,1,na,na,na,354,120,na,0,na,na,na,na,,na,na,na,na,na,na,na,na,na,,na,na,na,na,na,na,na,na,,na,na,na,na
5,2016-Sep,North,KH,2016-09-09,na,na,1,na,na,na,355,80,na,L,na,na,na,na,,na,na,na,na,na,na,na,na,na,,na,na,na,na,na,na,na,na,,na,na,na,na
5,2016-Sep,North,KH,2016-09-09,na,na,1,na,na,na,447,77,na,L,na,na,na,na,,na,na,na,na,na,na,na,na,na,,na,na,na,na,na,na,na,na,,na,na,na,na
5,2016-Sep,North,KH,2016-09-09,na,na,1,na,na,na,400,90,na,L,na,na,na,na,,na,na,na,na,na,na,na,na,na,,na,na,na,na,na,na,na,na,,na,na,na,na
5,2016-Sep,North,KH,2016-09-09,na,na,1,na,na,na,450,120,na,L,na,na,na,na,,na,na,na,na,na,na,na,na,na,,na,na,na,na,na,na,na,na,,na,na,na,na
5,2016-Sep,North,KH,2016-09-09,na,na,1,na,na,na,528,79,na,0,na,na,na,na,,na,na,na,na,na,na,na,na,na,,na,na,na,na,na,na,na,na,,na,na,na,na
5,2016-Sep,North,KH,2016-09-09,na,na,1,na,na,na,530,130,na,L,na,na,na,na,,na,na,na,na,na,na,na,na,na,,na,na,na,na,na,na,na,na,,na,na,na,na
5,2016-Sep,North,KH,2016-09-09,na,na,1,na,na,na,533,95,na,0,na,na,na,na,,na,na,na,na,na,na,na,na,na,,na,na,na,na,na,na,na,na,,na,na,na,na
5,2016-Sep,North,KH,2016-09-09,na,na,1,na,na,na,500,140,na,0,na,na,na,na,,na,na,na,na,na,na,na,na,na,,na,na,na,na,na,na,na,na,,na,na,na,na
5,2016-Sep,North,KH,2016-09-09,na,na,1,na,na,na,627,115,na,0,na,na,na,na,,na,na,na,na,na,na,na,na,na,,na,na,na,na,na,na,na,na,,na,na,na,na
5,2016-Sep,North,KH,2016-09-09,na,na,2,na,na,na,481,100,na,0,na,na,na,na,,na,na,na,na,na,na,na,na,na,,na,na,na,na,na,na,na,na,,na,na,na,na
5,2016-Sep,North,KH,2016-09-09,na,na,2,na,na,na,455,74,na,L,na,na,na,na,,na,na,na,na,na,na,na,na,na,,na,na,na,na,na,na,na,na,,na,na,na,na
5,2016-Sep,North,KH,2016-09-09,na,na,2,na,na,na,543,120,na,L,na,na,na,na,,na,na,na,na,na,na,na,na,na,,na,na,na,na,na,na,na,na,,na,na,na,na
5,2016-Sep,North,KH,2016-09-09,na,na,2,na,na,na,388,50,na,0,na,na,na,na,,na,na,na,na,na,na,na,na,na,,na,na,na,na,na,na,na,na,,na,na,na,na
5,2016-Sep,North,KH,2016-09-09,na,na,2,na,na,na,516,90,na,L,na,na,na,na,,na,na,na,na,na,na,na,na,na,,na,na,na,na,na,na,na,na,,na,na,na,na
5,2016-Sep,North,KH,2016-09-09,na,na,2,na,na,na,405,90,na,0,na,na,na,na,,na,na,na,na,na,na,na,na,na,,na,na,na,na,na,na,na,na,,na,na,na,na
5,2016-Sep,North,KH,2016-09-09,na,na,2,na,na,na,497,53,na,0,na,na,na,na,,na,na,na,na,na,na,na,na,na,,na,na,na,na,na,na,na,na,,na,na,na,na
5,2016-Sep,North,KH,2016-09-09,na,na,2,na,na,na,431,110,na,L,na,na,na,na,,na,na,na,na,na,na,na,na,na,,na,na,na,na,na,na,na,na,,na,na,na,na
5,2016-Sep,North,KH,2016-09-09,na,na,2,na,na,na,617,107,na,L,na,na,na,na,,na,na,na,na,na,na,na,na,na,,na,na,na,na,na,na,na,na,,na,na,na,na
5,2016-Sep,North,KH,2016-09-09,na,na,2,na,na,na,686,114,na,0,na,na,na,na,,na,na,na,na,na,na,na,na,na,,na,na,na,na,na,na,na,na,,na,na,na,na
5,2016-Sep,North,KH,2016-09-09,na,na,2,na,na,na,561,75,na,L,na,na,na,na,,na,na,na,na,na,na,na,na,na,,na,na,na,na,na,na,na,na,,na,na,na,na
5,2016-Sep,North,KH,2016-09-09,na,na,2,na,na,na,495,84,na,0,na,na,na,na,,na,na,na,na,na,na,na,na,na,,na,na,na,na,na,na,na,na,,na,na,na,na
5,2016-Sep,North,KH,2016-09-09,na,na,2,na,na,na,837,64,na,0,na,na,na,na,,na,na,na,na,na,na,na,na,na,,na,na,na,na,na,na,na,na,,na,na,na,na
5,2016-Sep,North,KH,2016-09-09,na,na,2,na,na,na,530,135,na,0,na,na,na,na,,na,na,na,na,na,na,na,na,na,,na,na,na,na,na,na,na,na,,na,na,na,na
5,2016-Sep,North,KH,2016-09-09,na,na,2,na,na,na,490,90,na,0,na,na,na,na,,na,na,na,na,na,na,na,na,na,,na,na,na,na,na,na,na,na,,na,na,na,na
5,2016-Sep,North,KH,2016-09-09,na,na,3,na,na,na,569,58,na,0,na,na,na,na,,na,na,na,na,na,na,na,na,na,,na,na,na,na,na,na,na,na,,na,na,na,na
5,2016-Sep,North,KH,2016-09-09,na,na,3,na,na,na,462,40,na,0,na,na,na,na,,na,na,na,na,na,na,na,na,na,,na,na,na,na,na,na,na,na,,na,na,na,na
5,2016-Sep,North,KH,2016-09-09,na,na,3,na,na,na,375,28,na,0,na,na,na,na,,na,na,na,na,na,na,na,na,na,,na,na,na,na,na,na,na,na,,na,na,na,na
5,2016-Sep,North,KH,2016-09-09,na,na,3,na,na,na,330,95,na,0,na,na,na,na,,na,na,na,na,na,na,na,na,na,,na,na,na,na,na,na,na,na,,na,na,na,na
5,2016-Sep,North,KH,2016-09-09,na,na,3,na,na,na,617,130,na,0,na,na,na,na,,na,na,na,na,na,na,na,na,na,,na,na,na,na,na,na,na,na,,na,na,na,na
5,2016-Sep,North,KH,2016-09-09,na,na,3,na,na,na,558,100,na,0,na,na,na,na,,na,na,na,na,na,na,na,na,na,,na,na,na,na,na,na,na,na,,na,na,na,na
5,2016-Sep,North,KH,2016-09-09,na,na,3,na,na,na,514,87,na,0,na,na,na,na,,na,na,na,na,na,na,na,na,na,,na,na,na,na,na,na,na,na,,na,na,na,na
5,2016-Sep,North,KH,2016-09-09,na,na,3,na,na,na,456,120,na,0,na,na,na,na,,na,na,na,na,na,na,na,na,na,,na,na,na,na,na,na,na,na,,na,na,na,na
5,2016-Sep,North,KH,2016-09-09,na,na,3,na,na,na,580,55,na,L,na,na,na,na,,na,na,na,na,na,na,na,na,na,,na,na,na,na,na,na,na,na,,na,na,na,na
5,2016-Sep,North,KH,2016-09-09,na,na,3,na,na,na,600,45,na,0,na,na,na,na,,na,na,na,na,na,na,na,na,na,,na,na,na,na,na,na,na,na,,na,na,na,na
5,2016-Sep,North,KH,2016-09-09,na,na,3,na,na,na,515,98,na,0,na,na,na,na,,na,na,na,na,na,na,na,na,na,,na,na,na,na,na,na,na,na,,na,na,na,na
5,2016-Sep,North,KH,2016-09-09,na,na,3,na,na,na,620,92,na,0,na,na,na,na,,na,na,na,na,na,na,na,na,na,,na,na,na,na,na,na,na,na,,na,na,na,na
5,2016-Sep,North,KH,2016-09-09,na,na,3,na,na,na,457,73,na,0,na,na,na,na,,na,na,na,na,na,na,na,na,na,,na,na,na,na,na,na,na,na,,na,na,na,na
5,2016-Sep,North,KH,2016-09-09,na,na,3,na,na,na,472,32,na,0,na,na,na,na,,na,na,na,na,na,na,na,na,na,,na,na,na,na,na,na,na,na,,na,na,na,na
5,2016-Sep,North,KH,2016-09-09,na,na,3,na,na,na,575,90,na,0,na,na,na,na,,na,na,na,na,na,na,na,na,na,,na,na,na,na,na,na,na,na,,na,na,na,na
5,2016-Sep,Manley,KH,2016-09-10,na,na,1,na,na,na,230,80,na,0,na,na,na,na,,na,na,na,na,na,na,na,na,na,,na,na,na,na,na,na,na,na,,na,na,na,na
5,2016-Sep,Manley,KH,2016-09-10,na,na,1,na,na,na,276,48,na,0,na,na,na,na,,na,na,na,na,na,na,na,na,na,,na,na,na,na,na,na,na,na,,na,na,na,na
5,2016-Sep,Manley,KH,2016-09-10,na,na,1,na,na,na,287,22,na,0,na,na,na,na,,na,na,na,na,na,na,na,na,na,,na,na,na,na,na,na,na,na,,na,na,na,na
5,2016-Sep,Manley,KH,2016-09-10,na,na,1,na,na,na,153,32,na,0,na,na,na,na,,na,na,na,na,na,na,na,na,na,,na,na,na,na,na,na,na,na,,na,na,na,na
5,2016-Sep,Manley,KH,2016-09-10,na,na,1,na,na,na,262,61,na,0,na,na,na,na,,na,na,na,na,na,na,na,na,na,,na,na,na,na,na,na,na,na,,na,na,na,na
5,2016-Sep,Manley,KH,2016-09-10,na,na,1,na,na,na,143,37,na,0,na,na,na,na,,na,na,na,na,na,na,na,na,na,,na,na,na,na,na,na,na,na,,na,na,na,na
5,2016-Sep,Manley,KH,2016-09-10,na,na,1,na,na,na,195,71,na,0,na,na,na,na,,na,na,na,na,na,na,na,na,na,,na,na,na,na,na,na,na,na,,na,na,na,na
5,2016-Sep,Manley,KH,2016-09-10,na,na,1,na,na,na,225,27,na,0,na,na,na,na,,na,na,na,na,na,na,na,na,na,,na,na,na,na,na,na,na,na,,na,na,na,na
5,2016-Sep,Manley,KH,2016-09-10,na,na,1,na,na,na,319,64,na,0,na,na,na,na,,na,na,na,na,na,na,na,na,na,,na,na,na,na,na,na,na,na,,na,na,na,na
5,2016-Sep,Manley,KH,2016-09-10,na,na,1,na,na,na,317,8,na,0,na,na,na,na,,na,na,na,na,na,na,na,na,na,,na,na,na,na,na,na,na,na,,na,na,na,na
5,2016-Sep,Manley,KH,2016-09-10,na,na,1,na,na,na,192,30,na,0,na,na,na,na,,na,na,na,na,na,na,na,na,na,,na,na,na,na,na,na,na,na,,na,na,na,na
5,2016-Sep,Manley,KH,2016-09-10,na,na,1,na,na,na,190,48,na,0,na,na,na,na,,na,na,na,na,na,na,na,na,na,,na,na,na,na,na,na,na,na,,na,na,na,na
5,2016-Sep,Manley,KH,2016-09-10,na,na,2,na,na,na,108,14,na,0,na,na,na,na,,na,na,na,na,na,na,na,na,na,,na,na,na,na,na,na,na,na,,na,na,na,na
5,2016-Sep,Manley,KH,2016-09-10,na,na,2,na,na,na,265,40,na,0,na,na,na,na,,na,na,na,na,na,na,na,na,na,,na,na,na,na,na,na,na,na,,na,na,na,na
5,2016-Sep,Manley,KH,2016-09-10,na,na,2,na,na,na,114,14,na,0,na,na,na,na,,na,na,na,na,na,na,na,na,na,,na,na,na,na,na,na,na,na,,na,na,na,na
5,2016-Sep,Manley,KH,2016-09-10,na,na,2,na,na,na,170,42,na,0,na,na,na,na,,na,na,na,na,na,na,na,na,na,,na,na,na,na,na,na,na,na,,na,na,na,na
5,2016-Sep,Manley,KH,2016-09-10,na,na,2,na,na,na,264,65,na,0,na,na,na,na,,na,na,na,na,na,na,na,na,na,,na,na,na,na,na,na,na,na,,na,na,na,na
5,2016-Sep,Manley,KH,2016-09-10,na,na,2,na,na,na,315,40,na,0,na,na,na,na,,na,na,na,na,na,na,na,na,na,,na,na,na,na,na,na,na,na,,na,na,na,na
5,2016-Sep,Manley,KH,2016-09-10,na,na,2,na,na,na,371,23,na,0,na,na,na,na,,na,na,na,na,na,na,na,na,na,,na,na,na,na,na,na,na,na,,na,na,na,na
5,2016-Sep,Manley,KH,2016-09-10,na,na,2,na,na,na,263,84,na,0,na,na,na,na,,na,na,na,na,na,na,na,na,na,,na,na,na,na,na,na,na,na,,na,na,na,na
5,2016-Sep,Manley,KH,2016-09-10,na,na,2,na,na,na,323,76,na,L,na,na,na,na,,na,na,na,na,na,na,na,na,na,,na,na,na,na,na,na,na,na,,na,na,na,na
5,2016-Sep,Manley,KH,2016-09-10,na,na,2,na,na,na,277,60,na,0,na,na,na,na,,na,na,na,na,na,na,na,na,na,,na,na,na,na,na,na,na,na,,na,na,na,na
5,2016-Sep,Manley,KH,2016-09-10,na,na,2,na,na,na,200,42,na,0,na,na,na,na,,na,na,na,na,na,na,na,na,na,,na,na,na,na,na,na,na,na,,na,na,na,na
5,2016-Sep,Manley,KH,2016-09-10,na,na,2,na,na,na,281,75,na,0,na,na,na,na,,na,na,na,na,na,na,na,na,na,,na,na,na,na,na,na,na,na,,na,na,na,na
5,2016-Sep,Manley,KH,2016-09-10,na,na,2,na,na,na,177,44,na,0,na,na,na,na,,na,na,na,na,na,na,na,na,na,,na,na,na,na,na,na,na,na,,na,na,na,na
5,2016-Sep,Manley,KH,2016-09-10,na,na,3,na,na,na,131,62,na,0,na,na,na,na,,na,na,na,na,na,na,na,na,na,,na,na,na,na,na,na,na,na,,na,na,na,na
5,2016-Sep,Manley,KH,2016-09-10,na,na,3,na,na,na,230,26,na,0,na,na,na,na,,na,na,na,na,na,na,na,na,na,,na,na,na,na,na,na,na,na,,na,na,na,na
5,2016-Sep,Manley,KH,2016-09-10,na,na,3,na,na,na,170,0,na,na,na,na,na,na,no blades,na,na,na,na,na,na,na,na,na,,na,na,na,na,na,na,na,na,,na,na,na,na
5,2016-Sep,Manley,KH,2016-09-10,na,na,3,na,na,na,317,6,na,0,na,na,na,na,,na,na,na,na,na,na,na,na,na,,na,na,na,na,na,na,na,na,,na,na,na,na
5,2016-Sep,Manley,KH,2016-09-10,na,na,3,na,na,na,229,39,na,0,na,na,na,na,,na,na,na,na,na,na,na,na,na,,na,na,na,na,na,na,na,na,,na,na,na,na
5,2016-Sep,Manley,KH,2016-09-10,na,na,3,na,na,na,184,44,na,0,na,na,na,na,,na,na,na,na,na,na,na,na,na,,na,na,na,na,na,na,na,na,,na,na,na,na
5,2016-Sep,Manley,KH,2016-09-10,na,na,3,na,na,na,331,56,na,0,na,na,na,na,,na,na,na,na,na,na,na,na,na,,na,na,na,na,na,na,na,na,,na,na,na,na
5,2016-Sep,Manley,KH,2016-09-10,na,na,3,na,na,na,244,55,na,0,na,na,na,na,,na,na,na,na,na,na,na,na,na,,na,na,na,na,na,na,na,na,,na,na,na,na
5,2016-Sep,Manley,KH,2016-09-10,na,na,3,na,na,na,245,70,na,H,na,na,na,na,,na,na,na,na,na,na,na,na,na,,na,na,na,na,na,na,na,na,,na,na,na,na
5,2016-Sep,Manley,KH,2016-09-10,na,na,3,na,na,na,217,62,na,L,na,na,na,na,,na,na,na,na,na,na,na,na,na,,na,na,na,na,na,na,na,na,,na,na,na,na
5,2016-Sep,Manley,KH,2016-09-10,na,na,3,na,na,na,306,68,na,0,na,na,na,na,,na,na,na,na,na,na,na,na,na,,na,na,na,na,na,na,na,na,,na,na,na,na
5,2016-Sep,Second,KH,2016-09-10,na,na,1,na,na,na,297,104,na,0,na,na,na,na,,na,na,na,na,na,na,na,na,na,,na,na,na,na,na,na,na,na,,na,na,na,na
5,2016-Sep,Second,KH,2016-09-10,na,na,1,na,na,na,460,80,na,0,na,na,na,na,,na,na,na,na,na,na,na,na,na,,na,na,na,na,na,na,na,na,,na,na,na,na
5,2016-Sep,Second,KH,2016-09-10,na,na,1,na,na,na,541,50,na,0,na,na,na,na,,na,na,na,na,na,na,na,na,na,,na,na,na,na,na,na,na,na,,na,na,na,na
5,2016-Sep,Second,KH,2016-09-10,na,na,1,na,na,na,290,51,na,0,na,na,na,na,,na,na,na,na,na,na,na,na,na,,na,na,na,na,na,na,na,na,,na,na,na,na
5,2016-Sep,Second,KH,2016-09-10,na,na,1,na,na,na,192,41,na,0,na,na,na,na,,na,na,na,na,na,na,na,na,na,,na,na,na,na,na,na,na,na,,na,na,na,na
5,2016-Sep,Second,KH,2016-09-10,na,na,1,na,na,na,413,77,na,0,na,na,na,na,,na,na,na,na,na,na,na,na,na,,na,na,na,na,na,na,na,na,,na,na,na,na
5,2016-Sep,Second,KH,2016-09-10,na,na,1,na,na,na,505,36,na,0,na,na,na,na,,na,na,na,na,na,na,na,na,na,,na,na,na,na,na,na,na,na,,na,na,na,na
5,2016-Sep,Second,KH,2016-09-10,na,na,1,na,na,na,370,91,na,0,na,na,na,na,,na,na,na,na,na,na,na,na,na,,na,na,na,na,na,na,na,na,,na,na,na,na
5,2016-Sep,Second,KH,2016-09-10,na,na,1,na,na,na,461,84,na,0,na,na,na,na,,na,na,na,na,na,na,na,na,na,,na,na,na,na,na,na,na,na,,na,na,na,na
5,2016-Sep,Second,KH,2016-09-10,na,na,1,na,na,na,394,85,na,0,na,na,na,na,,na,na,na,na,na,na,na,na,na,,na,na,na,na,na,na,na,na,,na,na,na,na
5,2016-Sep,Second,KH,2016-09-10,na,na,1,na,na,na,599,68,na,0,na,na,na,na,,na,na,na,na,na,na,na,na,na,,na,na,na,na,na,na,na,na,,na,na,na,na
5,2016-Sep,Second,KH,2016-09-10,na,na,1,na,na,na,291,49,na,0,na,na,na,na,,na,na,na,na,na,na,na,na,na,,na,na,na,na,na,na,na,na,,na,na,na,na
5,2016-Sep,Second,KH,2016-09-10,na,na,1,na,na,na,307,28,na,0,na,na,na,na,,na,na,na,na,na,na,na,na,na,,na,na,na,na,na,na,na,na,,na,na,na,na
5,2016-Sep,Second,KH,2016-09-10,na,na,2,na,na,na,365,64,na,0,na,na,na,na,,na,na,na,na,na,na,na,na,na,,na,na,na,na,na,na,na,na,,na,na,na,na
5,2016-Sep,Second,KH,2016-09-10,na,na,2,na,na,na,518,52,na,L,na,na,na,na,,na,na,na,na,na,na,na,na,na,,na,na,na,na,na,na,na,na,,na,na,na,na
5,2016-Sep,Second,KH,2016-09-10,na,na,2,na,na,na,477,444,na,0,na,na,na,na,,na,na,na,na,na,na,na,na,na,,na,na,na,na,na,na,na,na,,na,na,na,na
5,2016-Sep,Second,KH,2016-09-10,na,na,2,na,na,na,570,91,na,H,na,na,na,na,,na,na,na,na,na,na,na,na,na,,na,na,na,na,na,na,na,na,,na,na,na,na
5,2016-Sep,Second,KH,2016-09-10,na,na,2,na,na,na,691,100,na,H,na,na,na,na,,na,na,na,na,na,na,na,na,na,,na,na,na,na,na,na,na,na,,na,na,na,na
5,2016-Sep,Second,KH,2016-09-10,na,na,2,na,na,na,577,88,na,0,na,na,na,na,,na,na,na,na,na,na,na,na,na,,na,na,na,na,na,na,na,na,,na,na,na,na
5,2016-Sep,Second,KH,2016-09-10,na,na,2,na,na,na,414,65,na,0,na,na,na,na,,na,na,na,na,na,na,na,na,na,,na,na,na,na,na,na,na,na,,na,na,na,na
5,2016-Sep,Second,KH,2016-09-10,na,na,3,na,na,na,372,38,na,0,na,na,na,na,,na,na,na,na,na,na,na,na,na,,na,na,na,na,na,na,na,na,,na,na,na,na
5,2016-Sep,Second,KH,2016-09-10,na,na,3,na,na,na,421,125,na,L,na,na,na,na,,na,na,na,na,na,na,na,na,na,,na,na,na,na,na,na,na,na,,na,na,na,na
5,2016-Sep,Second,KH,2016-09-10,na,na,3,na,na,na,324,71,na,0,na,na,na,na,,na,na,na,na,na,na,na,na,na,,na,na,na,na,na,na,na,na,,na,na,na,na
5,2016-Sep,Second,KH,2016-09-10,na,na,3,na,na,na,515,112,na,L,na,na,na,na,,na,na,na,na,na,na,na,na,na,,na,na,na,na,na,na,na,na,,na,na,na,na
5,2016-Sep,Second,KH,2016-09-10,na,na,3,na,na,na,442,72,na,0,na,na,na,na,,na,na,na,na,na,na,na,na,na,,na,na,na,na,na,na,na,na,,na,na,na,na
5,2016-Sep,Second,KH,2016-09-10,na,na,3,na,na,na,472,81,na,0,na,na,na,na,,na,na,na,na,na,na,na,na,na,,na,na,na,na,na,na,na,na,,na,na,na,na
5,2016-Sep,Second,KH,2016-09-10,na,na,3,na,na,na,472,116,na,0,na,na,na,na,,na,na,na,na,na,na,na,na,na,,na,na,na,na,na,na,na,na,,na,na,na,na
5,2016-Sep,Second,KH,2016-09-10,na,na,3,na,na,na,291,51,na,0,na,na,na,na,,na,na,na,na,na,na,na,na,na,,na,na,na,na,na,na,na,na,,na,na,na,na
5,2016-Sep,Second,KH,2016-09-10,na,na,3,na,na,na,375,0,na,na,na,na,na,na,no blades,na,na,na,na,na,na,na,na,na,,na,na,na,na,na,na,na,na,,na,na,na,na
5,2016-Sep,Second,KH,2016-09-10,na,na,3,na,na,na,468,12,na,L,na,na,na,na,,na,na,na,na,na,na,na,na,na,,na,na,na,na,na,na,na,na,,na,na,na,na
5,2016-Sep,Second,KH,2016-09-10,na,na,3,na,na,na,453,94,na,0,na,na,na,na,,na,na,na,na,na,na,na,na,na,,na,na,na,na,na,na,na,na,,na,na,na,na
5,2016-Sep,Second,KH,2016-09-10,na,na,3,na,na,na,399,100,na,0,na,na,na,na,,na,na,na,na,na,na,na,na,na,,na,na,na,na,na,na,na,na,,na,na,na,na
5,2016-Sep,Second,KH,2016-09-10,na,na,3,na,na,na,452,80,na,0,na,na,na,na,,na,na,na,na,na,na,na,na,na,,na,na,na,na,na,na,na,na,,na,na,na,na
6,2016-Nov,North,OP,2016-11-12,12:00:00,12,3,R,2,2484,479,56,na,H,6,35,na,na,,2016-11-18,2484,14:30:00,14.5,10,na,7.5,31,y,,2017-04-11,n,2484,10:00:00,10,na,na,na,gone,0.246,na,na,-0.901
6,2016-Nov,North,OP,2016-11-12,12:00:00,12,3,R,4.5,1745,576,160,na,H,42,126,na,na,,2016-11-18,1745,14:30:00,14.5,27,na,56.5,134,y,,2017-04-11,n,1745,10:00:00,10,na,na,na,gone,2.375,na,na,-1.065
6,2016-Nov,North,OP,2016-11-12,12:00:00,12,3,R,10,1681,595,160,na,H,43,131,na,na,,2016-11-18,1681,14:30:00,14.5,31,na,54,142.5,y,,2017-04-11,y,1681,10:00:00,10,na,29,na,super tangled,1.802,na,-0.014,0.082
6,2016-Nov,North,OP,2016-11-12,12:00:00,12,2,R,20,1756,767,170,na,H,33,111,na,na,,2016-11-18,1756,14:30:00,14.5,30,na,52.5,132.5,y,,2017-04-11,y,1756,10:00:00,10,na,6,na,super tangled,3.195,na,-0.167,0.328
6,2016-Nov,North,OP,2016-11-12,12:00:00,12,2,R,11.5,2002,486,55,na,H,22,64,na,na,,2016-11-18,2002,14:30:00,14.5,33,na,26.5,62.5,y,,2017-04-11,n,2002,10:00:00,10,na,na,na,gone,0.737,na,na,-0.983
6,2016-Nov,North,OP,2016-11-12,12:00:00,12,1,R,8,2104,489,170,na,H,31,93,na,na,,2016-11-18,2104,14:30:00,14.5,22,na,na,na,y,,2017-04-11,n,2104,10:00:00,10,na,na,na,gone,na,na,na,na
6,2016-Nov,North,OP,2016-11-12,12:00:00,12,1,R,7.5,1933,424,125,na,H,28,115,na,na,,2016-11-18,1933,14:30:00,14.5,35,na,41,124,y,,2017-04-11,n,1933,10:00:00,10,na,na,na,gone,2.130,na,na,-0.655
6,2016-Nov,North,OP,2016-11-12,12:00:00,12,2,R,5.5,1948,376,110,na,H,14,56,na,na,,2016-11-18,1948,14:30:00,14.5,13,na,na,na,y,,2017-04-11,n,1948,10:00:00,10,na,na,na,gone,na,na,na,na
6,2016-Nov,North,AM,2016-11-12,12:00:00,12,1,L,3,1945,567,82,na,L,30,87,na,na,,2016-11-18,1945,14:30:00,14.5,21,na,38,78,y,,2017-04-11,n,1945,10:00:00,10,na,na,na,gone,1.311,na,na,-2.785
6,2016-Nov,North,AM,2016-11-12,12:00:00,12,1,L,12,1778.1,644,145,na,L,30,95,na,na,,2016-11-18,1778.1,14:30:00,14.5,16,na,na,na,y,,2017-04-11,n,1778.1,10:00:00,10,na,na,na,gone,na,na,na,na
6,2016-Nov,North,AM,2016-11-12,12:00:00,12,2,L,6.2,1727.1,476,120,na,L,30,110,na,na,,2016-11-18,1727.1,14:30:00,14.5,17,na,na,na,y,,2017-04-11,n,1727.1,10:00:00,10,na,na,na,gone,na,na,na,na
6,2016-Nov,North,AM,2016-11-12,12:00:00,12,2,L,10.5,1943,595,170,na,L,60,171,na,na,,2016-11-18,1943,14:30:00,14.5,21,na,79.5,135,y,,2017-04-11,n,1943,10:00:00,10,na,na,na,gone,3.195,na,na,-9.092
6,2016-Nov,North,AM,2016-11-12,12:00:00,12,2,L,13.5,1807.1,702,120,na,L,30,106,na,na,,2016-11-18,1807.1,14:30:00,14.5,29,na,40,126,y,,2017-04-11,n,1807.1,10:00:00,10,na,na,na,gone,1.638,na,na,1.638
6,2016-Nov,North,AM,2016-11-12,12:00:00,12,3,L,7.6,2488,559,160,na,L,60,171,na,na,,2016-11-18,2488,14:30:00,14.5,21,na,76,205,y,,2017-04-11,n,2488,10:00:00,10,na,na,na,gone,2.621,na,na,2.949
6,2016-Nov,North,AM,2016-11-12,12:00:00,12,3,L,13.9,1685.1,643,75,na,0,25,72,na,na,,2016-11-18,1685.1,14:30:00,14.5,12,na,28,78.5,y,,2017-04-11,n,1685.1,10:00:00,10,na,na,na,gone,0.491,na,na,0.573
6,2016-Nov,North,AM,2016-11-12,12:00:00,12,3,L,7,1989,644,114,na,L,30,103,na,na,,2016-11-18,1989,14:30:00,14.5,30,na,35.5,116,y,,2017-04-11,n,1989,10:00:00,10,na,na,na,gone,0.901,na,na,1.229
6,2016-Nov,Second,AM,2016-11-17,11:30:00,11.5,1,L,7,1683,591,45,na,L,20,83,na,na,,2016-11-20,1683,14:00:00,14,16,na,20,81.5,y,,2017-04-08,n,1683,14:00:00,14,na,na,na,gone,0.000,na,na,-0.483
6,2016-Nov,Second,AM,2016-11-17,11:30:00,11.5,1,L,6.7,2494,498,145,na,L,50,155,na,na,,2016-11-20,2494,14:00:00,14,34,na,52,145.5,y,,2017-04-08,n,2494,14:00:00,14,na,na,na,gone,0.644,na,na,-3.705
6,2016-Nov,Second,AM,2016-11-17,11:30:00,11.5,2,L,14,4801,663,150,na,L,60,186,na,na,,2016-11-20,4801,14:00:00,14,39,na,80.5,187,y,,2017-04-08,n,4801,14:00:00,14,na,na,na,gone,6.604,na,na,-6.282
6,2016-Nov,Second,AM,2016-11-17,11:30:00,11.5,2,L,16,1814,739,200,na,L,50,158,na,na,,2016-11-20,1814,14:00:00,14,38,na,56,177,y,,2017-04-08,n,1814,14:00:00,14,na,na,na,gone,1.933,na,na,4.188
6,2016-Nov,Second,AM,2016-11-17,11:30:00,11.5,3,L,2.5,2120,368,54,na,L,15,50,na,na,,2016-11-20,2120,14:00:00,14,13,na,18,55,y,,2017-04-08,n,2120,14:00:00,14,na,na,na,gone,0.966,na,na,0.644
6,2016-Nov,Second,AM,2016-11-17,11:30:00,11.5,3,L,3.5,1704,362,120,na,L,25,73,na,na,,2016-11-20,1704,14:00:00,14,21,na,27,72,y,,2017-04-08,n,1704,14:00:00,14,na,na,na,gone,0.644,na,na,-0.966
6,2016-Nov,Second,AM,2016-11-17,11:30:00,11.5,3,L,16.8,1997,556,120,na,L,40,119,na,na,,2016-11-20,1997,14:00:00,14,34,na,51,122,y,,2017-04-08,n,1997,14:00:00,14,na,na,na,gone,3.544,na,na,-2.577
6,2016-Nov,Second,OP,2016-11-17,11:30:00,11.5,1,R,7,2110,662,170,na,L,32,94,na,na,,2016-11-20,2110,14:00:00,14,28,na,38,102,y,,2017-04-08,n,2110,14:00:00,14,na,na,na,gone,1.933,na,na,0.644
6,2016-Nov,Second,OP,2016-11-17,11:30:00,11.5,1,R,17,1718,594,170,na,L,55,210,na,na,,2016-11-20,1718,14:00:00,14,12,na,71,216,y,,2017-04-08,n,1718,14:00:00,14,na,na,na,gone,5.154,na,na,-3.221
6,2016-Nov,Second,OP,2016-11-17,11:30:00,11.5,1,R,10,1729,568,105,na,0,43,122,na,na,,2016-11-20,1729,14:00:00,14,21,na,43,119,y,,2017-04-08,n,1729,14:00:00,14,na,na,na,gone,0.000,na,na,-0.966
6,2016-Nov,Second,OP,2016-11-17,11:30:00,11.5,1,R,12,1816,692,70,na,L,24,80,na,na,,2016-11-20,1816,14:00:00,14,30,na,24,82.5,y,,2017-04-08,n,1816,14:00:00,14,na,na,na,gone,0.000,na,na,0.805
6,2016-Nov,Second,OP,2016-11-17,11:30:00,11.5,3,R,13,1712,636,210,na,L,81,216,na,na,,2016-11-20,1712,14:00:00,14,33,na,95.5,199,y,,2017-04-08,n,1712,14:00:00,14,na,na,na,gone,4.671,na,na,-10.148
6,2016-Nov,Second,OP,2016-11-17,11:30:00,11.5,3,R,13.1,1759,470,160,na,L,47,153,na,na,,2016-11-20,1759,14:00:00,14,29,na,55,165,y,,2017-04-08,n,1759,14:00:00,14,na,na,na,gone,2.577,na,na,1.289
6,2016-Nov,Second,OP,2016-11-17,11:30:00,11.5,3,R,3.5,1876,514,140,na,L,39,131,na,na,,2016-11-20,1876,14:00:00,14,35,na,45,137,y,,2017-04-08,n,1876,14:00:00,14,na,na,na,gone,1.933,na,na,0.000
6,2016-Nov,Second,OP,2016-11-17,11:30:00,11.5,3,R,9,1811,440,150,na,L,42,131,na,na,,2016-11-20,1811,14:00:00,14,42,na,na,na,y,error in measurements,2017-04-08,n,1811,14:00:00,14,na,na,na,gone,na,na,na,na
6,2016-Nov,North,OP,2016-11-17,11:00:00,11,1,na,na,na,498,55,na,H,na,na,na,na,,na,na,na,na,na,na,na,na,na,,na,na,na,na,na,na,na,na,,na,na,na,na
6,2016-Nov,North,OP,2016-11-17,11:00:00,11,1,na,na,na,521,150,na,L,na,na,na,na,,na,na,na,na,na,na,na,na,na,,na,na,na,na,na,na,na,na,,na,na,na,na
6,2016-Nov,North,OP,2016-11-17,11:00:00,11,1,na,na,na,555,90,na,L,na,na,na,na,,na,na,na,na,na,na,na,na,na,,na,na,na,na,na,na,na,na,,na,na,na,na
6,2016-Nov,North,OP,2016-11-17,11:00:00,11,1,na,na,na,427,100,na,L,na,na,na,na,,na,na,na,na,na,na,na,na,na,,na,na,na,na,na,na,na,na,,na,na,na,na
6,2016-Nov,North,OP,2016-11-17,11:00:00,11,1,na,na,na,648,90,na,L,na,na,na,na,,na,na,na,na,na,na,na,na,na,,na,na,na,na,na,na,na,na,,na,na,na,na
6,2016-Nov,North,OP,2016-11-17,11:00:00,11,1,na,na,na,649,100,na,L,na,na,na,na,,na,na,na,na,na,na,na,na,na,,na,na,na,na,na,na,na,na,,na,na,na,na
6,2016-Nov,North,OP,2016-11-17,11:00:00,11,1,na,na,na,596,150,na,L,na,na,na,na,,na,na,na,na,na,na,na,na,na,,na,na,na,na,na,na,na,na,,na,na,na,na
6,2016-Nov,North,OP,2016-11-17,11:00:00,11,2,na,na,na,470,0,na,na,na,na,na,na,no blades,na,na,na,na,na,na,na,na,na,,na,na,na,na,na,na,na,na,,na,na,na,na
6,2016-Nov,North,OP,2016-11-17,11:00:00,11,2,na,na,na,595,200,na,L,na,na,na,na,,na,na,na,na,na,na,na,na,na,,na,na,na,na,na,na,na,na,,na,na,na,na
6,2016-Nov,North,OP,2016-11-17,11:00:00,11,2,na,na,na,664,150,na,L,na,na,na,na,,na,na,na,na,na,na,na,na,na,,na,na,na,na,na,na,na,na,,na,na,na,na
6,2016-Nov,North,OP,2016-11-17,11:00:00,11,2,na,na,na,700,90,na,L,na,na,na,na,,na,na,na,na,na,na,na,na,na,,na,na,na,na,na,na,na,na,,na,na,na,na
6,2016-Nov,North,OP,2016-11-17,11:00:00,11,2,na,na,na,700,60,na,H,na,na,na,na,,na,na,na,na,na,na,na,na,na,,na,na,na,na,na,na,na,na,,na,na,na,na
6,2016-Nov,North,OP,2016-11-17,11:00:00,11,2,na,na,na,570,80,na,H,na,na,na,na,,na,na,na,na,na,na,na,na,na,,na,na,na,na,na,na,na,na,,na,na,na,na
6,2016-Nov,North,OP,2016-11-17,11:00:00,11,2,na,na,na,718,140,na,L,na,na,na,na,,na,na,na,na,na,na,na,na,na,,na,na,na,na,na,na,na,na,,na,na,na,na
6,2016-Nov,North,OP,2016-11-17,11:00:00,11,2,na,na,na,519,150,na,H,na,na,na,na,,na,na,na,na,na,na,na,na,na,,na,na,na,na,na,na,na,na,,na,na,na,na
6,2016-Nov,North,OP,2016-11-17,11:00:00,11,3,na,na,na,530,120,na,L,na,na,na,na,,na,na,na,na,na,na,na,na,na,,na,na,na,na,na,na,na,na,,na,na,na,na
6,2016-Nov,North,OP,2016-11-17,11:00:00,11,3,na,na,na,485,150,na,L,na,na,na,na,,na,na,na,na,na,na,na,na,na,,na,na,na,na,na,na,na,na,,na,na,na,na
6,2016-Nov,North,OP,2016-11-17,11:00:00,11,3,na,na,na,648,113,na,L,na,na,na,na,,na,na,na,na,na,na,na,na,na,,na,na,na,na,na,na,na,na,,na,na,na,na
6,2016-Nov,North,OP,2016-11-17,11:00:00,11,3,na,na,na,512,100,na,L,na,na,na,na,,na,na,na,na,na,na,na,na,na,,na,na,na,na,na,na,na,na,,na,na,na,na
6,2016-Nov,North,OP,2016-11-17,11:00:00,11,3,na,na,na,682,65,na,L,na,na,na,na,,na,na,na,na,na,na,na,na,na,,na,na,na,na,na,na,na,na,,na,na,na,na
6,2016-Nov,North,OP,2016-11-17,11:00:00,11,3,na,na,na,578,160,na,L,na,na,na,na,,na,na,na,na,na,na,na,na,na,,na,na,na,na,na,na,na,na,,na,na,na,na
6,2016-Nov,North,OP,2016-11-17,11:00:00,11,3,na,na,na,522,130,na,L,na,na,na,na,,na,na,na,na,na,na,na,na,na,,na,na,na,na,na,na,na,na,,na,na,na,na
6,2016-Nov,North,OP,2016-11-17,11:00:00,11,3,na,na,na,623,120,na,L,na,na,na,na,,na,na,na,na,na,na,na,na,na,,na,na,na,na,na,na,na,na,,na,na,na,na
6,2016-Nov,North,OP,2016-11-17,11:00:00,11,3,na,na,na,612,170,na,H,na,na,na,na,,na,na,na,na,na,na,na,na,na,,na,na,na,na,na,na,na,na,,na,na,na,na
6,2016-Nov,North,OP,2016-11-17,11:00:00,11,3,na,na,na,652,150,na,H,na,na,na,na,,na,na,na,na,na,na,na,na,na,,na,na,na,na,na,na,na,na,,na,na,na,na
6,2016-Nov,North,OP,2016-11-17,11:00:00,11,3,na,na,na,442,170,na,L,na,na,na,na,,na,na,na,na,na,na,na,na,na,,na,na,na,na,na,na,na,na,,na,na,na,na
6,2016-Nov,North,OP,2016-11-17,11:00:00,11,3,na,na,na,561,170,na,L,na,na,na,na,,na,na,na,na,na,na,na,na,na,,na,na,na,na,na,na,na,na,,na,na,na,na
6,2016-Nov,North,OP,2016-11-17,11:00:00,11,3,na,na,na,608,100,na,H,na,na,na,na,,na,na,na,na,na,na,na,na,na,,na,na,na,na,na,na,na,na,,na,na,na,na
6,2016-Nov,North,OP,2016-11-17,11:00:00,11,3,na,na,na,670,90,na,0,na,na,na,na,,na,na,na,na,na,na,na,na,na,,na,na,na,na,na,na,na,na,,na,na,na,na
6,2016-Nov,Manley,OP,2016-11-18,11:00:00,11,3,na,na,na,400,110,na,0,na,na,na,na,,na,na,na,na,na,na,na,na,na,,na,na,na,na,na,na,na,na,,na,na,na,na
6,2016-Nov,Manley,OP,2016-11-18,11:00:00,11,3,na,na,na,493,130,na,L,na,na,na,na,,na,na,na,na,na,na,na,na,na,,na,na,na,na,na,na,na,na,,na,na,na,na
6,2016-Nov,Second,OP,2016-11-20,14:00:00,14,3,na,na,na,472,150,na,L,na,na,na,na,,na,na,na,na,na,na,na,na,na,,na,na,na,na,na,na,na,na,,na,na,na,na
6,2016-Nov,Second,OP,2016-11-20,14:00:00,14,3,na,na,na,541,80,na,L,na,na,na,na,,na,na,na,na,na,na,na,na,na,,na,na,na,na,na,na,na,na,,na,na,na,na
6,2016-Nov,Second,OP,2016-11-20,14:00:00,14,3,na,na,na,519,175,na,L,na,na,na,na,,na,na,na,na,na,na,na,na,na,,na,na,na,na,na,na,na,na,,na,na,na,na
6,2016-Nov,Second,OP,2016-11-20,14:00:00,14,3,na,na,na,579,125,na,L,na,na,na,na,,na,na,na,na,na,na,na,na,na,,na,na,na,na,na,na,na,na,,na,na,na,na
6,2016-Nov,Second,OP,2016-11-20,14:00:00,14,3,na,na,na,474,115,na,L,na,na,na,na,,na,na,na,na,na,na,na,na,na,,na,na,na,na,na,na,na,na,,na,na,na,na
6,2016-Nov,Second,OP,2016-11-20,14:00:00,14,3,na,na,na,365,45,na,L,na,na,na,na,,na,na,na,na,na,na,na,na,na,,na,na,na,na,na,na,na,na,,na,na,na,na
6,2016-Nov,Second,OP,2016-11-20,14:00:00,14,3,na,na,na,424,80,na,L,na,na,na,na,,na,na,na,na,na,na,na,na,na,,na,na,na,na,na,na,na,na,,na,na,na,na
6,2016-Nov,Second,OP,2016-11-20,14:00:00,14,3,na,na,na,424,75,na,L,na,na,na,na,,na,na,na,na,na,na,na,na,na,,na,na,na,na,na,na,na,na,,na,na,na,na
6,2016-Nov,Second,OP,2016-11-20,14:00:00,14,3,na,na,na,453,20,na,L,na,na,na,na,,na,na,na,na,na,na,na,na,na,,na,na,na,na,na,na,na,na,,na,na,na,na
6,2016-Nov,Second,OP,2016-11-20,14:00:00,14,3,na,na,na,526,100,na,L,na,na,na,na,,na,na,na,na,na,na,na,na,na,,na,na,na,na,na,na,na,na,,na,na,na,na
6,2016-Nov,Second,OP,2016-11-20,14:00:00,14,2,na,na,na,544,120,na,L,na,na,na,na,,na,na,na,na,na,na,na,na,na,,na,na,na,na,na,na,na,na,,na,na,na,na
6,2016-Nov,Second,OP,2016-11-20,14:00:00,14,1,na,na,na,542,40,na,L,na,na,na,na,,na,na,na,na,na,na,na,na,na,,na,na,na,na,na,na,na,na,,na,na,na,na
6,2016-Nov,Second,OP,2016-11-20,14:00:00,14,1,na,na,na,617,50,na,L,na,na,na,na,,na,na,na,na,na,na,na,na,na,,na,na,na,na,na,na,na,na,,na,na,na,na
7,2017-Apr,Second,OP,2017-04-08,14:00:00,14,1,na,na,na,na,na,na,na,na,na,na,na,no plant >1m,na,na,na,na,na,na,na,na,na,,na,na,na,na,na,na,na,na,,na,na,na,na
7,2017-Apr,Second,OP,2017-04-08,14:00:00,14,2,na,na,na,na,na,na,na,na,na,na,na,no plant >1m,na,na,na,na,na,na,na,na,na,,na,na,na,na,na,na,na,na,,na,na,na,na
7,2017-Apr,Second,OP,2017-04-08,14:00:00,14,3,na,na,na,na,na,na,na,na,na,na,na,no plant >1m,na,na,na,na,na,na,na,na,na,,na,na,na,na,na,na,na,na,,na,na,na,na
7,2017-Apr,Manley,OP,2017-04-09,14:00:00,14,1,na,na,na,112,100,na,0,na,na,na,na,,na,na,na,na,na,na,na,na,na,,na,na,na,na,na,na,na,na,,na,na,na,na
7,2017-Apr,Manley,OP,2017-04-09,14:00:00,14,1,na,na,na,124,65,na,0,na,na,na,na,,na,na,na,na,na,na,na,na,na,,na,na,na,na,na,na,na,na,,na,na,na,na
7,2017-Apr,Manley,OP,2017-04-09,14:00:00,14,1,na,na,na,130,60,na,0,na,na,na,na,,na,na,na,na,na,na,na,na,na,,na,na,na,na,na,na,na,na,,na,na,na,na
7,2017-Apr,Manley,OP,2017-04-09,14:00:00,14,2,na,na,na,296,150,na,0,na,na,na,na,,na,na,na,na,na,na,na,na,na,,na,na,na,na,na,na,na,na,,na,na,na,na
7,2017-Apr,Manley,OP,2017-04-09,14:00:00,14,3,na,na,na,89,72,na,0,na,na,na,na,,na,na,na,na,na,na,na,na,na,,na,na,na,na,na,na,na,na,,na,na,na,na
7,2017-Apr,North,OP,2017-04-11,10:00:00,10,3,na,na,na,355,225,na,0,na,na,na,na,,na,na,na,na,na,na,na,na,na,,na,na,na,na,na,na,na,na,,na,na,na,na
7,2017-Apr,North,OP,2017-04-11,10:00:00,10,3,na,na,na,314,150,na,0,na,na,na,na,,na,na,na,na,na,na,na,na,na,,na,na,na,na,na,na,na,na,,na,na,na,na
7,2017-Apr,North,OP,2017-04-11,10:00:00,10,3,na,na,na,104,55,na,0,na,na,na,na,,na,na,na,na,na,na,na,na,na,,na,na,na,na,na,na,na,na,,na,na,na,na
7,2017-Apr,North,OP,2017-04-11,10:00:00,10,3,na,na,na,199,105,na,0,na,na,na,na,,na,na,na,na,na,na,na,na,na,,na,na,na,na,na,na,na,na,,na,na,na,na
7,2017-Apr,North,OP,2017-04-11,10:00:00,10,3,na,na,na,96,80,na,0,na,na,na,na,,na,na,na,na,na,na,na,na,na,,na,na,na,na,na,na,na,na,,na,na,na,na
7,2017-Apr,North,OP,2017-04-11,10:00:00,10,2,na,na,na,650,200,na,H,na,na,na,na,,na,na,na,na,na,na,na,na,na,,na,na,na,na,na,na,na,na,,na,na,na,na
7,2017-Apr,North,OP,2017-04-11,10:00:00,10,2,na,na,na,480,200,na,H,na,na,na,na,,na,na,na,na,na,na,na,na,na,,na,na,na,na,na,na,na,na,,na,na,na,na
7,2017-Apr,North,OP,2017-04-11,10:00:00,10,2,na,na,na,95,50,na,H,na,na,na,na,,na,na,na,na,na,na,na,na,na,,na,na,na,na,na,na,na,na,,na,na,na,na
7,2017-Apr,North,OP,2017-04-11,10:00:00,10,1,na,na,na,645,0,na,na,na,na,na,na,no blades,na,na,na,na,na,na,na,na,na,,na,na,na,na,na,na,na,na,,na,na,na,na
7,2017-Apr,North,OP,2017-04-11,10:00:00,10,1,na,na,na,585,300,na,H,na,na,na,na,,na,na,na,na,na,na,na,na,na,,na,na,na,na,na,na,na,na,,na,na,na,na
7,2017-Apr,North,OP,2017-04-11,10:00:00,10,1,na,na,na,568,125,na,H,na,na,na,na,,na,na,na,na,na,na,na,na,na,,na,na,na,na,na,na,na,na,,na,na,na,na
8,2017-May,Manley,OP,2017-05-14,10:00:00,10,1,R,10,1795,163,140,na,0,29,94,na,na,,2017-05-18,1795,10:15:00,10.25,22,na,44,111,y,,2017-06-04,y,1795,15:30:00,15.5,254,45,na,,3.740,4.287,1.336,0.499
8,2017-May,Manley,OP,2017-05-14,10:00:00,10,1,L,17,2475,280,200,na,0,52,170,na,na,,2017-05-18,2475,10:15:00,10.25,18,na,64.5,180,y,,2017-06-04,y,2475,15:30:00,15.5,325,34,na,,3.117,2.120,0.929,-0.623
8,2017-May,Manley,OP,2017-05-14,10:00:00,10,2,R,13.5,1913,145,100,na,0,32,100,na,na,,2017-05-18,1913,10:15:00,10.25,31,na,39,109,y,,2017-06-04,y,1913,15:30:00,15.5,209,53,na,,1.745,3.015,1.278,0.499
8,2017-May,Manley,OP,2017-05-14,10:00:00,10,2,R,8.2,1803,262,160,na,0,34,105,na,na,,2017-05-18,1803,10:15:00,10.25,48,na,49,121,y,,2017-06-04,y,1803,15:30:00,15.5,314,48,na,,3.740,2.449,0.000,0.249
8,2017-May,Manley,OP,2017-05-14,10:00:00,10,2,R,4,2080,104,105,na,0,31,96,na,na,,2017-05-18,2080,10:15:00,10.25,24,na,41,105,y,,2017-06-04,y,2080,15:30:00,15.5,264,56,na,,2.494,7.537,1.858,-0.249
8,2017-May,Manley,OP,2017-05-14,10:00:00,10,2,R,2.5,1722,100,90,na,0,26,81,na,na,,2017-05-18,1722,10:15:00,10.25,28,na,42,99,y,,2017-06-04,y,1722,15:30:00,15.5,160,39,na,,3.990,2.826,0.639,0.499
8,2017-May,Manley,OP,2017-05-14,10:00:00,10,3,L,14,1784,119,100,na,0,21,71,na,na,,2017-05-18,1784,10:15:00,10.25,41,na,31,90,y,,2017-06-04,y,1784,15:30:00,15.5,171,23,na,,2.494,2.449,-1.045,2.244
8,2017-May,Manley,OP,2017-05-14,10:00:00,10,3,L,18,1907,228,150,na,0,26,108,na,na,,2017-05-18,1907,10:15:00,10.25,45,na,43,128,y,,2017-06-04,y,1907,15:30:00,15.5,298,43,na,,4.239,3.297,-0.116,0.748
8,2017-May,Manley,KH,2017-05-14,10:00:00,10,3,R,5.6,2509,83.5,64,na,0,20,64,na,na,,2017-05-18,2509,10:15:00,10.25,18,na,24,74,y,,2017-06-04,y,2509,15:30:00,15.5,255,23,na,,0.997,8.079,0.290,1.496
8,2017-May,Manley,KH,2017-05-14,10:00:00,10,3,R,8,1861,385,107,na,0,22.5,80,na,na,,2017-05-18,1861,10:15:00,10.25,34,na,29,91,y,,2017-06-04,y,1861,15:30:00,15.5,389,38,na,,1.621,0.188,0.232,1.122
8,2017-May,Manley,KH,2017-05-14,10:00:00,10,3,L,13.8,1937,274,113,na,0,27,93,na,na,,2017-05-18,1937,10:15:00,10.25,36,na,34.5,92,y,,2017-06-04,y,1937,15:30:00,15.5,283,55,na,,1.870,0.424,1.103,-2.119
8,2017-May,Manley,KH,2017-05-14,10:00:00,10,3,L,19.5,1869,235,130,na,0,21,68,na,na,,2017-05-18,1869,10:15:00,10.25,49,na,32.5,83,y,,2017-06-04,y,1869,15:30:00,15.5,285,52,na,,2.868,2.355,0.174,0.873
8,2017-May,Manley,KH,2017-05-14,10:00:00,10,2,L,16.8,2083,511,338,na,0,69,190,na,na,,2017-05-18,2083,10:15:00,10.25,100,na,69.5,215,y,,2017-06-04,y,2083,15:30:00,15.5,511,72,na,hard to believe stipe stayed exact same length,0.125,0.000,-1.626,6.109
8,2017-May,Manley,KH,2017-05-14,10:00:00,10,2,L,3,1851,165,106,na,0,23,84,na,na,,2017-05-18,1851,10:15:00,10.25,24,na,30,86,y,,2017-06-04,y,1851,15:30:00,15.5,222,47,na,,1.745,2.685,1.336,-1.247
8,2017-May,Manley,KH,2017-05-14,10:00:00,10,3,L,18.6,1750,300,134,na,0,26,78,na,na,,2017-05-18,1750,10:15:00,10.25,42,na,43,93,y,,2017-06-04,y,1750,15:30:00,15.5,367,63,na,,4.239,3.156,1.220,-0.499
8,2017-May,Manley,KH,2017-05-14,10:00:00,10,3,L,19.5,1931,226,80,na,0,36,122,na,na,,2017-05-18,1931,10:15:00,10.25,28,na,48.9,137.5,y,,2017-06-04,y,1931,15:30:00,15.5,329,40,na,,3.217,4.852,0.697,0.648
8,2017-May,Second,OP,2017-05-14,13:00:00,13,1,R,5,1842,89,85,na,0,23,76,na,na,,2017-05-18,1842,12:15:00,12.25,16,na,39,85,y,,2017-06-09,y,1842,14:30:00,14.5,233,33,na,,4.031,5.525,0.769,-1.764
8,2017-May,Second,OP,2017-05-14,13:00:00,13,1,R,8.5,1825,132,100,na,0,22,66,na,na,,2017-05-18,1825,12:15:00,12.25,17,na,40,84,y,,2017-06-09,y,1825,14:30:00,14.5,315,42,na,,4.535,7.022,1.132,0.000
8,2017-May,Second,OP,2017-05-14,13:00:00,13,1,R,16,2118,190,145,na,0,40,125,na,na,,2017-05-18,2118,12:15:00,12.25,31,na,na,na,y,missing data,2017-06-09,y,2118,14:30:00,14.5,320,49,na,,na,4.988,0.815,na
8,2017-May,Second,OP,2017-05-14,13:00:00,13,1,R,12.5,1932,115,90,na,0,26,86,na,na,,2017-05-18,1932,12:15:00,12.25,31,na,45,98,y,,2017-06-09,y,1932,14:30:00,14.5,334,47,na,,4.787,8.403,0.724,-1.764
8,2017-May,Second,OP,2017-05-14,13:00:00,13,1,R,12.5,2001,112,70,na,0,25,75,na,na,,2017-05-18,2001,12:15:00,12.25,15,na,38,87,y,,2017-06-09,y,2001,14:30:00,14.5,340,27,na,,3.276,8.748,0.543,-0.252
8,2017-May,Second,OP,2017-05-14,13:00:00,13,1,R,9,2134,136,110,na,0,16,54,na,na,,2017-05-18,2134,12:15:00,12.25,26,na,30,72,y,,2017-06-09,y,2134,14:30:00,14.5,350,50,na,,3.528,8.211,1.086,1.008
8,2017-May,Second,KH,2017-05-14,13:00:00,13,1,L,0.5,1921,198,116,na,0,30,90,na,na,,2017-05-18,1921,12:15:00,12.25,41,na,32,111,y,,2017-06-09,y,1921,14:30:00,14.5,349,79,na,,0.504,5.794,1.720,4.787
8,2017-May,Second,KH,2017-05-14,13:00:00,13,1,L,3.2,2490,314,97,na,0,27,79,na,na,,2017-05-18,2490,12:15:00,12.25,67,na,41,82.5,y,,2017-06-09,y,2490,14:30:00,14.5,500,98,na,,3.528,7.137,1.403,-2.646
8,2017-May,Second,KH,2017-05-14,13:00:00,13,1,L,8.5,1794,175,64,na,0,28,82,na,na,,2017-05-18,1794,12:15:00,12.25,37,na,45,77.5,y,,2017-06-09,y,1794,14:30:00,14.5,339,70,na,,4.283,6.293,1.494,-5.417
8,2017-May,Second,KH,2017-05-14,13:00:00,13,2,L,0.8,1858,118,97,na,0,30,102,na,na,,2017-05-18,1858,12:15:00,12.25,21,na,49.5,123,y,,2017-06-09,y,1858,14:30:00,14.5,307,52,na,,4.913,7.252,1.403,0.378
8,2017-May,Second,KH,2017-05-14,13:00:00,13,2,L,0,2066,100,89,na,0,25,77,na,na,,2017-05-18,2066,12:15:00,12.25,30,na,41,94.5,y,,2017-06-09,y,2066,14:30:00,14.5,248,54,na,,4.031,5.679,1.086,0.378
8,2017-May,Second,KH,2017-05-14,13:00:00,13,1,L,11,2054,138,81,na,0,27,83,na,na,,2017-05-18,2054,12:15:00,12.25,16,na,43,71,y,,2017-06-09,y,2054,14:30:00,14.5,362,39,na,,4.031,8.595,1.041,-7.055
8,2017-May,Second,KH,2017-05-14,13:00:00,13,1,L,13,1846,100,77,na,0,31,109,na,na,,2017-05-18,1846,12:15:00,12.25,20,na,52,132,y,,2017-06-09,y,1846,14:30:00,14.5,310,16,na,,5.291,8.058,-0.181,0.504
8,2017-May,Second,KH,2017-05-14,13:00:00,13,1,L,12.5,1684,165,99,na,0,25,76,na,na,,2017-05-18,1684,12:15:00,12.25,30,na,43.5,95,y,,2017-06-09,y,1684,14:30:00,14.5,410,74,na,,4.661,9.400,1.992,0.126
8,2017-May,North,OP,2017-05-14,14:45:00,14.8,3,L,17.25,2413,275,150,na,0,30,103,na,na,,2017-05-18,2413,15:30:00,15.5,40,na,51,122,y,,2017-06-06,y,2413,15:30:00,15.5,469,55,na,,5.212,8.424,0.789,-0.496
8,2017-May,North,OP,2017-05-14,14:45:00,14.8,3,L,2.6,1969,186,100,na,0,34,113,na,na,,2017-05-18,1969,15:30:00,15.5,20,na,52.5,88,y,obladeL2 has a Qmark on datasheet,2017-06-06,y,1969,15:30:00,15.5,405,40,na,,4.592,9.510,1.053,-10.796
8,2017-May,North,OP,2017-05-14,14:45:00,14.8,3,L,14.5,1914,280,150,na,0,42,133,na,na,,2017-05-18,1914,15:30:00,15.5,32,na,71,163,y,,2017-06-06,y,1914,15:30:00,15.5,479,43,na,,7.198,8.641,0.579,0.248
8,2017-May,North,OP,2017-05-14,14:45:00,14.8,2,L,9.5,1938,141,100,na,0,30,100,na,na,,2017-05-18,1938,15:30:00,15.5,22,na,52,122,y,,2017-06-06,y,1938,15:30:00,15.5,319,39,na,,5.460,7.729,0.895,0.000
8,2017-May,North,OP,2017-05-14,14:45:00,14.8,2,L,17.5,2068,119,60,na,0,18,71,na,na,,2017-05-18,2068,15:30:00,15.5,16,na,28,81,y,,2017-06-06,y,2068,15:30:00,15.5,356,40,na,,2.482,10.291,1.263,0.000
8,2017-May,North,OP,2017-05-14,14:45:00,14.8,1,L,1,1714,250,250,na,0,60,171,na,na,,2017-05-18,1714,15:30:00,15.5,72,na,87,190,y,,2017-06-06,y,1714,15:30:00,15.5,485,93,na,,6.701,10.204,1.105,-1.986
8,2017-May,North,OP,2017-05-14,14:45:00,14.8,1,L,1.75,2047,270,270,na,0,70,202,na,na,,2017-05-18,2047,15:30:00,15.5,48,na,100,124,y,,2017-06-06,y,2047,15:30:00,15.5,558,24,na,,7.446,12.506,-1.263,-26.805
8,2017-May,North,KH,2017-05-14,14:45:00,14.8,3,R,17.9,1791,152,48,na,0,26,80,na,na,,2017-05-18,1791,15:30:00,15.5,12,na,38.5,90,y,,2017-06-06,y,1791,15:30:00,15.5,324,31,na,,3.102,7.469,1.000,-0.620
8,2017-May,North,KH,2017-05-14,14:45:00,14.8,3,R,17,2073,170,74,na,0,18,59,na,na,,2017-05-18,2073,15:30:00,15.5,19,na,30.5,33.5,y,,2017-06-06,y,2073,15:30:00,15.5,445,41,na,,3.102,11.941,1.158,-9.431
8,2017-May,North,KH,2017-05-14,14:45:00,14.8,3,R,4.9,1775,201,91,na,0,29,96,na,na,,2017-05-18,1775,15:30:00,15.5,15,na,37.5,116.5,y,,2017-06-06,y,1775,15:30:00,15.5,391,24,na,,2.110,8.250,0.474,2.978
8,2017-May,North,KH,2017-05-14,14:45:00,14.8,2,R,6.7,2064.1,289,126,na,0,19,62,na,na,,2017-05-18,2064.1,15:30:00,15.5,31,na,39.5,93,y,,2017-06-06,y,2064.1,15:30:00,15.5,381,44,na,,5.088,3.995,0.684,2.606
8,2017-May,North,KH,2017-05-14,14:45:00,14.8,2,R,17.2,1946,122,103,na,0,19,64,na,na,,2017-05-18,1946,15:30:00,15.5,22,na,34,85,y,,2017-06-06,y,1946,15:30:00,15.5,298,38,na,,3.723,7.642,0.842,1.489
8,2017-May,North,KH,2017-05-14,14:45:00,14.8,1,R,11.5,1820,243,100,na,0,27,85,na,na,,2017-05-18,1820,15:30:00,15.5,38,na,55.5,124,y,,2017-06-06,y,1820,15:30:00,15.5,382,60,na,,7.073,6.036,1.158,2.606
8,2017-May,North,KH,2017-05-14,14:45:00,14.8,1,R,9.5,1895,162,84,na,0,30,100,na,na,,2017-05-18,1895,15:30:00,15.5,29,na,54,131,y,,2017-06-06,y,1895,15:30:00,15.5,335,65,na,,5.957,7.512,1.895,1.737
8,2017-May,North,KH,2017-05-14,14:45:00,14.8,1,R,1.5,1799,154,97,na,0,20,84,na,na,,2017-05-18,1799,15:30:00,15.5,22,na,32.5,103.5,y,,2017-06-06,y,1799,15:30:00,15.5,356,38,na,,3.102,8.771,0.842,1.737
8,2017-May,North,OP,2017-05-21,14:25:00,14.4,3,R,1,na,191,105,na,0,na,na,na,na,,na,na,na,na,na,na,na,na,na,,na,na,na,na,na,na,na,na,,na,na,na,na
8,2017-May,North,OP,2017-05-21,14:25:00,14.4,3,L,1,na,228,175,na,0,na,na,na,na,,na,na,na,na,na,na,na,na,na,,na,na,na,na,na,na,na,na,,na,na,na,na
8,2017-May,North,OP,2017-05-21,14:25:00,14.4,3,R,7,na,101,75,na,0,na,na,na,na,,na,na,na,na,na,na,na,na,na,,na,na,na,na,na,na,na,na,,na,na,na,na
8,2017-May,North,OP,2017-05-21,14:25:00,14.4,3,R,9,na,153,90,na,0,na,na,na,na,,na,na,na,na,na,na,na,na,na,,na,na,na,na,na,na,na,na,,na,na,na,na
8,2017-May,North,OP,2017-05-21,14:25:00,14.4,3,L,12,na,366,160,na,0,na,na,na,na,,na,na,na,na,na,na,na,na,na,,na,na,na,na,na,na,na,na,,na,na,na,na
8,2017-May,North,OP,2017-05-21,14:25:00,14.4,3,R,16,na,102,70,na,0,na,na,na,na,,na,na,na,na,na,na,na,na,na,,na,na,na,na,na,na,na,na,,na,na,na,na
8,2017-May,North,OP,2017-05-21,14:25:00,14.4,3,R,17.5,na,333,150,na,0,na,na,na,na,,na,na,na,na,na,na,na,na,na,,na,na,na,na,na,na,na,na,,na,na,na,na
8,2017-May,North,OP,2017-05-21,14:25:00,14.4,3,R,17.5,na,338,170,na,0,na,na,na,na,,na,na,na,na,na,na,na,na,na,,na,na,na,na,na,na,na,na,,na,na,na,na
8,2017-May,North,OP,2017-05-21,14:25:00,14.4,3,L,17.5,na,254,115,na,0,na,na,na,na,,na,na,na,na,na,na,na,na,na,,na,na,na,na,na,na,na,na,,na,na,na,na
8,2017-May,North,OP,2017-05-21,14:25:00,14.4,3,L,17.5,na,370,200,na,0,na,na,na,na,,na,na,na,na,na,na,na,na,na,,na,na,na,na,na,na,na,na,,na,na,na,na
8,2017-May,North,OP,2017-05-21,14:25:00,14.4,3,L,18.5,na,115,70,na,0,na,na,na,na,,na,na,na,na,na,na,na,na,na,,na,na,na,na,na,na,na,na,,na,na,na,na
8,2017-May,North,OP,2017-05-21,14:25:00,14.4,3,L,18.5,na,189,75,na,0,na,na,na,na,,na,na,na,na,na,na,na,na,na,,na,na,na,na,na,na,na,na,,na,na,na,na
8,2017-May,North,OP,2017-05-21,14:25:00,14.4,3,R,18.5,na,377,180,na,0,na,na,na,na,,na,na,na,na,na,na,na,na,na,,na,na,na,na,na,na,na,na,,na,na,na,na
8,2017-May,North,OP,2017-05-21,14:25:00,14.4,3,R,18.5,na,240,90,na,0,na,na,na,na,,na,na,na,na,na,na,na,na,na,,na,na,na,na,na,na,na,na,,na,na,na,na
8,2017-May,North,OP,2017-05-21,14:25:00,14.4,3,R,19,na,136,75,na,0,na,na,na,na,,na,na,na,na,na,na,na,na,na,,na,na,na,na,na,na,na,na,,na,na,na,na
8,2017-May,North,OP,2017-05-21,14:25:00,14.4,2,L,1,na,279,200,na,0,na,na,na,na,,na,na,na,na,na,na,na,na,na,,na,na,na,na,na,na,na,na,,na,na,na,na
8,2017-May,North,OP,2017-05-21,14:25:00,14.4,2,R,2,na,242,240,na,0,na,na,na,na,,na,na,na,na,na,na,na,na,na,,na,na,na,na,na,na,na,na,,na,na,na,na
8,2017-May,North,OP,2017-05-21,14:25:00,14.4,2,R,3,na,244,200,na,0,na,na,na,na,,na,na,na,na,na,na,na,na,na,,na,na,na,na,na,na,na,na,,na,na,na,na
8,2017-May,North,OP,2017-05-21,14:25:00,14.4,2,L,7,na,100,85,na,0,na,na,na,na,,na,na,na,na,na,na,na,na,na,,na,na,na,na,na,na,na,na,,na,na,na,na
8,2017-May,North,OP,2017-05-21,14:25:00,14.4,2,R,14,na,177,120,na,0,na,na,na,na,,na,na,na,na,na,na,na,na,na,,na,na,na,na,na,na,na,na,,na,na,na,na
8,2017-May,North,OP,2017-05-21,14:25:00,14.4,2,R,17,na,406,240,na,0,na,na,na,na,,na,na,na,na,na,na,na,na,na,,na,na,na,na,na,na,na,na,,na,na,na,na
8,2017-May,North,OP,2017-05-21,14:25:00,14.4,2,R,18,na,170,160,na,0,na,na,na,na,,na,na,na,na,na,na,na,na,na,,na,na,na,na,na,na,na,na,,na,na,na,na
8,2017-May,North,OP,2017-05-21,14:25:00,14.4,2,L,19,na,161,75,na,0,na,na,na,na,,na,na,na,na,na,na,na,na,na,,na,na,na,na,na,na,na,na,,na,na,na,na
8,2017-May,North,KH,2017-05-21,14:25:00,14.4,1,L,17.5,na,619,350,na,L,na,na,na,na,,na,na,na,na,na,na,na,na,na,,na,na,na,na,na,na,na,na,,na,na,na,na
8,2017-May,North,KH,2017-05-21,14:25:00,14.4,1,L,15.4,na,289,133,na,0,na,na,na,na,,na,na,na,na,na,na,na,na,na,,na,na,na,na,na,na,na,na,,na,na,na,na
8,2017-May,North,KH,2017-05-21,14:25:00,14.4,1,L,12,na,121,82,na,0,na,na,na,na,,na,na,na,na,na,na,na,na,na,,na,na,na,na,na,na,na,na,,na,na,na,na
8,2017-May,North,KH,2017-05-21,14:25:00,14.4,1,L,11,na,209,144,na,0,na,na,na,na,,na,na,na,na,na,na,na,na,na,,na,na,na,na,na,na,na,na,,na,na,na,na
8,2017-May,North,KH,2017-05-21,14:25:00,14.4,1,L,8,na,220,108,na,0,na,na,na,na,,na,na,na,na,na,na,na,na,na,,na,na,na,na,na,na,na,na,,na,na,na,na
8,2017-May,North,KH,2017-05-21,14:25:00,14.4,1,L,6.2,na,161,71,na,0,na,na,na,na,,na,na,na,na,na,na,na,na,na,,na,na,na,na,na,na,na,na,,na,na,na,na
8,2017-May,North,KH,2017-05-21,14:25:00,14.4,1,L,5.5,na,264,148,na,0,na,na,na,na,,na,na,na,na,na,na,na,na,na,,na,na,na,na,na,na,na,na,,na,na,na,na
8,2017-May,North,KH,2017-05-21,14:25:00,14.4,1,R,6,na,298,118,na,0,na,na,na,na,,na,na,na,na,na,na,na,na,na,,na,na,na,na,na,na,na,na,,na,na,na,na
8,2017-May,North,KH,2017-05-21,14:25:00,14.4,1,R,5,na,224,105,na,0,na,na,na,na,,na,na,na,na,na,na,na,na,na,,na,na,na,na,na,na,na,na,,na,na,na,na
8,2017-May,North,KH,2017-05-21,14:25:00,14.4,1,L,2.5,na,247,91,na,0,na,na,na,na,,na,na,na,na,na,na,na,na,na,,na,na,na,na,na,na,na,na,,na,na,na,na
8,2017-May,North,KH,2017-05-21,14:25:00,14.4,1,L,2,na,283,249,na,0,na,na,na,na,,na,na,na,na,na,na,na,na,na,,na,na,na,na,na,na,na,na,,na,na,na,na
8,2017-May,North,KH,2017-05-21,14:25:00,14.4,1,L,1.5,na,183,85,na,0,na,na,na,na,,na,na,na,na,na,na,na,na,na,,na,na,na,na,na,na,na,na,,na,na,na,na
8,2017-May,North,KH,2017-05-21,14:25:00,14.4,1,R,0.5,na,328,268,na,0,na,na,na,na,,na,na,na,na,na,na,na,na,na,,na,na,na,na,na,na,na,na,,na,na,na,na
8,2017-May,North,KH,2017-05-21,14:25:00,14.4,1,R,1.5,na,500,324,na,L,na,na,na,na,,na,na,na,na,na,na,na,na,na,,na,na,na,na,na,na,na,na,,na,na,na,na
8,2017-May,North,KH,2017-05-21,14:25:00,14.4,1,L,1.9,na,203,247,na,L,na,na,na,na,,na,na,na,na,na,na,na,na,na,,na,na,na,na,na,na,na,na,,na,na,na,na
8,2017-May,North,KH,2017-05-21,14:25:00,14.4,2,L,20,na,111,56,na,0,na,na,na,na,,na,na,na,na,na,na,na,na,na,,na,na,na,na,na,na,na,na,,na,na,na,na
8,2017-May,North,KH,2017-05-21,14:25:00,14.4,2,L,19.9,na,110,46,na,0,na,na,na,na,,na,na,na,na,na,na,na,na,na,,na,na,na,na,na,na,na,na,,na,na,na,na
9,2017-Jun,Manley,NAP,2017-06-03,10:00:00,10,1,R,20,2127,166,137,na,0,36,119,na,na,,2017-06-08,2127,14:30:00,14.5,29,na,51,100,y,,2017-07-13,n,2127,10:30:00,10.5,na,na,na,,2.892,na,na,-6.554
9,2017-Jun,Manley,NAP,2017-06-03,10:00:00,10,1,R,1.5,2057,203,85,na,0,35,125,na,na,not within 1m from line (1.5m),2017-06-08,2057,14:30:00,14.5,na,na,na,na,y,cant find plant but probably there,2017-07-13,n,2057,10:30:00,10.5,na,na,na,,na,na,na,na
9,2017-Jun,Manley,NAP,2017-06-03,10:00:00,10,1,R,0,1910,161,134,na,0,27,120,na,na,,2017-06-08,1910,14:30:00,14.5,40,na,41,112,y,broken,2017-07-13,n,1910,10:30:00,10.5,na,na,na,,2.699,na,na,-4.241
9,2017-Jun,Manley,NAP,2017-06-03,10:00:00,10,2,R,7,1688,189,94,na,0,33,99,na,na,,2017-06-08,1688,14:30:00,14.5,32,na,48,107,y,broken,2017-07-13,n,1688,10:30:00,10.5,na,na,na,,2.892,na,na,-1.349
9,2017-Jun,Manley,NAP,2017-06-03,10:00:00,10,2,R,15,2037,189,150,na,0,39,117,na,na,outside 1m belt,2017-06-08,2037,14:30:00,14.5,38,na,53,83,y,broken,2017-07-13,y,2037,10:30:00,10.5,202,48,na,,2.699,0.325,0.287,-9.253
9,2017-Jun,Manley,NAP,2017-06-03,10:00:00,10,2,R,12,2071,345,120,na,0,20,60,na,na,,2017-06-08,2071,14:30:00,14.5,76,na,57,78,y,broken,2017-07-13,n,2071,10:30:00,10.5,na,na,na,,7.133,na,na,-3.663
9,2017-Jun,Manley,NAP,2017-06-03,10:00:00,10,3,R,8,1081,156,74,na,0,16,58,na,na,,2017-06-08,1081,14:30:00,14.5,21,na,29,68,y,,2017-07-13,y,1081,10:30:00,10.5,169,34,na,,2.506,0.325,0.373,-0.578
9,2017-Jun,Manley,NAP,2017-06-03,10:00:00,10,3,R,9,2515,111,90,na,0,20,71,na,na,,2017-06-08,2515,14:30:00,14.5,46,na,27,77,y,,2017-07-13,y,2515,10:30:00,10.5,142,51,na,,1.349,0.775,0.144,-0.193
9,2017-Jun,Manley,OP,2017-06-03,10:00:00,10,1,L,14,1891,115,90,na,0,25,80,na,na,,2017-06-08,1891,14:30:00,14.5,24,na,38,50,y,,2017-07-13,y,1891,10:30:00,10.5,156,34,na,,2.506,1.024,0.287,-8.289
9,2017-Jun,Manley,OP,2017-06-03,10:00:00,10,1,L,17,1919,320,170,na,0,64,196,na,na,,2017-06-08,1919,14:30:00,14.5,23,na,85,181,y,,2017-07-13,y,1919,10:30:00,10.5,331,31,na,,4.048,0.275,0.230,-6.940
9,2017-Jun,Manley,OP,2017-06-03,10:00:00,10,2,L,14.5,2070,143,100,na,0,31,94,na,na,,2017-06-08,2070,14:30:00,14.5,24,na,41,107,y,,2017-07-13,y,2070,10:30:00,10.5,222,34,na,,1.928,1.974,0.287,0.578
9,2017-Jun,Manley,OP,2017-06-03,10:00:00,10,2,L,14.5,1697,146,75,na,0,17,44,na,na,,2017-06-08,1697,14:30:00,14.5,19,na,28.5,56,y,,2017-07-13,y,1697,10:30:00,10.5,216,36,na,,2.217,1.749,0.488,0.096
9,2017-Jun,Manley,OP,2017-06-03,10:00:00,10,2,L,10,1797,116,70,na,0,10,29,na,na,,2017-06-08,1797,14:30:00,14.5,20,na,19,40,y,no hole?,2017-07-13,y,1797,10:30:00,10.5,171,27,na,,1.735,1.374,0.201,0.386
9,2017-Jun,Manley,OP,2017-06-03,10:00:00,10,3,L,5,1689,182,80,na,0,24,74,na,na,,2017-06-08,1689,14:30:00,14.5,18,na,35.5,66,y,,2017-07-13,n,1689,10:30:00,10.5,na,na,na,,2.217,na,na,-3.759
9,2017-Jun,Manley,OP,2017-06-03,10:00:00,10,3,L,13.7,1961,95,90,na,0,32,92,na,na,,2017-06-08,1961,14:30:00,14.5,na,na,na,na,n,gone?,2017-07-13,n,1961,10:30:00,10.5,na,na,na,,na,na,na,na
9,2017-Jun,Manley,OP,2017-06-03,10:00:00,10,3,L,18.5,2499,295,175,na,0,44,126,na,na,,2017-06-08,2499,14:30:00,14.5,76,na,na,150,y,"distP2 128, measurement error?",2017-07-13,n,2499,10:30:00,10.5,na,na,na,,na,na,na,na
9,2017-Jun,Second,NAP,2017-06-03,14:00:00,14,3,R,7,1897,137,79,na,0,25,71,na,na,,2017-06-09,1897,14:30:00,14.5,29,na,47,123,y,,2017-07-13,y,1897,13:45:00,13.75,305,53,na,,3.654,4.201,0.707,4.983
9,2017-Jun,Second,NAP,2017-06-03,14:00:00,14,3,R,16,2046,60,230,na,0,33,84,na,na,,2017-06-09,2046,14:30:00,14.5,47,na,74,119,y,,2017-07-13,y,2046,13:45:00,13.75,327,68,na,,6.810,6.677,0.618,-0.997
9,2017-Jun,Second,NAP,2017-06-03,14:00:00,14,3,R,16,1817,109,112,na,0,34,110,na,na,,2017-06-09,1817,14:30:00,14.5,19,na,58.5,134,y,,2017-07-13,y,1817,13:45:00,13.75,300,42,na,,4.069,4.776,0.677,-0.083
9,2017-Jun,Second,NAP,2017-06-03,14:00:00,14,2,R,8,1805,117,105,na,0,33,100,na,na,outside 1m belt,2017-06-09,1805,14:30:00,14.5,19,na,39,117,y,,2017-07-13,n,1805,13:45:00,13.75,na,na,na,,0.997,na,na,1.827
9,2017-Jun,Second,NAP,2017-06-03,14:00:00,14,2,R,19,2072,428,206,na,0,40,80,na,na,outiside 1m belt,2017-06-09,2072,14:30:00,14.5,57,na,86,135,y,broken,2017-07-13,n,2072,13:45:00,13.75,na,na,na,broke,7.640,na,na,1.495
9,2017-Jun,Second,NAP,2017-06-03,14:00:00,14,1,R,15,1911,143,100,na,0,37,123,na,na,,2017-06-09,1911,14:30:00,14.5,22,na,45,129,y,,2017-07-13,y,1911,13:45:00,13.75,380,72,na,,1.329,5.927,1.472,-0.332
9,2017-Jun,Second,NAP,2017-06-03,14:00:00,14,1,R,18,1720,288,152,na,0,33,97,na,na,,2017-06-09,1720,14:30:00,14.5,na,na,na,na,n,cant find plant,2017-07-13,y,1720,13:45:00,13.75,426,45,na,,na,3.451,na,na
9,2017-Jun,Second,NAP,2017-06-03,14:00:00,14,1,R,11,2510,240,135,na,0,50,50,na,na,,2017-06-09,2510,14:30:00,14.5,28,na,66,192,y,,2017-07-13,n,2510,13:45:00,13.75,na,na,na,,2.657,na,na,20.927
9,2017-Jun,Second,OP,2017-06-03,14:00:00,14,1,L,7,1930,116,70,na,0,25,77,na,na,,2017-06-09,1930,14:30:00,14.5,19,na,43.5,96,y,,2017-07-13,y,1930,13:45:00,13.75,264,37,na,,3.073,3.701,0.530,0.083
9,2017-Jun,Second,OP,2017-06-03,14:00:00,14,1,L,9,1833,130,90,na,0,32,108,na,na,,2017-06-09,1833,14:30:00,14.5,18,na,57.5,112,y,,2017-07-13,y,1833,13:45:00,13.75,363,33,na,,4.235,5.827,0.442,-3.571
9,2017-Jun,Second,OP,2017-06-03,14:00:00,14,1,L,11.1,2044,124,70,na,0,25.5,74,na,na,,2017-06-09,2044,14:30:00,14.5,18,na,40,91,y,,2017-07-13,y,2044,13:45:00,13.75,258,40,na,,2.408,3.351,0.648,0.415
9,2017-Jun,Second,OP,2017-06-03,14:00:00,14,2,L,10,1708,173,70,na,0,16,58,na,na,,2017-06-09,1708,14:30:00,14.5,19,na,34.5,77,y,,2017-07-13,n,1708,13:45:00,13.75,na,na,na,,3.073,na,na,0.083
9,2017-Jun,Second,OP,2017-06-03,14:00:00,14,2,L,3,1832,194,120,na,0,26,83,na,na,,2017-06-09,1832,14:30:00,14.5,52,na,49,112,y,,2017-07-13,n,1832,13:45:00,13.75,na,na,na,,3.820,na,na,0.997
9,2017-Jun,Second,OP,2017-06-03,14:00:00,14,3,L,3.8,1733,117,50,na,0,10,31,na,na,,2017-06-09,1733,14:30:00,14.5,13,na,18,39,y,,2017-07-13,n,1733,13:45:00,13.75,na,na,na,,1.329,na,na,0.000
9,2017-Jun,Second,OP,2017-06-03,14:00:00,14,3,L,11.5,2437,93,50,na,0,18,56,na,na,,2017-06-09,2437,14:30:00,14.5,19,na,32,72,y,,2017-07-13,n,2437,13:45:00,13.75,na,na,na,,2.325,na,na,0.332
9,2017-Jun,Second,OP,2017-06-03,14:00:00,14,3,L,13.5,2012,156,80,na,0,26,81,na,na,,2017-06-09,2012,14:30:00,14.5,na,na,na,na,n,gone,2017-07-13,n,2012,13:45:00,13.75,na,na,na,,na,na,na,na
9,2017-Jun,North,NAP,2017-06-03,16:30:00,16.5,3,L,19,2063,347,105,na,0,30,87,na,na,,2017-06-08,2063,16:00:00,16,24,na,46,108,y,,2017-07-13,y,2063,15:30:00,15.5,464,47,na,,3.213,2.928,0.658,1.004
9,2017-Jun,North,NAP,2017-06-03,16:30:00,16.5,3,L,8,1854,229,125,na,0,20,80,na,na,,2017-06-08,1854,16:00:00,16,22,na,50.5,114,y,,2017-07-13,n,1854,15:30:00,15.5,na,na,na,,6.126,na,na,0.703
9,2017-Jun,North,NAP,2017-06-03,16:30:00,16.5,3,L,8,1966,109,70,na,0,10,37,na,na,,2017-06-08,1966,16:00:00,16,16,na,27,64,y,,2017-07-13,n,1966,15:30:00,15.5,na,na,na,,3.414,na,na,2.008
9,2017-Jun,North,NAP,2017-06-03,16:30:00,16.5,2,L,8,1952,319,184,na,0,39,116,na,na,,2017-06-08,1952,16:00:00,16,41,na,66,66,y,broken at the punch,2017-07-13,y,1952,15:30:00,15.5,333,41,na,,5.423,0.350,0.000,-15.464
9,2017-Jun,North,NAP,2017-06-03,16:30:00,16.5,2,L,17,1760,172,105,na,0,27,84,na,na,,2017-06-08,1760,16:00:00,16,14,na,57.5,115,y,,2017-07-13,y,1760,15:30:00,15.5,450,62,na,,6.126,6.957,1.372,0.100
9,2017-Jun,North,NAP,2017-06-03,16:30:00,16.5,2,L,20,1695,177,107,na,0,7,42,na,na,,2017-06-08,1695,16:00:00,16,na,na,na,na,y,not found but prob there,2017-07-13,n,1695,15:30:00,15.5,na,na,na,,na,na,na,na
9,2017-Jun,North,NAP,2017-06-03,16:30:00,16.5,1,L,7.5,2409,320,200,na,0,55,170,na,na,,2017-06-08,2409,16:00:00,16,69,na,88.5,180,y,,2017-07-13,y,2409,15:30:00,15.5,419,87,na,,6.728,2.478,0.515,-4.720
9,2017-Jun,North,OP,2017-06-03,16:30:00,16.5,3,R,17,1707,393,120,na,0,10,35,na,na,,2017-06-08,1707,16:00:00,16,31,na,29,57,y,,2017-07-13,y,1707,15:30:00,15.5,533,45,na,,3.816,3.504,0.400,0.603
9,2017-Jun,North,OP,2017-06-03,16:30:00,16.5,3,R,16,1765,519,240,na,0,70,221,na,na,,2017-06-08,1765,16:00:00,16,61,na,98,214,y,,2017-07-13,y,1765,15:30:00,15.5,600,50,na,,5.623,2.027,-0.314,-7.029
9,2017-Jun,North,OP,2017-06-03,16:30:00,16.5,3,R,16,2084,513,250,na,0,68,197,na,na,,2017-06-08,2084,16:00:00,16,47,na,na,na,y,missing data,2017-07-13,y,2084,15:30:00,15.5,625,45,na,,na,2.803,-0.057,na
9,2017-Jun,North,OP,2017-06-03,16:30:00,16.5,2,R,5,2425,150,85,na,0,30,95,na,na,,2017-06-08,2425,16:00:00,16,25,na,56,110,y,,2017-07-13,n,2425,15:30:00,15.5,na,na,na,,5.222,na,na,-2.209
9,2017-Jun,North,OP,2017-06-03,16:30:00,16.5,2,R,9.5,1768,154,90,na,0,21,71,na,na,,2017-06-08,1768,16:00:00,16,25,na,51,105,y,,2017-07-13,y,1768,15:30:00,15.5,346,40,na,,6.025,4.805,0.429,0.803
9,2017-Jun,North,OP,2017-06-03,16:30:00,16.5,2,R,18,1947,286,200,na,0,26,84,na,na,,2017-06-08,1947,16:00:00,16,37,na,55,120,y,Broken,2017-07-13,n,1947,15:30:00,15.5,na,na,na,,5.824,na,na,1.406
9,2017-Jun,North,OP,2017-06-03,16:30:00,16.5,1,R,0.5,2022,411,220,na,0,50,145,na,na,,2017-06-08,2022,16:00:00,16,70,na,85,174,y,Broken,2017-07-13,y,2022,15:30:00,15.5,496,54,na,,7.029,2.127,-0.457,-1.205
9,2017-Jun,North,OP,2017-06-03,16:30:00,16.5,1,R,5,2117,336,175,na,0,48,140,na,na,,2017-06-08,2117,16:00:00,16,45,na,73,167,y,,2017-07-13,y,2117,15:30:00,15.5,439,56,na,,5.021,2.578,0.314,0.402
9,2017-Jun,North,DVM,2017-06-08,16:00:00,16,1,R,0.9,na,345,280,na,0,na,na,na,na,,na,na,na,na,na,na,na,na,na,,na,na,na,na,na,na,na,na,,na,na,na,na
9,2017-Jun,North,DVM,2017-06-08,16:00:00,16,1,R,4.5,na,485,145,na,0,na,na,na,na,,na,na,na,na,na,na,na,na,na,,na,na,na,na,na,na,na,na,,na,na,na,na
9,2017-Jun,North,DVM,2017-06-08,16:00:00,16,1,L,5.5,na,389,300,na,0,na,na,na,na,,na,na,na,na,na,na,na,na,na,,na,na,na,na,na,na,na,na,,na,na,na,na
9,2017-Jun,North,DVM,2017-06-08,16:00:00,16,1,L,5.5,na,358,119,na,0,na,na,na,na,,na,na,na,na,na,na,na,na,na,,na,na,na,na,na,na,na,na,,na,na,na,na
9,2017-Jun,North,DVM,2017-06-08,16:00:00,16,1,L,6.2,na,365,194,na,0,na,na,na,na,,na,na,na,na,na,na,na,na,na,,na,na,na,na,na,na,na,na,,na,na,na,na
9,2017-Jun,North,DVM,2017-06-08,16:00:00,16,1,R,6.5,na,346,250,na,0,na,na,na,na,,na,na,na,na,na,na,na,na,na,,na,na,na,na,na,na,na,na,,na,na,na,na
9,2017-Jun,North,DVM,2017-06-08,16:00:00,16,1,R,8.5,na,408,220,na,0,na,na,na,na,,na,na,na,na,na,na,na,na,na,,na,na,na,na,na,na,na,na,,na,na,na,na
9,2017-Jun,North,DVM,2017-06-08,16:00:00,16,1,L,10.5,na,305,300,na,0,na,na,na,na,,na,na,na,na,na,na,na,na,na,,na,na,na,na,na,na,na,na,,na,na,na,na
9,2017-Jun,North,DVM,2017-06-08,16:00:00,16,1,L,12,na,272,215,na,0,na,na,na,na,,na,na,na,na,na,na,na,na,na,,na,na,na,na,na,na,na,na,,na,na,na,na
9,2017-Jun,North,DVM,2017-06-08,16:00:00,16,1,R,14.5,na,163,68,na,0,na,na,na,na,,na,na,na,na,na,na,na,na,na,,na,na,na,na,na,na,na,na,,na,na,na,na
9,2017-Jun,North,DVM,2017-06-08,16:00:00,16,1,L,16,na,643,385,na,L,na,na,na,na,,na,na,na,na,na,na,na,na,na,,na,na,na,na,na,na,na,na,,na,na,na,na
9,2017-Jun,North,DVM,2017-06-08,16:00:00,16,1,R,19,na,153,83,na,0,na,na,na,na,,na,na,na,na,na,na,na,na,na,,na,na,na,na,na,na,na,na,,na,na,na,na
9,2017-Jun,North,DVM,2017-06-08,16:00:00,16,1,L,20,na,91,64,na,0,na,na,na,na,,na,na,na,na,na,na,na,na,na,,na,na,na,na,na,na,na,na,,na,na,na,na
9,2017-Jun,North,DVM,2017-06-08,16:00:00,16,1,L,20,na,471,186,na,0,na,na,na,na,,na,na,na,na,na,na,na,na,na,,na,na,na,na,na,na,na,na,,na,na,na,na
9,2017-Jun,North,DVM,2017-06-08,16:00:00,16,1,L,20,na,166,70,na,0,na,na,na,na,,na,na,na,na,na,na,na,na,na,,na,na,na,na,na,na,na,na,,na,na,na,na
9,2017-Jun,North,KH,2017-06-08,16:00:00,16,2,L,0.9,na,446,223,na,0,na,na,na,na,,na,na,na,na,na,na,na,na,na,,na,na,na,na,na,na,na,na,,na,na,na,na
9,2017-Jun,North,KH,2017-06-08,16:00:00,16,2,R,2.1,na,338,280,na,0,na,na,na,na,,na,na,na,na,na,na,na,na,na,,na,na,na,na,na,na,na,na,,na,na,na,na
9,2017-Jun,North,KH,2017-06-08,16:00:00,16,2,R,4.9,na,204,73,na,0,na,na,na,na,,na,na,na,na,na,na,na,na,na,,na,na,na,na,na,na,na,na,,na,na,na,na
9,2017-Jun,North,KH,2017-06-08,16:00:00,16,2,R,5,na,152,62,na,0,na,na,na,na,,na,na,na,na,na,na,na,na,na,,na,na,na,na,na,na,na,na,,na,na,na,na
9,2017-Jun,North,KH,2017-06-08,16:00:00,16,2,R,6.8,na,400,235,na,0,na,na,na,na,,na,na,na,na,na,na,na,na,na,,na,na,na,na,na,na,na,na,,na,na,na,na
9,2017-Jun,North,KH,2017-06-08,16:00:00,16,2,R,16.8,na,311,298,na,0,na,na,na,na,,na,na,na,na,na,na,na,na,na,,na,na,na,na,na,na,na,na,,na,na,na,na
9,2017-Jun,North,KH,2017-06-08,16:00:00,16,2,R,13,na,404,249,na,0,na,na,na,na,,na,na,na,na,na,na,na,na,na,,na,na,na,na,na,na,na,na,,na,na,na,na
9,2017-Jun,North,KH,2017-06-08,16:00:00,16,2,L,7.5,na,266,262,na,0,na,na,na,na,,na,na,na,na,na,na,na,na,na,,na,na,na,na,na,na,na,na,,na,na,na,na
9,2017-Jun,North,KH,2017-06-08,16:00:00,16,2,R,9,na,149,83,na,0,na,na,na,na,,na,na,na,na,na,na,na,na,na,,na,na,na,na,na,na,na,na,,na,na,na,na
9,2017-Jun,North,KH,2017-06-08,16:00:00,16,2,L,9.8,na,355,145,na,0,na,na,na,na,,na,na,na,na,na,na,na,na,na,,na,na,na,na,na,na,na,na,,na,na,na,na
9,2017-Jun,North,KH,2017-06-08,16:00:00,16,2,R,15,na,347,255,na,0,na,na,na,na,,na,na,na,na,na,na,na,na,na,,na,na,na,na,na,na,na,na,,na,na,na,na
9,2017-Jun,North,KH,2017-06-08,16:00:00,16,2,L,17.4,na,369,200,na,0,na,na,na,na,,na,na,na,na,na,na,na,na,na,,na,na,na,na,na,na,na,na,,na,na,na,na
9,2017-Jun,North,KH,2017-06-08,16:00:00,16,2,R,17.5,na,218,118,na,0,na,na,na,na,,na,na,na,na,na,na,na,na,na,,na,na,na,na,na,na,na,na,,na,na,na,na
9,2017-Jun,North,KH,2017-06-08,16:00:00,16,2,L,18.5,na,377,126,na,0,na,na,na,na,,na,na,na,na,na,na,na,na,na,,na,na,na,na,na,na,na,na,,na,na,na,na
9,2017-Jun,North,KH,2017-06-08,16:00:00,16,2,L,20,na,105,61,na,0,na,na,na,na,,na,na,na,na,na,na,na,na,na,,na,na,na,na,na,na,na,na,,na,na,na,na
9,2017-Jun,North,DVM,2017-06-08,16:00:00,16,3,R,0.9,na,362,176,na,0,na,na,na,na,,na,na,na,na,na,na,na,na,na,,na,na,na,na,na,na,na,na,,na,na,na,na
9,2017-Jun,North,DVM,2017-06-08,16:00:00,16,3,L,4.8,na,218,110,na,0,na,na,na,na,,na,na,na,na,na,na,na,na,na,,na,na,na,na,na,na,na,na,,na,na,na,na
9,2017-Jun,North,DVM,2017-06-08,16:00:00,16,3,R,5,na,274,189,na,0,na,na,na,na,,na,na,na,na,na,na,na,na,na,,na,na,na,na,na,na,na,na,,na,na,na,na
9,2017-Jun,North,DVM,2017-06-08,16:00:00,16,3,R,10.7,na,267,153,na,0,na,na,na,na,,na,na,na,na,na,na,na,na,na,,na,na,na,na,na,na,na,na,,na,na,na,na
9,2017-Jun,North,DVM,2017-06-08,16:00:00,16,3,L,11,na,228,100,na,0,na,na,na,na,,na,na,na,na,na,na,na,na,na,,na,na,na,na,na,na,na,na,,na,na,na,na
9,2017-Jun,North,DVM,2017-06-08,16:00:00,16,3,L,11.5,na,351,207,na,0,na,na,na,na,,na,na,na,na,na,na,na,na,na,,na,na,na,na,na,na,na,na,,na,na,na,na
9,2017-Jun,North,DVM,2017-06-08,16:00:00,16,3,L,12,na,205,150,na,0,na,na,na,na,,na,na,na,na,na,na,na,na,na,,na,na,na,na,na,na,na,na,,na,na,na,na
9,2017-Jun,North,DVM,2017-06-08,16:00:00,16,3,L,12.2,na,542,153,na,L,na,na,na,na,,na,na,na,na,na,na,na,na,na,,na,na,na,na,na,na,na,na,,na,na,na,na
9,2017-Jun,North,DVM,2017-06-08,16:00:00,16,3,R,14,na,225,143,na,0,na,na,na,na,,na,na,na,na,na,na,na,na,na,,na,na,na,na,na,na,na,na,,na,na,na,na
9,2017-Jun,North,DVM,2017-06-08,16:00:00,16,3,R,15.5,na,226,93,na,0,na,na,na,na,,na,na,na,na,na,na,na,na,na,,na,na,na,na,na,na,na,na,,na,na,na,na
9,2017-Jun,North,DVM,2017-06-08,16:00:00,16,3,L,16,na,102,83,na,0,na,na,na,na,,na,na,na,na,na,na,na,na,na,,na,na,na,na,na,na,na,na,,na,na,na,na
9,2017-Jun,North,DVM,2017-06-08,16:00:00,16,3,R,16.5,na,182,84,na,0,na,na,na,na,,na,na,na,na,na,na,na,na,na,,na,na,na,na,na,na,na,na,,na,na,na,na
9,2017-Jun,North,DVM,2017-06-08,16:00:00,16,3,R,17,na,467,205,na,L,na,na,na,na,,na,na,na,na,na,na,na,na,na,,na,na,na,na,na,na,na,na,,na,na,na,na
9,2017-Jun,North,DVM,2017-06-08,16:00:00,16,3,R,18.5,na,187,105,na,0,na,na,na,na,,na,na,na,na,na,na,na,na,na,,na,na,na,na,na,na,na,na,,na,na,na,na
9,2017-Jun,North,DVM,2017-06-08,16:00:00,16,3,R,19.7,na,316,186,na,0,na,na,na,na,,na,na,na,na,na,na,na,na,na,,na,na,na,na,na,na,na,na,,na,na,na,na
9,2017-Jun,Manley,KH,2017-06-08,14:30:00,14.5,1,L,4,na,101,98,na,0,na,na,na,na,,na,na,na,na,na,na,na,na,na,,na,na,na,na,na,na,na,na,,na,na,na,na
9,2017-Jun,Manley,KH,2017-06-08,14:30:00,14.5,1,R,11,na,294,136,na,0,na,na,na,na,,na,na,na,na,na,na,na,na,na,,na,na,na,na,na,na,na,na,,na,na,na,na
9,2017-Jun,Manley,KH,2017-06-08,14:30:00,14.5,1,R,11,na,100,60,na,0,na,na,na,na,,na,na,na,na,na,na,na,na,na,,na,na,na,na,na,na,na,na,,na,na,na,na
9,2017-Jun,Manley,KH,2017-06-08,14:30:00,14.5,2,L,3,na,230,114,na,0,na,na,na,na,,na,na,na,na,na,na,na,na,na,,na,na,na,na,na,na,na,na,,na,na,na,na
9,2017-Jun,Manley,KH,2017-06-08,14:30:00,14.5,2,L,16.5,na,521,185,na,L,na,na,na,na,,na,na,na,na,na,na,na,na,na,,na,na,na,na,na,na,na,na,,na,na,na,na
9,2017-Jun,Manley,DVM,2017-06-08,14:30:00,14.5,2,R,1.5,na,183,200,na,0,na,na,na,na,,na,na,na,na,na,na,na,na,na,,na,na,na,na,na,na,na,na,,na,na,na,na
9,2017-Jun,Manley,DVM,2017-06-08,14:30:00,14.5,2,R,3.5,na,172,150,na,0,na,na,na,na,,na,na,na,na,na,na,na,na,na,,na,na,na,na,na,na,na,na,,na,na,na,na
9,2017-Jun,Manley,DVM,2017-06-08,14:30:00,14.5,2,R,7.1,na,119,90,na,0,na,na,na,na,,na,na,na,na,na,na,na,na,na,,na,na,na,na,na,na,na,na,,na,na,na,na
9,2017-Jun,Manley,DVM,2017-06-08,14:30:00,14.5,2,L,10,na,128,86,na,0,na,na,na,na,,na,na,na,na,na,na,na,na,na,,na,na,na,na,na,na,na,na,,na,na,na,na
9,2017-Jun,Manley,DVM,2017-06-08,14:30:00,14.5,2,R,13.5,na,206,145,na,0,na,na,na,na,,na,na,na,na,na,na,na,na,na,,na,na,na,na,na,na,na,na,,na,na,na,na
9,2017-Jun,Manley,DVM,2017-06-08,14:30:00,14.5,3,R,0.5,na,126,119,na,L,na,na,na,na,,na,na,na,na,na,na,na,na,na,,na,na,na,na,na,na,na,na,,na,na,na,na
9,2017-Jun,Manley,DVM,2017-06-08,14:30:00,14.5,3,R,5.5,na,242,83,na,0,na,na,na,na,,na,na,na,na,na,na,na,na,na,,na,na,na,na,na,na,na,na,,na,na,na,na
9,2017-Jun,Manley,DVM,2017-06-08,14:30:00,14.5,3,R,7,na,157,70,na,0,na,na,na,na,,na,na,na,na,na,na,na,na,na,,na,na,na,na,na,na,na,na,,na,na,na,na
9,2017-Jun,Manley,DVM,2017-06-08,14:30:00,14.5,3,L,10.5,na,94,76,na,0,na,na,na,na,,na,na,na,na,na,na,na,na,na,,na,na,na,na,na,na,na,na,,na,na,na,na
9,2017-Jun,Manley,DVM,2017-06-08,14:30:00,14.5,3,R,11.1,na,364,92,na,L,na,na,na,na,,na,na,na,na,na,na,na,na,na,,na,na,na,na,na,na,na,na,,na,na,na,na
9,2017-Jun,Manley,DVM,2017-06-08,14:30:00,14.5,3,R,11.5,na,160,93,na,0,na,na,na,na,,na,na,na,na,na,na,na,na,na,,na,na,na,na,na,na,na,na,,na,na,na,na
9,2017-Jun,Manley,DVM,2017-06-08,14:30:00,14.5,3,L,13.75,na,288,95,na,0,na,na,na,na,,na,na,na,na,na,na,na,na,na,,na,na,na,na,na,na,na,na,,na,na,na,na
9,2017-Jun,Manley,DVM,2017-06-08,14:30:00,14.5,3,L,14.2,na,172,107,na,0,na,na,na,na,,na,na,na,na,na,na,na,na,na,,na,na,na,na,na,na,na,na,,na,na,na,na
9,2017-Jun,Manley,DVM,2017-06-08,14:30:00,14.5,3,L,18,na,191,140,na,0,na,na,na,na,,na,na,na,na,na,na,na,na,na,,na,na,na,na,na,na,na,na,,na,na,na,na
9,2017-Jun,Manley,DVM,2017-06-08,14:30:00,14.5,3,L,18.1,na,357,150,na,0,na,na,na,na,,na,na,na,na,na,na,na,na,na,,na,na,na,na,na,na,na,na,,na,na,na,na
9,2017-Jun,Manley,DVM,2017-06-08,14:30:00,14.5,3,L,18.5,na,427,250,na,0,na,na,na,na,,na,na,na,na,na,na,na,na,na,,na,na,na,na,na,na,na,na,,na,na,na,na
9,2017-Jun,Manley,DVM,2017-06-08,14:30:00,14.5,3,R,18.9,na,115,100,na,0,na,na,na,na,,na,na,na,na,na,na,na,na,na,,na,na,na,na,na,na,na,na,,na,na,na,na
9,2017-Jun,Manley,DVM,2017-06-08,14:30:00,14.5,3,R,19,na,135,105,na,0,na,na,na,na,,na,na,na,na,na,na,na,na,na,,na,na,na,na,na,na,na,na,,na,na,na,na
9,2017-Jun,Manley,DVM,2017-06-08,14:30:00,14.5,3,R,19,na,126,115,na,0,na,na,na,na,,na,na,na,na,na,na,na,na,na,,na,na,na,na,na,na,na,na,,na,na,na,na
9,2017-Jun,Manley,DVM,2017-06-08,14:30:00,14.5,3,L,19,na,282,150,na,0,na,na,na,na,,na,na,na,na,na,na,na,na,na,,na,na,na,na,na,na,na,na,,na,na,na,na
10,2017-Jul,North,BMM,2017-07-13,15:00:00,15,1,L,1,1888,422,127,na,0,32,91,na,na,,2017-07-18,1888,15:00:00,15,54,na,41,98,y,,2017-08-24,n,1888,14:45:00,14.75,na,na,na,,1.800,na,na,-0.400
10,2017-Jul,North,BMM,2017-07-13,15:00:00,15,1,L,4,277,342,68,na,0,20,42,na,na,,2017-07-18,277,15:00:00,15,34,na,26,45,y,,2017-08-24,n,277,14:45:00,14.75,na,na,na,,1.200,na,na,-0.600
10,2017-Jul,North,BMM,2017-07-13,15:00:00,15,1,L,16,2422,304,115,na,0,30,127,na,na,measurement says 504cm but I presume must have done 250 +250 instead of 150 +150‚Ä¶? Measuring tapes being 150cm long,2017-07-18,2422,15:00:00,15,48,na,43,43,y,broken at the punch,2017-08-24,y,2422,14:45:00,14.75,471,36,na,,2.600,3.977,-0.324,-19.400
10,2017-Jul,North,BMM,2017-07-13,15:00:00,15,2,L,0,1696,505,146,na,0,30,83,na,na,,2017-07-18,1696,15:00:00,15,39,na,38,90,y,,2017-08-24,y,1696,14:45:00,14.75,505,14,na,hard to believe stipe stayed exact same length,1.600,0.000,-0.676,-0.200
10,2017-Jul,North,BMM,2017-07-13,15:00:00,15,2,L,6,1974,293,131,na,0,35,107,na,na,,2017-07-18,1974,15:00:00,15,37,na,45,97,y,,2017-08-24,y,1974,14:45:00,14.75,303,35,na,,2.000,0.238,-0.054,-4.000
10,2017-Jul,North,BMM,2017-07-13,15:00:00,15,2,L,17,1938.1,340,91,na,0,35,131,na,na,measurement says 540cm but I presume must have done 250 +250 instead of 150 +150‚Ä¶? Measuring tapes being 150cm long,2017-07-18,1938.1,15:00:00,15,61,na,43,101,y,,2017-08-24,y,1938.1,14:45:00,14.75,525,47,na,,1.600,4.406,-0.378,-7.600
10,2017-Jul,North,BMM,2017-07-13,15:00:00,15,3,L,7,1885,183,77,na,0,27,90,na,na,,2017-07-18,1885,15:00:00,15,20,na,37,37,y,broken at the punch,2017-08-24,y,1885,14:45:00,14.75,365,22,na,,2.000,4.334,0.054,-12.600
10,2017-Jul,North,BMM,2017-07-13,15:00:00,15,3,L,12,1848,333,68,na,0,23,66,na,na,,2017-07-18,1848,15:00:00,15,33,na,30,68,y,,2017-08-24,y,1848,14:45:00,14.75,355,17,na,,1.400,0.524,-0.433,-1.000
10,2017-Jul,North,BMM,2017-07-13,15:00:00,15,1,R,1.5,2024,707,300,na,L,76,239,na,na,,2017-07-18,2024,15:00:00,15,100,na,91,153,y,,2017-08-24,y,2024,14:45:00,14.75,712,55,na,,3.000,0.119,-1.217,-20.200
10,2017-Jul,North,BMM,2017-07-13,15:00:00,15,1,R,7,1740,317,135,na,0,40,122,na,na,,2017-07-18,1740,15:00:00,15,33,na,na,na,y,cant find,2017-08-24,y,1740,14:45:00,14.75,377,33,na,datasheet says 277cm,na,1.429,0.000,na
10,2017-Jul,North,BMM,2017-07-13,15:00:00,15,3,R,19,2011,532,113,na,0,26,81,na,na,,2017-07-18,2011,15:00:00,15,63,na,33,83,y,,2017-08-24,n,2011,14:45:00,14.75,na,na,na,,1.400,na,na,-1.000
10,2017-Jul,North,BMM,2017-07-13,15:00:00,15,3,R,14,2430,467,108,na,0,15,50,na,na,,2017-07-18,2430,15:00:00,15,40,na,18,50,y,,2017-08-24,y,2430,14:45:00,14.75,na,34,na,"stipe shrunk, measured 431cm‚Ä¶?Could be error in either L1 or L3",0.600,na,-0.162,-0.600
10,2017-Jul,North,BMM,2017-07-13,15:00:00,15,3,R,6.5,1831,393,150,na,L,18,56,na,na,,2017-07-18,1831,15:00:00,15,30,na,na,na,y,error in measurement,2017-08-24,n,1831,14:45:00,14.75,na,na,na,,na,na,na,na
10,2017-Jul,North,BMM,2017-07-13,15:00:00,15,2,R,19.5,2445,193,96,na,0,33,98,na,na,,2017-07-18,2445,15:00:00,15,25,na,45,100,y,,2017-08-24,n,2445,14:45:00,14.75,na,na,na,,2.400,na,na,-2.000
10,2017-Jul,North,BMM,2017-07-13,15:00:00,15,2,R,15,1818,500,175,na,0,24,72,na,na,,2017-07-18,1818,15:00:00,15,53,na,33,82,y,,2017-08-24,n,1818,14:45:00,14.75,na,na,na,,1.800,na,na,0.200
10,2017-Jul,North,BMM,2017-07-13,15:00:00,15,2,R,5,1774,288,122,na,0,30,90,na,na,,2017-07-18,1774,15:00:00,15,31,na,36,56,y,,2017-08-24,y,1774,14:45:00,14.75,288,0,na,"stipe shrunk, measured 286cm‚Ä¶?Could be error in either L1 or L3",1.200,0.000,-0.838,-8.000
10,2017-Jul,Manley,NAP,2017-07-13,10:00:00,10,1,R,8,273,129,60,na,0,17,53,na,na,,2017-07-17,273,11:40:00,11.67,40,na,21,45,y,,2017-08-24,n,273,9:40:00,9.67,na,na,na,,0.983,na,na,-2.949
10,2017-Jul,Manley,NAP,2017-07-13,10:00:00,10,1,R,5.9,296,86,52,na,0,12,37,na,na,,2017-07-17,296,11:40:00,11.67,28,na,17,38,y,,2017-08-24,n,296,9:40:00,9.67,na,na,na,,1.229,na,na,-0.983
10,2017-Jul,Manley,NAP,2017-07-13,10:00:00,10,1,R,3,293,143,76,na,0,25,77,na,na,,2017-07-17,293,11:40:00,11.67,31,na,36,73,y,,2017-08-24,n,293,9:40:00,9.67,na,na,na,,2.703,na,na,-3.686
10,2017-Jul,Manley,NAP,2017-07-13,10:00:00,10,2,R,12,281,211,110,na,0,33,95,na,na,,2017-07-17,281,11:40:00,11.67,45,na,37,74,y,,2017-08-24,y,281,9:40:00,9.67,215,24,na,,0.983,0.095,-0.554,-6.143
10,2017-Jul,Manley,NAP,2017-07-13,10:00:00,10,2,R,2.1,1849,197,86,na,0,25,77,na,na,,2017-07-17,1849,11:40:00,11.67,38,na,29,57,y,,2017-08-24,n,1849,9:40:00,9.67,na,na,na,,0.983,na,na,-5.897
10,2017-Jul,Manley,NAP,2017-07-13,10:00:00,10,2,R,13,3288,247,62,na,0,20,60,na,na,,2017-07-17,3288,11:40:00,11.67,64,na,26,54,y,,2017-08-24,n,3288,9:40:00,9.67,na,na,na,,1.474,na,na,-2.949
10,2017-Jul,Manley,NAP,2017-07-13,10:00:00,10,3,R,13,309,210,47,na,0,12,36,na,na,,2017-07-17,309,11:40:00,11.67,53,na,20,39,y,,2017-08-24,n,309,9:40:00,9.67,na,na,na,,1.966,na,na,-1.229
10,2017-Jul,Manley,NAP,2017-07-13,10:00:00,10,3,R,9,1899,140,42,na,0,11,33,na,na,,2017-07-17,1899,11:40:00,11.67,52,na,19,35,y,,2017-08-24,n,1899,9:40:00,9.67,na,na,na,,1.966,na,na,-1.474
10,2017-Jul,Manley,BMM,2017-07-13,10:00:00,10,1,L,4,1749,137,42,na,0,15,59,na,na,,2017-07-17,1749,11:40:00,11.67,43,na,16,40,y,,2017-08-24,n,1749,9:40:00,9.67,na,na,na,,0.246,na,na,-4.915
10,2017-Jul,Manley,BMM,2017-07-13,10:00:00,10,1,L,13,291,94,36,na,0,11,45,na,na,,2017-07-17,291,11:40:00,11.67,28,na,15,42,y,,2017-08-24,n,291,9:40:00,9.67,na,na,na,,0.983,na,na,-1.720
10,2017-Jul,Manley,BMM,2017-07-13,10:00:00,10,2,L,11,274,118,54,na,0,18,59,na,na,,2017-07-17,274,11:40:00,11.67,19,na,23,38,y,,2017-08-24,n,274,9:40:00,9.67,na,na,na,,1.229,na,na,-6.389
10,2017-Jul,Manley,BMM,2017-07-13,10:00:00,10,2,L,14,1687,110,54,na,0,18,54,na,na,,2017-07-17,1687,11:40:00,11.67,33,na,22,45,y,,2017-08-24,n,1687,9:40:00,9.67,na,na,na,,0.983,na,na,-3.194
10,2017-Jul,Manley,BMM,2017-07-13,10:00:00,10,2,L,18,282,525,62,na,L,29,107,na,na,,2017-07-17,282,11:40:00,11.67,69,na,32,86,y,,2017-08-24,n,282,9:40:00,9.67,na,na,na,,0.737,na,na,-5.897
10,2017-Jul,Manley,BMM,2017-07-13,10:00:00,10,3,L,2,1977,101,43,na,0,14,49,na,na,,2017-07-17,1977,11:40:00,11.67,38,na,21,52,y,,2017-08-24,n,1977,9:40:00,9.67,na,na,na,,1.720,na,na,-0.983
10,2017-Jul,Manley,BMM,2017-07-13,10:00:00,10,3,L,10,289,153,56,na,0,25,67,na,na,,2017-07-17,289,11:40:00,11.67,34,na,28,62,y,,2017-08-24,n,289,9:40:00,9.67,na,na,na,,0.737,na,na,-1.966
10,2017-Jul,Manley,BMM,2017-07-13,10:00:00,10,3,L,19,295,417,88,na,0,42,107,na,na,,2017-07-17,295,11:40:00,11.67,80,na,51,113,y,,2017-08-24,n,295,9:40:00,9.67,na,na,na,,2.212,na,na,-0.737
10,2017-Jul,Second,NAP,2017-07-13,13:10:00,13.2,1,R,16.1,2058,340,61,na,0,17,53,na,na,,2017-07-17,2058,13:50:00,13.83,52,na,25,56,y,broke,2017-08-24,n,2058,11:45:00,11.75,na,na,na,,1.987,na,na,-1.242
10,2017-Jul,Second,NAP,2017-07-13,13:10:00,13.2,1,R,11.5,286,241,84,na,0,14,44,na,na,,2017-07-17,286,13:50:00,13.83,29,na,22,52,y,,2017-08-24,y,286,11:45:00,11.75,243,0,na,,1.987,0.048,-0.765,0.000
10,2017-Jul,Second,NAP,2017-07-13,13:10:00,13.2,1,R,5,2113,325,80,na,0,27,86,na,na,,2017-07-17,2113,13:50:00,13.83,57,na,32,89,y,,2017-08-24,n,2113,11:45:00,11.75,na,na,na,,1.242,na,na,-0.497
10,2017-Jul,Second,NAP,2017-07-13,13:10:00,13.2,2,R,11,279,239,107,na,0,40,127,na,na,,2017-07-17,279,13:50:00,13.83,32,na,48,99,y,,2017-08-24,n,279,11:45:00,11.75,na,na,na,,1.987,na,na,-8.941
10,2017-Jul,Second,NAP,2017-07-13,13:10:00,13.2,2,R,7.5,2031,221,71,na,0,23,69,na,na,,2017-07-17,2031,13:50:00,13.83,37,na,32,63,y,,2017-08-24,n,2031,11:45:00,11.75,na,na,na,,2.235,na,na,-3.726
10,2017-Jul,Second,NAP,2017-07-13,13:10:00,13.2,3,R,16,287,182,81,na,0,13,40,na,na,,2017-07-17,287,13:50:00,13.83,36,na,22,44,y,,2017-08-24,y,287,11:45:00,11.75,196,5,na,,2.235,0.334,-0.818,-1.242
10,2017-Jul,Second,NAP,2017-07-13,13:10:00,13.2,3,R,9,297,182,94,na,0,27,73,na,na,,2017-07-17,297,13:50:00,13.83,38,na,34,73,y,,2017-08-24,y,297,11:45:00,11.75,187,30,na,,1.739,0.119,-0.211,-1.739
10,2017-Jul,Second,NAP,2017-07-13,13:10:00,13.2,3,R,6,2028,310,113,na,0,15,46,na,na,,2017-07-17,2028,13:50:00,13.83,57,na,16,42,y,,2017-08-24,y,2028,11:45:00,11.75,310,10,na,"stipe shrunk, measured308cm‚Ä¶?Could be error in either L1 or L3",0.248,0.000,-1.240,-1.242
10,2017-Jul,Second,BMM,2017-07-13,13:10:00,13.2,1,L,1.5,1786,204,60,na,0,21,63,na,na,,2017-07-17,1786,13:50:00,13.83,43,na,29,60,y,Broken,2017-08-24,n,1786,11:45:00,11.75,na,na,na,,1.987,na,na,-2.732
10,2017-Jul,Second,BMM,2017-07-13,13:10:00,13.2,1,L,8,1680,251,69,na,0,18,75,na,na,,2017-07-17,1680,13:50:00,13.83,37,na,29,79,y,,2017-08-24,y,1680,11:45:00,11.75,na,13,na,"stipe shrunk, measured 240cm‚Ä¶?Could be error in either L1 or L3",2.732,na,-0.633,-1.739
10,2017-Jul,Second,BMM,2017-07-13,13:10:00,13.2,1,L,12,271,304,66,na,0,18,52,na,na,,2017-07-17,271,13:50:00,13.83,60,na,26,59,y,,2017-08-24,n,271,11:45:00,11.75,na,na,na,,1.987,na,na,-0.248
10,2017-Jul,Second,BMM,2017-07-13,13:10:00,13.2,2,L,9,2094,138,56,na,0,15,53,na,na,,2017-07-17,2094,13:50:00,13.83,22,na,24,57,y,,2017-08-24,n,2094,11:45:00,11.75,na,na,na,,2.235,na,na,-1.242
10,2017-Jul,Second,BMM,2017-07-13,13:10:00,13.2,2,L,3,2039,132,90,na,0,22,60,na,na,,2017-07-17,2039,13:50:00,13.83,na,na,na,na,n,missing data or plant,2017-08-24,n,2039,11:45:00,11.75,na,na,na,,na,na,na,na
10,2017-Jul,Second,BMM,2017-07-13,13:10:00,13.2,3,L,8,276,189,60,na,0,19,57,na,na,,2017-07-17,276,13:50:00,13.83,29,na,25,55,y,,2017-08-24,y,276,11:45:00,11.75,205,32,na,,1.490,0.382,0.079,-1.987
10,2017-Jul,Second,BMM,2017-07-13,13:10:00,13.2,3,L,2,2487,233,78,na,0,26,83,na,na,,2017-07-17,2487,13:50:00,13.83,43,na,36,83,y,,2017-08-24,y,2487,11:45:00,11.75,267,46,na,,2.484,0.811,0.079,-2.484
10,2017-Jul,Second,BMM,2017-07-13,13:10:00,13.2,3,L,0,2505,117,28,na,0,10,30,na,na,,2017-07-17,2505,13:50:00,13.83,21,na,17,27,y,,2017-08-24,n,2505,11:45:00,11.75,na,na,na,,1.739,na,na,-2.484
10,2017-Jul,Second,OP,2017-07-16,na,na,1,R,2,na,153,90,na,0,na,na,na,na,,na,na,na,na,na,na,na,na,na,,na,na,na,na,na,na,na,na,,na,na,na,na
10,2017-Jul,Second,OP,2017-07-16,na,na,1,R,3,na,119,50,na,0,na,na,na,na,,na,na,na,na,na,na,na,na,na,,na,na,na,na,na,na,na,na,,na,na,na,na
10,2017-Jul,Second,OP,2017-07-16,na,na,1,R,4,na,368,70,na,0,na,na,na,na,,na,na,na,na,na,na,na,na,na,,na,na,na,na,na,na,na,na,,na,na,na,na
10,2017-Jul,Second,OP,2017-07-16,na,na,1,R,5,na,283,90,na,0,na,na,na,na,,na,na,na,na,na,na,na,na,na,,na,na,na,na,na,na,na,na,,na,na,na,na
10,2017-Jul,Second,OP,2017-07-16,na,na,1,R,8,na,460,110,na,0,na,na,na,na,,na,na,na,na,na,na,na,na,na,,na,na,na,na,na,na,na,na,,na,na,na,na
10,2017-Jul,Second,OP,2017-07-16,na,na,1,R,9,na,205,65,na,0,na,na,na,na,,na,na,na,na,na,na,na,na,na,,na,na,na,na,na,na,na,na,,na,na,na,na
10,2017-Jul,Second,OP,2017-07-16,na,na,1,R,9,na,212,70,na,0,na,na,na,na,,na,na,na,na,na,na,na,na,na,,na,na,na,na,na,na,na,na,,na,na,na,na
10,2017-Jul,Second,OP,2017-07-16,na,na,1,R,9,na,484,70,na,0,na,na,na,na,,na,na,na,na,na,na,na,na,na,,na,na,na,na,na,na,na,na,,na,na,na,na
10,2017-Jul,Second,OP,2017-07-16,na,na,1,L,20,na,112,40,na,0,na,na,na,na,,na,na,na,na,na,na,na,na,na,,na,na,na,na,na,na,na,na,,na,na,na,na
10,2017-Jul,Second,OP,2017-07-16,na,na,1,L,20,na,322,65,na,0,na,na,na,na,,na,na,na,na,na,na,na,na,na,,na,na,na,na,na,na,na,na,,na,na,na,na
10,2017-Jul,Second,OP,2017-07-16,na,na,1,L,14,na,254,60,na,0,na,na,na,na,,na,na,na,na,na,na,na,na,na,,na,na,na,na,na,na,na,na,,na,na,na,na
10,2017-Jul,Second,OP,2017-07-16,na,na,1,L,14,na,210,65,na,0,na,na,na,na,,na,na,na,na,na,na,na,na,na,,na,na,na,na,na,na,na,na,,na,na,na,na
10,2017-Jul,Second,OP,2017-07-16,na,na,1,L,13,na,353,55,na,0,na,na,na,na,,na,na,na,na,na,na,na,na,na,,na,na,na,na,na,na,na,na,,na,na,na,na
10,2017-Jul,Second,OP,2017-07-16,na,na,1,L,13,na,556,100,na,0,na,na,na,na,,na,na,na,na,na,na,na,na,na,,na,na,na,na,na,na,na,na,,na,na,na,na
10,2017-Jul,Second,OP,2017-07-16,na,na,1,L,12,na,291,40,na,0,na,na,na,na,,na,na,na,na,na,na,na,na,na,,na,na,na,na,na,na,na,na,,na,na,na,na
10,2017-Jul,Second,OP,2017-07-16,na,na,2,R,4,na,195,55,na,0,na,na,na,na,,na,na,na,na,na,na,na,na,na,,na,na,na,na,na,na,na,na,,na,na,na,na
10,2017-Jul,Second,OP,2017-07-16,na,na,2,R,6,na,277,75,na,0,na,na,na,na,,na,na,na,na,na,na,na,na,na,,na,na,na,na,na,na,na,na,,na,na,na,na
10,2017-Jul,Second,OP,2017-07-16,na,na,2,R,11,na,187,100,na,0,na,na,na,na,,na,na,na,na,na,na,na,na,na,,na,na,na,na,na,na,na,na,,na,na,na,na
10,2017-Jul,Second,OP,2017-07-16,na,na,2,R,14,na,249,80,na,0,na,na,na,na,,na,na,na,na,na,na,na,na,na,,na,na,na,na,na,na,na,na,,na,na,na,na
10,2017-Jul,Second,OP,2017-07-16,na,na,2,R,17,na,194,80,na,0,na,na,na,na,,na,na,na,na,na,na,na,na,na,,na,na,na,na,na,na,na,na,,na,na,na,na
10,2017-Jul,Second,OP,2017-07-16,na,na,2,R,19,na,136,75,na,0,na,na,na,na,,na,na,na,na,na,na,na,na,na,,na,na,na,na,na,na,na,na,,na,na,na,na
10,2017-Jul,Second,OP,2017-07-16,na,na,2,R,20,na,174,45,na,0,na,na,na,na,,na,na,na,na,na,na,na,na,na,,na,na,na,na,na,na,na,na,,na,na,na,na
10,2017-Jul,Second,OP,2017-07-16,na,na,2,L,20,na,206,60,na,0,na,na,na,na,,na,na,na,na,na,na,na,na,na,,na,na,na,na,na,na,na,na,,na,na,na,na
10,2017-Jul,Second,OP,2017-07-16,na,na,3,R,0,na,149,100,na,0,na,na,na,na,,na,na,na,na,na,na,na,na,na,,na,na,na,na,na,na,na,na,,na,na,na,na
10,2017-Jul,Second,OP,2017-07-16,na,na,3,R,6,na,123,60,na,0,na,na,na,na,,na,na,na,na,na,na,na,na,na,,na,na,na,na,na,na,na,na,,na,na,na,na
10,2017-Jul,Second,OP,2017-07-16,na,na,3,R,6,na,276,80,na,0,na,na,na,na,,na,na,na,na,na,na,na,na,na,,na,na,na,na,na,na,na,na,,na,na,na,na
10,2017-Jul,Second,OP,2017-07-16,na,na,3,R,6,na,244,85,na,0,na,na,na,na,,na,na,na,na,na,na,na,na,na,,na,na,na,na,na,na,na,na,,na,na,na,na
10,2017-Jul,Second,OP,2017-07-16,na,na,3,R,6,na,101,60,na,0,na,na,na,na,,na,na,na,na,na,na,na,na,na,,na,na,na,na,na,na,na,na,,na,na,na,na
10,2017-Jul,Second,OP,2017-07-16,na,na,3,R,8,na,157,80,na,0,na,na,na,na,,na,na,na,na,na,na,na,na,na,,na,na,na,na,na,na,na,na,,na,na,na,na
10,2017-Jul,Second,OP,2017-07-16,na,na,3,R,12,na,120,35,na,0,na,na,na,na,,na,na,na,na,na,na,na,na,na,,na,na,na,na,na,na,na,na,,na,na,na,na
10,2017-Jul,Second,OP,2017-07-16,na,na,3,R,17,na,250,90,na,0,na,na,na,na,,na,na,na,na,na,na,na,na,na,,na,na,na,na,na,na,na,na,,na,na,na,na
10,2017-Jul,Second,OP,2017-07-16,na,na,3,L,13,na,134,30,na,0,na,na,na,na,,na,na,na,na,na,na,na,na,na,,na,na,na,na,na,na,na,na,,na,na,na,na
10,2017-Jul,Second,OP,2017-07-16,na,na,3,L,8,na,238,55,na,0,na,na,na,na,,na,na,na,na,na,na,na,na,na,,na,na,na,na,na,na,na,na,,na,na,na,na
10,2017-Jul,Second,OP,2017-07-16,na,na,3,L,8,na,192,40,na,0,na,na,na,na,,na,na,na,na,na,na,na,na,na,,na,na,na,na,na,na,na,na,,na,na,na,na
10,2017-Jul,Second,OP,2017-07-16,na,na,3,L,8,na,250,40,na,0,na,na,na,na,,na,na,na,na,na,na,na,na,na,,na,na,na,na,na,na,na,na,,na,na,na,na
10,2017-Jul,Second,OP,2017-07-16,na,na,3,L,5,na,185,70,na,0,na,na,na,na,,na,na,na,na,na,na,na,na,na,,na,na,na,na,na,na,na,na,,na,na,na,na
10,2017-Jul,Manley,OP,2017-07-17,na,na,1,R,3,na,101,60,na,0,na,na,na,na,,na,na,na,na,na,na,na,na,na,,na,na,na,na,na,na,na,na,,na,na,na,na
10,2017-Jul,Manley,OP,2017-07-17,na,na,1,L,11,na,100,20,na,0,na,na,na,na,,na,na,na,na,na,na,na,na,na,,na,na,na,na,na,na,na,na,,na,na,na,na
10,2017-Jul,Manley,OP,2017-07-17,na,na,1,L,12,na,155,60,na,0,na,na,na,na,,na,na,na,na,na,na,na,na,na,,na,na,na,na,na,na,na,na,,na,na,na,na
10,2017-Jul,Manley,OP,2017-07-17,na,na,1,L,17,na,335,60,na,0,na,na,na,na,,na,na,na,na,na,na,na,na,na,,na,na,na,na,na,na,na,na,,na,na,na,na
10,2017-Jul,Manley,OP,2017-07-17,na,na,1,R,11,na,167,35,na,0,na,na,na,na,,na,na,na,na,na,na,na,na,na,,na,na,na,na,na,na,na,na,,na,na,na,na
10,2017-Jul,Manley,OP,2017-07-17,na,na,1,R,11,na,306,40,na,0,na,na,na,na,,na,na,na,na,na,na,na,na,na,,na,na,na,na,na,na,na,na,,na,na,na,na
10,2017-Jul,Manley,OP,2017-07-17,na,na,2,R,16,na,201,90,na,0,na,na,na,na,,na,na,na,na,na,na,na,na,na,,na,na,na,na,na,na,na,na,,na,na,na,na
10,2017-Jul,Manley,OP,2017-07-17,na,na,2,L,3,na,270,70,na,0,na,na,na,na,,na,na,na,na,na,na,na,na,na,,na,na,na,na,na,na,na,na,,na,na,na,na
10,2017-Jul,Manley,OP,2017-07-17,na,na,2,L,10,na,175,35,na,0,na,na,na,na,,na,na,na,na,na,na,na,na,na,,na,na,na,na,na,na,na,na,,na,na,na,na
10,2017-Jul,Manley,OP,2017-07-17,na,na,2,R,11,na,209,65,na,0,na,na,na,na,,na,na,na,na,na,na,na,na,na,,na,na,na,na,na,na,na,na,,na,na,na,na
10,2017-Jul,Manley,OP,2017-07-17,na,na,2,L,14.5,na,226,40,na,0,na,na,na,na,,na,na,na,na,na,na,na,na,na,,na,na,na,na,na,na,na,na,,na,na,na,na
10,2017-Jul,Manley,OP,2017-07-17,na,na,2,R,8,na,137,20,na,0,na,na,na,na,,na,na,na,na,na,na,na,na,na,,na,na,na,na,na,na,na,na,,na,na,na,na
10,2017-Jul,Manley,OP,2017-07-17,na,na,2,R,5.5,na,204,75,na,0,na,na,na,na,,na,na,na,na,na,na,na,na,na,,na,na,na,na,na,na,na,na,,na,na,na,na
10,2017-Jul,Manley,OP,2017-07-17,na,na,2,L,14.5,na,221,25,na,0,na,na,na,na,,na,na,na,na,na,na,na,na,na,,na,na,na,na,na,na,na,na,,na,na,na,na
10,2017-Jul,Manley,OP,2017-07-17,na,na,3,R,13,na,113,55,na,0,na,na,na,na,,na,na,na,na,na,na,na,na,na,,na,na,na,na,na,na,na,na,,na,na,na,na
10,2017-Jul,Manley,OP,2017-07-17,na,na,3,R,10,na,176,35,na,0,na,na,na,na,,na,na,na,na,na,na,na,na,na,,na,na,na,na,na,na,na,na,,na,na,na,na
10,2017-Jul,Manley,OP,2017-07-17,na,na,3,R,10,na,101,50,na,0,na,na,na,na,,na,na,na,na,na,na,na,na,na,,na,na,na,na,na,na,na,na,,na,na,na,na
10,2017-Jul,Manley,OP,2017-07-17,na,na,3,R,3,na,100,45,na,0,na,na,na,na,,na,na,na,na,na,na,na,na,na,,na,na,na,na,na,na,na,na,,na,na,na,na
10,2017-Jul,Manley,OP,2017-07-17,na,na,3,L,18,na,235,15,na,0,na,na,na,na,,na,na,na,na,na,na,na,na,na,,na,na,na,na,na,na,na,na,,na,na,na,na
10,2017-Jul,Manley,OP,2017-07-17,na,na,3,L,13,na,288,20,na,0,na,na,na,na,,na,na,na,na,na,na,na,na,na,,na,na,na,na,na,na,na,na,,na,na,na,na
10,2017-Jul,North,OP,2017-07-17,na,na,3,L,20,na,181,60,na,0,na,na,na,na,,na,na,na,na,na,na,na,na,na,,na,na,na,na,na,na,na,na,,na,na,na,na
10,2017-Jul,North,OP,2017-07-17,na,na,3,L,20,na,169,60,na,0,na,na,na,na,,na,na,na,na,na,na,na,na,na,,na,na,na,na,na,na,na,na,,na,na,na,na
10,2017-Jul,North,OP,2017-07-17,na,na,3,L,20,na,500,85,na,0,na,na,na,na,,na,na,na,na,na,na,na,na,na,,na,na,na,na,na,na,na,na,,na,na,na,na
10,2017-Jul,North,OP,2017-07-17,na,na,3,L,19,na,230,70,na,0,na,na,na,na,,na,na,na,na,na,na,na,na,na,,na,na,na,na,na,na,na,na,,na,na,na,na
10,2017-Jul,North,OP,2017-07-17,na,na,3,L,17,na,458,45,na,0,na,na,na,na,,na,na,na,na,na,na,na,na,na,,na,na,na,na,na,na,na,na,,na,na,na,na
10,2017-Jul,North,OP,2017-07-17,na,na,3,L,15,na,439,115,na,0,na,na,na,na,,na,na,na,na,na,na,na,na,na,,na,na,na,na,na,na,na,na,,na,na,na,na
10,2017-Jul,North,OP,2017-07-17,na,na,3,L,15,na,606,125,na,0,na,na,na,na,,na,na,na,na,na,na,na,na,na,,na,na,na,na,na,na,na,na,,na,na,na,na
10,2017-Jul,North,OP,2017-07-17,na,na,3,L,15,na,588,105,na,0,na,na,na,na,,na,na,na,na,na,na,na,na,na,,na,na,na,na,na,na,na,na,,na,na,na,na
10,2017-Jul,North,OP,2017-07-17,na,na,3,R,0,na,482,125,na,0,na,na,na,na,,na,na,na,na,na,na,na,na,na,,na,na,na,na,na,na,na,na,,na,na,na,na
10,2017-Jul,North,OP,2017-07-17,na,na,3,R,0,na,548,110,na,0,na,na,na,na,,na,na,na,na,na,na,na,na,na,,na,na,na,na,na,na,na,na,,na,na,na,na
10,2017-Jul,North,OP,2017-07-17,na,na,3,R,1,na,341,105,na,0,na,na,na,na,,na,na,na,na,na,na,na,na,na,,na,na,na,na,na,na,na,na,,na,na,na,na
10,2017-Jul,North,OP,2017-07-17,na,na,3,R,7,na,450,90,na,0,na,na,na,na,,na,na,na,na,na,na,na,na,na,,na,na,na,na,na,na,na,na,,na,na,na,na
10,2017-Jul,North,OP,2017-07-17,na,na,3,R,7,na,300,100,na,0,na,na,na,na,,na,na,na,na,na,na,na,na,na,,na,na,na,na,na,na,na,na,,na,na,na,na
10,2017-Jul,North,OP,2017-07-17,na,na,3,R,10,na,300,120,na,0,na,na,na,na,,na,na,na,na,na,na,na,na,na,,na,na,na,na,na,na,na,na,,na,na,na,na
10,2017-Jul,North,OP,2017-07-17,na,na,3,R,12,na,168,40,na,0,na,na,na,na,,na,na,na,na,na,na,na,na,na,,na,na,na,na,na,na,na,na,,na,na,na,na
10,2017-Jul,North,OP,2017-07-17,na,na,2,L,20,na,500,65,na,0,na,na,na,na,,na,na,na,na,na,na,na,na,na,,na,na,na,na,na,na,na,na,,na,na,na,na
10,2017-Jul,North,OP,2017-07-17,na,na,2,L,20,na,391,90,na,0,na,na,na,na,,na,na,na,na,na,na,na,na,na,,na,na,na,na,na,na,na,na,,na,na,na,na
10,2017-Jul,North,OP,2017-07-17,na,na,2,L,20,na,455,90,na,0,na,na,na,na,,na,na,na,na,na,na,na,na,na,,na,na,na,na,na,na,na,na,,na,na,na,na
10,2017-Jul,North,OP,2017-07-17,na,na,2,L,18,na,487,70,na,0,na,na,na,na,,na,na,na,na,na,na,na,na,na,,na,na,na,na,na,na,na,na,,na,na,na,na
10,2017-Jul,North,OP,2017-07-17,na,na,2,L,10,na,314,90,na,0,na,na,na,na,,na,na,na,na,na,na,na,na,na,,na,na,na,na,na,na,na,na,,na,na,na,na
10,2017-Jul,North,OP,2017-07-17,na,na,2,L,10,na,446,70,na,0,na,na,na,na,,na,na,na,na,na,na,na,na,na,,na,na,na,na,na,na,na,na,,na,na,na,na
10,2017-Jul,North,OP,2017-07-17,na,na,2,L,18,na,435,80,na,0,na,na,na,na,,na,na,na,na,na,na,na,na,na,,na,na,na,na,na,na,na,na,,na,na,na,na
10,2017-Jul,North,OP,2017-07-17,na,na,2,R,0,na,330,90,na,0,na,na,na,na,,na,na,na,na,na,na,na,na,na,,na,na,na,na,na,na,na,na,,na,na,na,na
10,2017-Jul,North,OP,2017-07-17,na,na,2,R,2,na,409,115,na,0,na,na,na,na,,na,na,na,na,na,na,na,na,na,,na,na,na,na,na,na,na,na,,na,na,na,na
10,2017-Jul,North,OP,2017-07-17,na,na,2,R,3,na,434,105,na,0,na,na,na,na,,na,na,na,na,na,na,na,na,na,,na,na,na,na,na,na,na,na,,na,na,na,na
10,2017-Jul,North,OP,2017-07-17,na,na,2,R,4,na,400,80,na,0,na,na,na,na,,na,na,na,na,na,na,na,na,na,,na,na,na,na,na,na,na,na,,na,na,na,na
10,2017-Jul,North,OP,2017-07-17,na,na,2,R,5,na,324,70,na,0,na,na,na,na,,na,na,na,na,na,na,na,na,na,,na,na,na,na,na,na,na,na,,na,na,na,na
10,2017-Jul,North,OP,2017-07-17,na,na,2,R,5,na,324,40,na,0,na,na,na,na,,na,na,na,na,na,na,na,na,na,,na,na,na,na,na,na,na,na,,na,na,na,na
10,2017-Jul,North,OP,2017-07-17,na,na,2,R,7,na,434,140,na,0,na,na,na,na,,na,na,na,na,na,na,na,na,na,,na,na,na,na,na,na,na,na,,na,na,na,na
10,2017-Jul,North,OP,2017-07-17,na,na,2,R,9,na,351,100,na,0,na,na,na,na,,na,na,na,na,na,na,na,na,na,,na,na,na,na,na,na,na,na,,na,na,na,na
10,2017-Jul,North,OP,2017-07-17,na,na,1,L,0,na,137,90,na,0,na,na,na,na,,na,na,na,na,na,na,na,na,na,,na,na,na,na,na,na,na,na,,na,na,na,na
10,2017-Jul,North,OP,2017-07-17,na,na,1,L,0,na,517,150,na,0,na,na,na,na,,na,na,na,na,na,na,na,na,na,,na,na,na,na,na,na,na,na,,na,na,na,na
10,2017-Jul,North,OP,2017-07-17,na,na,1,L,1,na,586,160,na,0,na,na,na,na,,na,na,na,na,na,na,na,na,na,,na,na,na,na,na,na,na,na,,na,na,na,na
10,2017-Jul,North,OP,2017-07-17,na,na,1,L,1,na,498,100,na,0,na,na,na,na,,na,na,na,na,na,na,na,na,na,,na,na,na,na,na,na,na,na,,na,na,na,na
10,2017-Jul,North,OP,2017-07-17,na,na,1,L,1,na,609,150,na,0,na,na,na,na,,na,na,na,na,na,na,na,na,na,,na,na,na,na,na,na,na,na,,na,na,na,na
10,2017-Jul,North,OP,2017-07-17,na,na,1,L,3,na,384,70,na,0,na,na,na,na,,na,na,na,na,na,na,na,na,na,,na,na,na,na,na,na,na,na,,na,na,na,na
10,2017-Jul,North,OP,2017-07-17,na,na,1,L,4,na,456,110,na,0,na,na,na,na,,na,na,na,na,na,na,na,na,na,,na,na,na,na,na,na,na,na,,na,na,na,na
10,2017-Jul,North,OP,2017-07-17,na,na,1,R,17,na,374,75,na,0,na,na,na,na,,na,na,na,na,na,na,na,na,na,,na,na,na,na,na,na,na,na,,na,na,na,na
10,2017-Jul,North,OP,2017-07-17,na,na,1,R,10,na,478,115,na,0,na,na,na,na,,na,na,na,na,na,na,na,na,na,,na,na,na,na,na,na,na,na,,na,na,na,na
10,2017-Jul,North,OP,2017-07-17,na,na,1,R,10,na,360,65,na,0,na,na,na,na,,na,na,na,na,na,na,na,na,na,,na,na,na,na,na,na,na,na,,na,na,na,na
10,2017-Jul,North,OP,2017-07-17,na,na,1,R,4,na,340,65,na,0,na,na,na,na,,na,na,na,na,na,na,na,na,na,,na,na,na,na,na,na,na,na,,na,na,na,na
10,2017-Jul,North,OP,2017-07-17,na,na,1,R,3,na,160,100,na,0,na,na,na,na,,na,na,na,na,na,na,na,na,na,,na,na,na,na,na,na,na,na,,na,na,na,na
10,2017-Jul,North,OP,2017-07-17,na,na,1,R,2,na,327,55,na,0,na,na,na,na,,na,na,na,na,na,na,na,na,na,,na,na,na,na,na,na,na,na,,na,na,na,na
10,2017-Jul,North,OP,2017-07-17,na,na,1,R,2,na,256,45,na,0,na,na,na,na,,na,na,na,na,na,na,na,na,na,,na,na,na,na,na,na,na,na,,na,na,na,na
10,2017-Jul,North,OP,2017-07-17,na,na,1,R,1,na,500,170,na,0,na,na,na,na,,na,na,na,na,na,na,na,na,na,,na,na,na,na,na,na,na,na,,na,na,na,na
11,2017-Aug,Second,NAP,2017-08-24,11:45:00,11.8,3,R,4,300,102,53,na,0,30,60,na,na,,2017-08-28,300,11:30:00,11.5,12,na,58,86,y,,2017-11-17,n,300,13:30:00,13.5,na,na,na,,7.022,na,na,-0.502
11,2017-Aug,Second,NAP,2017-08-24,11:45:00,11.8,3,R,6,1877,266,17,na,0,6,18,na,na,,2017-08-28,1877,11:30:00,11.5,34,na,9,17,y,,2017-11-17,n,1877,13:30:00,13.5,na,na,na,,0.752,na,na,-1.003
11,2017-Aug,Second,NAP,2017-08-24,11:45:00,11.8,3,L,8,1760.1,208,29,na,0,9,28,na,na,,2017-08-28,1760.1,11:30:00,11.5,23,na,12,30,y,,2017-11-17,n,1760.1,13:30:00,13.5,na,na,na,,0.752,na,na,-0.251
11,2017-Aug,Second,NAP,2017-08-24,11:45:00,11.8,3,R,9,2090,190,48,na,0,9,29,na,na,,2017-08-28,2090,11:30:00,11.5,28,na,10,22,y,,2017-11-17,n,2090,13:30:00,13.5,na,na,na,,0.251,na,na,-2.006
11,2017-Aug,Second,NAP,2017-08-24,11:45:00,11.8,3,L,17,2105,177,60,na,0,33,69,na,na,,2017-08-28,2105,11:30:00,11.5,na,na,na,na,n,Plant Gone,2017-11-17,n,2105,13:30:00,13.5,na,na,na,,na,na,na,na
11,2017-Aug,Second,NAP,2017-08-24,11:45:00,11.8,2,L,16,275,286,35,na,0,5,15,na,na,,2017-08-28,275,11:30:00,11.5,8,na,7,11,y,,2017-11-17,n,275,13:30:00,13.5,na,na,na,,0.502,na,na,-1.505
11,2017-Aug,Second,NAP,2017-08-24,11:45:00,11.8,3,L,8,269,297,66,na,0,20,62,na,na,,2017-08-28,269,11:30:00,11.5,39,na,41,72,y,,2017-11-17,n,269,13:30:00,13.5,na,na,na,,5.266,na,na,-2.759
11,2017-Aug,Second,KH,2017-08-24,11:45:00,11.8,1,R,8.5,2136,455,29,na,0,9,22,na,na,,2017-08-28,2136,11:30:00,11.5,51,na,14,23,y,,2017-11-17,n,2136,13:30:00,13.5,na,na,na,,1.254,na,na,-1.003
11,2017-Aug,Second,KH,2017-08-24,11:45:00,11.8,1,L,17,2085.1,257,40,na,0,12,33,na,na,,2017-08-28,2085.1,11:30:00,11.5,27,na,na,na,y,Plant Gone,2017-11-17,n,2085.1,13:30:00,13.5,na,na,na,,na,na,na,na
11,2017-Aug,Second,KH,2017-08-24,11:45:00,11.8,1,L,4.5,2411,558,25,na,L,11,28,na,na,,2017-08-28,2411,11:30:00,11.5,59,na,16,28,y,,2017-11-17,n,2411,13:30:00,13.5,na,na,na,,1.254,na,na,-1.254
11,2017-Aug,Second,KH,2017-08-24,11:45:00,11.8,1,R,3.5,1163,187,54,na,0,20,69,na,na,,2017-08-28,1163,11:30:00,11.5,24,na,25,27,y,,2017-11-17,n,1163,13:30:00,13.5,na,na,na,,1.254,na,na,-11.787
11,2017-Aug,Second,KH,2017-08-24,11:45:00,11.8,1,R,10,1719,434,17,na,0,7,21,na,na,,2017-08-28,1719,11:30:00,11.5,39,na,8,21,y,,2017-11-17,n,1719,13:30:00,13.5,na,na,na,,0.251,na,na,-0.251
11,2017-Aug,Second,KH,2017-08-24,11:45:00,11.8,2,R,7.2,292,179,46,na,0,15,51,na,na,,2017-08-28,292,11:30:00,11.5,16,na,21,58,y,,2017-11-17,n,292,13:30:00,13.5,na,na,na,,1.505,na,na,0.251
11,2017-Aug,Second,KH,2017-08-24,11:45:00,11.8,1,R,11.8,2062,230,31,na,0,3,10,na,na,,2017-08-28,2062,11:30:00,11.5,26,na,4,8,y,,2017-11-17,n,2062,13:30:00,13.5,na,na,na,,0.251,na,na,-0.752
11,2017-Aug,North,KH,2017-08-24,15:00:00,15,3,L,18.5,280,274,30,na,0,9,22,na,na,,2017-08-28,280,15:00:00,15,7,na,10,11,y,plant senescing,2017-11-20,n,280,12:00:00,12,na,na,na,,0.250,na,na,-3.000
11,2017-Aug,North,KH,2017-08-24,15:00:00,15,1,L,1,298,463,37,na,L,13,40,na,na,,2017-08-28,298,15:00:00,15,34,na,18,40,y,,2017-11-20,n,298,12:00:00,12,na,na,na,,1.250,na,na,-1.250
11,2017-Aug,North,KH,2017-08-24,15:00:00,15,1,L,2.5,1957,447,49,na,0,12,37,na,na,,2017-08-28,1957,15:00:00,15,29,na,21,44,y,,2017-11-20,n,1957,12:00:00,12,na,na,na,,2.250,na,na,-0.500
11,2017-Aug,North,KH,2017-08-24,15:00:00,15,1,R,5,2013,430,39,na,0,15,49,na,na,,2017-08-28,2013,15:00:00,15,33,na,23,51,y,,2017-11-20,n,2013,12:00:00,12,na,na,na,,2.000,na,na,-1.500
11,2017-Aug,North,KH,2017-08-24,15:00:00,15,1,L,8,2538,412,38,na,0,13,40,na,na,,2017-08-28,2538,15:00:00,15,26,na,18,37,y,,2017-11-20,n,2538,12:00:00,12,na,na,na,,1.250,na,na,-2.000
11,2017-Aug,North,KH,2017-08-24,15:00:00,15,1,R,15,2536,359,15,na,0,3,9,na,na,,2017-08-28,2536,15:00:00,15,0,na,na,na,y,,2017-11-20,n,2536,12:00:00,12,na,na,na,,na,na,na,na
11,2017-Aug,North,KH,2017-08-24,15:00:00,15,2,R,17,2529,578,25,na,0,12,31,na,na,,2017-08-28,2529,15:00:00,15,21,na,15,34,y,,2017-11-20,n,2529,12:00:00,12,na,na,na,,0.750,na,na,0.000
11,2017-Aug,North,KH,2017-08-24,15:00:00,15,2,R,9,2530,357,61,na,0,15,49,na,na,,2017-08-28,2530,15:00:00,15,32,na,21,44,y,,2017-11-20,n,2530,12:00:00,12,na,na,na,,1.500,na,na,-2.750
11,2017-Aug,North,NAP,2017-08-24,15:00:00,15,3,L,2,270,419,23,na,0,9,27,na,na,,2017-08-28,270,15:00:00,15,28,na,14,26,y,,2017-11-20,n,270,12:00:00,12,na,na,na,,1.250,na,na,-1.500
11,2017-Aug,North,NAP,2017-08-24,15:00:00,15,3,R,7,2106,313,59,na,0,18,54,na,na,,2017-08-28,2106,15:00:00,15,34,na,33,63,y,,2017-11-20,n,2106,12:00:00,12,na,na,na,,3.750,na,na,-1.500
11,2017-Aug,North,NAP,2017-08-24,15:00:00,15,3,L,9,2479,450,81,na,0,22,66,na,na,,2017-08-28,2479,15:00:00,15,30,na,38,71,y,,2017-11-20,n,2479,12:00:00,12,na,na,na,,4.000,na,na,-2.750
11,2017-Aug,North,NAP,2017-08-24,15:00:00,15,3,R,16.5,283,564,47,na,L,12,36,na,na,,2017-08-28,283,15:00:00,15,23,na,22,45,y,,2017-11-20,y,283,12:00:00,12,597,3,na,,2.500,0.376,-0.238,-0.250
11,2017-Aug,North,NAP,2017-08-24,15:00:00,15,2,L,17,2525,542,57,na,L,11,32,na,na,,2017-08-28,2525,15:00:00,15,42,na,22,35,y,,2017-11-20,y,2525,12:00:00,12,549,3,na,,2.750,0.080,-0.465,-2.000
11,2017-Aug,North,NAP,2017-08-24,15:00:00,15,2,L,9,2528,465,67,na,0,17,56,na,na,,2017-08-28,2528,15:00:00,15,4,na,na,na,y,bald pneumatocyst,2017-11-20,n,2528,12:00:00,12,na,na,na,,na,na,na,na
11,2017-Aug,North,NAP,2017-08-24,15:00:00,15,2,L,6,303,312,60,na,0,6,18,na,na,,2017-08-28,303,15:00:00,15,30,na,9,26,y,,2017-11-20,n,303,12:00:00,12,na,na,na,,0.750,na,na,1.250
11,2017-Aug,North,OP,2017-08-26,na,na,1,R,na,na,712,30,na,H,na,na,na,na,,na,na,na,na,na,na,na,na,na,,na,na,na,na,na,na,na,na,,na,na,na,na
11,2017-Aug,North,OP,2017-08-26,na,na,1,R,na,na,508,80,na,0,na,na,na,na,,na,na,na,na,na,na,na,na,na,,na,na,na,na,na,na,na,na,,na,na,na,na
11,2017-Aug,North,OP,2017-08-26,na,na,1,L,na,na,700,40,na,H,na,na,na,na,,na,na,na,na,na,na,na,na,na,,na,na,na,na,na,na,na,na,,na,na,na,na
11,2017-Aug,North,OP,2017-08-26,na,na,1,L,na,na,589,30,na,H,na,na,na,na,,na,na,na,na,na,na,na,na,na,,na,na,na,na,na,na,na,na,,na,na,na,na
11,2017-Aug,North,OP,2017-08-26,na,na,1,L,na,na,582,40,na,L,na,na,na,na,,na,na,na,na,na,na,na,na,na,,na,na,na,na,na,na,na,na,,na,na,na,na
11,2017-Aug,North,OP,2017-08-26,na,na,1,L,na,na,426,60,na,0,na,na,na,na,,na,na,na,na,na,na,na,na,na,,na,na,na,na,na,na,na,na,,na,na,na,na
11,2017-Aug,North,OP,2017-08-26,na,na,1,L,na,na,588,40,na,0,na,na,na,na,,na,na,na,na,na,na,na,na,na,,na,na,na,na,na,na,na,na,,na,na,na,na
11,2017-Aug,North,OP,2017-08-26,na,na,1,R,na,na,139,0,na,na,na,na,na,na,no blades,na,na,na,na,na,na,na,na,na,,na,na,na,na,na,na,na,na,,na,na,na,na
11,2017-Aug,North,OP,2017-08-26,na,na,1,L,na,na,420,45,na,L,na,na,na,na,,na,na,na,na,na,na,na,na,na,,na,na,na,na,na,na,na,na,,na,na,na,na
11,2017-Aug,North,OP,2017-08-26,na,na,1,L,na,na,309,0,na,na,na,na,na,na,no blades,na,na,na,na,na,na,na,na,na,,na,na,na,na,na,na,na,na,,na,na,na,na
11,2017-Aug,North,OP,2017-08-26,na,na,1,R,na,na,280,40,na,L,na,na,na,na,,na,na,na,na,na,na,na,na,na,,na,na,na,na,na,na,na,na,,na,na,na,na
11,2017-Aug,North,OP,2017-08-26,na,na,1,L,na,na,400,55,na,L,na,na,na,na,,na,na,na,na,na,na,na,na,na,,na,na,na,na,na,na,na,na,,na,na,na,na
11,2017-Aug,North,OP,2017-08-26,na,na,1,L,na,na,381,115,na,0,na,na,na,na,,na,na,na,na,na,na,na,na,na,,na,na,na,na,na,na,na,na,,na,na,na,na
11,2017-Aug,North,OP,2017-08-26,na,na,1,L,na,na,319,85,na,0,na,na,na,na,,na,na,na,na,na,na,na,na,na,,na,na,na,na,na,na,na,na,,na,na,na,na
11,2017-Aug,North,OP,2017-08-26,na,na,1,L,na,na,394,40,na,L,na,na,na,na,,na,na,na,na,na,na,na,na,na,,na,na,na,na,na,na,na,na,,na,na,na,na
11,2017-Aug,North,OP,2017-08-26,na,na,2,L,na,na,506,0,na,na,na,na,na,na,no blades,na,na,na,na,na,na,na,na,na,,na,na,na,na,na,na,na,na,,na,na,na,na
11,2017-Aug,North,OP,2017-08-26,na,na,2,L,na,na,414,72,na,0,na,na,na,na,,na,na,na,na,na,na,na,na,na,,na,na,na,na,na,na,na,na,,na,na,na,na
11,2017-Aug,North,OP,2017-08-26,na,na,2,L,na,na,445,50,na,0,na,na,na,na,,na,na,na,na,na,na,na,na,na,,na,na,na,na,na,na,na,na,,na,na,na,na
11,2017-Aug,North,OP,2017-08-26,na,na,2,R,na,na,374,60,na,0,na,na,na,na,,na,na,na,na,na,na,na,na,na,,na,na,na,na,na,na,na,na,,na,na,na,na
11,2017-Aug,North,OP,2017-08-26,na,na,2,R,na,na,420,45,na,0,na,na,na,na,,na,na,na,na,na,na,na,na,na,,na,na,na,na,na,na,na,na,,na,na,na,na
11,2017-Aug,North,OP,2017-08-26,na,na,2,R,na,na,324,50,na,0,na,na,na,na,,na,na,na,na,na,na,na,na,na,,na,na,na,na,na,na,na,na,,na,na,na,na
11,2017-Aug,North,OP,2017-08-26,na,na,2,R,na,na,424,40,na,L,na,na,na,na,,na,na,na,na,na,na,na,na,na,,na,na,na,na,na,na,na,na,,na,na,na,na
11,2017-Aug,North,OP,2017-08-26,na,na,2,R,na,na,372,0,na,0,na,na,na,na,no blades,na,na,na,na,na,na,na,na,na,,na,na,na,na,na,na,na,na,,na,na,na,na
11,2017-Aug,North,OP,2017-08-26,na,na,2,L,na,na,554,50,na,0,na,na,na,na,,na,na,na,na,na,na,na,na,na,,na,na,na,na,na,na,na,na,,na,na,na,na
11,2017-Aug,North,OP,2017-08-26,na,na,2,R,na,na,288,0,na,na,na,na,na,na,no blades,na,na,na,na,na,na,na,na,na,,na,na,na,na,na,na,na,na,,na,na,na,na
11,2017-Aug,North,OP,2017-08-26,na,na,2,R,na,na,317,0,na,na,na,na,na,na,no blades,na,na,na,na,na,na,na,na,na,,na,na,na,na,na,na,na,na,,na,na,na,na
11,2017-Aug,North,OP,2017-08-26,na,na,2,R,na,na,317,0,na,na,na,na,na,na,no blades,na,na,na,na,na,na,na,na,na,,na,na,na,na,na,na,na,na,,na,na,na,na
11,2017-Aug,North,OP,2017-08-26,na,na,2,L,na,na,307,90,na,0,na,na,na,na,,na,na,na,na,na,na,na,na,na,,na,na,na,na,na,na,na,na,,na,na,na,na
11,2017-Aug,North,OP,2017-08-26,na,na,2,L,na,na,369,70,na,0,na,na,na,na,,na,na,na,na,na,na,na,na,na,,na,na,na,na,na,na,na,na,,na,na,na,na
11,2017-Aug,North,OP,2017-08-26,na,na,2,R,na,na,414,44,na,H,na,na,na,na,,na,na,na,na,na,na,na,na,na,,na,na,na,na,na,na,na,na,,na,na,na,na
11,2017-Aug,North,OP,2017-08-26,na,na,3,L,na,na,452,0,na,na,na,na,na,na,no blades,na,na,na,na,na,na,na,na,na,,na,na,na,na,na,na,na,na,,na,na,na,na
11,2017-Aug,North,OP,2017-08-26,na,na,3,L,na,na,444,45,na,0,na,na,na,na,,na,na,na,na,na,na,na,na,na,,na,na,na,na,na,na,na,na,,na,na,na,na
11,2017-Aug,North,OP,2017-08-26,na,na,3,R,na,na,476,0,na,na,na,na,na,na,no blades,na,na,na,na,na,na,na,na,na,,na,na,na,na,na,na,na,na,,na,na,na,na
11,2017-Aug,North,OP,2017-08-26,na,na,3,R,na,na,328,0,na,na,na,na,na,na,no blades,na,na,na,na,na,na,na,na,na,,na,na,na,na,na,na,na,na,,na,na,na,na
11,2017-Aug,North,OP,2017-08-26,na,na,3,L,na,na,404,0,na,na,na,na,na,na,no blades,na,na,na,na,na,na,na,na,na,,na,na,na,na,na,na,na,na,,na,na,na,na
11,2017-Aug,North,OP,2017-08-26,na,na,3,R,na,na,434,30,na,0,na,na,na,na,,na,na,na,na,na,na,na,na,na,,na,na,na,na,na,na,na,na,,na,na,na,na
11,2017-Aug,North,OP,2017-08-26,na,na,3,L,na,na,385,103,na,0,na,na,na,na,,na,na,na,na,na,na,na,na,na,,na,na,na,na,na,na,na,na,,na,na,na,na
11,2017-Aug,North,OP,2017-08-26,na,na,3,R,na,na,452,0,na,na,na,na,na,na,no blades,na,na,na,na,na,na,na,na,na,,na,na,na,na,na,na,na,na,,na,na,na,na
11,2017-Aug,North,OP,2017-08-26,na,na,3,R,na,na,400,0,na,na,na,na,na,na,no blades,na,na,na,na,na,na,na,na,na,,na,na,na,na,na,na,na,na,,na,na,na,na
11,2017-Aug,North,OP,2017-08-26,na,na,3,L,na,na,447,30,na,0,na,na,na,na,,na,na,na,na,na,na,na,na,na,,na,na,na,na,na,na,na,na,,na,na,na,na
11,2017-Aug,North,OP,2017-08-26,na,na,3,L,na,na,439,76,na,0,na,na,na,na,,na,na,na,na,na,na,na,na,na,,na,na,na,na,na,na,na,na,,na,na,na,na
11,2017-Aug,North,OP,2017-08-26,na,na,3,R,na,na,599,35,na,H,na,na,na,na,,na,na,na,na,na,na,na,na,na,,na,na,na,na,na,na,na,na,,na,na,na,na
11,2017-Aug,North,OP,2017-08-26,na,na,3,R,na,na,459,68,na,0,na,na,na,na,,na,na,na,na,na,na,na,na,na,,na,na,na,na,na,na,na,na,,na,na,na,na
11,2017-Aug,North,OP,2017-08-26,na,na,3,R,na,na,550,0,na,na,na,na,na,na,no blades,na,na,na,na,na,na,na,na,na,,na,na,na,na,na,na,na,na,,na,na,na,na
11,2017-Aug,North,OP,2017-08-26,na,na,3,R,na,na,618,30,na,L,na,na,na,na,,na,na,na,na,na,na,na,na,na,,na,na,na,na,na,na,na,na,,na,na,na,na
11,2017-Aug,Second,OP,2017-08-28,na,na,1,R,na,na,141,0,na,na,na,na,na,na,no blades,na,na,na,na,na,na,na,na,na,,na,na,na,na,na,na,na,na,,na,na,na,na
11,2017-Aug,Second,OP,2017-08-28,na,na,1,R,na,na,311,75,na,0,na,na,na,na,,na,na,na,na,na,na,na,na,na,,na,na,na,na,na,na,na,na,,na,na,na,na
11,2017-Aug,Second,OP,2017-08-28,na,na,1,R,na,na,237,45,na,0,na,na,na,na,,na,na,na,na,na,na,na,na,na,,na,na,na,na,na,na,na,na,,na,na,na,na
11,2017-Aug,Second,OP,2017-08-28,na,na,1,L,na,na,254,30,na,0,na,na,na,na,,na,na,na,na,na,na,na,na,na,,na,na,na,na,na,na,na,na,,na,na,na,na
11,2017-Aug,Second,OP,2017-08-28,na,na,1,L,na,na,267,0,na,na,na,na,na,na,no blades,na,na,na,na,na,na,na,na,na,,na,na,na,na,na,na,na,na,,na,na,na,na
11,2017-Aug,Second,OP,2017-08-28,na,na,1,R,na,na,291,45,na,0,na,na,na,na,,na,na,na,na,na,na,na,na,na,,na,na,na,na,na,na,na,na,,na,na,na,na
11,2017-Aug,Second,OP,2017-08-28,na,na,1,R,na,na,477,40,na,L,na,na,na,na,,na,na,na,na,na,na,na,na,na,,na,na,na,na,na,na,na,na,,na,na,na,na
11,2017-Aug,Second,OP,2017-08-28,na,na,1,R,na,na,492,40,na,0,na,na,na,na,,na,na,na,na,na,na,na,na,na,,na,na,na,na,na,na,na,na,,na,na,na,na
11,2017-Aug,Second,OP,2017-08-28,na,na,1,R,na,na,295,0,na,na,na,na,na,na,no blades,na,na,na,na,na,na,na,na,na,,na,na,na,na,na,na,na,na,,na,na,na,na
11,2017-Aug,Second,OP,2017-08-28,na,na,1,R,na,na,441,10,na,0,na,na,na,na,,na,na,na,na,na,na,na,na,na,,na,na,na,na,na,na,na,na,,na,na,na,na
11,2017-Aug,Second,OP,2017-08-28,na,na,1,R,na,na,335,0,na,na,na,na,na,na,no blades,na,na,na,na,na,na,na,na,na,,na,na,na,na,na,na,na,na,,na,na,na,na
11,2017-Aug,Second,OP,2017-08-28,na,na,1,R,na,na,438,0,na,na,na,na,na,na,no blades,na,na,na,na,na,na,na,na,na,,na,na,na,na,na,na,na,na,,na,na,na,na
11,2017-Aug,Second,OP,2017-08-28,na,na,1,R,na,na,193,0,na,na,na,na,na,na,no blades,na,na,na,na,na,na,na,na,na,,na,na,na,na,na,na,na,na,,na,na,na,na
11,2017-Aug,Second,OP,2017-08-28,na,na,1,L,na,na,445,10,na,0,na,na,na,na,,na,na,na,na,na,na,na,na,na,,na,na,na,na,na,na,na,na,,na,na,na,na
11,2017-Aug,Second,OP,2017-08-28,na,na,1,L,na,na,427,10,na,0,na,na,na,na,,na,na,na,na,na,na,na,na,na,,na,na,na,na,na,na,na,na,,na,na,na,na
11,2017-Aug,Second,OP,2017-08-28,na,na,2,R,na,na,368,75,na,0,na,na,na,na,,na,na,na,na,na,na,na,na,na,,na,na,na,na,na,na,na,na,,na,na,na,na
11,2017-Aug,Second,OP,2017-08-28,na,na,2,R,na,na,258,0,na,na,na,na,na,na,no blades,na,na,na,na,na,na,na,na,na,,na,na,na,na,na,na,na,na,,na,na,na,na
11,2017-Aug,Second,OP,2017-08-28,na,na,2,R,na,na,238,50,na,0,na,na,na,na,,na,na,na,na,na,na,na,na,na,,na,na,na,na,na,na,na,na,,na,na,na,na
11,2017-Aug,Second,OP,2017-08-28,na,na,3,L,na,na,304,50,na,0,na,na,na,na,,na,na,na,na,na,na,na,na,na,,na,na,na,na,na,na,na,na,,na,na,na,na
11,2017-Aug,Second,OP,2017-08-28,na,na,3,L,na,na,198,55,na,0,na,na,na,na,,na,na,na,na,na,na,na,na,na,,na,na,na,na,na,na,na,na,,na,na,na,na
11,2017-Aug,Second,OP,2017-08-28,na,na,3,R,na,na,199,0,na,na,na,na,na,na,no blades,na,na,na,na,na,na,na,na,na,,na,na,na,na,na,na,na,na,,na,na,na,na
12,2017-Nov,Second,DVM,2017-11-17,na,na,1,R,8,na,577,220,na,L,na,na,na,na,,na,na,na,na,na,na,na,na,na,,na,na,na,na,na,na,24,na,,na,na,na,na
12,2017-Nov,Second,DVM,2017-11-17,na,na,2,R,14,na,697,300,na,L,na,na,na,na,,na,na,na,na,na,na,na,na,na,,na,na,na,na,na,na,23,na,,na,na,na,na
12,2017-Nov,Second,DVM,2017-11-17,na,na,3,L,5,na,293,173,na,0,na,na,na,na,,na,na,na,na,na,na,na,na,na,,na,na,na,na,na,na,3,na,,na,na,na,na
12,2017-Nov,Second,DVM,2017-11-17,na,na,3,L,1.5,na,403,212,na,L,na,na,na,na,,na,na,na,na,na,na,na,na,na,,na,na,na,na,na,na,36,na,,na,na,na,na
12,2017-Nov,North,DVM,2017-11-23,na,na,1,R,5.5,na,429,124,na,L,na,na,4,na,,na,na,na,na,na,na,na,na,na,,na,na,na,na,na,na,na,na,,na,na,na,na
12,2017-Nov,North,DVM,2017-11-23,na,na,1,L,10,na,585,180,na,L,na,na,24,na,,na,na,na,na,na,na,na,na,na,,na,na,na,na,na,na,na,na,,na,na,na,na
12,2017-Nov,North,DVM,2017-11-23,na,na,1,L,11.5,na,245,0,na,0,na,na,0,na,no blades,na,na,na,na,na,na,na,na,na,,na,na,na,na,na,na,na,na,,na,na,na,na
12,2017-Nov,North,DVM,2017-11-23,na,na,2,R,19.5,na,444,167,na,0,na,na,8,na,,na,na,na,na,na,na,na,na,na,,na,na,na,na,na,na,na,na,,na,na,na,na
12,2017-Nov,North,DVM,2017-11-23,na,na,2,L,16.5,na,549,58,na,0,na,na,3,na,,na,na,na,na,na,na,na,na,na,,na,na,na,na,na,na,na,na,,na,na,na,na
12,2017-Nov,North,DVM,2017-11-23,na,na,2,R,16.5,na,484,0,na,0,na,na,0,na,no blades,na,na,na,na,na,na,na,na,na,,na,na,na,na,na,na,na,na,,na,na,na,na
12,2017-Nov,North,DVM,2017-11-23,na,na,3,L,15,na,623,96,na,0,na,na,4,na,,na,na,na,na,na,na,na,na,na,,na,na,na,na,na,na,na,na,,na,na,na,na
12,2017-Nov,North,DVM,2017-11-23,na,na,3,R,16,na,597,91,na,L,na,na,3,na,,na,na,na,na,na,na,na,na,na,,na,na,na,na,na,na,na,na,,na,na,na,na
12,2017-Nov,North,DVM,2017-11-23,na,na,3,R,19,na,438,159,na,L,na,na,10,na,,na,na,na,na,na,na,na,na,na,,na,na,na,na,na,na,na,na,,na,na,na,na
13,2018-Feb,North,DVM,2018-02-17,na,na,3,L,19,na,450,0,na,0,na,na,0,na,no blades,na,na,na,na,na,na,na,na,na,,na,na,na,na,na,na,na,na,,na,na,na,na
13,2018-Feb,Second,DVM,2018-02-15,na,na,1,R,12,na,500,15,na,0,na,na,4,na,,na,na,na,na,na,na,na,na,na,,na,na,na,na,na,na,na,na,,na,na,na,na
14,2018-May,Manley,OP,2018-05-22,10:30:00,10.5,3,R,10.9,179,309,106,3,0,24,56,na,na,,2018-05-26,179,9:30:00,9.5,39,na,30,30,y,broken at the punch,2018-07-13,y,179,8:00:00,8,365,26,na,,1.516,1.079,-0.271,-8.084
14,2018-May,Manley,OP,2018-05-22,10:30:00,10.5,2,L,9,183,334,150,4.5,0,46,138,na,na,,2018-05-26,183,9:30:00,9.5,64,na,55.5,134,y,,2018-07-13,y,183,8:00:00,8,444,24,na,,2.400,2.120,-0.834,-3.411
14,2018-May,Manley,OP,2018-05-22,10:30:00,10.5,2,R,11,186,128,85,3.5,0,12.5,47,na,na,,2018-05-26,186,9:30:00,9.5,18,na,20,56,y,,2018-07-13,y,186,8:00:00,8,215,43,na,,1.895,1.676,0.522,0.379
14,2018-May,Manley,OP,2018-05-22,10:30:00,10.5,2,R,16.5,180,213,178,3.5,0,59,174,na,na,,2018-05-26,180,9:30:00,9.5,48,na,78,195,y,,2018-07-13,y,180,8:00:00,8,306,53,na,,4.800,1.792,0.104,0.505
14,2018-May,Manley,OP,2018-05-22,10:30:00,10.5,1,R,11.6,185,387,160,5,0,39,112,na,na,,2018-05-26,185,9:30:00,9.5,47,na,47,122,y,,2018-07-13,y,185,8:00:00,8,454,22,na,,2.021,1.291,-0.522,0.505
14,2018-May,Manley,OP,2018-05-22,10:30:00,10.5,1,R,11.6,190,397,240,6,L,68.5,183,na,na,,2018-05-26,190,9:30:00,9.5,66,na,81,190,y,,2018-07-13,y,190,8:00:00,8,536,66,na,,3.158,2.678,0.000,-1.389
14,2018-May,Manley,OP,2018-05-22,10:30:00,10.5,1,R,11.4,177,162,120,4,0,22.5,75,na,na,,2018-05-26,177,9:30:00,9.5,26,na,31,84,y,,2018-07-13,y,177,8:00:00,8,281,47,na,,2.147,2.293,0.438,0.126
14,2018-May,Manley,OP,2018-05-22,10:30:00,10.5,1,R,11,189,156,115,2.5,0,32.5,105,na,na,,2018-05-26,189,9:30:00,9.5,36,na,45.5,117,y,,2018-07-13,y,189,8:00:00,8,254,57,na,,3.284,1.888,0.438,-0.253
14,2018-May,Manley,HS,2018-05-22,10:30:00,10.5,1,L,1.8,141,226,114,4,0,30,91,na,na,,2018-05-26,141,9:30:00,9.5,33,na,45,92,y,,2018-07-13,y,141,8:00:00,8,377,41,na,,3.789,2.910,0.167,-3.537
14,2018-May,Manley,HS,2018-05-22,10:30:00,10.5,1,L,4.3,182,245,155,4,0,40,120,na,na,,2018-05-26,182,9:30:00,9.5,64,na,54,160,y,,2018-07-13,y,182,8:00:00,8,332,50,na,,3.537,1.676,-0.292,6.568
14,2018-May,Manley,HS,2018-05-22,10:30:00,10.5,1,R,10.5,178,358,245,4,0,60,181,na,na,,2018-05-26,178,9:30:00,9.5,51,na,78,202,y,,2018-07-13,y,178,8:00:00,8,421,31,na,,4.547,1.214,-0.417,0.758
14,2018-May,Manley,HS,2018-05-22,10:30:00,10.5,1,R,11.2,194,293,150,5,0,32,110,na,na,,2018-05-26,194,9:30:00,9.5,45,na,41,119,y,,2018-07-13,y,194,8:00:00,8,387,45,na,,2.274,1.811,0.000,0.000
14,2018-May,Manley,HS,2018-05-22,10:30:00,10.5,1,R,11.3,143,335,265,5,0,80,250,na,na,,2018-05-26,143,9:30:00,9.5,102,na,110,244,y,,2018-07-13,y,143,8:00:00,8,409,89,na,,7.579,1.426,-0.271,-9.095
14,2018-May,Second,HS,2018-05-22,14:17:00,14.3,1,R,6.5,126,113,87,4.6,0,30,94,na,na,,2018-05-27,126,9:30:00,9.5,22,na,51,84,y,,2018-07-13,y,126,11:05:00,11.08,498,79,na,,4.375,7.423,1.211,-6.458
14,2018-May,Second,HS,2018-05-22,14:17:00,14.3,1,L,11,127,152,235,5.8,0,50,150,na,na,,2018-05-27,127,9:30:00,9.5,36,na,82,172,y,,2018-07-13,y,127,11:05:00,11.08,521,80,na,,6.667,7.115,0.935,-2.083
14,2018-May,Second,HS,2018-05-22,14:17:00,14.3,1,L,12.2,140,140,203,5.2,0,40,120,na,na,,2018-05-27,140,9:30:00,9.5,40,na,83,221,y,,2018-07-13,y,140,11:05:00,11.08,532,72,na,,8.958,7.558,0.680,12.083
14,2018-May,Second,HS,2018-05-22,14:17:00,14.3,1,L,12.2,181,100,71,3.2,0,30,150,na,na,"30, 150 unsure on the measurements",2018-05-27,181,9:30:00,9.5,52,na,41,65,y,,2018-07-13,n,181,11:05:00,11.08,na,na,na,,2.292,na,na,-20.000
14,2018-May,Second,HS,2018-05-22,14:17:00,14.3,1,L,12.1,187,282,194,6.6,0,34,97,na,na,,2018-05-27,187,9:30:00,9.5,35,na,65,89,y,,2018-07-13,y,187,11:05:00,11.08,670,42,na,,6.458,7.481,0.149,-8.125
14,2018-May,Second,OP,2018-05-22,14:17:00,14.3,2,R,3.2,128,148,102,5.5,0,26,81,na,na,,2018-05-27,128,9:30:00,9.5,26,na,53.5,111,y,,2018-07-13,n,128,11:05:00,11.08,na,na,na,,5.729,na,na,0.521
14,2018-May,Second,OP,2018-05-22,14:17:00,14.3,2,R,3.3,132,107,90,4,0,22,63,na,na,,2018-05-27,132,9:30:00,9.5,38,na,45,92,y,,2018-07-13,y,132,11:05:00,11.08,400,81,na,,4.792,5.649,0.914,1.250
14,2018-May,Second,OP,2018-05-22,14:17:00,14.3,1,L,18,137,181,140,5,0,30.5,95,na,na,,2018-05-27,137,9:30:00,9.5,26,na,58.5,124,y,,2018-07-13,n,137,11:05:00,11.08,na,na,na,,5.833,na,na,0.208
14,2018-May,Second,OP,2018-05-22,14:17:00,14.3,1,R,16.1,174,97,96,4.5,0,21,62,na,na,,2018-05-27,174,9:30:00,9.5,25,na,44,87,y,,2018-07-13,n,174,11:05:00,11.08,na,na,na,,4.792,na,na,0.417
14,2018-May,Second,OP,2018-05-22,14:17:00,14.3,1,L,16.1,173,96,74,4.5,0,20,71,na,na,,2018-05-27,173,9:30:00,9.5,22,na,41.5,94,y,,2018-07-13,y,173,11:05:00,11.08,467,79,na,,4.479,7.153,1.211,0.313
14,2018-May,Second,OP,2018-05-22,14:17:00,14.3,1,L,12.3,198,248,160,3.5,0,41,131,na,na,,2018-05-27,198,9:30:00,9.5,34,na,72,164,y,,2018-07-13,y,198,11:05:00,11.08,686,71,na,,6.458,8.445,0.786,0.417
14,2018-May,North,HS,2018-05-22,16:00:00,16,1,L,3.5,175,185,189,6,0,40,123,na,na,,2018-05-26,175,12:30:00,12.5,49,na,70,185,y,,2018-07-13,y,175,15:00:00,15,370,50,na,,7.784,3.561,0.021,8.303
14,2018-May,North,HS,2018-05-22,16:00:00,16,1,L,3.5,176,465,401,7,L,70,200,na,na,,2018-05-26,176,12:30:00,12.5,72,na,120,310,y,,2018-07-13,y,176,15:00:00,15,505,61,na,,12.973,0.770,-0.229,15.568
14,2018-May,North,HS,2018-05-22,16:00:00,16,1,L,3.5,193,117,123,5,0,40,119,na,na,,2018-05-26,193,12:30:00,12.5,43,na,63,115,y,,2018-07-13,y,193,15:00:00,15,426,93,na,,5.968,5.947,1.039,-7.005
14,2018-May,North,HS,2018-05-22,16:00:00,16,2,L,2.3,184,117,100,4,0,30,87,na,na,,2018-05-26,184,12:30:00,12.5,11,na,44,93,y,,2018-07-13,y,184,15:00:00,15,371,27,na,,3.632,4.889,0.333,-2.076
14,2018-May,North,HS,2018-05-22,16:00:00,16,2,R,2.5,1748,164,139,5,0,40,137,na,na,,2018-05-26,1748,12:30:00,12.5,39,na,64,160,y,,2018-07-13,y,1748,15:00:00,15,417,69,na,,6.227,4.869,0.624,-0.259
14,2018-May,North,HS,2018-05-22,16:00:00,16,2,R,13,2116,152,99,4,0,25,78,na,na,,2018-05-26,2116,12:30:00,12.5,27,na,44,92,y,,2018-07-13,y,2116,15:00:00,15,413,57,na,,4.930,5.023,0.624,-1.297
14,2018-May,North,OP,2018-05-22,16:00:00,16,3,R,0,197,348,320,10,L,78.5,246,na,na,,2018-05-26,197,12:30:00,12.5,66,na,118,285,y,,2018-07-13,y,197,15:00:00,15,555,61,na,,10.249,3.984,-0.104,-0.130
14,2018-May,North,OP,2018-05-22,16:00:00,16,3,R,1,142,230,153,5,0,52,177,na,na,,2018-05-26,142,12:30:00,12.5,35,na,85,192,y,,2018-07-13,y,142,15:00:00,15,452,55,na,,8.562,4.273,0.416,-4.670
14,2018-May,North,OP,2018-05-22,16:00:00,16,3,L,4,1775.1,113,92,4,0,21,67,na,na,,2018-05-26,1775.1,12:30:00,12.5,18,na,na,na,y,ripped out,2018-07-13,y,1775.1,15:00:00,15,394,63,na,,na,5.408,0.935,na
14,2018-May,North,OP,2018-05-22,16:00:00,16,3,R,5.5,1974.1,110,73,4,0,19.5,52,na,na,,2018-05-26,1974.1,12:30:00,12.5,22,na,37,74,y,,2018-07-13,y,1974.1,15:00:00,15,453,89,na,,4.541,6.601,1.393,1.168
14,2018-May,North,OP,2018-05-22,16:00:00,16,3,L,5.6,285,94,55,4,0,23,67,na,na,,2018-05-26,285,12:30:00,12.5,15,na,42,87,y,,2018-07-13,y,285,15:00:00,15,381,63,na,,4.930,5.524,0.998,0.259
14,2018-May,North,OP,2018-05-22,16:00:00,16,2,R,19.4,2534,95,70,3,0,21,62,na,na,,2018-05-26,2534,12:30:00,12.5,19,na,39.5,82,y,,2018-07-13,y,2534,15:00:00,15,455,80,na,,4.800,6.929,1.268,0.389
14,2018-May,North,OP,2018-05-22,16:00:00,16,2,R,17,2108,335,250,5,0,86,233,na,na,,2018-05-26,2108,12:30:00,12.5,51,na,115,253,y,,2018-07-13,y,2108,15:00:00,15,475,51,na,,7.524,2.694,0.000,-2.335
15,2018-Jul,Manley,KH,2018-07-13,8:23:00,8.4,2,R,12.2,168,218,27,4,0,10,28,na,na,,2018-07-19,168,9:40:00,9.67,30,na,10,17,y,,2018-08-21,n,168,10:00:00,10,na,na,na,,0.000,na,na,-1.817
15,2018-Jul,Manley,KH,2018-07-13,8:23:00,8.4,2,R,7.4,154,127,55,4.5,0,12,60,na,na,,2018-07-19,154,9:40:00,9.67,31,na,20,51,y,,2018-08-21,y,154,10:00:00,10,208,33,na,,1.322,2.073,0.061,-2.809
15,2018-Jul,Manley,KH,2018-07-13,8:23:00,8.4,1,L,0,166,155,42,3,0,15,50,na,na,,2018-07-19,166,9:40:00,9.67,26,na,21,34,y,,2018-08-21,y,166,10:00:00,10,203,29,na,,0.991,1.229,0.091,-3.635
15,2018-Jul,Manley,KH,2018-07-13,8:23:00,8.4,1,R,1.5,153,315,137,5,0,42,135,na,na,,2018-07-19,153,9:40:00,9.67,73,na,58,116,y,,2018-08-21,y,153,10:00:00,10,322,67,na,,2.643,0.179,-0.182,-5.782
15,2018-Jul,Manley,KH,2018-07-13,8:23:00,8.4,1,R,2,161,137,51,3,0,12,39,na,na,,2018-07-19,161,9:40:00,9.67,28,na,22,56,y,,2018-08-21,y,161,10:00:00,10,282,27,na,,1.652,3.712,-0.030,1.156
15,2018-Jul,Manley,KH,2018-07-13,8:23:00,8.4,1,L,4.5,170,329,53,4,0,12,64,na,na,,2018-07-19,170,9:40:00,9.67,28,na,13,40,y,,2018-08-21,y,170,10:00:00,10,331,0,na,,0.165,0.051,-0.848,-4.130
15,2018-Jul,Manley,KH,2018-07-13,8:23:00,8.4,1,L,4.7,162,173,45,4,0,13,43,na,na,,2018-07-19,162,9:40:00,9.67,22,na,na,na,y,Couldnt find punch,2018-08-21,y,162,10:00:00,10,174,0,na,,na,0.026,-0.666,na
15,2018-Jul,Manley,KH,2018-07-13,8:23:00,8.4,1,L,5,163,244,45,3,0,14,42,na,na,,2018-07-19,163,9:40:00,9.67,na,na,na,na,n,Plant gone,2018-08-21,n,163,10:00:00,10,na,na,na,,na,na,na,na
15,2018-Jul,Manley,KH,2018-07-13,8:23:00,8.4,1,L,11.5,165,103,50,3,0,17,51,na,na,,2018-07-19,165,9:40:00,9.67,29,na,19,41,y,,2018-08-21,n,165,10:00:00,10,na,na,na,,0.330,na,na,-1.983
15,2018-Jul,Manley,OP,2018-07-13,8:23:00,8.4,3,R,10.7,171,136,65,3,0,17,56,na,na,,2018-07-19,171,9:40:00,9.67,27,na,28,51,y,,2018-08-21,n,171,10:00:00,10,na,na,na,,1.817,na,na,-2.643
15,2018-Jul,Manley,OP,2018-07-13,8:23:00,8.4,3,R,10.9,179.1,365,40,2.5,0,13,36,na,na,,2018-07-19,179.1,9:40:00,9.67,21,na,17,36,y,,2018-08-21,n,179.1,10:00:00,10,na,na,na,,0.661,na,na,-0.661
15,2018-Jul,Manley,OP,2018-07-13,8:23:00,8.4,2,L,9,183.1,444,20,2,0,14,37,na,na,,2018-07-19,183.1,9:40:00,9.67,23,na,14,27.5,y,,2018-08-21,n,183.1,10:00:00,10,na,na,na,,0.000,na,na,-1.569
15,2018-Jul,Manley,OP,2018-07-13,8:23:00,8.4,2,R,11,186.1,215,40,2,0,15,41,na,na,,2018-07-19,186.1,9:40:00,9.67,44,na,17,28,y,,2018-08-21,n,186.1,10:00:00,10,na,na,na,,0.330,na,na,-2.478
15,2018-Jul,Manley,OP,2018-07-13,8:23:00,8.4,2,R,16.5,180.1,304,80,4.5,0,24,82,na,na,,2018-07-19,180.1,9:40:00,9.67,47,na,26,56,y,,2018-08-21,y,180.1,10:00:00,10,310,15,na,,0.330,0.154,-0.969,-4.626
15,2018-Jul,Manley,OP,2018-07-13,8:23:00,8.4,1,R,11.6,185.1,454,50,5,0,22.5,65,na,na,,2018-07-19,185.1,9:40:00,9.67,23,na,24,49,y,,2018-08-21,n,185.1,10:00:00,10,na,na,na,,0.248,na,na,-2.891
15,2018-Jul,Manley,OP,2018-07-13,8:23:00,8.4,1,R,11.6,190.1,436,60,5,L,28,73,na,na,,2018-07-19,190.1,9:40:00,9.67,60,na,37,58,y,,2018-08-21,y,190.1,10:00:00,10,440,38,na,,1.487,0.102,-0.666,-3.965
15,2018-Jul,Manley,OP,2018-07-13,8:23:00,8.4,1,R,11.4,177.1,281,30,3.5,0,13,38,na,na,,2018-07-19,177.1,9:40:00,9.67,0,na,na,na,y,Bald Plant,2018-08-21,n,177.1,10:00:00,10,na,na,na,,na,na,na,na
15,2018-Jul,Manley,OP,2018-07-13,8:23:00,8.4,1,R,11,189.1,254,90,4.5,0,25,80,na,na,,2018-07-19,189.1,9:40:00,9.67,60,na,28,74,y,,2018-08-21,y,189.1,10:00:00,10,262,47,na,,0.496,0.205,-0.394,-1.487
15,2018-Jul,Second,KH,2018-07-13,11:30:00,11.5,1,L,1.3,136,353,110,4.5,0,30,102,na,na,,2018-07-19,136,12:30:00,12.5,75,na,46,99,y,,2018-08-21,y,136,13:00:00,13,408,79,na,,2.648,1.408,0.121,-3.145
15,2018-Jul,Second,KH,2018-07-13,11:30:00,11.5,1,L,10.3,138,501,100,5.5,0,35,116,na,na,,2018-07-19,138,12:30:00,12.5,85,na,62,95,y,,2018-08-21,y,138,13:00:00,13,661,75,na,,4.469,4.096,-0.303,-7.945
15,2018-Jul,Second,KH,2018-07-13,11:30:00,11.5,1,L,12.2,169,670,97,5.5,L,13,45,na,na,,2018-07-19,169,12:30:00,12.5,36,na,28,56,y,,2018-08-21,y,169,13:00:00,13,670,34,na,,2.483,0.000,-0.061,-0.662
15,2018-Jul,Second,KH,2018-07-13,11:30:00,11.5,1,L,12.3,164,532,130,5.5,0,60,176,na,na,,2018-07-19,164,12:30:00,12.5,77,na,95,172,y,,2018-08-21,y,164,13:00:00,13,611,77,na,,5.793,2.022,0.000,-6.455
15,2018-Jul,Second,KH,2018-07-13,11:30:00,11.5,1,L,18.5,133,423,60,6,0,19,69,na,na,,2018-07-19,133,12:30:00,12.5,56,na,47,65,y,,2018-08-21,y,133,13:00:00,13,564,60,na,,4.634,3.610,0.121,-5.297
15,2018-Jul,Second,KH,2018-07-13,11:30:00,11.5,2,L,2.5,134,344,100,4,0,30,98,na,na,,2018-07-19,134,12:30:00,12.5,74,na,47,90,y,,2018-08-21,y,134,13:00:00,13,440,78,na,,2.814,2.458,0.121,-4.138
15,2018-Jul,Second,KH,2018-07-13,11:30:00,11.5,1,L,14,152,471,103,5,0,36,112,na,na,,2018-07-19,152,12:30:00,12.5,80,na,na,na,y,Couldnt find punch,2018-08-21,y,152,13:00:00,13,580,81,na,,na,2.790,0.030,na
15,2018-Jul,Second,KH,2018-07-13,11:30:00,11.5,2,R,4.2,132.1,280,100,5.5,0,30,91,na,na,,2018-07-19,132.1,12:30:00,12.5,47,na,54,75,y,,2018-08-21,n,132.1,13:00:00,13,na,na,na,,3.972,na,na,-6.621
15,2018-Jul,Second,KH,2018-07-13,11:30:00,11.5,2,R,4.1,157,265,75,6,0,21,69,na,na,,2018-07-19,157,12:30:00,12.5,66,na,38,72,y,,2018-08-21,n,157,13:00:00,13,na,na,na,,2.814,na,na,-2.317
15,2018-Jul,Second,OP,2018-07-13,11:30:00,11.5,1,R,9.5,155,250,70,4,0,20,62,na,na,,2018-07-19,155,12:30:00,12.5,48,na,49,82,y,,2018-08-21,y,155,13:00:00,13,462,45,na,,4.800,5.427,-0.091,-1.490
15,2018-Jul,Second,OP,2018-07-13,11:30:00,11.5,1,R,11,158,377,70,4,0,25,76,na,na,,2018-07-19,158,12:30:00,12.5,37,na,40,75,y,,2018-08-21,y,158,13:00:00,13,570,33,na,,2.483,4.941,-0.121,-2.648
15,2018-Jul,Second,OP,2018-07-13,11:30:00,11.5,1,R,19,172,368,90,4,0,28,80,na,na,,2018-07-19,172,12:30:00,12.5,57,na,na,na,y,Couldnt find punch,2018-08-21,n,172,13:00:00,13,na,na,na,,na,na,na,na
15,2018-Jul,Second,OP,2018-07-13,11:30:00,11.5,1,R,16,130,218,65,3,0,23,66,na,na,,2018-07-19,130,12:30:00,12.5,55,na,49,76,y,,2018-08-21,n,130,13:00:00,13,na,na,na,,4.303,na,na,-2.648
15,2018-Jul,Second,OP,2018-07-13,11:30:00,11.5,2,R,18.5,159,161,60,3,0,18,57,na,na,,2018-07-19,159,12:30:00,12.5,30,na,50,85,y,,2018-08-21,y,159,13:00:00,13,494,40,na,,5.297,8.525,0.303,-0.662
15,2018-Jul,Second,OP,2018-07-13,11:30:00,11.5,2,R,19.5,151,207,60,3,0,15,49,na,na,,2018-07-19,151,12:30:00,12.5,31,na,40,64,y,,2018-08-21,y,151,13:00:00,13,346,47,na,,4.138,3.558,0.485,-1.655
15,2018-Jul,Second,OP,2018-07-13,11:30:00,11.5,3,L,19.2,150,235,60,4,0,22,66,na,na,,2018-07-19,150,12:30:00,12.5,24,na,45,68,y,,2018-08-21,y,150,13:00:00,13,478,26,na,,3.807,6.221,0.061,-3.476
15,2018-Jul,Second,OP,2018-07-13,11:30:00,11.5,3,L,19.2,146,264,75,4,0,18,84,na,na,,2018-07-19,146,12:30:00,12.5,43,na,46,86,y,,2018-08-21,y,146,13:00:00,13,486,48,na,,4.634,5.683,0.151,-4.303
15,2018-Jul,Second,OP,2018-07-13,11:30:00,11.5,3,L,17.5,198.1,125,70,3,0,23,68,na,na,,2018-07-19,198.1,12:30:00,12.5,na,na,na,na,n,Plant gone,2018-08-21,n,198.1,13:00:00,13,na,na,na,,na,na,na,na
15,2018-Jul,North,OP,2018-07-13,15:00:00,15,2,R,2.2,252,394,120,5,0,35,106,na,na,,2018-07-19,252,15:50:00,15.83,38,na,61,91,y,,2018-08-21,y,252,15:30:00,15.5,468,42,na,,4.308,1.896,0.121,-6.794
15,2018-Jul,North,OP,2018-07-13,15:00:00,15,2,R,2.2,274.1,352,120,5,0,50,152,na,na,,2018-07-19,274.1,15:50:00,15.83,44,na,82,133,y,,2018-08-21,y,274.1,15:30:00,15.5,521,49,na,,5.303,4.331,0.152,-8.451
15,2018-Jul,North,OP,2018-07-13,15:00:00,15,2,R,6.3,272,324,130,5,0,40,115,na,na,,2018-07-19,272,15:50:00,15.83,41,na,65,108,y,,2018-08-21,y,272,15:30:00,15.5,494,46,na,,4.143,4.357,0.152,-5.303
15,2018-Jul,North,OP,2018-07-13,15:00:00,15,2,R,6.3,262,350,120,5,0,30,92,na,na,,2018-07-19,262,15:50:00,15.83,53,na,62,98,y,,2018-08-21,y,262,15:30:00,15.5,524,63,na,,5.303,4.459,0.303,-4.308
15,2018-Jul,North,OP,2018-07-13,15:00:00,15,3,R,15,251,250,70,5,0,11,39,na,na,,2018-07-19,251,15:50:00,15.83,17,na,na,na,y,Couldnt find punch,2018-08-21,y,251,15:30:00,15.5,520,29,na,,na,6.919,0.364,na
15,2018-Jul,North,OP,2018-07-13,15:00:00,15,3,L,15,261,489,120,7,0,28,77,na,na,,2018-07-19,261,15:50:00,15.83,60,na,54,85,y,,2018-08-21,y,261,15:30:00,15.5,591,51,na,,4.308,2.614,-0.273,-2.983
15,2018-Jul,North,OP,2018-07-13,15:00:00,15,3,R,7,273.1,360,115,6,0,29,87,na,na,,2018-07-19,273.1,15:50:00,15.83,58,na,61,105,y,,2018-08-21,y,273.1,15:30:00,15.5,509,68,na,,5.303,3.818,0.303,-2.320
15,2018-Jul,North,KH,2018-07-13,15:00:00,15,1,L,7,265,120,78,4,0,30,91,na,na,,2018-07-19,265,15:50:00,15.83,41,na,60,99,y,,2018-08-21,y,265,15:30:00,15.5,446,44,na,,4.971,8.355,0.091,-3.646
15,2018-Jul,North,KH,2018-07-13,15:00:00,15,1,L,2.7,263,367,180,8,0,75,231,na,na,,2018-07-19,263,15:50:00,15.83,49,na,83.5,150,y,,2018-08-21,n,263,15:30:00,15.5,na,na,na,,1.409,na,na,-14.831
15,2018-Jul,North,KH,2018-07-13,15:00:00,15,1,L,2.5,259,426,183,6,L,60,183,na,na,,2018-07-19,259,15:50:00,15.83,94,na,104,176,y,,2018-08-21,y,259,15:30:00,15.5,446,59,na,,7.291,0.513,-1.061,-8.451
15,2018-Jul,North,KH,2018-07-13,15:00:00,15,1,L,9.1,257,251,58,4,0,26,85,na,na,,2018-07-19,257,15:50:00,15.83,181,na,na,na,y,Couldnt find punch,2018-08-21,y,257,15:30:00,15.5,445,23,na,,na,4.972,-4.790,na
15,2018-Jul,North,KH,2018-07-13,15:00:00,15,1,L,7.1,267,313,85,4,0,25,73,na,na,,2018-07-19,267,15:50:00,15.83,44,na,48,93,y,,2018-08-21,y,267,15:30:00,15.5,488,50,na,,3.811,4.485,0.182,-0.497
15,2018-Jul,North,KH,2018-07-13,15:00:00,15,2,L,3.9,160,478,165,3,0,80,260,na,na,,2018-07-19,160,15:50:00,15.83,60,na,118,145,y,,2018-08-21,y,160,15:30:00,15.5,528,59,na,,6.297,1.281,-0.030,-25.354
15,2018-Jul,North,KH,2018-07-13,15:00:00,15,3,L,4,167,399,132,7,0,70,268,na,na,,2018-07-19,167,15:50:00,15.83,64,na,115,153,y,,2018-08-21,y,167,15:30:00,15.5,414,60,na,,7.457,0.384,-0.121,-26.514
15,2018-Jul,Manley,HS,2018-07-19,9:40:00,9.7,1,R,2,na,101,46,na,0,na,na,na,na,,na,na,na,na,na,na,na,na,na,,na,na,na,na,na,na,na,na,,na,na,na,na
15,2018-Jul,Manley,HS,2018-07-19,9:40:00,9.7,1,L,2,na,262,46,na,0,na,na,na,na,,na,na,na,na,na,na,na,na,na,,na,na,na,na,na,na,na,na,,na,na,na,na
15,2018-Jul,Manley,HS,2018-07-19,9:40:00,9.7,1,R,10,na,409,58,na,0,na,na,na,na,,na,na,na,na,na,na,na,na,na,,na,na,na,na,na,na,na,na,,na,na,na,na
15,2018-Jul,Manley,HS,2018-07-19,9:40:00,9.7,1,R,11,na,378,50,na,0,na,na,na,na,,na,na,na,na,na,na,na,na,na,,na,na,na,na,na,na,na,na,,na,na,na,na
15,2018-Jul,Manley,HS,2018-07-19,9:40:00,9.7,1,R,11.2,na,408,69,na,0,na,na,na,na,,na,na,na,na,na,na,na,na,na,,na,na,na,na,na,na,na,na,,na,na,na,na
15,2018-Jul,Manley,HS,2018-07-19,9:40:00,9.7,3,R,9.5,na,112,37,na,0,na,na,na,na,"plant growing on line, arbitratery chose R side",na,na,na,na,na,na,na,na,na,,na,na,na,na,na,na,na,na,,na,na,na,na
15,2018-Jul,Second,HS,2018-07-19,11:30:00,11.5,1,R,6.2,na,165,55,na,0,na,na,na,na,,na,na,na,na,na,na,na,na,na,,na,na,na,na,na,na,na,na,,na,na,na,na
15,2018-Jul,Second,HS,2018-07-19,11:30:00,11.5,1,R,7.4,na,198,70,na,0,na,na,na,na,,na,na,na,na,na,na,na,na,na,,na,na,na,na,na,na,na,na,,na,na,na,na
15,2018-Jul,Second,HS,2018-07-19,11:30:00,11.5,1,L,10.2,na,516,105,na,0,na,na,na,na,,na,na,na,na,na,na,na,na,na,,na,na,na,na,na,na,na,na,,na,na,na,na
15,2018-Jul,Second,HS,2018-07-19,11:30:00,11.5,1,L,11,na,718,136,na,L,na,na,na,na,,na,na,na,na,na,na,na,na,na,,na,na,na,na,na,na,na,na,,na,na,na,na
15,2018-Jul,Second,HS,2018-07-19,11:30:00,11.5,1,R,11.5,na,149,79,na,0,na,na,na,na,,na,na,na,na,na,na,na,na,na,,na,na,na,na,na,na,na,na,,na,na,na,na
15,2018-Jul,Second,HS,2018-07-19,11:30:00,11.5,1,R,13.8,na,95,32,na,0,na,na,na,na,,na,na,na,na,na,na,na,na,na,,na,na,na,na,na,na,na,na,,na,na,na,na
15,2018-Jul,Second,HS,2018-07-19,11:30:00,11.5,1,R,14.5,na,240,89,na,0,na,na,na,na,,na,na,na,na,na,na,na,na,na,,na,na,na,na,na,na,na,na,,na,na,na,na
15,2018-Jul,Second,HS,2018-07-19,11:30:00,11.5,1,L,15.1,na,126,54,na,0,na,na,na,na,,na,na,na,na,na,na,na,na,na,,na,na,na,na,na,na,na,na,,na,na,na,na
15,2018-Jul,Second,HS,2018-07-19,11:30:00,11.5,1,R,19,na,116,54,na,0,na,na,na,na,,na,na,na,na,na,na,na,na,na,,na,na,na,na,na,na,na,na,,na,na,na,na
15,2018-Jul,Second,HS,2018-07-19,11:30:00,11.5,1,R,19.5,na,254,76,na,0,na,na,na,na,,na,na,na,na,na,na,na,na,na,,na,na,na,na,na,na,na,na,,na,na,na,na
15,2018-Jul,Second,LL,2018-07-19,11:30:00,11.5,2,L,16,na,243,71,na,0,na,na,na,na,,na,na,na,na,na,na,na,na,na,,na,na,na,na,na,na,na,na,,na,na,na,na
15,2018-Jul,Second,LL,2018-07-19,11:30:00,11.5,2,L,16,na,292,85,na,0,na,na,na,na,,na,na,na,na,na,na,na,na,na,,na,na,na,na,na,na,na,na,,na,na,na,na
15,2018-Jul,Second,LL,2018-07-19,11:30:00,11.5,2,L,14,na,432,98,na,0,na,na,na,na,,na,na,na,na,na,na,na,na,na,,na,na,na,na,na,na,na,na,,na,na,na,na
15,2018-Jul,Second,LL,2018-07-19,11:30:00,11.5,2,R,14,na,231,41,na,0,na,na,na,na,,na,na,na,na,na,na,na,na,na,,na,na,na,na,na,na,na,na,,na,na,na,na
15,2018-Jul,Second,LL,2018-07-19,11:30:00,11.5,2,R,5,na,195,52,na,0,na,na,na,na,,na,na,na,na,na,na,na,na,na,,na,na,na,na,na,na,na,na,,na,na,na,na
15,2018-Jul,Second,LL,2018-07-19,11:30:00,11.5,2,L,5,na,248,78,na,0,na,na,na,na,,na,na,na,na,na,na,na,na,na,,na,na,na,na,na,na,na,na,,na,na,na,na
15,2018-Jul,Second,HS,2018-07-19,11:30:00,11.5,2,R,1.1,na,123,44,na,0,na,na,na,na,,na,na,na,na,na,na,na,na,na,,na,na,na,na,na,na,na,na,,na,na,na,na
15,2018-Jul,Second,HS,2018-07-19,11:30:00,11.5,2,L,1,na,189,70,na,0,na,na,na,na,,na,na,na,na,na,na,na,na,na,,na,na,na,na,na,na,na,na,,na,na,na,na
15,2018-Jul,Second,HS,2018-07-19,11:30:00,11.5,2,R,3.5,na,414,150,na,L,na,na,na,na,,na,na,na,na,na,na,na,na,na,,na,na,na,na,na,na,na,na,,na,na,na,na
15,2018-Jul,Second,LL,2018-07-19,11:30:00,11.5,3,R,0,na,127,41,na,0,na,na,na,na,,na,na,na,na,na,na,na,na,na,,na,na,na,na,na,na,na,na,,na,na,na,na
15,2018-Jul,Second,LL,2018-07-19,11:30:00,11.5,3,R,0,na,160,244,na,0,na,na,na,na,,na,na,na,na,na,na,na,na,na,,na,na,na,na,na,na,na,na,,na,na,na,na
15,2018-Jul,Second,LL,2018-07-19,11:30:00,11.5,3,R,10,na,715,52,na,0,na,na,na,na,,na,na,na,na,na,na,na,na,na,,na,na,na,na,na,na,na,na,,na,na,na,na
15,2018-Jul,Second,LL,2018-07-19,11:30:00,11.5,3,R,10,na,137,110,na,0,na,na,na,na,,na,na,na,na,na,na,na,na,na,,na,na,na,na,na,na,na,na,,na,na,na,na
15,2018-Jul,Second,LL,2018-07-19,11:30:00,11.5,3,R,10,na,125,78,na,0,na,na,na,na,,na,na,na,na,na,na,na,na,na,,na,na,na,na,na,na,na,na,,na,na,na,na
15,2018-Jul,Second,LL,2018-07-19,11:30:00,11.5,3,L,16,na,133,30,na,0,na,na,na,na,,na,na,na,na,na,na,na,na,na,,na,na,na,na,na,na,na,na,,na,na,na,na
15,2018-Jul,Second,LL,2018-07-19,11:30:00,11.5,3,L,16,na,426,129,na,0,na,na,na,na,,na,na,na,na,na,na,na,na,na,,na,na,na,na,na,na,na,na,,na,na,na,na
15,2018-Jul,Second,LL,2018-07-19,11:30:00,11.5,3,L,16,na,650,110,na,0,na,na,na,na,,na,na,na,na,na,na,na,na,na,,na,na,na,na,na,na,na,na,,na,na,na,na
15,2018-Jul,Second,LL,2018-07-19,11:30:00,11.5,3,L,19,na,278,94,na,0,na,na,na,na,,na,na,na,na,na,na,na,na,na,,na,na,na,na,na,na,na,na,,na,na,na,na
15,2018-Jul,North,HS,2018-07-19,15:50:00,15.8,1,R,7,na,447,102,na,0,na,na,na,na,,na,na,na,na,na,na,na,na,na,,na,na,na,na,na,na,na,na,,na,na,na,na
15,2018-Jul,North,HS,2018-07-19,15:50:00,15.8,1,R,7,na,414,114,na,0,na,na,na,na,,na,na,na,na,na,na,na,na,na,,na,na,na,na,na,na,na,na,,na,na,na,na
15,2018-Jul,North,HS,2018-07-19,15:50:00,15.8,1,R,6.8,na,441,115,na,0,na,na,na,na,,na,na,na,na,na,na,na,na,na,,na,na,na,na,na,na,na,na,,na,na,na,na
15,2018-Jul,North,HS,2018-07-19,15:50:00,15.8,1,R,2.7,na,504,144,na,L,na,na,na,na,,na,na,na,na,na,na,na,na,na,,na,na,na,na,na,na,na,na,,na,na,na,na
15,2018-Jul,North,HS,2018-07-19,15:50:00,15.8,2,L,2.3,na,388,85,na,0,na,na,na,na,,na,na,na,na,na,na,na,na,na,,na,na,na,na,na,na,na,na,,na,na,na,na
15,2018-Jul,North,HS,2018-07-19,15:50:00,15.8,2,R,3,na,365,145,na,0,na,na,na,na,,na,na,na,na,na,na,na,na,na,,na,na,na,na,na,na,na,na,,na,na,na,na
15,2018-Jul,North,HS,2018-07-19,15:50:00,15.8,2,L,4.1,na,506,74,na,0,na,na,na,na,,na,na,na,na,na,na,na,na,na,,na,na,na,na,na,na,na,na,,na,na,na,na
15,2018-Jul,North,HS,2018-07-19,15:50:00,15.8,2,R,6.4,na,193,94,na,0,na,na,na,na,,na,na,na,na,na,na,na,na,na,,na,na,na,na,na,na,na,na,,na,na,na,na
15,2018-Jul,North,HS,2018-07-19,15:50:00,15.8,2,R,6.4,na,252,66,na,0,na,na,na,na,,na,na,na,na,na,na,na,na,na,,na,na,na,na,na,na,na,na,,na,na,na,na
15,2018-Jul,North,HS,2018-07-19,15:50:00,15.8,2,R,6.6,na,246,94,na,0,na,na,na,na,,na,na,na,na,na,na,na,na,na,,na,na,na,na,na,na,na,na,,na,na,na,na
15,2018-Jul,North,HS,2018-07-19,15:50:00,15.8,2,R,13.5,na,404,160,na,0,na,na,na,na,,na,na,na,na,na,na,na,na,na,,na,na,na,na,na,na,na,na,,na,na,na,na
15,2018-Jul,North,HS,2018-07-19,15:50:00,15.8,2,R,16.8,na,457,185,na,0,na,na,na,na,,na,na,na,na,na,na,na,na,na,,na,na,na,na,na,na,na,na,,na,na,na,na
15,2018-Jul,North,LL,2018-07-19,15:50:00,15.8,3,R,0,na,269,71,na,L,na,na,na,na,,na,na,na,na,na,na,na,na,na,,na,na,na,na,na,na,na,na,,na,na,na,na
15,2018-Jul,North,LL,2018-07-19,15:50:00,15.8,3,R,1,na,467,150,na,L,na,na,na,na,,na,na,na,na,na,na,na,na,na,,na,na,na,na,na,na,na,na,,na,na,na,na
15,2018-Jul,North,LL,2018-07-19,15:50:00,15.8,3,R,1,na,482,150,na,L,na,na,na,na,,na,na,na,na,na,na,na,na,na,,na,na,na,na,na,na,na,na,,na,na,na,na
15,2018-Jul,North,LL,2018-07-19,15:50:00,15.8,3,L,4,na,562,94,na,0,na,na,na,na,,na,na,na,na,na,na,na,na,na,,na,na,na,na,na,na,na,na,,na,na,na,na
15,2018-Jul,North,LL,2018-07-19,15:50:00,15.8,3,L,5,na,131,99,na,0,na,na,na,na,,na,na,na,na,na,na,na,na,na,,na,na,na,na,na,na,na,na,,na,na,na,na
15,2018-Jul,North,LL,2018-07-19,15:50:00,15.8,3,L,5,na,414,148,na,L,na,na,na,na,,na,na,na,na,na,na,na,na,na,,na,na,na,na,na,na,na,na,,na,na,na,na
15,2018-Jul,North,LL,2018-07-19,15:50:00,15.8,3,R,6,na,477,136,na,L,na,na,na,na,,na,na,na,na,na,na,na,na,na,,na,na,na,na,na,na,na,na,,na,na,na,na
15,2018-Jul,North,LL,2018-07-19,15:50:00,15.8,3,L,7,na,317,150,na,0,na,na,na,na,,na,na,na,na,na,na,na,na,na,,na,na,na,na,na,na,na,na,,na,na,na,na
15,2018-Jul,North,LL,2018-07-19,15:50:00,15.8,3,R,7,na,119,78,na,0,na,na,na,na,,na,na,na,na,na,na,na,na,na,,na,na,na,na,na,na,na,na,,na,na,na,na
15,2018-Jul,North,LL,2018-07-19,15:50:00,15.8,3,R,7,na,244,97,na,0,na,na,na,na,,na,na,na,na,na,na,na,na,na,,na,na,na,na,na,na,na,na,,na,na,na,na
15,2018-Jul,North,LL,2018-07-19,15:50:00,15.8,3,R,10,na,182,102,na,0,na,na,na,na,,na,na,na,na,na,na,na,na,na,,na,na,na,na,na,na,na,na,,na,na,na,na
15,2018-Jul,North,LL,2018-07-19,15:50:00,15.8,3,L,11,na,268,112,na,0,na,na,na,na,,na,na,na,na,na,na,na,na,na,,na,na,na,na,na,na,na,na,,na,na,na,na
15,2018-Jul,North,LL,2018-07-19,15:50:00,15.8,3,L,12,na,343,147,na,L,na,na,na,na,,na,na,na,na,na,na,na,na,na,,na,na,na,na,na,na,na,na,,na,na,na,na
15,2018-Jul,North,LL,2018-07-19,15:50:00,15.8,3,L,16,na,515,150,na,L,na,na,na,na,,na,na,na,na,na,na,na,na,na,,na,na,na,na,na,na,na,na,,na,na,na,na
15,2018-Jul,North,LL,2018-07-19,15:50:00,15.8,3,L,18,na,370,137,na,L,na,na,na,na,,na,na,na,na,na,na,na,na,na,,na,na,na,na,na,na,na,na,,na,na,na,na
15,2018-Jul,North,LL,2018-07-19,15:50:00,15.8,3,R,18,na,170,72,na,0,na,na,na,na,,na,na,na,na,na,na,na,na,na,,na,na,na,na,na,na,na,na,,na,na,na,na
15,2018-Jul,North,LL,2018-07-19,15:50:00,15.8,3,L,19,na,393,91,na,L,na,na,na,na,,na,na,na,na,na,na,na,na,na,,na,na,na,na,na,na,na,na,,na,na,na,na
15,2018-Jul,North,LL,2018-07-19,15:50:00,15.8,3,L,19,na,426,128,na,L,na,na,na,na,,na,na,na,na,na,na,na,na,na,,na,na,na,na,na,na,na,na,,na,na,na,na
15,2018-Jul,North,LL,2018-07-19,15:50:00,15.8,3,L,19,na,398,94,na,L,na,na,na,na,,na,na,na,na,na,na,na,na,na,,na,na,na,na,na,na,na,na,,na,na,na,na
15,2018-Jul,North,LL,2018-07-19,15:50:00,15.8,3,R,20,na,566,117,na,L,na,na,na,na,,na,na,na,na,na,na,na,na,na,,na,na,na,na,na,na,na,na,,na,na,na,na
15,2018-Jul,North,LL,2018-07-19,15:50:00,15.8,2,R,16.8,na,322,128,na,L,na,na,na,na,,na,na,na,na,na,na,na,na,na,,na,na,na,na,na,na,na,na,,na,na,na,na
15,2018-Jul,North,LL,2018-07-19,15:50:00,15.8,2,R,18,na,375,124,na,L,na,na,na,na,,na,na,na,na,na,na,na,na,na,,na,na,na,na,na,na,na,na,,na,na,na,na
16,2018-Aug,Manley,OP,2018-08-21,10:30:00,10.5,2,R,7,156,197,50,5.8,0,18,53,na,na,,2018-08-26,156,11:30:00,11.5,32,na,27.5,58,y,,2018-11-20,y,156,12:00:00,12,372,5,na,,1.884,1.922,-0.314,-0.893
16,2018-Aug,Manley,OP,2018-08-21,10:30:00,10.5,2,R,11.5,na,380,0,na,na,na,na,0,na,no blades,na,na,na,na,na,na,na,na,na,,na,na,na,na,na,na,na,na,,na,na,na,na
16,2018-Aug,Manley,OP,2018-08-21,10:30:00,10.5,1,R,1.5,90,322,70,4.8,H,32,101,na,na,,2018-08-26,90,11:30:00,11.5,60,na,45,92,y,,2018-11-20,n,90,12:00:00,12,na,na,na,,2.579,na,na,-4.364
16,2018-Aug,Manley,OP,2018-08-21,10:30:00,10.5,1,R,2,93,282,45,4.5,0,15,46,na,na,,2018-08-26,93,11:30:00,11.5,25,na,24,43,y,,2018-11-20,n,93,12:00:00,12,na,na,na,,1.785,na,na,-2.380
16,2018-Aug,Manley,OP,2018-08-21,10:30:00,10.5,1,R,11.5,83,262,22,3,0,12,36,na,na,,2018-08-26,83,11:30:00,11.5,50,na,19.5,35,y,,2018-11-20,n,83,12:00:00,12,na,na,na,,1.488,na,na,-1.686
16,2018-Aug,Manley,OP,2018-08-21,10:30:00,10.5,1,R,11.5,28,402,25,4,H,11,30,na,na,,2018-08-26,28,11:30:00,11.5,53,na,15,33,y,,2018-11-20,n,28,12:00:00,12,na,na,na,,0.793,na,na,-0.198
16,2018-Aug,Manley,OP,2018-08-21,10:30:00,10.5,1,R,11.5,78,384,0,na,na,na,na,na,na,no blades,2018-08-26,78,11:30:00,11.5,0,na,na,na,y,,2018-11-20,n,78,12:00:00,12,na,na,na,,na,na,na,na
16,2018-Aug,Manley,NAP,2018-08-21,10:30:00,10.5,1,R,12.5,55,420,11,3,0,10,19,na,na,,2018-08-26,55,11:30:00,11.5,16,na,10,19,y,,2018-11-20,n,55,12:00:00,12,na,na,na,,0.000,na,na,0.000
16,2018-Aug,Manley,NAP,2018-08-21,10:30:00,10.5,3,R,9.2,64,161,18,3,0,10,16,na,na,"plant growing on line, arbitratery chose R side",2018-08-26,64,11:30:00,11.5,na,na,na,na,n,plant gone,2018-11-20,n,64,12:00:00,12,na,na,na,,na,na,na,na
16,2018-Aug,Second,NAP,2018-08-21,13:30:00,13.5,2,R,17.8,86,511,68,6,0,26,80,na,na,,2018-08-26,86,14:00:00,14,36,na,57,88,y,,2018-11-20,n,86,10:00:00,10,na,na,na,,6.174,na,na,-4.581
16,2018-Aug,Second,NAP,2018-08-21,13:30:00,13.5,2,R,17,85,420,77,4,0,30,88,na,na,,2018-08-26,85,14:00:00,14,28,na,69,110,y,,2018-11-20,y,85,10:00:00,10,677,20,na,,7.768,2.829,-0.093,-3.386
16,2018-Aug,Second,NAP,2018-08-21,13:30:00,13.5,2,R,3.5,271.1,329,130,6,H,60,180,na,na,,2018-08-26,271.1,14:00:00,14,80,na,89,130,y,,2018-11-20,n,271.1,10:00:00,10,na,na,na,,5.776,na,na,-15.734
16,2018-Aug,Second,NAP,2018-08-21,13:30:00,13.5,2,R,4,77,331,61,5,0,26,52,na,na,,2018-08-26,77,14:00:00,14,na,na,na,na,n,plant gone,2018-11-20,n,77,10:00:00,10,na,na,na,,na,na,na,na
16,2018-Aug,Second,NAP,2018-08-21,13:30:00,13.5,3,L,19.7,270.1,462,87,5,0,26,78,na,na,,2018-08-26,270.1,14:00:00,14,45,na,47,78,y,,2018-11-20,n,270.1,10:00:00,10,na,na,na,,4.183,na,na,-4.183
16,2018-Aug,Second,NAP,2018-08-21,13:30:00,13.5,3,L,19.7,81,489,50,4,0,12,41,na,na,,2018-08-26,81,14:00:00,14,23,na,30,52,y,,2018-11-20,n,81,10:00:00,10,na,na,na,,3.585,na,na,-1.394
16,2018-Aug,Second,NAP,2018-08-21,13:30:00,13.5,3,R,6,95,305,60,4.7,0,16,57,na,na,,2018-08-26,95,14:00:00,14,30,na,35,76,y,,2018-11-20,y,95,10:00:00,10,432,17,na,,3.784,1.398,-0.151,0.000
16,2018-Aug,Second,NAP,2018-08-21,13:30:00,13.5,1,L,0.5,88,412,120,7,L,40,121,na,na,,2018-08-26,88,14:00:00,14,78,na,73,141,y,,2018-11-20,y,88,10:00:00,10,440,50,na,,6.573,0.308,-0.326,-2.589
16,2018-Aug,Second,NAP,2018-08-21,13:30:00,13.5,1,R,8.5,97,325,77,4.5,0,15,55,na,na,,2018-08-26,97,14:00:00,14,25,na,35,78,y,,2018-11-20,n,97,10:00:00,10,na,na,na,,3.983,na,na,0.598
16,2018-Aug,Second,OP,2018-08-21,13:30:00,13.5,1,R,12.3,60,338,80,5,0,24,86,na,na,,2018-08-26,60,14:00:00,14,42,na,59,112,y,,2018-11-20,y,60,10:00:00,10,636,30,na,,6.971,3.280,-0.140,-1.793
16,2018-Aug,Second,OP,2018-08-21,13:30:00,13.5,1,L,11,52,534,100,7.4,H,40,134,na,na,,2018-08-26,52,14:00:00,14,77,na,69,143,y,,2018-11-20,y,52,10:00:00,10,551,31,na,,5.776,0.187,-0.536,-3.983
16,2018-Aug,Second,OP,2018-08-21,13:30:00,13.5,1,R,14.5,61,291,75,5.8,0,33,107,na,na,,2018-08-26,61,14:00:00,14,23,na,74.5,134,y,,2018-11-20,n,61,10:00:00,10,na,na,na,,8.266,na,na,-2.888
16,2018-Aug,Second,OP,2018-08-21,13:30:00,13.5,1,L,18,69,257,60,4,0,23,67,na,na,,2018-08-26,69,14:00:00,14,32,na,46,74,y,,2018-11-20,n,69,10:00:00,10,na,na,na,,4.581,na,na,-3.187
16,2018-Aug,Second,OP,2018-08-21,13:30:00,13.5,1,L,12.5,66,725,80,6.5,H,35,103,na,na,,2018-08-26,66,14:00:00,14,62,na,55,104,y,,2018-11-20,n,66,10:00:00,10,na,na,na,,3.983,na,na,-3.784
16,2018-Aug,Second,OP,2018-08-21,13:30:00,13.5,1,L,12.5,71,653,70,6.9,H,42,122,na,na,,2018-08-26,71,14:00:00,14,28,na,63,124,y,,2018-11-20,n,71,10:00:00,10,na,na,na,,4.183,na,na,-3.784
16,2018-Aug,Second,OP,2018-08-21,13:30:00,13.5,1,L,12.7,67,600,110,5,H,33,96,na,na,,2018-08-26,67,14:00:00,14,72,na,59,67,y,,2018-11-20,n,67,10:00:00,10,na,na,na,,5.178,na,na,-10.954
16,2018-Aug,Second,OP,2018-08-21,13:30:00,13.5,3,R,6,62,275,90,4.4,0,25,78,na,na,,2018-08-26,62,14:00:00,14,42,na,52,98,y,,2018-11-20,y,62,10:00:00,10,352,37,na,,5.378,0.848,-0.058,-1.394
16,2018-Aug,Second,OP,2018-08-21,13:30:00,13.5,3,R,6.5,72,335,70,5,0,23,76,na,na,,2018-08-26,72,14:00:00,14,27,na,na,na,y,,2018-11-20,n,72,10:00:00,10,na,na,na,,na,na,na,na
16,2018-Aug,North,OP,2018-08-21,16:30:00,16.5,3,R,0,89,540,85,6.7,0,28,85,na,na,,2018-08-26,89,16:00:00,16,30,na,53,97,y,,2018-11-20,n,89,10:00:00,10,na,na,na,,5.021,na,na,-2.611
16,2018-Aug,North,OP,2018-08-21,16:30:00,16.5,3,R,1.2,84,596,170,9.5,L,60,199,na,na,,2018-08-26,84,16:00:00,16,64,na,100,215,y,,2018-11-20,n,84,10:00:00,10,na,na,na,,8.033,na,na,-4.820
16,2018-Aug,North,OP,2018-08-21,16:30:00,16.5,3,L,6,92,505,100,8.8,H,51,158,na,na,,2018-08-26,92,16:00:00,16,47,na,78,158,y,,2018-11-20,y,92,12:00:00,12,530,32,na,,5.423,0.275,-0.175,-5.423
16,2018-Aug,North,OP,2018-08-21,16:30:00,16.5,3,L,11,79,400,170,9.6,0,60,169,na,na,,2018-08-26,79,16:00:00,16,27,na,94,184,y,,2018-11-20,y,79,12:00:00,12,512,20,na,,6.828,1.233,-0.082,-3.816
16,2018-Aug,North,OP,2018-08-21,16:30:00,16.5,3,L,14.5,99,173,73,5,0,24,70,na,na,,2018-08-26,99,16:00:00,16,6,na,37,76,y,,2018-11-20,n,99,12:00:00,12,na,na,na,,2.611,na,na,-1.406
16,2018-Aug,North,OP,2018-08-21,16:30:00,16.5,3,R,15,82,500,65,7.8,0,27,78,na,na,,2018-08-26,82,16:00:00,16,28,na,52,91,y,,2018-11-20,n,82,12:00:00,12,na,na,na,,5.021,na,na,-2.410
16,2018-Aug,North,OP,2018-08-21,16:30:00,16.5,2,R,2,44,463,130,6.7,H,49,141,na,na,,2018-08-26,44,16:00:00,16,40,na,72,115,y,,2018-11-20,n,44,12:00:00,12,na,na,na,,4.619,na,na,-9.841
16,2018-Aug,North,OP,2018-08-21,16:30:00,16.5,2,R,2,65,512,120,8.5,H,32,100,na,na,,2018-08-26,65,16:00:00,16,46,na,47,95,y,,2018-11-20,n,65,12:00:00,12,na,na,na,,3.013,na,na,-4.017
16,2018-Aug,North,OP,2018-08-21,16:30:00,16.5,2,R,13.5,98,472,160,10,H,60,182,na,na,,2018-08-26,98,16:00:00,16,69,na,94.5,173,y,,2018-11-20,n,98,12:00:00,12,na,na,na,,6.929,na,na,-8.736
16,2018-Aug,North,OP,2018-08-21,16:30:00,16.5,2,R,16.8,74,494,145,10.5,H,45,132,na,na,,2018-08-26,74,16:00:00,16,40,na,66,146,y,,2018-11-20,y,74,12:00:00,12,511,5,na,,4.218,0.187,-0.408,-1.406
16,2018-Aug,North,OP,2018-08-21,16:30:00,16.5,2,R,16.9,29,526,130,7.5,L,45,134,na,na,,2018-08-26,29,16:00:00,16,34,na,84,114,y,,2018-11-20,y,29,12:00:00,12,600,26,na,,7.833,0.815,-0.093,-11.849
16,2018-Aug,North,NAP,2018-08-21,16:30:00,16.5,1,L,2.5,80,567,138,10.9,H,50,163,na,na,,2018-08-26,80,16:00:00,16,59,na,97,165,y,,2018-11-20,n,80,12:00:00,12,na,na,na,,9.439,na,na,-9.038
16,2018-Aug,North,NAP,2018-08-21,16:30:00,16.5,1,L,3.9,82.1,481,158,13,H,70,183,na,na,,2018-08-26,82.1,16:00:00,16,43,na,106,168,y,,2018-11-20,n,82.1,12:00:00,12,na,na,na,,7.230,na,na,-10.243
16,2018-Aug,North,NAP,2018-08-21,16:30:00,16.5,1,L,6.8,68,460,140,6,H,50,141,na,na,,2018-08-26,68,16:00:00,16,43,na,73,126,y,,2018-11-20,n,68,12:00:00,12,na,na,na,,4.619,na,na,-7.632
16,2018-Aug,North,NAP,2018-08-21,16:30:00,16.5,1,L,7,54,566,129,6,H,48,139,na,na,,2018-08-26,54,16:00:00,16,40,na,75,142,y,,2018-11-20,n,54,12:00:00,12,na,na,na,,5.423,na,na,-4.820
16,2018-Aug,North,NAP,2018-08-21,16:30:00,16.5,1,L,7.1,57,479,160,6,H,50,214,na,na,,2018-08-26,57,16:00:00,16,30,na,86,225,y,,2018-11-20,n,57,12:00:00,12,na,na,na,,7.230,na,na,-5.021
16,2018-Aug,North,NAP,2018-08-21,16:30:00,16.5,1,L,9,63,446,93,5,0,25,76,na,na,,2018-08-26,63,16:00:00,16,24,na,47.5,85,y,,2018-11-20,n,63,12:00:00,12,na,na,na,,4.519,na,na,-2.711
16,2018-Aug,North,NAP,2018-08-21,16:30:00,16.5,1,L,6.5,50,407,88,5,0,26,77,na,na,,2018-08-26,50,16:00:00,16,34,na,52.5,81,y,,2018-11-20,n,50,12:00:00,12,na,na,na,,5.322,na,na,-4.519
16,2018-Aug,Second,BMM,2018-08-26,14:00:00,14,2,R,17.5,na,532,95,na,0,na,na,40,na,,na,na,na,na,na,na,na,na,na,,na,na,na,na,na,na,na,na,,na,na,na,na
16,2018-Aug,Second,BMM,2018-08-26,14:00:00,14,1,L,19,na,575,55,na,0,na,na,65,na,,na,na,na,na,na,na,na,na,na,,na,na,na,na,na,na,na,na,,na,na,na,na
16,2018-Aug,Second,BMM,2018-08-26,14:00:00,14,1,L,10.5,na,643,105,na,0,na,na,83,na,,na,na,na,na,na,na,na,na,na,,na,na,na,na,na,na,na,na,,na,na,na,na
16,2018-Aug,Second,BMM,2018-08-26,14:00:00,14,1,R,10.5,na,372,56,na,0,na,na,32,na,,na,na,na,na,na,na,na,na,na,,na,na,na,na,na,na,na,na,,na,na,na,na
16,2018-Aug,Second,BMM,2018-08-26,14:00:00,14,1,R,9.5,na,471,162,na,0,na,na,39,na,,na,na,na,na,na,na,na,na,na,,na,na,na,na,na,na,na,na,,na,na,na,na
16,2018-Aug,North,NAP,2018-08-26,16:00:00,16,3,R,1,na,511,120,na,H,na,na,na,na,,na,na,na,na,na,na,na,na,na,,na,na,na,na,na,na,na,na,,na,na,na,na
16,2018-Aug,North,NAP,2018-08-26,16:00:00,16,3,R,0.5,na,498,124,na,H,na,na,na,na,,na,na,na,na,na,na,na,na,na,,na,na,na,na,na,na,na,na,,na,na,na,na
16,2018-Aug,North,NAP,2018-08-26,16:00:00,16,3,L,3.8,na,328,128,na,H,na,na,na,na,,na,na,na,na,na,na,na,na,na,,na,na,na,na,na,na,na,na,,na,na,na,na
16,2018-Aug,North,NAP,2018-08-26,16:00:00,16,3,R,4.1,na,564,131,na,0,na,na,na,na,"plant growing on line, arbitratery chose R side",na,na,na,na,na,na,na,na,na,,na,na,na,na,na,na,na,na,,na,na,na,na
16,2018-Aug,North,NAP,2018-08-26,16:00:00,16,3,R,5.6,na,536,148,na,H,na,na,na,na,,na,na,na,na,na,na,na,na,na,,na,na,na,na,na,na,na,na,,na,na,na,na
16,2018-Aug,North,NAP,2018-08-26,16:00:00,16,3,L,7,na,564,139,na,H,na,na,na,na,,na,na,na,na,na,na,na,na,na,,na,na,na,na,na,na,na,na,,na,na,na,na
16,2018-Aug,North,NAP,2018-08-26,16:00:00,16,3,R,7,na,344,145,na,H,na,na,na,na,,na,na,na,na,na,na,na,na,na,,na,na,na,na,na,na,na,na,,na,na,na,na
16,2018-Aug,North,NAP,2018-08-26,16:00:00,16,3,R,7.2,na,516,157,na,H,na,na,na,na,,na,na,na,na,na,na,na,na,na,,na,na,na,na,na,na,na,na,,na,na,na,na
16,2018-Aug,North,NAP,2018-08-26,16:00:00,16,3,R,7.4,na,527,109,na,0,na,na,na,na,,na,na,na,na,na,na,na,na,na,,na,na,na,na,na,na,na,na,,na,na,na,na
16,2018-Aug,North,NAP,2018-08-26,16:00:00,16,3,L,10.8,na,397,167,na,0,na,na,na,na,,na,na,na,na,na,na,na,na,na,,na,na,na,na,na,na,na,na,,na,na,na,na
16,2018-Aug,North,NAP,2018-08-26,16:00:00,16,3,L,13.5,na,633,108,na,0,na,na,na,na,,na,na,na,na,na,na,na,na,na,,na,na,na,na,na,na,na,na,,na,na,na,na
16,2018-Aug,North,NAP,2018-08-26,16:00:00,16,3,L,14.2,na,645,119,na,L,na,na,na,na,,na,na,na,na,na,na,na,na,na,,na,na,na,na,na,na,na,na,,na,na,na,na
16,2018-Aug,North,NAP,2018-08-26,16:00:00,16,3,L,15.8,na,598,170,na,H,na,na,na,na,,na,na,na,na,na,na,na,na,na,,na,na,na,na,na,na,na,na,,na,na,na,na
16,2018-Aug,North,NAP,2018-08-26,16:00:00,16,3,R,16.3,na,524,128,na,0,na,na,na,na,"plant growing on line, arbitratery chose R side",na,na,na,na,na,na,na,na,na,,na,na,na,na,na,na,na,na,,na,na,na,na
16,2018-Aug,North,NAP,2018-08-26,16:00:00,16,3,R,17.8,na,464,160,na,0,na,na,na,na,"plant growing on line, arbitratery chose R side",na,na,na,na,na,na,na,na,na,,na,na,na,na,na,na,na,na,,na,na,na,na
16,2018-Aug,North,NAP,2018-08-26,16:00:00,16,2,R,19.1,na,491,115,na,0,na,na,na,na,"plant growing on line, arbitratery chose R side",na,na,na,na,na,na,na,na,na,,na,na,na,na,na,na,na,na,,na,na,na,na
16,2018-Aug,North,NAP,2018-08-26,16:00:00,16,2,L,12,na,488,175,na,H,na,na,na,na,,na,na,na,na,na,na,na,na,na,,na,na,na,na,na,na,na,na,,na,na,na,na
16,2018-Aug,North,NAP,2018-08-26,16:00:00,16,2,R,6.3,na,453,88,na,0,na,na,na,na,,na,na,na,na,na,na,na,na,na,,na,na,na,na,na,na,na,na,,na,na,na,na
16,2018-Aug,North,NAP,2018-08-26,16:00:00,16,2,R,6.3,na,430,92,na,0,na,na,na,na,,na,na,na,na,na,na,na,na,na,,na,na,na,na,na,na,na,na,,na,na,na,na
16,2018-Aug,North,NAP,2018-08-26,16:00:00,16,2,R,6.4,na,537,175,na,H,na,na,na,na,,na,na,na,na,na,na,na,na,na,,na,na,na,na,na,na,na,na,,na,na,na,na
16,2018-Aug,North,NAP,2018-08-26,16:00:00,16,2,L,4.5,na,538,147,na,H,na,na,na,na,,na,na,na,na,na,na,na,na,na,,na,na,na,na,na,na,na,na,,na,na,na,na
16,2018-Aug,North,NAP,2018-08-26,16:00:00,16,2,L,4.5,na,676,160,na,H,na,na,na,na,,na,na,na,na,na,na,na,na,na,,na,na,na,na,na,na,na,na,,na,na,na,na
16,2018-Aug,North,NAP,2018-08-26,16:00:00,16,2,R,4.2,na,522,170,na,L,na,na,na,na,,na,na,na,na,na,na,na,na,na,,na,na,na,na,na,na,na,na,,na,na,na,na
16,2018-Aug,North,NAP,2018-08-26,16:00:00,16,2,R,2.3,na,426,129,na,H,na,na,na,na,"plant growing on line, arbitratery chose R side",na,na,na,na,na,na,na,na,na,,na,na,na,na,na,na,na,na,,na,na,na,na
16,2018-Aug,North,NAP,2018-08-26,16:00:00,16,1,L,7,na,504,125,na,H,na,na,na,na,,na,na,na,na,na,na,na,na,na,,na,na,na,na,na,na,na,na,,na,na,na,na
16,2018-Aug,North,NAP,2018-08-26,16:00:00,16,1,L,7,na,578,130,na,H,na,na,na,na,,na,na,na,na,na,na,na,na,na,,na,na,na,na,na,na,na,na,,na,na,na,na
17,2018-Nov,Second,BMM,2018-11-20,10:00:00,10,1,L,0.5,27,440,150,na,H,25,85,na,na,,2018-11-24,27,10:00:00,10,50,na,32,89,y,,2019-01-14,y,27,14:00:00,14,447,24,na,,1.750,0.127,-0.508,-0.750
17,2018-Nov,Second,BMM,2018-11-20,10:00:00,10,1,R,10,12,739,50,na,L,30.5,112,na,na,,2018-11-24,12,10:00:00,10,25,na,35,117,y,,2019-01-14,y,12,14:00:00,14,739,25,na,"swelly conditions, reajusted measurements, actual stipeL3:723",1.125,0.000,0.000,0.125
17,2018-Nov,Second,BMM,2018-11-20,10:00:00,10,1,R,10.1,33,679,90,na,L,26.5,219,na,na,,2018-11-24,33,10:00:00,10,30,na,39.5,169,y,,2019-01-14,y,33,14:00:00,14,719,25,na,,3.250,0.725,-0.098,-15.750
17,2018-Nov,Second,BMM,2018-11-20,10:00:00,10,1,L,12,39,551,80,na,H,39,125,na,na,,2018-11-24,39,10:00:00,10,31,na,44,119,y,,2019-01-14,y,39,14:00:00,14,562,13,na,,1.250,0.199,-0.352,-2.750
17,2018-Nov,Second,BMM,2018-11-20,10:00:00,10,1,L,19,22,609,90,na,H,36.5,117,na,na,,2018-11-24,22,10:00:00,10,26,na,39,111,y,,2019-01-14,y,22,14:00:00,14,632,13,na,,0.625,0.417,-0.254,-2.125
17,2018-Nov,Second,BMM,2018-11-20,10:00:00,10,1,L,14.5,11,538,150,na,L,37,153,na,na,,2018-11-24,11,10:00:00,10,31,na,39,152,y,,2019-01-14,y,11,14:00:00,14,556,27,na,,0.500,0.326,-0.078,-0.750
17,2018-Nov,Second,BMM,2018-11-20,10:00:00,10,3,R,6,10,352,250,na,na,69,250,na,na,,2018-11-24,10,10:00:00,10,37,na,69,165,y,"measurement reajusted, distP2 66cm",2019-01-14,y,10,14:00:00,14,459,42,na,,0.000,1.940,0.098,-21.250
17,2018-Nov,Second,OP,2018-11-20,10:00:00,10,2,R,17,45,744,275,na,H,90,275,na,na,,2018-11-24,45,10:00:00,10,45,na,107,280,y,,2019-01-14,y,45,14:00:00,14,744,27,na,"swelly conditions, reajusted measurements, actual stipeL3:742",4.250,0.000,-0.352,-3.000
17,2018-Nov,Second,OP,2018-11-20,10:00:00,10,2,R,16,1,677,115,na,0,49,144,na,na,,2018-11-24,1,10:00:00,10,20,na,61.5,144,y,,2019-01-14,y,1,14:00:00,14,677,17,na,"swelly conditions, reajusted measurements, actual stipeL3:674",3.125,0.000,-0.059,-3.125
17,2018-Nov,Second,OP,2018-11-20,10:00:00,10,1,L,11.2,9,759,250,na,H,90,275,na,na,,2018-11-24,9,10:00:00,10,76,na,105,274,y,,2019-01-14,y,9,14:00:00,14,766,73,na,,3.750,0.127,-0.059,-4.000
17,2018-Nov,Second,OP,2018-11-20,10:00:00,10,1,R,13,36,636,230,na,H,54,198,na,na,,2018-11-24,36,10:00:00,10,30,na,62,200,y,,2019-01-14,y,36,14:00:00,14,636,30,na,"swelly conditions, reajusted measurements, actual stipeL3:630",2.000,0.000,0.000,-1.500
17,2018-Nov,Second,OP,2018-11-20,10:00:00,10,1,R,17,40,593,150,na,H,38,110,na,na,,2018-11-24,40,10:00:00,10,27,na,45,111,y,,2019-01-14,y,40,14:00:00,14,615,26,na,,1.750,0.399,-0.020,-1.500
17,2018-Nov,Second,OP,2018-11-20,10:00:00,10,3,R,6.2,35,432,140,na,H,50,150,na,na,,2018-11-24,35,10:00:00,10,17,na,56,160,y,,2019-01-14,y,35,14:00:00,14,433,17,na,,1.500,0.018,0.000,1.000
17,2018-Nov,Second,OP,2018-11-20,10:00:00,10,1,R,12,3,642,120,na,H,27,88,na,na,,2018-11-24,3,10:00:00,10,20,na,31,95,y,,2019-01-14,y,3,14:00:00,14,652,20,na,,1.000,0.181,0.000,0.750
17,2018-Nov,North,BMM,2018-11-20,10:40:00,10.7,3,R,6.4,32,401,90,na,0,39,109,na,na,,2018-11-24,32,12:00:00,12,9,na,44,118,y,,2019-01-13,y,32,13:00:00,13,493,4,na,,1.233,1.701,-0.100,0.987
17,2018-Nov,North,BMM,2018-11-20,10:40:00,10.7,3,R,6.5,8,528,180,na,L,51,152,na,na,,2018-11-24,8,12:00:00,12,17,na,51,153,y,,2019-01-13,y,8,13:00:00,13,536,20,na,,0.000,0.148,0.060,0.247
17,2018-Nov,North,BMM,2018-11-20,10:40:00,10.7,3,L,11.5,13,482,215,na,L,52,115,na,na,,2018-11-24,13,12:00:00,12,27,na,53,193,y,,2019-01-13,y,13,13:00:00,13,482,16,na,"swelly conditions, reajusted measurements, actual stipeL3:480",0.247,0.000,-0.220,18.993
17,2018-Nov,North,BMM,2018-11-20,10:40:00,10.7,2,R,7.5,34,514,130,na,L,34.5,97,na,na,,2018-11-24,34,12:00:00,12,39,na,40,107,y,,2019-01-13,y,34,13:00:00,13,514,28,na,"swelly conditions, reajusted measurements, actual stipeL3:508",1.357,0.000,-0.220,1.110
17,2018-Nov,North,BMM,2018-11-20,10:40:00,10.7,2,R,7.5,43,465,90,na,H,26.5,98,na,na,,2018-11-24,43,12:00:00,12,19,na,32,101,y,,2019-01-13,y,43,13:00:00,13,465,0,na,"swelly conditions, reajusted measurements, actual stipeL3:458",1.357,0.000,-0.380,-0.617
17,2018-Nov,North,BMM,2018-11-20,10:40:00,10.7,2,R,19,7,600,25,na,H,20.5,67,na,na,on line?,2018-11-24,7,12:00:00,12,17,na,23,71,y,,2019-01-13,y,7,13:00:00,13,600,11,na,"swelly conditions, reajusted measurements, actual stipeL3:587",0.617,0.000,-0.120,0.370
17,2018-Nov,North,BMM,2018-11-20,10:40:00,10.7,1,L,7,18,483,110,na,H,36,125,na,na,,2018-11-24,18,12:00:00,12,17,na,38,119,y,,2019-01-13,y,18,13:00:00,13,483,11,na,"swelly conditions, reajusted measurements, actual stipeL3:470",0.493,0.000,-0.120,-1.973
17,2018-Nov,North,BMM,2018-11-20,10:40:00,10.7,3,L,17.3,14,602,123,na,H,44,133,na,na,on line?,2018-11-24,14,12:00:00,12,31,na,47,127,y,,2019-01-13,y,14,13:00:00,13,608,21,na,,0.740,0.111,-0.200,-2.220
17,2018-Nov,North,BMM,2018-11-20,10:40:00,10.7,3,R,19.8,17,614,110,na,H,46,173,na,na,,2018-11-24,17,12:00:00,12,40,na,54,180,y,,2019-01-13,y,17,13:00:00,13,724,37,na,,1.973,2.033,-0.060,-0.247
17,2018-Nov,North,OP,2018-11-20,10:40:00,10.7,3,R,5.5,20,525,140,na,H,32,77,na,na,,2018-11-24,20,12:00:00,12,11,na,na,na,y,,2019-01-13,y,20,13:00:00,13,532,10,na,,na,0.129,-0.020,na
17,2018-Nov,North,OP,2018-11-20,10:40:00,10.7,3,L,14.5,41,651,110,na,H,23,69,na,na,,2018-11-24,41,12:00:00,12,19,na,26.5,72,y,,2019-01-13,y,41,13:00:00,13,651,15,na,"swelly conditions, reajusted measurements, actual stipeL3:622",0.863,0.000,-0.080,-0.123
17,2018-Nov,North,OP,2018-11-20,10:40:00,10.7,3,R,18.5,15,662,100,na,H,24,77,na,na,,2018-11-24,15,12:00:00,12,28,na,32,87,y,,2019-01-13,y,15,13:00:00,13,662,26,na,"swelly conditions, reajusted measurements, actual stipeL3:629",1.973,0.000,-0.040,0.493
17,2018-Nov,North,OP,2018-11-20,10:40:00,10.7,2,R,18.5,24,511,80,na,H,51,151,na,na,,2018-11-24,24,12:00:00,12,5,na,na,na,y,,2019-01-13,y,24,13:00:00,13,511,1,na,"swelly conditions, reajusted measurements, actual stipeL3:496",na,0.000,-0.080,na
17,2018-Nov,North,OP,2018-11-20,10:40:00,10.7,2,R,18.6,16,600,170,na,L,80,138,na,na,,2018-11-24,16,12:00:00,12,26,na,96.5,250,y,,2019-01-13,y,16,13:00:00,13,600,14,na,"swelly conditions, reajusted measurements, actual stipeL3:590",4.070,0.000,-0.240,23.556
17,2018-Nov,North,OP,2018-11-20,10:40:00,10.7,2,R,19.5,19,545,85,na,L,26,72,na,na,,2018-11-24,19,12:00:00,12,18,na,29.5,77,y,,2019-01-13,y,19,13:00:00,13,610,10,na,,0.863,1.202,-0.160,0.370
17,2018-Nov,North,OP,2018-11-20,10:40:00,10.7,3,L,7.1,6,572,170,na,H,63,186,na,na,,2018-11-24,6,12:00:00,12,21,na,77,203,y,,2019-01-13,n,6,13:00:00,13,na,na,na,,3.453,na,na,0.740
17,2018-Nov,North,OP,2018-11-20,10:40:00,10.7,3,R,7.2,38,563,40,na,L,22,66,na,na,,2018-11-24,38,12:00:00,12,6,na,na,na,y,,2019-01-13,n,38,13:00:00,13,na,na,na,,na,na,na,na
17,2018-Nov,North,OP,2018-11-20,10:40:00,10.7,3,L,11,4,512,200,na,H,73,237,na,na,,2018-11-24,4,12:00:00,12,20,na,84,250,y,,2019-01-13,n,4,13:00:00,13,na,na,na,,2.713,na,na,0.493
17,2018-Nov,Manley,BMM,2018-11-20,13:00:00,13,na,na,na,30,324,10,na,0,14,31,na,na,tagged outside the plot,2018-11-25,30,10:00:00,10,8,na,14,31,y,,2019-01-14,n,30,9:00:00,9,na,na,na,,0.000,na,na,0.000
17,2018-Nov,Manley,BMM,2018-11-20,13:00:00,13,na,na,na,91,382,30,na,0,17,70,na,na,tagged outside the plot,2018-11-25,91,10:00:00,10,7,na,27,84,y,,2019-01-14,n,91,9:00:00,9,na,na,na,,2.051,na,na,0.821
17,2018-Nov,Manley,BMM,2018-11-20,13:00:00,13,na,na,na,96,424,15,na,0,21,85,na,na,tagged outside the plot,2018-11-25,96,10:00:00,10,6,na,na,na,y,broke while measuring,2019-01-14,n,96,9:00:00,9,na,na,na,,na,na,na,na
17,2018-Nov,Manley,OP,2018-11-20,13:00:00,13,2,R,7.2,49,372,20,na,0,16,55,na,na,,2018-11-25,49,10:00:00,10,9,na,20,56,y,,2019-01-14,n,49,9:00:00,9,na,na,na,,0.821,na,na,-0.615
17,2018-Nov,Manley,OP,2018-11-20,13:00:00,13,na,na,na,2,425,60,na,0,23,67,na,na,tagged outside the plot,2018-11-25,2,10:00:00,10,9,na,27,67,y,,2019-01-14,n,2,9:00:00,9,na,na,na,,0.821,na,na,-0.821
17,2018-Nov,Manley,OP,2018-11-20,13:00:00,13,na,na,na,76,446,85,na,0,33,99,na,na,tagged outside the plot,2018-11-25,76,10:00:00,10,16,na,41,107,y,,2019-01-14,y,76,9:00:00,9,463,6,na,,1.641,0.310,-0.200,0.000
17,2018-Nov,Manley,OP,2018-11-20,13:00:00,13,na,na,na,26,456,80,na,0,30,90,na,na,tagged outside the plot,2018-11-25,26,10:00:00,10,23,na,37,98,y,,2019-01-14,n,26,9:00:00,9,na,na,na,,1.436,na,na,0.205
17,2018-Nov,Manley,OP,2018-11-20,13:00:00,13,na,na,na,42,386,50,na,0,16,56,na,na,tagged outside the plot,2018-11-25,42,10:00:00,10,8,na,16.5,47.5,y,,2019-01-14,n,42,9:00:00,9,na,na,na,,0.103,na,na,-1.846
17,2018-Nov,Manley,OP,2018-11-20,13:00:00,13,na,na,na,47,336,30,na,0,11,33,na,na,tagged outside the plot,2018-11-25,47,10:00:00,10,12,na,13.5,34,y,,2019-01-14,n,47,9:00:00,9,na,na,na,,0.513,na,na,-0.308
18,2019-Jan,Second,BMM,2019-01-14,14:00:00,14,1,R,17,40.1,615,160,6,L,40,127,na,na,,2019-01-20,40.1,10:00:00,10,18,na,53,133,y,,na,na,na,na,na,na,na,na,,2.229,na,na,-1.200
18,2019-Jan,Second,BMM,2019-01-14,14:00:00,14,1,R,13,36.1,630,140,6,0,47,152,na,na,,2019-01-20,36.1,10:00:00,10,28,na,na,na,n,torn,na,na,na,na,na,na,na,na,,na,na,na,na
18,2019-Jan,Second,BMM,2019-01-14,14:00:00,14,1,R,12,3.1,652,180,7,0,39,122,na,na,,2019-01-20,3.1,10:00:00,10,na,na,na,na,n,,na,na,na,na,na,na,na,na,,na,na,na,na
18,2019-Jan,Second,BMM,2019-01-14,14:00:00,14,1,L,11.2,9.1,766,200,6,L,23,50,na,na,,2019-01-20,9.1,10:00:00,10,38,na,34,62,y,,na,na,na,na,na,na,na,na,,1.886,na,na,0.171
18,2019-Jan,Second,BMM,2019-01-14,14:00:00,14,3,R,6.2,35.1,433,17,4,L,21,98,na,na,,2019-01-20,35.1,10:00:00,10,na,na,na,na,n,,na,na,na,na,na,na,na,na,,na,na,na,na
18,2019-Jan,Second,LL,2019-01-14,14:00:00,14,2,R,16,1.1,674,163,4,0,10,55,na,na,,2019-01-20,1.1,10:00:00,10,15,na,na,na,y,couldn't find hole punch,na,na,na,na,na,na,na,na,,na,na,na,na
18,2019-Jan,Second,LL,2019-01-14,14:00:00,14,2,R,17,45.1,742,350,4,L,26,326,na,na,,2019-01-20,45.1,10:00:00,10,38,na,57,438,y,,na,na,na,na,na,na,na,na,,5.314,na,na,13.886
18,2019-Jan,Second,KH,2019-01-14,14:00:00,14,1,L,19,22.1,632,150,6,0,41,156,na,na,,2019-01-20,22.1,10:00:00,10,9,na,65,96,y,,na,na,na,na,na,na,na,na,,4.114,na,na,-14.400
18,2019-Jan,Second,KH,2019-01-14,14:00:00,14,1,R,14.5,11.1,556,180,6,0,54,190,na,na,,2019-01-20,11.1,10:00:00,10,23,na,84,220,y,,na,na,na,na,na,na,na,na,,5.143,na,na,0.000
18,2019-Jan,Second,KH,2019-01-14,14:00:00,14,1,L,12,39.1,567,60,4,0,25,79,na,na,,2019-01-20,39.1,10:00:00,10,9,na,28.5,79,y,,na,na,na,na,na,na,na,na,,0.600,na,na,-0.600
18,2019-Jan,Second,KH,2019-01-14,14:00:00,14,1,R,10,33.1,719,180,5,L,27,80,na,na,,2019-01-20,33.1,10:00:00,10,29,na,45,90,y,,na,na,na,na,na,na,na,na,,3.086,na,na,-1.371
18,2019-Jan,Second,KH,2019-01-14,14:00:00,14,1,R,10,12.1,723,150,5,L,36,125,na,na,,2019-01-20,12.1,10:00:00,10,20,na,54,113,y,,na,na,na,na,na,na,na,na,,3.086,na,na,-5.143
18,2019-Jan,Second,KH,2019-01-14,14:00:00,14,1,L,0.5,27.1,447,140,4,L,23,76,na,na,,2019-01-20,27.1,10:00:00,10,19,na,28,78,y,,na,na,na,na,na,na,na,na,,0.857,na,na,-0.514
18,2019-Jan,Second,KH,2019-01-14,14:00:00,14,3,R,6,10.1,459,150,5,L,30,76,na,na,,2019-01-20,10.1,10:00:00,10,34,na,38,75,y,,na,na,na,na,na,na,na,na,,1.371,na,na,-1.543
18,2019-Jan,North,BMM,2019-01-13,13:00:00,13,3,R,6.4,32.1,493,10,2.5,0,12,18,na,na,,2019-01-17,32.1,9:10:00,9.17,1,na,12,14,y,"measurement reajusted, distP2 10",na,na,na,na,na,na,na,na,,0.000,na,na,-1.042
18,2019-Jan,North,BMM,2019-01-13,13:00:00,13,3,L,11.5,13.1,480,115,4.5,0,102,150,na,na,,2019-01-17,13.1,9:10:00,9.17,18,na,104,172,y,,na,na,na,na,na,na,na,na,,0.521,na,na,5.208
18,2019-Jan,North,BMM,2019-01-13,13:00:00,13,2,R,19,7.1,587,17,2,0,10,17,na,na,,2019-01-17,7.1,9:10:00,9.17,26,na,14,22,y,,na,na,na,na,na,na,na,na,,1.042,na,na,0.260
18,2019-Jan,North,BMM,2019-01-13,13:00:00,13,2,R,7.5,34.1,508,120,4.5,L,61,134,na,na,,2019-01-17,34.1,9:10:00,9.17,6,na,66,136,y,,na,na,na,na,na,na,na,na,,1.302,na,na,-0.781
18,2019-Jan,North,BMM,2019-01-13,13:00:00,13,1,L,7,18.1,470,21,3,0,11,18,na,na,,2019-01-17,18.1,9:10:00,9.17,9,na,11,19,y,"measurement reajusted, distP2 10",na,na,na,na,na,na,na,na,,0.000,na,na,0.260
18,2019-Jan,North,KH,2019-01-13,13:00:00,13,3,R,5.5,20.1,532,30,1.5,0,5,18,na,na,,2019-01-17,20.1,9:10:00,9.17,13,na,11,22,y,,na,na,na,na,na,na,na,na,,1.562,na,na,-0.521
18,2019-Jan,North,KH,2019-01-13,13:00:00,13,3,L,14.5,41.1,522,50,3,0,15,45,na,na,,2019-01-17,41.1,9:10:00,9.17,na,na,na,na,n,plant gone,na,na,na,na,na,na,na,na,,na,na,na,na
18,2019-Jan,North,KH,2019-01-13,13:00:00,13,3,R,18.5,15.1,629,46,4.5,0,50,147,na,na,,2019-01-17,15.1,9:10:00,9.17,23,na,na,147,y,"datasheet distP2 is 132cm, measurement error?",na,na,na,na,na,na,na,na,,na,na,na,na
18,2019-Jan,North,KH,2019-01-13,13:00:00,13,2,R,18.5,24.1,496,11,2,0,3,11,na,na,,2019-01-17,24.1,9:10:00,9.17,1,na,9,11,y,,na,na,na,na,na,na,na,na,,1.562,na,na,-1.562
18,2019-Jan,North,KH,2019-01-13,13:00:00,13,2,R,18.6,16.1,590,150,5,L,15,57,na,na,,2019-01-17,16.1,9:10:00,9.17,13,na,23,61,y,,na,na,na,na,na,na,na,na,,2.083,na,na,-1.042
18,2019-Jan,North,KH,2019-01-13,13:00:00,13,2,R,19.5,19.1,610,29,3,0,15,52,na,na,,2019-01-17,19.1,9:10:00,9.17,10,na,23,53,y,,na,na,na,na,na,na,na,na,,2.083,na,na,-1.823
18,2019-Jan,Manley,KH,2019-01-13,9:00:00,9,na,na,na,76.1,463,20,2,0,12,37,na,na,tagged outside the plot,na,na,na,na,na,na,na,na,na,ran out of time,na,na,na,na,na,na,na,na,,na,na,na,na
18,2019-Jan,Manley,KH,2019-01-13,9:00:00,9,na,na,na,258,497,30,3,0,9,31,na,na,tagged outside the plot,na,na,na,na,na,na,na,na,na,ran out of time,na,na,na,na,na,na,na,na,,na,na,na,na
18,2019-Jan,Manley,KH,2019-01-13,9:00:00,9,na,na,na,256,296,61,4,L,17,53,na,na,tagged outside the plot,na,na,na,na,na,na,na,na,na,ran out of time,na,na,na,na,na,na,na,na,,na,na,na,na
18,2019-Jan,Manley,KH,2019-01-13,9:00:00,9,na,na,na,264,364,63,4,0,27,108,na,na,tagged outside the plot,na,na,na,na,na,na,na,na,na,ran out of time,na,na,na,na,na,na,na,na,,na,na,na,na
18,2019-Jan,Manley,KH,2019-01-13,9:00:00,9,na,na,na,288,274,47,4,0,18,53,na,na,tagged outside the plot,na,na,na,na,na,na,na,na,na,ran out of time,na,na,na,na,na,na,na,na,,na,na,na,na
18,2019-Jan,Manley,KH,2019-01-13,9:00:00,9,na,na,na,276.1,432,10,2,0,13,38,na,na,tagged outside the plot,na,na,na,na,na,na,na,na,na,ran out of time,na,na,na,na,na,na,na,na,,na,na,na,na
18,2019-Jan,Manley,KH,2019-01-13,9:00:00,9,na,na,na,292.1,454,45,3,0,8,27,na,na,tagged outside the plot,na,na,na,na,na,na,na,na,na,ran out of time,na,na,na,na,na,na,na,na,,na,na,na,na
18,2019-Jan,Manley,KH,2019-01-13,9:00:00,9,na,na,na,298.1,634,83,4,0,14,44,na,na,tagged outside the plot,na,na,na,na,na,na,na,na,na,ran out of time,na,na,na,na,na,na,na,na,,na,na,na,na
18,2019-Jan,Manley,BMM,2019-01-13,9:00:00,9,na,na,na,296.1,496,26,4,0,23,97,na,na,tagged outside the plot,na,na,na,na,na,na,na,na,na,ran out of time,na,na,na,na,na,na,na,na,,na,na,na,na
18,2019-Jan,Manley,BMM,2019-01-13,9:00:00,9,na,na,na,281.1,475,40,4,0,20,60,na,na,tagged outside the plot,na,na,na,na,na,na,na,na,na,ran out of time,na,na,na,na,na,na,na,na,,na,na,na,na
18,2019-Jan,Manley,BMM,2019-01-13,9:00:00,9,na,na,na,283.1,484,22,3,0,17,52,na,na,tagged outside the plot,na,na,na,na,na,na,na,na,na,ran out of time,na,na,na,na,na,na,na,na,,na,na,na,na
18,2019-Jan,Manley,BMM,2019-01-13,9:00:00,9,na,na,na,282.1,425,15,2.5,0,19,56,na,na,tagged outside the plot,na,na,na,na,na,na,na,na,na,ran out of time,na,na,na,na,na,na,na,na,,na,na,na,na
18,2019-Jan,Manley,BMM,2019-01-13,9:00:00,9,na,na,na,286.1,373,14,2.5,0,11,30,na,na,tagged outside the plot,na,na,na,na,na,na,na,na,na,ran out of time,na,na,na,na,na,na,na,na,,na,na,na,na
18,2019-Jan,Manley,LL,2019-01-13,9:00:00,9,na,na,na,285.1,359,124,4,L,15,127,na,na,tagged outside the plot,na,na,na,na,na,na,na,na,na,ran out of time,na,na,na,na,na,na,na,na,,na,na,na,na
18,2019-Jan,Manley,LL,2019-01-13,9:00:00,9,na,na,na,277.1,464,55,3,L,13,51,na,na,tagged outside the plot,na,na,na,na,na,na,na,na,na,ran out of time,na,na,na,na,na,na,na,na,,na,na,na,na
18,2019-Jan,North,KH,2019-01-16,9:00:00,9,2,R,8.5,na,471,0,na,0,na,na,na,na,no blades,na,na,na,na,na,na,na,na,na,,na,na,na,na,na,na,na,na,,na,na,na,na
18,2019-Jan,North,KH,2019-01-16,9:00:00,9,2,L,12.5,na,583,68,na,L,na,na,na,na,,na,na,na,na,na,na,na,na,na,,na,na,na,na,na,na,na,na,,na,na,na,na
18,2019-Jan,North,KH,2019-01-16,9:00:00,9,3,R,20,na,724,130,na,L,na,na,na,na,,na,na,na,na,na,na,na,na,na,,na,na,na,na,na,na,na,na,,na,na,na,na
18,2019-Jan,North,KH,2019-01-16,9:00:00,9,3,R,19,na,660,115,na,L,na,na,na,na,,na,na,na,na,na,na,na,na,na,,na,na,na,na,na,na,na,na,,na,na,na,na
18,2019-Jan,North,KH,2019-01-16,9:00:00,9,3,L,18.5,na,608,136,na,L,na,na,na,na,,na,na,na,na,na,na,na,na,na,,na,na,na,na,na,na,na,na,,na,na,na,na
18,2019-Jan,North,KH,2019-01-16,9:00:00,9,3,L,17,na,666,98,na,L,na,na,na,na,,na,na,na,na,na,na,na,na,na,,na,na,na,na,na,na,na,na,,na,na,na,na
18,2019-Jan,North,KH,2019-01-16,9:00:00,9,3,R,6,na,525,0,na,0,na,na,na,na,no blades,na,na,na,na,na,na,na,na,na,,na,na,na,na,na,na,na,na,,na,na,na,na
19,2019-Jul,North,LL,2019-07-02,13:30:00,13.5,2,L,17.6,291.1,344,150,6,0,15,38,na,na,stipe length was 407,2019-07-06,291.1,12:00:00,12,23,28,na,na,y,,2019-07-19,y,291.1,14:00:00,14,390,27,na,,na,2.703,0.306,na
19,2019-Jul,North,LL,2019-07-02,13:30:00,13.5,2,L,17.5,284,300,117,7,0,30,126,na,na,,2019-07-06,284,12:00:00,12,33,29,62,123,y,,2019-07-19,y,284,14:00:00,14,370,50,na,,8.127,4.113,1.299,-8.889
19,2019-Jul,North,LL,2019-07-02,13:30:00,13.5,2,R,13.8,293.1,346,260,6,0,29,91,na,na,,2019-07-06,293.1,12:00:00,12,30,39,83,128,y,many punch marks....?,2019-07-19,y,293.1,14:00:00,14,404,38,na,,13.714,3.408,0.611,-4.317
19,2019-Jul,North,LL,2019-07-02,13:30:00,13.5,2,L,4.8,289.1,494,223,6,L,71,154,na,na,,2019-07-06,289.1,12:00:00,12,42,50,104,193,y,,2019-07-19,y,289.1,14:00:00,14,494,41,na,,8.381,0.000,-0.076,1.524
19,2019-Jul,North,LL,2019-07-02,13:30:00,13.5,2,R,1.5,295.1,527,200,8,L,56,220,na,na,,2019-07-06,295.1,12:00:00,12,74,50,89,234,y,,2019-07-19,y,295.1,14:00:00,14,528,68,na,,8.381,0.059,-0.459,-4.825
19,2019-Jul,North,LL,2019-07-02,13:30:00,13.5,1,L,4.5,239,317,79,5,0,40,53,na,na,,2019-07-06,239,12:00:00,12,15,20,52,87,y,,2019-07-19,n,239,14:00:00,14,na,na,na,gone,3.048,na,na,5.587
19,2019-Jul,North,LL,2019-07-02,13:30:00,13.5,1,L,5.3,299,484,125,5,0,30,107,na,na,,2019-07-06,299,12:00:00,12,25,32,48,95,y,,2019-07-19,y,299,14:00:00,14,515,26,na,,4.571,1.821,0.076,-7.619
19,2019-Jul,North,LL,2019-07-02,13:30:00,13.5,1,L,7.5,287.1,355,170,7,L,48,144,na,na,,2019-07-06,287.1,12:00:00,12,37,40,85,185,y,,2019-07-19,y,287.1,14:00:00,14,430,50,na,,9.397,4.406,0.994,1.016
19,2019-Jul,North,LL,2019-07-02,13:30:00,13.5,2,R,6.3,275.1,176,219,7,0,40,120,na,na,,2019-07-06,275.1,12:00:00,12,na,na,na,na,n,,2019-07-19,y,275.1,14:00:00,14,328,60,na,,na,8.930,na,na
19,2019-Jul,North,DNO,2019-07-02,13:30:00,13.5,3,L,12.8,96.1,329,250,na,0,60,180,na,na,,2019-07-06,96.1,12:00:00,12,30,39,91,185,y,,2019-07-19,y,96.1,14:00:00,14,439,37,na,,7.873,6.463,0.535,-6.603
19,2019-Jul,North,DNO,2019-07-02,13:30:00,13.5,3,L,10,226,279,129,na,0,40,121,na,na,,2019-07-06,226,12:00:00,12,29,26,78,117,y,,2019-07-19,y,226,14:00:00,14,368,40,na,,9.651,5.229,0.841,-10.667
19,2019-Jul,North,DNO,2019-07-02,13:30:00,13.5,3,R,7,242,327,185,na,0,70,220,na,na,on line,2019-07-06,242,12:00:00,12,26,33,na,na,y,,2019-07-19,y,242,14:00:00,14,409,42,na,,na,4.818,1.223,na
19,2019-Jul,North,DNO,2019-07-02,13:30:00,13.5,3,R,10.4,232,250,152,na,0,55,162,na,na,,2019-07-06,232,12:00:00,12,28,34,88,170,y,,2019-07-19,y,232,14:00:00,14,317,39,na,,8.381,3.936,0.841,-6.349
19,2019-Jul,North,DNO,2019-07-02,13:30:00,13.5,3,R,16,249,321,190,na,0,50,160,na,na,,2019-07-06,249,12:00:00,12,32,42,na,na,y,,2019-07-19,y,249,14:00:00,14,466,53,na,,na,8.519,1.605,na
19,2019-Jul,North,DNO,2019-07-02,13:30:00,13.5,3,R,17.2,227,335,160,na,0,40,140,na,na,,2019-07-06,227,12:00:00,12,33,30,81,111,y,,2019-07-19,y,227,14:00:00,14,420,42,na,,10.413,4.994,0.688,-17.778
19,2019-Jul,North,DNO,2019-07-02,13:30:00,13.5,2,R,18.5,230,278,120,na,0,30,92,na,na,,2019-07-06,230,12:00:00,12,28,23,58,118,y,,2019-07-19,n,230,13:00:00,13,na,na,na,,7.111,na,na,-0.508
19,2019-Jul,Second,DNO,2019-07-02,9:30:00,9.5,1,L,5.9,268,342,350,na,L,70,220,na,na,stipe 492cm,2019-07-06,268,9:30:00,9.5,82,63,88,193,y,,2019-07-19,y,268,13:00:00,13,393,83,na,,4.500,2.974,0.076,-11.250
19,2019-Jul,Second,DNO,2019-07-02,9:30:00,9.5,1,L,12.6,280.1,412,235,na,L,60,200,na,na,,2019-07-06,280.1,9:30:00,9.5,65,43,79,224,y,,2019-07-19,y,280.1,13:00:00,13,533,65,na,,4.750,7.057,0.000,1.250
19,2019-Jul,Second,DNO,2019-07-02,9:30:00,9.5,1,L,18,297.1,318,179,na,0,55,160,na,na,,2019-07-06,297.1,9:30:00,9.5,29,34,84,160,y,,2019-07-19,y,297.1,13:00:00,13,339,41,na,,7.250,1.225,0.913,-7.250
19,2019-Jul,Second,DNO,2019-07-02,9:30:00,9.5,1,R,14,279.1,293,176,na,0,33,111,na,na,,2019-07-06,279.1,9:30:00,9.5,24,37,57,104,y,,2019-07-19,y,279.1,13:00:00,13,339,48,na,,6.000,2.683,1.826,-7.750
19,2019-Jul,Second,DNO,2019-07-02,9:30:00,9.5,1,R,12,294,402,240,na,L,60,196,na,na,,2019-07-06,294,9:30:00,9.5,71,53,87,100,y,,2019-07-19,y,294,13:00:00,13,413,75,na,,6.750,0.642,0.304,-30.750
19,2019-Jul,Second,DNO,2019-07-02,9:30:00,9.5,1,R,10,290,501,210,na,0,60,191,na,na,,2019-07-06,290,9:30:00,9.5,64,45,95,245,y,,2019-07-19,n,290,13:00:00,13,na,na,na,gone,8.750,na,na,4.750
19,2019-Jul,Second,OP,2019-07-02,9:30:00,9.5,3,R,8.5,5,285,175,na,0,55,162,na,na,on line,2019-07-06,5,9:30:00,9.5,58,37,73.5,159,y,,2019-07-19,y,5,13:00:00,13,332,62,na,,4.625,2.741,0.304,-5.375
19,2019-Jul,Second,OP,2019-07-02,9:30:00,9.5,3,R,18.4,254,272,130,na,0,42,124,na,na,,2019-07-06,254,9:30:00,9.5,40,30,58.5,128,y,,2019-07-19,y,254,13:00:00,13,310,58,na,,4.125,2.216,1.369,-3.125
19,2019-Jul,Second,OP,2019-07-02,9:30:00,9.5,3,R,18.1,253,142,120,na,0,44,120,na,na,,2019-07-06,253,9:30:00,9.5,na,na,na,na,n,plant gone,2019-07-19,n,253,13:00:00,13,na,na,na,,na,na,na,na
19,2019-Jul,Second,OP,2019-07-02,9:30:00,9.5,3,R,18.3,0,125,75,na,0,31,95,na,na,,2019-07-06,0,9:30:00,9.5,18,16,49,112,y,,2019-07-19,n,0,13:00:00,13,na,na,na,,4.500,na,na,-0.250
19,2019-Jul,Second,OP,2019-07-02,9:30:00,9.5,2,L,19.6,37,313,110,na,0,37,118,na,na,,2019-07-06,37,9:30:00,9.5,32,21,60,124,y,,2019-07-19,y,37,13:00:00,13,366,47,na,,5.750,3.091,1.141,-4.250
19,2019-Jul,Second,OP,2019-07-02,9:30:00,9.5,2,L,16.7,23,140,70,na,0,15,54,na,na,,2019-07-06,23,9:30:00,9.5,16,10,na,na,y,no punch,2019-07-19,y,23,13:00:00,13,191,19,na,,na,2.974,0.228,na
19,2019-Jul,Second,OP,2019-07-02,9:30:00,9.5,2,L,15.8,21,120,50,na,0,15,41,na,na,,2019-07-06,21,9:30:00,9.5,10,12,na,na,y,no punch,2019-07-19,y,21,13:00:00,13,185,19,na,,na,3.791,0.685,na
19,2019-Jul,Second,OP,2019-07-02,9:30:00,9.5,2,R,14,48,207,75,na,0,30,92,na,na,,2019-07-06,48,9:30:00,9.5,6,16,48.5,97,y,,2019-07-19,n,48,13:00:00,13,na,na,na,gone,4.625,na,na,-3.375
19,2019-Jul,Second,OP,2019-07-02,9:30:00,9.5,2,L,9,25,510,300,na,0,100,350,na,na,,2019-07-06,25,9:30:00,9.5,na,na,na,na,n,plant gone,2019-07-19,n,25,13:00:00,13,na,na,na,gone,na,na,na,na
19,2019-Jul,Second,OP,2019-07-02,9:30:00,9.5,2,R,4,260,166,60,na,0,22,66,na,na,,2019-07-06,260,9:30:00,9.5,16,23,32,63,y,,2019-07-19,n,260,11:00:00,11,na,na,na,gone,2.500,na,na,-3.250
19,2019-Jul,Second,OP,2019-07-02,9:30:00,9.5,2,R,4.1,255,340,150,na,0,50,116,na,na,,2019-07-06,255,9:30:00,9.5,43,37,63,124,y,,2019-07-19,y,255,11:00:00,11,351,38,na,,3.250,0.645,-0.383,-1.250
19,2019-Jul,Triquetta,DNO,2019-07-03,15:30:00,15.5,3,L,3.5,234,340,110,na,0,16,60,na,na,,2019-07-07,234,10:00:00,10,31,32,16,60,y,,2019-07-19,n,234,11:00:00,11,na,na,na,gone,0.000,na,na,0.000
19,2019-Jul,Triquetta,DNO,2019-07-03,15:30:00,15.5,3,L,5,231,388,140,na,L,49,170,na,na,,2019-07-07,231,10:00:00,10,37,50,62,82,y,,2019-07-19,y,231,11:00:00,11,527,53,na,,3.448,8.791,1.329,-26.785
19,2019-Jul,Triquetta,DNO,2019-07-03,15:30:00,15.5,3,L,6,278,468,150,na,0,40,120,na,na,,2019-07-07,278,10:00:00,10,41,46,63,65,y,,2019-07-19,y,278,11:00:00,11,475,50,na,,6.099,0.443,0.747,-20.685
19,2019-Jul,Triquetta,DNO,2019-07-03,15:30:00,15.5,3,R,9,243,511,150,na,L,42,148,na,na,,2019-07-07,243,10:00:00,10,55,56,56,101,y,,2019-07-19,y,243,11:00:00,11,555,66,na,,3.713,2.783,0.913,-16.177
19,2019-Jul,Triquetta,DNO,2019-07-03,15:30:00,15.5,3,R,15,248,500,150,na,L,50,160,na,na,,2019-07-07,248,10:00:00,10,55,28,56,132,y,,2019-07-19,y,248,11:00:00,11,571,25,na,,1.591,4.490,-2.491,-9.017
19,2019-Jul,Triquetta,DNO,2019-07-03,15:30:00,15.5,2,L,5,269.1,424,145,na,H,44,142,na,na,,2019-07-07,269.1,10:00:00,10,72,50,53,141,y,,2019-07-19,y,269.1,11:00:00,11,476,81,na,,2.387,3.289,0.747,-2.652
19,2019-Jul,Triquetta,DNO,2019-07-03,15:30:00,15.5,2,L,1,266,360,77,na,L,26,63,na,na,,2019-07-07,266,10:00:00,10,22,26,28,70,y,,2019-07-19,y,266,11:00:00,11,388,22,na,,0.530,1.771,0.000,1.326
19,2019-Jul,Triquetta,OP,2019-07-03,15:30:00,15.5,1,R,18.3,10.2,372,120,na,0,31,103,na,na,,2019-07-07,10.2,10:00:00,10,61,42,37,97,y,,2019-07-19,y,10.2,11:00:00,11,468,38,na,,1.591,6.071,-1.910,-3.182
19,2019-Jul,Triquetta,OP,2019-07-03,15:30:00,15.5,1,L,17.5,4.2,357,100,na,0,32,102,na,na,,2019-07-07,4.2,10:00:00,10,36,22,41,99,y,,2019-07-19,y,4.2,11:00:00,11,367,42,na,,2.387,0.632,0.498,-3.182
19,2019-Jul,Triquetta,OP,2019-07-03,15:30:00,15.5,1,L,9,7.2,418,80,na,0,29,90,na,na,,2019-07-07,7.2,10:00:00,10,41,25,37,82,y,,2019-07-19,y,7.2,11:00:00,11,431,34,na,,2.122,0.822,-0.581,-4.243
19,2019-Jul,Triquetta,OP,2019-07-03,15:30:00,15.5,1,L,0.8,6.1,323,90,na,0,23,69,na,na,,2019-07-07,6.1,10:00:00,10,22,23,30,63,y,,2019-07-19,n,6.1,11:00:00,11,na,na,na,gone,1.856,na,na,-3.448
19,2019-Jul,Triquetta,OP,2019-07-03,15:30:00,15.5,1,R,3.5,8.1,405,130,na,0,44,128,na,na,,2019-07-07,8.1,10:00:00,10,39,34,55.5,101,y,,2019-07-19,n,8.1,11:00:00,11,na,na,na,gone,3.050,na,na,-10.210
19,2019-Jul,Triquetta,OP,2019-07-03,15:30:00,15.5,2,R,6,1.2,532,130,na,0,44,124,na,na,,2019-07-07,1.2,10:00:00,10,73,48,49,123,y,,2019-07-19,n,1.2,11:00:00,11,na,na,na,gone,1.326,na,na,-1.591
19,2019-Jul,Triquetta,OP,2019-07-03,15:30:00,15.5,2,L,10.9,9.2,509,60,na,0,14,56,na,na,,2019-07-07,9.2,10:00:00,10,31,32,19,51,y,,2019-07-19,y,9.2,11:00:00,11,543,71,na,,1.326,2.150,3.322,-2.652
19,2019-Jul,Triquetta,OP,2019-07-03,15:30:00,15.5,2,L,19,2.1,570,120,na,0,44,122,na,na,,2019-07-07,2.1,10:00:00,10,50,39,49,120,y,,2019-07-19,y,2.1,11:00:00,11,577,44,na,,1.326,0.443,-0.498,-1.856
19,2019-Jul,Manley,OP,2019-07-03,10:00:00,10,1,R,19.8,228,303,125,7,0,52,153,na,na,,2019-07-07,228,12:30:00,12.5,14,38,56,138,y,,2019-07-19,y,228,10:00:00,10,307,4,na,,0.975,0.250,-0.841,-4.629
19,2019-Jul,Manley,OP,2019-07-03,10:00:00,10,1,R,17.4,247,100,65,3,0,10,31,na,na,,2019-07-07,247,12:30:00,12.5,15,12,22,44,y,uncertainty with hole location,2019-07-19,y,247,10:00:00,10,124,31,na,,2.924,1.500,1.345,0.244
19,2019-Jul,Manley,OP,2019-07-03,10:00:00,10,1,R,17.6,236,373,160,6,0,80,246,na,na,,2019-07-07,236,12:30:00,12.5,28,10,90,189,y,uncertainty with hole location,2019-07-19,y,236,10:00:00,10,376,75,na,,2.437,0.188,3.951,-16.325
19,2019-Jul,Manley,OP,2019-07-03,10:00:00,10,1,L,14.4,246,176,60,6.5,0,19,56,na,na,,2019-07-07,246,12:30:00,12.5,16,15,28.5,65,y,,2019-07-19,y,246,10:00:00,10,198,28,na,,2.315,1.375,1.009,-0.122
19,2019-Jul,Manley,OP,2019-07-03,10:00:00,10,1,L,6.4,237,112,60,2.5,0,23,43,na,na,,2019-07-07,237,12:30:00,12.5,20,10,30,50,y,,2019-07-19,y,237,10:00:00,10,150,32,na,,1.706,2.375,1.009,0.000
19,2019-Jul,Manley,OP,2019-07-03,10:00:00,10,1,R,1.7,238,131,80,3.7,0,26,77,na,na,,2019-07-07,238,12:30:00,12.5,34,16,34.5,74,y,,2019-07-19,y,238,10:00:00,10,167,30,na,,2.071,2.250,-0.336,-2.802
19,2019-Jul,Manley,OP,2019-07-03,10:00:00,10,1,R,18.8,46,302,100,5,0,36,112,na,na,,2019-07-07,46,12:30:00,12.5,69,46,44,97,y,uncertainty with hole location,2019-07-19,n,46,10:00:00,10,na,na,na,gone,1.949,na,na,-5.604
19,2019-Jul,Manley,OP,2019-07-03,10:00:00,10,3,R,4.5,244,244,75,4,0,15,50,na,na,on line,2019-07-07,244,12:30:00,12.5,30,21,20,56,y,,2019-07-19,y,244,10:00:00,10,300,34,na,,1.218,3.500,0.336,0.244
19,2019-Jul,Manley,DNO,2019-07-03,10:00:00,10,2,L,1.2,233,491,60,na,0,17,47,na,na,,2019-07-07,233,12:30:00,12.5,17,38,20,42,y,,2019-07-19,n,233,10:00:00,10,na,na,na,gone,0.731,na,na,-1.949
19,2019-Jul,Manley,DNO,2019-07-03,10:00:00,10,2,R,1.8,240,163,40,na,0,7,29,na,na,,2019-07-07,240,12:30:00,12.5,na,na,na,na,n,gone,2019-07-19,n,240,10:00:00,10,na,na,na,gone,na,na,na,na
19,2019-Jul,Manley,DNO,2019-07-03,10:00:00,10,2,R,9.4,229,289,140,na,0,20,49,na,na,on line,2019-07-07,229,12:30:00,12.5,38,48,25,100,y,,2019-07-19,y,229,10:00:00,10,358,59,na,,1.218,4.313,1.765,11.208
19,2019-Jul,Manley,DNO,2019-07-03,10:00:00,10,2,L,13,225,250,140,na,0,32,115,na,na,stipe 269cm,2019-07-07,225,12:30:00,12.5,33,38,41,150,y,,2019-07-19,y,225,10:00:00,10,256,61,na,,2.193,0.375,2.354,6.335
19,2019-Jul,Manley,DNO,2019-07-03,10:00:00,10,2,R,13.8,245,271,140,na,0,32,122,na,na,,2019-07-07,245,12:30:00,12.5,31,36,38,115,y,,2019-07-19,y,245,10:00:00,10,274,41,na,,1.462,0.188,0.841,-3.168
19,2019-Jul,Manley,DNO,2019-07-03,10:00:00,10,2,R,15.8,235,380,140,na,0,35,127,na,na,stipe 383cm,2019-07-07,235,12:30:00,12.5,44,47,46,130,y,,2019-07-19,y,235,10:00:00,10,380,74,na,,2.680,0.000,2.522,-1.949
19,2019-Jul,Manley,DNO,2019-07-03,10:00:00,10,2,L,16,241,350,140,na,0,43,143,na,na,stipe 411cm,2019-07-07,241,12:30:00,12.5,29,42,52,145,y,,2019-07-19,y,241,10:00:00,10,357,36,na,,2.193,0.438,0.588,-1.706
19,2019-Jul,Manley,ZM,2019-07-03,na,na,1,R,1.4,na,131,82,na,0,na,na,na,17,,na,na,na,na,na,na,na,na,na,,na,na,na,na,na,na,na,na,,na,na,na,na
19,2019-Jul,Manley,ZM,2019-07-03,na,na,1,R,2.8,na,132,59,na,0,na,na,na,8,,na,na,na,na,na,na,na,na,na,,na,na,na,na,na,na,na,na,,na,na,na,na
19,2019-Jul,Manley,ZM,2019-07-03,na,na,1,R,4.2,na,101,45,na,0,na,na,na,7,,na,na,na,na,na,na,na,na,na,,na,na,na,na,na,na,na,na,,na,na,na,na
19,2019-Jul,Manley,ZM,2019-07-03,na,na,1,R,4.1,na,193,140,na,0,na,na,na,35,,na,na,na,na,na,na,na,na,na,,na,na,na,na,na,na,na,na,,na,na,na,na
19,2019-Jul,Manley,ZM,2019-07-03,na,na,1,R,8.1,na,69,23,na,0,na,na,na,4,,na,na,na,na,na,na,na,na,na,,na,na,na,na,na,na,na,na,,na,na,na,na
19,2019-Jul,Manley,ZM,2019-07-03,na,na,1,R,11.5,na,199,150,na,0,na,na,na,40,,na,na,na,na,na,na,na,na,na,,na,na,na,na,na,na,na,na,,na,na,na,na
19,2019-Jul,Manley,ZM,2019-07-03,na,na,1,R,12.7,na,146,62,na,0,na,na,na,15,,na,na,na,na,na,na,na,na,na,,na,na,na,na,na,na,na,na,,na,na,na,na
19,2019-Jul,Manley,ZM,2019-07-03,na,na,1,R,13.5,na,270,240,na,0,na,na,na,36,,na,na,na,na,na,na,na,na,na,,na,na,na,na,na,na,na,na,,na,na,na,na
19,2019-Jul,Manley,ZM,2019-07-03,na,na,1,R,17.5,na,148,103,na,0,na,na,na,16,,na,na,na,na,na,na,na,na,na,,na,na,na,na,na,na,na,na,,na,na,na,na
19,2019-Jul,Manley,ZM,2019-07-03,na,na,1,R,17.5,na,295,135,na,0,na,na,na,32,,na,na,na,na,na,na,na,na,na,,na,na,na,na,na,na,na,na,,na,na,na,na
19,2019-Jul,Manley,ZM,2019-07-03,na,na,1,R,17.6,na,205,90,na,0,na,na,na,20,,na,na,na,na,na,na,na,na,na,,na,na,na,na,na,na,na,na,,na,na,na,na
19,2019-Jul,Manley,ZM,2019-07-03,na,na,2,L,13,na,261,152,na,0,na,na,na,38,,na,na,na,na,na,na,na,na,na,,na,na,na,na,na,na,na,na,,na,na,na,na
19,2019-Jul,Manley,ZM,2019-07-03,na,na,2,L,13,na,249,165,na,0,na,na,na,39,,na,na,na,na,na,na,na,na,na,,na,na,na,na,na,na,na,na,,na,na,na,na
19,2019-Jul,Manley,ZM,2019-07-03,na,na,2,L,13,na,355,135,na,0,na,na,na,44,,na,na,na,na,na,na,na,na,na,,na,na,na,na,na,na,na,na,,na,na,na,na
19,2019-Jul,Manley,ZM,2019-07-03,na,na,2,L,13,na,376,132,na,0,na,na,na,43,,na,na,na,na,na,na,na,na,na,,na,na,na,na,na,na,na,na,,na,na,na,na
19,2019-Jul,Manley,ZM,2019-07-03,na,na,2,L,15.2,na,135,106,na,0,na,na,na,16,,na,na,na,na,na,na,na,na,na,,na,na,na,na,na,na,na,na,,na,na,na,na
19,2019-Jul,Manley,ZM,2019-07-03,na,na,2,R,15.7,na,211,101,na,0,na,na,na,34,,na,na,na,na,na,na,na,na,na,,na,na,na,na,na,na,na,na,,na,na,na,na
19,2019-Jul,Manley,ZM,2019-07-03,na,na,2,R,15.7,na,391,157,na,0,na,na,na,48,,na,na,na,na,na,na,na,na,na,,na,na,na,na,na,na,na,na,,na,na,na,na
19,2019-Jul,Manley,ZM,2019-07-03,na,na,2,L,9.5,na,153,65,na,0,na,na,na,10,,na,na,na,na,na,na,na,na,na,,na,na,na,na,na,na,na,na,,na,na,na,na
19,2019-Jul,Manley,ZM,2019-07-03,na,na,2,L,9.5,na,138,68,na,0,na,na,na,11,,na,na,na,na,na,na,na,na,na,,na,na,na,na,na,na,na,na,,na,na,na,na
19,2019-Jul,Manley,ZM,2019-07-03,na,na,3,R,6.1,na,181.5,83,na,0,na,na,na,7,,na,na,na,na,na,na,na,na,na,,na,na,na,na,na,na,na,na,,na,na,na,na
19,2019-Jul,Manley,ZM,2019-07-03,na,na,3,L,5.1,na,295,124,na,0,na,na,na,20,,na,na,na,na,na,na,na,na,na,,na,na,na,na,na,na,na,na,,na,na,na,na
19,2019-Jul,Second,DVM,2019-07-06,na,na,1,R,5,na,154,101,na,0,na,na,na,24,,na,na,na,na,na,na,na,na,na,,na,na,na,na,na,na,na,na,,na,na,na,na
19,2019-Jul,Second,DVM,2019-07-06,na,na,1,R,5.5,na,312,160,na,0,na,na,na,30,,na,na,na,na,na,na,na,na,na,,na,na,na,na,na,na,na,na,,na,na,na,na
19,2019-Jul,Second,DVM,2019-07-06,na,na,1,L,5.4,na,360,148,na,0,na,na,na,30,,na,na,na,na,na,na,na,na,na,,na,na,na,na,na,na,na,na,,na,na,na,na
19,2019-Jul,Second,DVM,2019-07-06,na,na,1,L,9.8,na,202,100,na,0,na,na,na,19,,na,na,na,na,na,na,na,na,na,,na,na,na,na,na,na,na,na,,na,na,na,na
19,2019-Jul,Second,DVM,2019-07-06,na,na,1,R,9.8,na,480,262,na,0,na,na,na,44,,na,na,na,na,na,na,na,na,na,,na,na,na,na,na,na,na,na,,na,na,na,na
19,2019-Jul,Second,DVM,2019-07-06,na,na,1,L,10.5,na,290,98,na,0,na,na,na,22,,na,na,na,na,na,na,na,na,na,,na,na,na,na,na,na,na,na,,na,na,na,na
19,2019-Jul,Second,DVM,2019-07-06,na,na,1,L,12,na,458,208,na,0,na,na,na,51,,na,na,na,na,na,na,na,na,na,,na,na,na,na,na,na,na,na,,na,na,na,na
19,2019-Jul,Second,DVM,2019-07-06,na,na,1,L,13.6,na,185,139,na,0,na,na,na,19,,na,na,na,na,na,na,na,na,na,,na,na,na,na,na,na,na,na,,na,na,na,na
19,2019-Jul,Second,DVM,2019-07-06,na,na,1,L,13.6,na,50,107,na,0,na,na,na,5,,na,na,na,na,na,na,na,na,na,,na,na,na,na,na,na,na,na,,na,na,na,na
19,2019-Jul,Second,DVM,2019-07-06,na,na,1,R,14.2,na,463,300,na,0,na,na,na,46,,na,na,na,na,na,na,na,na,na,,na,na,na,na,na,na,na,na,,na,na,na,na
19,2019-Jul,Second,DVM,2019-07-06,na,na,1,R,15.4,na,113,86,na,0,na,na,na,12,,na,na,na,na,na,na,na,na,na,,na,na,na,na,na,na,na,na,,na,na,na,na
19,2019-Jul,Second,DVM,2019-07-06,na,na,1,L,15,na,46,35,na,0,na,na,na,6,,na,na,na,na,na,na,na,na,na,,na,na,na,na,na,na,na,na,,na,na,na,na
19,2019-Jul,Second,DVM,2019-07-06,na,na,1,L,15,na,51,37,na,0,na,na,na,4,,na,na,na,na,na,na,na,na,na,,na,na,na,na,na,na,na,na,,na,na,na,na
19,2019-Jul,Second,DVM,2019-07-06,na,na,1,R,12.8,na,369,213,na,0,na,na,na,35,,na,na,na,na,na,na,na,na,na,,na,na,na,na,na,na,na,na,,na,na,na,na
19,2019-Jul,Second,DVM,2019-07-06,na,na,2,R,1,na,367,220,na,0,na,na,na,47,,na,na,na,na,na,na,na,na,na,,na,na,na,na,na,na,na,na,,na,na,na,na
19,2019-Jul,Second,DVM,2019-07-06,na,na,2,R,1,na,235,72,na,0,na,na,na,21,,na,na,na,na,na,na,na,na,na,,na,na,na,na,na,na,na,na,,na,na,na,na
19,2019-Jul,Second,DVM,2019-07-06,na,na,2,R,1,na,417,150,na,0,na,na,na,36,,na,na,na,na,na,na,na,na,na,,na,na,na,na,na,na,na,na,,na,na,na,na
19,2019-Jul,Second,DVM,2019-07-06,na,na,2,L,3,na,463,214,na,L,na,na,na,55,,na,na,na,na,na,na,na,na,na,,na,na,na,na,na,na,na,na,,na,na,na,na
19,2019-Jul,Second,DVM,2019-07-06,na,na,2,R,3,na,436,113,na,0,na,na,na,34,,na,na,na,na,na,na,na,na,na,,na,na,na,na,na,na,na,na,,na,na,na,na
19,2019-Jul,Second,DVM,2019-07-06,na,na,2,R,3.5,na,419,170,na,0,na,na,na,42,,na,na,na,na,na,na,na,na,na,,na,na,na,na,na,na,na,na,,na,na,na,na
19,2019-Jul,Second,DVM,2019-07-06,na,na,2,R,3.5,na,371,190,na,0,na,na,na,38,,na,na,na,na,na,na,na,na,na,,na,na,na,na,na,na,na,na,,na,na,na,na
19,2019-Jul,Second,DVM,2019-07-06,na,na,2,R,4,na,460,160,na,0,na,na,na,36,,na,na,na,na,na,na,na,na,na,,na,na,na,na,na,na,na,na,,na,na,na,na
19,2019-Jul,Second,DVM,2019-07-06,na,na,2,R,3.8,na,411,190,na,0,na,na,na,50,,na,na,na,na,na,na,na,na,na,,na,na,na,na,na,na,na,na,,na,na,na,na
19,2019-Jul,Second,DVM,2019-07-06,na,na,2,R,5,na,295,116,na,0,na,na,na,22,,na,na,na,na,na,na,na,na,na,,na,na,na,na,na,na,na,na,,na,na,na,na
19,2019-Jul,Second,DVM,2019-07-06,na,na,2,R,3.8,na,140,78,na,0,na,na,na,18,,na,na,na,na,na,na,na,na,na,,na,na,na,na,na,na,na,na,,na,na,na,na
19,2019-Jul,Second,DVM,2019-07-06,na,na,2,R,3.7,na,380,93,na,0,na,na,na,24,,na,na,na,na,na,na,na,na,na,,na,na,na,na,na,na,na,na,,na,na,na,na
19,2019-Jul,Second,DVM,2019-07-06,na,na,2,R,3.5,na,295,102,na,0,na,na,na,34,,na,na,na,na,na,na,na,na,na,,na,na,na,na,na,na,na,na,,na,na,na,na
19,2019-Jul,Second,DVM,2019-07-06,na,na,2,R,3.5,na,413,140,na,0,na,na,na,35,,na,na,na,na,na,na,na,na,na,,na,na,na,na,na,na,na,na,,na,na,na,na
19,2019-Jul,Second,ZM,2019-07-06,na,na,3,R,5,na,44,44,na,0,na,na,na,7,,na,na,na,na,na,na,na,na,na,,na,na,na,na,na,na,na,na,,na,na,na,na
19,2019-Jul,Second,ZM,2019-07-06,na,na,2,L,3.3,na,392,142,na,0,na,na,na,42,,na,na,na,na,na,na,na,na,na,,na,na,na,na,na,na,na,na,,na,na,na,na
19,2019-Jul,Second,ZM,2019-07-06,na,na,2,L,5.5,na,358,152,na,0,na,na,na,40,,na,na,na,na,na,na,na,na,na,,na,na,na,na,na,na,na,na,,na,na,na,na
19,2019-Jul,Second,ZM,2019-07-06,na,na,2,L,5.5,na,480,320,na,0,na,na,na,43,,na,na,na,na,na,na,na,na,na,,na,na,na,na,na,na,na,na,,na,na,na,na
19,2019-Jul,Second,ZM,2019-07-06,na,na,2,R,20,na,63,32,na,0,na,na,na,5,,na,na,na,na,na,na,na,na,na,,na,na,na,na,na,na,na,na,,na,na,na,na
19,2019-Jul,Second,ZM,2019-07-06,na,na,2,R,20,na,88,48,na,0,na,na,na,7,,na,na,na,na,na,na,na,na,na,,na,na,na,na,na,na,na,na,,na,na,na,na
19,2019-Jul,Second,ZM,2019-07-06,na,na,2,R,20,na,236,88,na,0,na,na,na,9,,na,na,na,na,na,na,na,na,na,,na,na,na,na,na,na,na,na,,na,na,na,na
19,2019-Jul,North,ZM,2019-07-06,na,na,1,R,1.5,na,547,310,na,0,na,na,na,51,,na,na,na,na,na,na,na,na,na,,na,na,na,na,na,na,na,na,,na,na,na,na
19,2019-Jul,North,ZM,2019-07-06,na,na,1,R,4,na,537,239,na,0,na,na,na,41,,na,na,na,na,na,na,na,na,na,,na,na,na,na,na,na,na,na,,na,na,na,na
19,2019-Jul,North,ZM,2019-07-06,na,na,1,L,5,na,578,170,na,0,na,na,na,48,,na,na,na,na,na,na,na,na,na,,na,na,na,na,na,na,na,na,,na,na,na,na
19,2019-Jul,North,ZM,2019-07-06,na,na,1,R,5,na,407,100,na,0,na,na,na,31,,na,na,na,na,na,na,na,na,na,,na,na,na,na,na,na,na,na,,na,na,na,na
19,2019-Jul,North,ZM,2019-07-06,na,na,1,R,5,na,602,222,na,0,na,na,na,36,,na,na,na,na,na,na,na,na,na,,na,na,na,na,na,na,na,na,,na,na,na,na
19,2019-Jul,North,ZM,2019-07-06,na,na,1,L,5,na,491,115,na,0,na,na,na,36,,na,na,na,na,na,na,na,na,na,,na,na,na,na,na,na,na,na,,na,na,na,na
19,2019-Jul,North,ZM,2019-07-06,na,na,1,R,8,na,463,200,na,L,na,na,na,45,,na,na,na,na,na,na,na,na,na,,na,na,na,na,na,na,na,na,,na,na,na,na
19,2019-Jul,North,ZM,2019-07-06,na,na,1,L,20,na,544,200,na,0,na,na,na,51,,na,na,na,na,na,na,na,na,na,,na,na,na,na,na,na,na,na,,na,na,na,na
19,2019-Jul,North,ZM,2019-07-06,na,na,1,R,18,na,291,135,na,0,na,na,na,28,,na,na,na,na,na,na,na,na,na,,na,na,na,na,na,na,na,na,,na,na,na,na
19,2019-Jul,North,ZM,2019-07-06,na,na,1,R,5.5,na,625,181,na,0,na,na,na,38,,na,na,na,na,na,na,na,na,na,,na,na,na,na,na,na,na,na,,na,na,na,na
19,2019-Jul,North,ZM,2019-07-06,na,na,1,R,4,na,379,174,na,0,na,na,na,38,,na,na,na,na,na,na,na,na,na,,na,na,na,na,na,na,na,na,,na,na,na,na
19,2019-Jul,North,ZM,2019-07-06,na,na,1,R,4,na,508,216,na,L,na,na,na,41,,na,na,na,na,na,na,na,na,na,,na,na,na,na,na,na,na,na,,na,na,na,na
19,2019-Jul,North,ZM,2019-07-06,na,na,1,L,5,na,473,111,na,0,na,na,na,35,,na,na,na,na,na,na,na,na,na,,na,na,na,na,na,na,na,na,,na,na,na,na
19,2019-Jul,North,ZM,2019-07-06,na,na,1,L,5,na,552,160,na,L,na,na,na,45,,na,na,na,na,na,na,na,na,na,,na,na,na,na,na,na,na,na,,na,na,na,na
19,2019-Jul,North,ZM,2019-07-06,na,na,1,L,5,na,360,105,na,0,na,na,na,37,,na,na,na,na,na,na,na,na,na,,na,na,na,na,na,na,na,na,,na,na,na,na
19,2019-Jul,North,DVM,2019-07-06,na,na,3,L,18.5,na,276,112,na,0,na,na,na,20,,na,na,na,na,na,na,na,na,na,,na,na,na,na,na,na,na,na,,na,na,na,na
19,2019-Jul,North,DVM,2019-07-06,na,na,3,R,16.1,na,418,224,na,0,na,na,na,38,,na,na,na,na,na,na,na,na,na,,na,na,na,na,na,na,na,na,,na,na,na,na
19,2019-Jul,North,DVM,2019-07-06,na,na,3,L,15.4,na,524,300,na,0,na,na,na,46,,na,na,na,na,na,na,na,na,na,,na,na,na,na,na,na,na,na,,na,na,na,na
19,2019-Jul,North,DVM,2019-07-06,na,na,3,L,14.2,na,208,121,na,0,na,na,na,20,,na,na,na,na,na,na,na,na,na,,na,na,na,na,na,na,na,na,,na,na,na,na
19,2019-Jul,North,DVM,2019-07-06,na,na,3,L,12.5,na,213,92,na,0,na,na,na,18,,na,na,na,na,na,na,na,na,na,,na,na,na,na,na,na,na,na,,na,na,na,na
19,2019-Jul,North,DVM,2019-07-06,na,na,3,L,12.5,na,215,48,na,0,na,na,na,17,,na,na,na,na,na,na,na,na,na,,na,na,na,na,na,na,na,na,,na,na,na,na
19,2019-Jul,North,DVM,2019-07-06,na,na,3,L,11.8,na,435,262,na,0,na,na,na,39,,na,na,na,na,na,na,na,na,na,,na,na,na,na,na,na,na,na,,na,na,na,na
19,2019-Jul,North,DVM,2019-07-06,na,na,3,L,11.5,na,157,61,na,0,na,na,na,14,,na,na,na,na,na,na,na,na,na,,na,na,na,na,na,na,na,na,,na,na,na,na
19,2019-Jul,North,DVM,2019-07-06,na,na,3,L,8.4,na,445,150,na,L,na,na,na,46,,na,na,na,na,na,na,na,na,na,,na,na,na,na,na,na,na,na,,na,na,na,na
19,2019-Jul,North,DVM,2019-07-06,na,na,3,R,7.4,na,152,50,na,0,na,na,na,7,,na,na,na,na,na,na,na,na,na,,na,na,na,na,na,na,na,na,,na,na,na,na
19,2019-Jul,North,DVM,2019-07-06,na,na,3,L,0.7,na,184,126,na,0,na,na,na,24,,na,na,na,na,na,na,na,na,na,,na,na,na,na,na,na,na,na,,na,na,na,na
19,2019-Jul,North,DVM,2019-07-06,na,na,3,L,2.2,na,183,176,na,0,na,na,na,38,,na,na,na,na,na,na,na,na,na,,na,na,na,na,na,na,na,na,,na,na,na,na
19,2019-Jul,North,DVM,2019-07-06,na,na,3,L,0.5,na,326,207,na,L,na,na,na,47,,na,na,na,na,na,na,na,na,na,,na,na,na,na,na,na,na,na,,na,na,na,na
19,2019-Jul,North,DVM,2019-07-06,na,na,3,L,3.4,na,242,94,na,0,na,na,na,22,,na,na,na,na,na,na,na,na,na,,na,na,na,na,na,na,na,na,,na,na,na,na
19,2019-Jul,North,DVM,2019-07-06,na,na,3,L,1.1,na,331,162,na,L,na,na,na,47,,na,na,na,na,na,na,na,na,na,,na,na,na,na,na,na,na,na,,na,na,na,na
19,2019-Jul,North,DVM,2019-07-06,na,na,2,L,0,na,535,224,na,L,na,na,na,50,,na,na,na,na,na,na,na,na,na,,na,na,na,na,na,na,na,na,,na,na,na,na
19,2019-Jul,North,DVM,2019-07-06,na,na,2,L,2.8,na,577,126,na,0,na,na,na,35,,na,na,na,na,na,na,na,na,na,,na,na,na,na,na,na,na,na,,na,na,na,na
19,2019-Jul,North,DVM,2019-07-06,na,na,2,R,2.9,na,413,195,na,L,na,na,na,56,,na,na,na,na,na,na,na,na,na,,na,na,na,na,na,na,na,na,,na,na,na,na
19,2019-Jul,North,DVM,2019-07-06,na,na,2,R,2.9,na,554,358,na,L,na,na,na,69,,na,na,na,na,na,na,na,na,na,,na,na,na,na,na,na,na,na,,na,na,na,na
19,2019-Jul,North,DVM,2019-07-06,na,na,2,R,3.7,na,625,300,na,0,na,na,na,51,,na,na,na,na,na,na,na,na,na,,na,na,na,na,na,na,na,na,,na,na,na,na
19,2019-Jul,North,DVM,2019-07-06,na,na,2,R,4.8,na,535,280,na,0,na,na,na,45,,na,na,na,na,na,na,na,na,na,,na,na,na,na,na,na,na,na,,na,na,na,na
19,2019-Jul,Triquetta,LL,2019-07-07,na,na,1,L,1,na,30,115,na,0,na,na,na,23,,na,na,na,na,na,na,na,na,na,,na,na,na,na,na,na,na,na,,na,na,na,na
19,2019-Jul,Triquetta,LL,2019-07-07,na,na,1,L,5,na,283,77,na,0,na,na,na,20,,na,na,na,na,na,na,na,na,na,,na,na,na,na,na,na,na,na,,na,na,na,na
19,2019-Jul,Triquetta,LL,2019-07-07,na,na,1,R,7,na,358,70,na,0,na,na,na,16,,na,na,na,na,na,na,na,na,na,,na,na,na,na,na,na,na,na,,na,na,na,na
19,2019-Jul,Triquetta,LL,2019-07-07,na,na,1,R,9,na,479,108,na,0,na,na,na,37,,na,na,na,na,na,na,na,na,na,,na,na,na,na,na,na,na,na,,na,na,na,na
19,2019-Jul,Triquetta,LL,2019-07-07,na,na,1,L,11,na,295,63,na,0,na,na,na,15,,na,na,na,na,na,na,na,na,na,,na,na,na,na,na,na,na,na,,na,na,na,na
19,2019-Jul,Triquetta,LL,2019-07-07,na,na,1,R,13,na,471,66,na,0,na,na,na,25,,na,na,na,na,na,na,na,na,na,,na,na,na,na,na,na,na,na,,na,na,na,na
19,2019-Jul,Triquetta,LL,2019-07-07,na,na,1,L,13,na,413,150,na,0,na,na,na,37,,na,na,na,na,na,na,na,na,na,,na,na,na,na,na,na,na,na,,na,na,na,na
19,2019-Jul,Triquetta,LL,2019-07-07,na,na,1,L,16,na,435,93,na,0,na,na,na,34,,na,na,na,na,na,na,na,na,na,,na,na,na,na,na,na,na,na,,na,na,na,na
19,2019-Jul,Triquetta,LL,2019-07-07,na,na,1,L,19,na,422,92,na,0,na,na,na,35,,na,na,na,na,na,na,na,na,na,,na,na,na,na,na,na,na,na,,na,na,na,na
19,2019-Jul,Triquetta,LL,2019-07-07,na,na,1,L,19.5,na,366,100,na,0,na,na,na,34,,na,na,na,na,na,na,na,na,na,,na,na,na,na,na,na,na,na,,na,na,na,na
19,2019-Jul,Triquetta,DNO,2019-07-07,na,na,2,R,0.9,na,590,145,na,0,na,na,na,56,,na,na,na,na,na,na,na,na,na,,na,na,na,na,na,na,na,na,,na,na,na,na
19,2019-Jul,Triquetta,DNO,2019-07-07,na,na,2,L,2,na,473,49,na,0,na,na,na,29,,na,na,na,na,na,na,na,na,na,,na,na,na,na,na,na,na,na,,na,na,na,na
19,2019-Jul,Triquetta,DNO,2019-07-07,na,na,2,R,2.5,na,469,18,na,0,na,na,na,na,,na,na,na,na,na,na,na,na,na,,na,na,na,na,na,na,na,na,,na,na,na,na
19,2019-Jul,Triquetta,DNO,2019-07-07,na,na,2,L,3,na,507,83,na,0,na,na,na,46,,na,na,na,na,na,na,na,na,na,,na,na,na,na,na,na,na,na,,na,na,na,na
19,2019-Jul,Triquetta,DNO,2019-07-07,na,na,2,L,4.5,na,393,56,na,0,na,na,na,21,,na,na,na,na,na,na,na,na,na,,na,na,na,na,na,na,na,na,,na,na,na,na
19,2019-Jul,Triquetta,DNO,2019-07-07,na,na,2,L,8,na,600,107,na,L,na,na,na,44,,na,na,na,na,na,na,na,na,na,,na,na,na,na,na,na,na,na,,na,na,na,na
19,2019-Jul,Triquetta,DNO,2019-07-07,na,na,2,R,10,na,540,120,na,L,na,na,na,51,,na,na,na,na,na,na,na,na,na,,na,na,na,na,na,na,na,na,,na,na,na,na
19,2019-Jul,Triquetta,DNO,2019-07-07,na,na,2,L,14,na,498,125,na,L,na,na,na,48,,na,na,na,na,na,na,na,na,na,,na,na,na,na,na,na,na,na,,na,na,na,na
19,2019-Jul,Triquetta,DNO,2019-07-07,na,na,2,L,16,na,450,51,na,0,na,na,na,29,,na,na,na,na,na,na,na,na,na,,na,na,na,na,na,na,na,na,,na,na,na,na
19,2019-Jul,Triquetta,DNO,2019-07-07,na,na,2,R,11,na,653,91,na,0,na,na,na,26,,na,na,na,na,na,na,na,na,na,,na,na,na,na,na,na,na,na,,na,na,na,na
19,2019-Jul,Triquetta,ZM,2019-07-07,na,na,2,L,0.5,na,415,65,na,0,na,na,na,34,,na,na,na,na,na,na,na,na,na,,na,na,na,na,na,na,na,na,,na,na,na,na
19,2019-Jul,Triquetta,ZM,2019-07-07,na,na,2,R,2.2,na,465,80,na,0,na,na,na,37,,na,na,na,na,na,na,na,na,na,,na,na,na,na,na,na,na,na,,na,na,na,na
19,2019-Jul,Triquetta,ZM,2019-07-07,na,na,2,L,4.3,na,473,134,na,0,na,na,na,41,,na,na,na,na,na,na,na,na,na,,na,na,na,na,na,na,na,na,,na,na,na,na
19,2019-Jul,Triquetta,ZM,2019-07-07,na,na,2,R,6.8,na,617,177,na,L,na,na,na,50,,na,na,na,na,na,na,na,na,na,,na,na,na,na,na,na,na,na,,na,na,na,na
19,2019-Jul,Triquetta,ZM,2019-07-07,na,na,2,L,9.1,na,503,101,na,0,na,na,na,37,,na,na,na,na,na,na,na,na,na,,na,na,na,na,na,na,na,na,,na,na,na,na
19,2019-Jul,Triquetta,ZM,2019-07-07,na,na,2,R,10.1,na,442,131,na,L,na,na,na,48,,na,na,na,na,na,na,na,na,na,,na,na,na,na,na,na,na,na,,na,na,na,na
19,2019-Jul,Triquetta,ZM,2019-07-07,na,na,2,L,12.2,na,523,81,na,0,na,na,na,27,,na,na,na,na,na,na,na,na,na,,na,na,na,na,na,na,na,na,,na,na,na,na
19,2019-Jul,Triquetta,ZM,2019-07-07,na,na,2,R,14,na,506,83,na,0,na,na,na,39,,na,na,na,na,na,na,na,na,na,,na,na,na,na,na,na,na,na,,na,na,na,na
19,2019-Jul,Triquetta,ZM,2019-07-07,na,na,2,L,16,na,589,154,na,0,na,na,na,40,,na,na,na,na,na,na,na,na,na,,na,na,na,na,na,na,na,na,,na,na,na,na
19,2019-Jul,Triquetta,ZM,2019-07-07,na,na,2,R,18.2,na,547,63,na,0,na,na,na,28,,na,na,na,na,na,na,na,na,na,,na,na,na,na,na,na,na,na,,na,na,na,na
20,2019-Jul,Second,KH,2019-07-20,na,na,2,na,0,na,465,108,na,L,na,na,na,51,,na,na,na,na,na,na,na,na,na,,na,na,na,na,na,na,na,na,,na,na,na,na
20,2019-Jul,Second,KH,2019-07-20,na,na,2,na,1,na,365,120,na,0,na,na,na,49,,na,na,na,na,na,na,na,na,na,,na,na,na,na,na,na,na,na,,na,na,na,na
20,2019-Jul,Second,KH,2019-07-20,na,na,2,na,4.5,na,399,75,na,0,na,na,na,39,,na,na,na,na,na,na,na,na,na,,na,na,na,na,na,na,na,na,,na,na,na,na
20,2019-Jul,Second,KH,2019-07-20,na,na,2,na,4.6,na,448,140,na,L,na,na,na,52,,na,na,na,na,na,na,na,na,na,,na,na,na,na,na,na,na,na,,na,na,na,na
20,2019-Jul,Second,KH,2019-07-20,na,na,2,na,4.4,na,590,130,na,L,na,na,na,56,,na,na,na,na,na,na,na,na,na,,na,na,na,na,na,na,na,na,,na,na,na,na
20,2019-Jul,Second,KH,2019-07-20,na,na,2,na,7.5,na,381,90,na,0,na,na,na,43,,na,na,na,na,na,na,na,na,na,,na,na,na,na,na,na,na,na,,na,na,na,na
20,2019-Jul,Second,KH,2019-07-20,na,na,2,na,7.5,na,402,150,na,0,na,na,na,46,,na,na,na,na,na,na,na,na,na,,na,na,na,na,na,na,na,na,,na,na,na,na
20,2019-Jul,Second,KH,2019-07-20,na,na,2,na,16,na,137,63,na,0,na,na,na,10,,na,na,na,na,na,na,na,na,na,,na,na,na,na,na,na,na,na,,na,na,na,na
20,2019-Jul,North,KH,2019-07-20,na,na,1,na,3,na,407,125,na,0,na,na,na,42,,na,na,na,na,na,na,na,na,na,,na,na,na,na,na,na,na,na,,na,na,na,na
20,2019-Jul,North,KH,2019-07-20,na,na,1,na,4,na,680,180,na,L,na,na,na,53,,na,na,na,na,na,na,na,na,na,,na,na,na,na,na,na,na,na,,na,na,na,na
20,2019-Jul,North,KH,2019-07-20,na,na,1,na,6,na,549,240,na,H,na,na,na,62,,na,na,na,na,na,na,na,na,na,,na,na,na,na,na,na,na,na,,na,na,na,na
20,2019-Jul,North,KH,2019-07-20,na,na,1,na,9,na,493,160,na,H,na,na,na,49,,na,na,na,na,na,na,na,na,na,,na,na,na,na,na,na,na,na,,na,na,na,na
20,2019-Jul,North,KH,2019-07-20,na,na,1,na,18,na,558,180,na,L,na,na,na,52,,na,na,na,na,na,na,na,na,na,,na,na,na,na,na,na,na,na,,na,na,na,na
20,2019-Jul,North,KH,2019-07-20,na,na,1,na,3.1,na,522,130,na,L,na,na,na,42,,na,na,na,na,na,na,na,na,na,,na,na,na,na,na,na,na,na,,na,na,na,na
20,2019-Jul,North,KH,2019-07-20,na,na,1,na,3.5,na,554,160,na,H,na,na,na,48,,na,na,na,na,na,na,na,na,na,,na,na,na,na,na,na,na,na,,na,na,na,na
20,2019-Jul,North,KH,2019-07-20,na,na,1,na,4,na,419,13,na,0,na,na,na,36,,na,na,na,na,na,na,na,na,na,,na,na,na,na,na,na,na,na,,na,na,na,na
20,2019-Jul,North,KH,2019-07-20,na,na,1,na,4,na,577,240,na,H,na,na,na,49,,na,na,na,na,na,na,na,na,na,,na,na,na,na,na,na,na,na,,na,na,na,na
20,2019-Jul,North,KH,2019-07-20,na,na,1,na,6.2,na,627,90,na,L,na,na,na,33,,na,na,na,na,na,na,na,na,na,,na,na,na,na,na,na,na,na,,na,na,na,na
20,2019-Jul,North,KH,2019-07-20,na,na,1,na,6.2,na,676,150,na,L,na,na,na,51,,na,na,na,na,na,na,na,na,na,,na,na,na,na,na,na,na,na,,na,na,na,na
20,2019-Jul,North,KH,2019-07-20,na,na,1,na,7,na,490,170,na,H,na,na,na,47,,na,na,na,na,na,na,na,na,na,,na,na,na,na,na,na,na,na,,na,na,na,na
20,2019-Jul,North,KH,2019-07-20,na,na,1,na,7,na,555,160,na,L,na,na,na,51,,na,na,na,na,na,na,na,na,na,,na,na,na,na,na,na,na,na,,na,na,na,na
20,2019-Jul,North,KH,2019-07-20,na,na,1,na,7.2,na,605,130,na,0,na,na,na,33,,na,na,na,na,na,na,na,na,na,,na,na,na,na,na,na,na,na,,na,na,na,na
20,2019-Jul,North,KH,2019-07-20,na,na,1,na,7.3,na,649,220,na,H,na,na,na,36,,na,na,na,na,na,na,na,na,na,,na,na,na,na,na,na,na,na,,na,na,na,na
20,2019-Jul,Manley,KH,2019-07-20,na,na,1,na,2,na,162,40,na,0,na,na,na,12,,na,na,na,na,na,na,na,na,na,,na,na,na,na,na,na,na,na,,na,na,na,na
20,2019-Jul,Manley,KH,2019-07-20,na,na,1,na,4,na,122,40,na,0,na,na,na,11,,na,na,na,na,na,na,na,na,na,,na,na,na,na,na,na,na,na,,na,na,na,na
20,2019-Jul,Manley,KH,2019-07-20,na,na,1,na,4.5,na,135,17,na,0,na,na,na,16,,na,na,na,na,na,na,na,na,na,,na,na,na,na,na,na,na,na,,na,na,na,na
20,2019-Jul,Manley,KH,2019-07-20,na,na,1,na,6,na,248,20,na,0,na,na,na,25,,na,na,na,na,na,na,na,na,na,,na,na,na,na,na,na,na,na,,na,na,na,na
20,2019-Jul,Manley,KH,2019-07-20,na,na,1,na,12.5,na,259,80,na,0,na,na,na,43,,na,na,na,na,na,na,na,na,na,,na,na,na,na,na,na,na,na,,na,na,na,na
20,2019-Jul,Manley,KH,2019-07-20,na,na,1,na,13,na,191,80,na,0,na,na,na,32,,na,na,na,na,na,na,na,na,na,,na,na,na,na,na,na,na,na,,na,na,na,na
20,2019-Jul,Manley,KH,2019-07-20,na,na,1,na,13.5,na,160,80,na,0,na,na,na,18,,na,na,na,na,na,na,na,na,na,,na,na,na,na,na,na,na,na,,na,na,na,na
20,2019-Jul,Manley,KH,2019-07-20,na,na,1,na,19.8,na,137,30,na,0,na,na,na,8,,na,na,na,na,na,na,na,na,na,,na,na,na,na,na,na,na,na,,na,na,na,na
20,2019-Jul,Manley,KH,2019-07-20,na,na,1,na,19.8,na,147,50,na,0,na,na,na,8,,na,na,na,na,na,na,na,na,na,,na,na,na,na,na,na,na,na,,na,na,na,na
20,2019-Jul,Manley,KH,2019-07-20,na,na,1,na,19.5,na,315,70,na,0,na,na,na,32,,na,na,na,na,na,na,na,na,na,,na,na,na,na,na,na,na,na,,na,na,na,na
20,2019-Jul,Manley,KH,2019-07-20,na,na,1,na,19.5,na,273,30,na,0,na,na,na,22,,na,na,na,na,na,na,na,na,na,,na,na,na,na,na,na,na,na,,na,na,na,na
20,2019-Jul,Manley,KH,2019-07-20,na,na,1,na,19.9,na,369,50,na,0,na,na,na,43,,na,na,na,na,na,na,na,na,na,,na,na,na,na,na,na,na,na,,na,na,na,na
20,2019-Jul,Manley,KH,2019-07-20,na,na,1,na,19.9,na,439,90,na,0,na,na,na,46,,na,na,na,na,na,na,na,na,na,,na,na,na,na,na,na,na,na,,na,na,na,na
20,2019-Jul,Manley,KH,2019-07-20,na,na,1,na,19.9,na,134,42,na,0,na,na,na,12,,na,na,na,na,na,na,na,na,na,,na,na,na,na,na,na,na,na,,na,na,na,na
20,2019-Jul,Second,LL,2019-07-20,na,na,1,na,5,na,278,94,na,L,na,na,na,25,,na,na,na,na,na,na,na,na,na,,na,na,na,na,na,na,na,na,,na,na,na,na
20,2019-Jul,Second,LL,2019-07-20,na,na,1,na,10,na,295,90,na,0,na,na,na,32,,na,na,na,na,na,na,na,na,na,,na,na,na,na,na,na,na,na,,na,na,na,na
20,2019-Jul,Second,LL,2019-07-20,na,na,1,na,15,na,336,37,na,0,na,na,na,26,,na,na,na,na,na,na,na,na,na,,na,na,na,na,na,na,na,na,,na,na,na,na
20,2019-Jul,Second,LL,2019-07-20,na,na,1,na,17,na,70,27,na,0,na,na,na,4,,na,na,na,na,na,na,na,na,na,,na,na,na,na,na,na,na,na,,na,na,na,na
20,2019-Jul,Second,LL,2019-07-20,na,na,1,na,17,na,277,22,na,0,na,na,na,23,,na,na,na,na,na,na,na,na,na,,na,na,na,na,na,na,na,na,,na,na,na,na
20,2019-Jul,Second,LL,2019-07-20,na,na,1,na,17,na,478,125,na,L,na,na,na,52,,na,na,na,na,na,na,na,na,na,,na,na,na,na,na,na,na,na,,na,na,na,na
20,2019-Jul,Second,LL,2019-07-20,na,na,1,na,20,na,477,123,na,L,na,na,na,43,,na,na,na,na,na,na,na,na,na,,na,na,na,na,na,na,na,na,,na,na,na,na
20,2019-Jul,North,LL,2019-07-20,na,na,2,na,0,na,554,144,na,L,na,na,na,52,,na,na,na,na,na,na,na,na,na,,na,na,na,na,na,na,na,na,,na,na,na,na
20,2019-Jul,North,LL,2019-07-20,na,na,2,na,0,na,570,185,na,L,na,na,na,59,,na,na,na,na,na,na,na,na,na,,na,na,na,na,na,na,na,na,,na,na,na,na
20,2019-Jul,North,LL,2019-07-20,na,na,2,na,6,na,529,163,na,L,na,na,na,61,,na,na,na,na,na,na,na,na,na,,na,na,na,na,na,na,na,na,,na,na,na,na
20,2019-Jul,North,LL,2019-07-20,na,na,2,na,6,na,416,190,na,L,na,na,na,59,,na,na,na,na,na,na,na,na,na,,na,na,na,na,na,na,na,na,,na,na,na,na
20,2019-Jul,North,LL,2019-07-20,na,na,2,na,6,na,493,137,na,H,na,na,na,41,,na,na,na,na,na,na,na,na,na,,na,na,na,na,na,na,na,na,,na,na,na,na
20,2019-Jul,North,LL,2019-07-20,na,na,2,na,8,na,532,93,na,H,na,na,na,53,,na,na,na,na,na,na,na,na,na,,na,na,na,na,na,na,na,na,,na,na,na,na
20,2019-Jul,North,LL,2019-07-20,na,na,2,na,8,na,503,115,na,H,na,na,na,43,,na,na,na,na,na,na,na,na,na,,na,na,na,na,na,na,na,na,,na,na,na,na
20,2019-Jul,North,LL,2019-07-20,na,na,2,na,8,na,577,176,na,H,na,na,na,66,,na,na,na,na,na,na,na,na,na,,na,na,na,na,na,na,na,na,,na,na,na,na
20,2019-Jul,North,LL,2019-07-20,na,na,2,na,8,na,471,73,na,L,na,na,na,46,,na,na,na,na,na,na,na,na,na,,na,na,na,na,na,na,na,na,,na,na,na,na
20,2019-Jul,North,LL,2019-07-20,na,na,2,na,10,na,565,160,na,L,na,na,na,55,,na,na,na,na,na,na,na,na,na,,na,na,na,na,na,na,na,na,,na,na,na,na
20,2019-Jul,North,LL,2019-07-20,na,na,3,na,2,na,334,110,na,L,na,na,na,35,,na,na,na,na,na,na,na,na,na,,na,na,na,na,na,na,na,na,,na,na,na,na
20,2019-Jul,North,LL,2019-07-20,na,na,3,na,6,na,219,110,na,0,na,na,na,14,,na,na,na,na,na,na,na,na,na,,na,na,na,na,na,na,na,na,,na,na,na,na
20,2019-Jul,North,LL,2019-07-20,na,na,3,na,10,na,495,200,na,L,na,na,na,46,,na,na,na,na,na,na,na,na,na,,na,na,na,na,na,na,na,na,,na,na,na,na
20,2019-Jul,North,LL,2019-07-20,na,na,3,na,10,na,346,100,na,0,na,na,na,31,,na,na,na,na,na,na,na,na,na,,na,na,na,na,na,na,na,na,,na,na,na,na
20,2019-Jul,North,LL,2019-07-20,na,na,3,na,10,na,187,56,na,0,na,na,na,6,,na,na,na,na,na,na,na,na,na,,na,na,na,na,na,na,na,na,,na,na,na,na
20,2019-Jul,North,LL,2019-07-20,na,na,3,na,10,na,328,100,na,0,na,na,na,29,,na,na,na,na,na,na,na,na,na,,na,na,na,na,na,na,na,na,,na,na,na,na
20,2019-Jul,North,LL,2019-07-20,na,na,3,na,10,na,409,150,na,L,na,na,na,39,,na,na,na,na,na,na,na,na,na,,na,na,na,na,na,na,na,na,,na,na,na,na
20,2019-Jul,North,LL,2019-07-20,na,na,3,na,12,na,529,79,na,0,na,na,na,49,,na,na,na,na,na,na,na,na,na,,na,na,na,na,na,na,na,na,,na,na,na,na
20,2019-Jul,North,LL,2019-07-20,na,na,3,na,20,na,387,130,na,0,na,na,na,32,,na,na,na,na,na,na,na,na,na,,na,na,na,na,na,na,na,na,,na,na,na,na
20,2019-Jul,Manley,LL,2019-07-20,na,na,2,na,17,na,345,97,na,L,na,na,na,46,,na,na,na,na,na,na,na,na,na,,na,na,na,na,na,na,na,na,,na,na,na,na
20,2019-Jul,Manley,LL,2019-07-20,na,na,2,na,17,na,106,65,na,0,na,na,na,16,,na,na,na,na,na,na,na,na,na,,na,na,na,na,na,na,na,na,,na,na,na,na
20,2019-Jul,Manley,LL,2019-07-20,na,na,2,na,16,na,150,55,na,0,na,na,na,20,,na,na,na,na,na,na,na,na,na,,na,na,na,na,na,na,na,na,,na,na,na,na
20,2019-Jul,Manley,LL,2019-07-20,na,na,2,na,13,na,316,108,na,0,na,na,na,44,,na,na,na,na,na,na,na,na,na,,na,na,na,na,na,na,na,na,,na,na,na,na
20,2019-Jul,Manley,LL,2019-07-20,na,na,2,na,13,na,350,97,na,0,na,na,na,46,,na,na,na,na,na,na,na,na,na,,na,na,na,na,na,na,na,na,,na,na,na,na
20,2019-Jul,Manley,LL,2019-07-20,na,na,3,na,13,na,372,90,na,0,na,na,na,45,,na,na,na,na,na,na,na,na,na,,na,na,na,na,na,na,na,na,,na,na,na,na
20,2019-Jul,Manley,LL,2019-07-20,na,na,3,na,20,na,273,83,na,0,na,na,na,38,,na,na,na,na,na,na,na,na,na,,na,na,na,na,na,na,na,na,,na,na,na,na
20,2019-Jul,Manley,LL,2019-07-20,na,na,3,na,20,na,355,95,na,0,na,na,na,35,,na,na,na,na,na,na,na,na,na,,na,na,na,na,na,na,na,na,,na,na,na,na
20,2019-Jul,Manley,LL,2019-07-20,na,na,3,na,20,na,400,115,na,0,na,na,na,47,,na,na,na,na,na,na,na,na,na,,na,na,na,na,na,na,na,na,,na,na,na,na
20,2019-Jul,Manley,LL,2019-07-20,na,na,3,na,20,na,171,72,na,0,na,na,na,19,,na,na,na,na,na,na,na,na,na,,na,na,na,na,na,na,na,na,,na,na,na,na
20,2019-Jul,Triquetta,LL,2019-07-20,na,na,1,na,17,na,472,72,na,0,na,na,na,42,,na,na,na,na,na,na,na,na,na,,na,na,na,na,na,na,na,na,,na,na,na,na
20,2019-Jul,Triquetta,LL,2019-07-20,na,na,1,na,17,na,413,54,na,0,na,na,na,34,,na,na,na,na,na,na,na,na,na,,na,na,na,na,na,na,na,na,,na,na,na,na
20,2019-Jul,Triquetta,LL,2019-07-20,na,na,1,na,2,na,113,26,na,0,na,na,na,6,,na,na,na,na,na,na,na,na,na,,na,na,na,na,na,na,na,na,,na,na,na,na
20,2019-Jul,Triquetta,LL,2019-07-20,na,na,1,na,2,na,414,80,na,0,na,na,na,27,,na,na,na,na,na,na,na,na,na,,na,na,na,na,na,na,na,na,,na,na,na,na
20,2019-Jul,Triquetta,LL,2019-07-20,na,na,1,na,3,na,375,55,na,0,na,na,na,30,,na,na,na,na,na,na,na,na,na,,na,na,na,na,na,na,na,na,,na,na,na,na
20,2019-Jul,Triquetta,LL,2019-07-20,na,na,1,na,5,na,395,20,na,0,na,na,na,16,,na,na,na,na,na,na,na,na,na,,na,na,na,na,na,na,na,na,,na,na,na,na
20,2019-Jul,Triquetta,LL,2019-07-20,na,na,1,na,5,na,425,90,na,0,na,na,na,35,,na,na,na,na,na,na,na,na,na,,na,na,na,na,na,na,na,na,,na,na,na,na
20,2019-Jul,Triquetta,LL,2019-07-20,na,na,1,na,6,na,442,45,na,0,na,na,na,36,,na,na,na,na,na,na,na,na,na,,na,na,na,na,na,na,na,na,,na,na,na,na
20,2019-Jul,Triquetta,LL,2019-07-20,na,na,1,na,6,na,164,0,na,0,na,na,na,15,,na,na,na,na,na,na,na,na,na,,na,na,na,na,na,na,na,na,,na,na,na,na
20,2019-Jul,Triquetta,LL,2019-07-20,na,na,1,na,9,na,497,48,na,0,na,na,na,45,,na,na,na,na,na,na,na,na,na,,na,na,na,na,na,na,na,na,,na,na,na,na
20,2019-Jul,Triquetta,LL,2019-07-20,na,na,1,na,9,na,541,54,na,0,na,na,na,39,,na,na,na,na,na,na,na,na,na,,na,na,na,na,na,na,na,na,,na,na,na,na
20,2019-Jul,Triquetta,LL,2019-07-20,na,na,1,na,11,na,432,70,na,0,na,na,na,48,,na,na,na,na,na,na,na,na,na,,na,na,na,na,na,na,na,na,,na,na,na,na
20,2019-Jul,Triquetta,LL,2019-07-20,na,na,1,na,11,na,394,93,na,0,na,na,na,33,,na,na,na,na,na,na,na,na,na,,na,na,na,na,na,na,na,na,,na,na,na,na
20,2019-Jul,Triquetta,LL,2019-07-20,na,na,1,na,13,na,410,36,na,0,na,na,na,30,,na,na,na,na,na,na,na,na,na,,na,na,na,na,na,na,na,na,,na,na,na,na
20,2019-Jul,Triquetta,LL,2019-07-20,na,na,1,na,13,na,385,25,na,0,na,na,na,26,,na,na,na,na,na,na,na,na,na,,na,na,na,na,na,na,na,na,,na,na,na,na
20,2019-Jul,Triquetta,LL,2019-07-20,na,na,2,na,12,na,430,59,na,0,na,na,na,25,,na,na,na,na,na,na,na,na,na,,na,na,na,na,na,na,na,na,,na,na,na,na
20,2019-Jul,Triquetta,KH,2019-07-20,na,na,3,na,1,na,315,9,na,0,na,na,na,16,,na,na,na,na,na,na,na,na,na,,na,na,na,na,na,na,na,na,,na,na,na,na
20,2019-Jul,Triquetta,KH,2019-07-20,na,na,3,na,2,na,405,58,na,0,na,na,na,36,,na,na,na,na,na,na,na,na,na,,na,na,na,na,na,na,na,na,,na,na,na,na
20,2019-Jul,Triquetta,KH,2019-07-20,na,na,3,na,5,na,545,30,na,0,na,na,na,38,,na,na,na,na,na,na,na,na,na,,na,na,na,na,na,na,na,na,,na,na,na,na
20,2019-Jul,Triquetta,KH,2019-07-20,na,na,3,na,8,na,612,43,na,0,na,na,na,28,,na,na,na,na,na,na,na,na,na,,na,na,na,na,na,na,na,na,,na,na,na,na
20,2019-Jul,Triquetta,KH,2019-07-20,na,na,3,na,8,na,621,40,na,0,na,na,na,27,,na,na,na,na,na,na,na,na,na,,na,na,na,na,na,na,na,na,,na,na,na,na
20,2019-Jul,Triquetta,KH,2019-07-20,na,na,3,na,10,na,596,60,na,L,na,na,na,52,,na,na,na,na,na,na,na,na,na,,na,na,na,na,na,na,na,na,,na,na,na,na
20,2019-Jul,Triquetta,KH,2019-07-20,na,na,3,na,11.5,na,444,11,na,0,na,na,na,19,,na,na,na,na,na,na,na,na,na,,na,na,na,na,na,na,na,na,,na,na,na,na
20,2019-Jul,Triquetta,KH,2019-07-20,na,na,3,na,12.5,na,568,80,na,L,na,na,na,48,,na,na,na,na,na,na,na,na,na,,na,na,na,na,na,na,na,na,,na,na,na,na
20,2019-Jul,Triquetta,KH,2019-07-20,na,na,3,na,15,na,565,50,na,0,na,na,na,40,,na,na,na,na,na,na,na,na,na,,na,na,na,na,na,na,na,na,,na,na,na,na
20,2019-Jul,Triquetta,KH,2019-07-20,na,na,3,na,16.5,na,581,60,na,0,na,na,na,46,,na,na,na,na,na,na,na,na,na,,na,na,na,na,na,na,na,na,,na,na,na,na
20,2019-Jul,Triquetta,KH,2019-07-20,na,na,3,na,17,na,535,45,na,0,na,na,na,31,,na,na,na,na,na,na,na,na,na,,na,na,na,na,na,na,na,na,,na,na,na,na
20,2019-Jul,Triquetta,KH,2019-07-20,na,na,3,na,18,na,573,30,na,0,na,na,na,31,,na,na,na,na,na,na,na,na,na,,na,na,na,na,na,na,na,na,,na,na,na,na
20,2019-Jul,Triquetta,KH,2019-07-20,na,na,3,na,19,na,603,90,na,L,na,na,na,41,,na,na,na,na,na,na,na,na,na,,na,na,na,na,na,na,na,na,,na,na,na,na
20,2019-Jul,Triquetta,KH,2019-07-20,na,na,3,na,19.5,na,514,60,na,L,na,na,na,32,,na,na,na,na,na,na,na,na,na,,na,na,na,na,na,na,na,na,,na,na,na,na
20,2019-Jul,Triquetta,KH,2019-07-20,na,na,3,na,20,na,524,60,na,0,na,na,na,36,,na,na,na,na,na,na,na,na,na,,na,na,na,na,na,na,na,na,,na,na,na,na
20,2019-Jul,Triquetta,KH,2019-07-20,na,na,2,na,18.5,na,586,51,na,L,na,na,na,35,,na,na,na,na,na,na,na,na,na,,na,na,na,na,na,na,na,na,,na,na,na,na
20,2019-Jul,Triquetta,KH,2019-07-20,na,na,2,na,17.5,na,555,80,na,0,na,na,na,41,,na,na,na,na,na,na,na,na,na,,na,na,na,na,na,na,na,na,,na,na,na,na
20,2019-Jul,Triquetta,KH,2019-07-20,na,na,2,na,16,na,481,25,na,0,na,na,na,30,,na,na,na,na,na,na,na,na,na,,na,na,na,na,na,na,na,na,,na,na,na,na
20,2019-Jul,Triquetta,KH,2019-07-20,na,na,2,na,10,na,438,16,na,0,na,na,na,21,,na,na,na,na,na,na,na,na,na,,na,na,na,na,na,na,na,na,,na,na,na,na
20,2019-Jul,Triquetta,KH,2019-07-20,na,na,2,na,10,na,516,25,na,0,na,na,na,26,,na,na,na,na,na,na,na,na,na,,na,na,na,na,na,na,na,na,,na,na,na,na
20,2019-Jul,Triquetta,KH,2019-07-20,na,na,2,na,6,na,519,33,na,0,na,na,na,21,,na,na,na,na,na,na,na,na,na,,na,na,na,na,na,na,na,na,,na,na,na,na
20,2019-Jul,Triquetta,KH,2019-07-20,na,na,2,na,6,na,540,28,na,0,na,na,na,31,,na,na,na,na,na,na,na,na,na,,na,na,na,na,na,na,na,na,,na,na,na,na
20,2019-Jul,Triquetta,KH,2019-07-20,na,na,2,na,6,na,579,70,na,0,na,na,na,42,,na,na,na,na,na,na,na,na,na,,na,na,na,na,na,na,na,na,,na,na,na,na
20,2019-Jul,Triquetta,KH,2019-07-20,na,na,2,na,3,na,586,100,na,H,na,na,na,50,,na,na,na,na,na,na,na,na,na,,na,na,na,na,na,na,na,na,,na,na,na,na
na,2020-Jul,North,OP/BT,2020-07-04,15:00,15,na,na,na,2083,376,195,10,L,72,234,na,58,,2020-07-11,2083,11:15:00,11.25,57,na,139.5,300,y,,2020-07-26,y,2083,10:16:00,10.27,393,53,62,,9.863,0.780,-0.267,-0.219
na,2020-Jul,North,OP/BT,2020-07-04,15:00,15,na,na,na,1708,305,140,8,0,50,152,na,41,,2020-07-11,1708,11:15:00,11.25,34,na,92,172,y,,2020-07-26,y,1708,10:16:00,10.27,330,33,33,,6.137,1.147,-0.067,-3.215
na,2020-Jul,North,OP/BT,2020-07-04,15:00,15,na,na,na,1768,320,217,11,H,65,218,na,52,,2020-07-11,1768,11:15:00,11.25,42,na,101,239,y,,2020-07-26,y,1768,10:16:00,10.27,355,39,55,,5.260,1.605,-0.201,-2.192
na,2020-Jul,North,OP/BT,2020-07-04,15:00,15,na,na,na,1817,248,180,9,H,61,187,na,45,,2020-07-11,1817,11:15:00,11.25,45,na,101,189,y,,2020-07-26,y,1817,10:16:00,10.27,267,38,44,,5.845,0.871,-0.468,-5.553
na,2020-Jul,North,OP/BT,2020-07-04,15:00,15,na,na,na,2066,466,230,10,H,76,228,na,68,,2020-07-11,2066,11:15:00,11.25,47,na,na,na,y,,2020-07-26,n,2066,10:16:00,10.27,na,na,na,,na,na,na,na
na,2020-Jul,North,OP/BT,2020-07-04,15:00,15,na,na,na,2080,534,210,9.5,L,70,218,na,50,,2020-07-11,2080,11:15:00,11.25,39,na,123,254,y,,2020-07-26,n,2080,10:16:00,10.27,na,na,na,,7.744,na,na,-2.484
na,2020-Jul,North,KH/DVM,2020-07-04,15:00,15,na,na,na,2333,425,224,8.1,L,30,95,na,45,,2020-07-11,2333,11:15:00,11.25,59,na,na,na,y,,2020-07-26,n,2333,10:16:00,10.27,na,na,na,,na,na,na,na
na,2020-Jul,North,KH/DVM,2020-07-04,15:00,15,na,na,na,1720,306,188,7.6,L,60,170,na,28,,2020-07-11,1720,11:15:00,11.25,28,na,120,200,y,,2020-07-26,n,1720,10:16:00,10.27,na,na,na,,8.767,na,na,-4.384
na,2020-Jul,North,KH/DVM,2020-07-04,15:00,15,na,na,na,1913,375,300,8.6,0,50,155,na,45,,2020-07-11,1913,11:15:00,11.25,45,na,79,167,y,,2020-07-26,n,1913,10:16:00,10.27,na,na,na,,4.237,na,na,-2.484
na,2020-Jul,North,KH/DVM,2020-07-04,15:00,15,na,na,na,2509,390,221,4.9,L,25,88,na,59,,2020-07-11,2509,11:15:00,11.25,70,na,46,115,y,,2020-07-26,n,2509,10:16:00,10.27,na,na,na,,3.068,na,na,0.877
na,2020-Jul,North,KH/DVM,2020-07-04,15:00,15,na,na,na,1861,563,285,11,L,30,95,na,57,,2020-07-11,1861,11:15:00,11.25,57,na,53,128,y,,2020-07-26,n,1861,10:16:00,10.27,na,na,na,,3.361,na,na,1.461
na,2020-Jul,North,KH/DVM,2020-07-04,15:00,15,na,na,na,1921,364,204,7,L,40,122,na,50,,2020-07-11,1921,11:15:00,11.25,40,na,62,89,y,,2020-07-26,n,1921,10:16:00,10.27,na,na,na,,3.215,na,na,-8.037
na,2020-Jul,North,KH/DVM,2020-07-04,15:00,15,na,na,na,1937,425,350,11,L,45,230,na,70,,2020-07-11,1937,11:15:00,11.25,53,na,65,224,y,,2020-07-26,y,1937,10:16:00,10.27,471,23,72,,2.922,2.110,-2.005,-3.799
na,2020-Jul,North,KH/DVM,2020-07-04,15:00,15,na,na,na,2076,223,190,5,L,45,143,na,40,,2020-07-11,2076,11:15:00,11.25,26,na,na,na,y,,2020-07-26,n,2076,10:16:00,10.27,na,na,na,,na,na,na,na
na,2020-Jul,North,KH/DVM,2020-07-04,15:00,15,na,na,na,2001,337,290,6,0,60,189,na,50,,2020-07-11,2001,11:15:00,11.25,62,na,102,206,y,,2020-07-26,y,2001,10:16:00,10.27,503,60,51,,6.137,7.614,-0.134,-3.653
na,2020-Jul,Triquetta,OP/BT,2020-07-04,11:15,11.3,1,L,1.5,2541,156,80,6,0,25,68,na,12,,2020-07-11,2541,14:00:00,14,34,na,47,89,y,,2020-07-25,y,2541,16:05:00,16.08,260,36,17,,3.093,4.906,0.142,-0.141
na,2020-Jul,Triquetta,OP/BT,2020-07-04,11:15,11.3,1,L,6.5,2558,165,70,4,0,20,71,na,17,,2020-07-11,2558,14:00:00,14,35,na,39,91,y,,2020-07-25,n,2558,16:05:00,16.08,na,na,na,gone,2.671,na,na,0.141
na,2020-Jul,Triquetta,OP/BT,2020-07-04,11:15,11.3,1,L,10,2544,277,90,4.5,0,32.5,110,na,19,,2020-07-11,2544,14:00:00,14,31,na,47.5,56,y,,2020-07-25,y,2544,16:05:00,16.08,350,36,22,,2.109,3.444,0.355,-9.701
na,2020-Jul,Triquetta,OP/BT,2020-07-04,11:15,11.3,1,R,13.5,2547,470,240,6,0,60,209,na,49,,2020-07-11,2547,14:00:00,14,76,na,87,238,y,,2020-07-25,y,2547,16:05:00,16.08,509,50,53,,3.796,1.840,-1.846,0.281
na,2020-Jul,Triquetta,OP/BT,2020-07-04,11:15,11.3,3,L,16.5,2557,450,210,7.5,0,80,231,na,38,,2020-07-11,2557,14:00:00,14,76,na,117,208,y,,2020-07-25,y,2557,16:05:00,16.08,504,64,40,,5.202,2.547,-0.852,-8.436
na,2020-Jul,Triquetta,OP/BT,2020-07-04,11:15,11.3,3,L,15,2572.3,182,152,6,0,26,72,na,20,,2020-07-11,2572.3,14:00:00,14,40,na,46.5,94,y,,2020-07-25,y,2572.3,16:05:00,16.08,466,56,41,,2.882,13.397,1.136,0.211
na,2020-Jul,Triquetta,KH/DVM,2020-07-04,11:15,11.3,2,R,4,2571,398,150,5,0,25,80,na,30,,2020-07-11,2571,14:00:00,14,63,na,37,93,y,,2020-07-25,y,2571,16:05:00,16.08,510,58,39,,1.687,5.283,-0.355,0.141
na,2020-Jul,Triquetta,KH/DVM,2020-07-04,11:15,11.3,2,R,7,2566,339,110,7,0,47,206,na,29,,2020-07-11,2566,14:00:00,14,61,na,67,66,y,,2020-07-25,y,2566,16:05:00,16.08,447,62,36,,2.812,5.095,0.071,-22.496
na,2020-Jul,Triquetta,KH/DVM,2020-07-04,11:15,11.3,2,L,10,2559,434,120,5,0,20,88,na,40,,2020-07-11,2559,14:00:00,14,40,na,28,93,y,,2020-07-25,y,2559,16:05:00,16.08,506,51,40,,1.125,3.396,0.781,-0.422
na,2020-Jul,Triquetta,KH/DVM,2020-07-04,11:15,11.3,2,L,14,2576,378,170,6.5,0,60,169,na,39,,2020-07-11,2576,14:00:00,14,62,na,85,158,y,,2020-07-25,y,2576,16:05:00,16.08,458,56,39,,3.515,3.774,-0.426,-5.062
na,2020-Jul,Triquetta,KH/DVM,2020-07-04,11:15,11.3,2,L,18.5,2578,482,150,8.4,0,50,145,na,39,,2020-07-11,2578,14:00:00,14,76,na,57,111,y,,2020-07-25,y,2578,16:05:00,16.08,552,97,41,,0.984,3.302,1.491,-5.764
na,2020-Jul,Triquetta,KH/DVM,2020-07-04,11:15,11.3,1,L,20,2561,314,118,6,0,86,214,na,32,,2020-07-11,2561,14:00:00,14,52,na,121,150,y,,2020-07-25,y,2561,16:05:00,16.08,425,59,37,,4.921,5.236,0.497,-13.919
na,2020-Jul,Triquetta,KH/DVM,2020-07-04,11:15,11.3,3,R,1,2582,298,140,4.6,0,15,56,na,26,,2020-07-11,2582,14:00:00,14,40,na,35,71,y,,2020-07-25,y,2582,16:05:00,16.08,410,46,27,,2.812,5.283,0.426,-0.703
na,2020-Jul,Triquetta,KH/DVM,2020-07-04,11:15,11.3,3,L,6,2554,319,190,4.8,0,15,58,na,25,,2020-07-11,2554,14:00:00,14,47,na,36,78,y,,2020-07-25,y,2554,16:05:00,16.08,426,40,32,,2.953,5.047,-0.497,-0.141
na,2020-Jul,Triquetta,KH/DVM,2020-07-04,11:15,11.3,3,R,10,2540,374,290,5.1,0,70,184,na,38,,2020-07-11,2540,14:00:00,14,79,na,95,165,y,,2020-07-25,y,2540,16:05:00,16.08,454,66,42,,3.515,3.774,-0.923,-6.186
na,2020-Jul,Second,KH/DVM,2020-07-04,14:30,14.5,na,na,na,1895,222,160,5,0,40,132,na,na,,2020-07-11,1895,9:50:00,9.83,na,na,na,na,n,,2020-07-26,n,1895,9:20:00,9.33,na,na,na,,na,na,na,na
na,2020-Jul,Second,KH/DVM,2020-07-04,14:30,14.5,na,na,na,2552,121,46,4,0,45,121,na,19,,2020-07-11,2552,9:50:00,9.83,20,na,na,na,y,datasheet says 35 distP2 and 37 obladeL2bt could have read the wrong side of the tape,2020-07-26,y,2552,9:20:00,9.33,235,31,26,,na,5.233,0.734,na
na,2020-Jul,Second,KH/DVM,2020-07-04,14:30,14.5,na,na,na,2590,242,170,4.8,0,30,120,na,32,,2020-07-11,2590,9:50:00,9.83,56,na,67,148,y,,2020-07-26,y,2590,9:20:00,9.33,320,80,40,,5.437,3.581,1.602,-1.322
na,2020-Jul,Second,KH/DVM,2020-07-04,14:30,14.5,na,na,na,2584,373,250,6.7,0,50,152,na,29,,2020-07-11,2584,9:50:00,9.83,50,na,65,190,y,,2020-07-26,y,2584,9:20:00,9.33,na,50,30,359 stipeL3,2.204,na,0.000,3.380
na,2020-Jul,Second,KH/DVM,2020-07-04,14:30,14.5,na,na,na,1825,174,126,7,0,45,142,na,38,,2020-07-11,1825,9:50:00,9.83,42,na,84,161,y,,2020-07-26,y,1825,9:20:00,9.33,307,42,45,,5.731,6.105,0.000,-2.939
na,2020-Jul,Second,KH/DVM,2020-07-04,14:30,14.5,na,na,na,1803,267,136,7,0,45,141,na,38,,2020-07-11,1803,9:50:00,9.83,43,na,100,175,y,,2020-07-26,y,1803,9:20:00,9.33,335,48,44,,8.082,3.121,0.334,-3.086
na,2020-Jul,Second,KH/DVM,2020-07-04,14:30,14.5,na,na,na,2022,387,150,6.1,0,25,86,na,36,,2020-07-11,2022,9:50:00,9.83,94,na,89,132,y,,2020-07-26,y,2022,9:20:00,9.33,471,81,41,,9.404,3.856,-0.868,-2.645
na,2020-Jul,Second,KH/DVM,2020-07-04,14:30,14.5,na,na,na,1769,351,310,7.9,L,55,169,na,34,,2020-07-11,1769,9:50:00,9.83,51,na,122,189,y,,2020-07-26,n,1769,9:20:00,9.33,na,na,na,,9.845,na,na,-6.906
na,2020-Jul,Second,OP/BT,2020-07-04,14:30,14.5,na,na,na,1799,293,150,6.5,L,40,126,na,44,,2020-07-11,1799,9:50:00,9.83,56,na,72.5,161,y,,2020-07-26,y,1799,9:20:00,9.33,328,60,41,,4.776,1.607,0.267,0.367
na,2020-Jul,Second,OP/BT,2020-07-04,14:30,14.5,na,na,na,2515,154,40,3.5,0,16,54,na,24,,2020-07-11,2515,9:50:00,9.83,24,na,36.5,70,y,,2020-07-26,y,2515,9:20:00,9.33,234,33,30,,3.012,3.672,0.601,-0.661
na,2020-Jul,Second,OP/BT,2020-07-04,14:30,14.5,na,na,na,1969,306,170,6,L,70,273,na,34,,2020-07-11,1969,9:50:00,9.83,43,na,130,197,y,,2020-07-26,y,1969,9:20:00,9.33,384,52,38,,8.817,3.581,0.601,-19.984
na,2020-Jul,Second,OP/BT,2020-07-04,14:30,14.5,na,na,na,2134,290,170,6,L,40,145,na,35,,2020-07-11,2134,9:50:00,9.83,44,na,74.5,162.5,y,,2020-07-26,y,2134,9:20:00,9.33,345,56,36,,5.069,2.525,0.801,-2.498
na,2020-Jul,Second,OP/BT,2020-07-04,14:30,14.5,na,na,na,2073,294,183,7,0,30,107,na,48,,2020-07-11,2073,9:50:00,9.83,57,na,68,145,y,,2020-07-26,y,2073,9:20:00,9.33,348,58,50,,5.584,2.479,0.067,0.000
na,2020-Jul,Second,OP/BT,2020-07-04,14:30,14.5,na,na,na,1911,283,220,7,L,90,266,na,50,,2020-07-11,1911,9:50:00,9.83,58,na,155.5,220,y,,2020-07-26,y,1911,9:20:00,9.33,316,73,53,,9.625,1.515,1.001,-16.384
na,2020-Jul,Second,OP/BT,2020-07-04,14:30,14.5,na,na,na,2117,263,120,6.5,0,50,151,na,45,,2020-07-11,2117,9:50:00,9.83,47,na,95.5,156,y,,2020-07-26,y,2117,9:20:00,9.33,294,52,46,,6.686,1.423,0.334,-5.951
na,2020-Jul,Manley,OP/BT,2020-07-05,11:12,11.2,na,na,na,2550,149,80,2.5,0,30.5,92,na,26,,2020-07-11,2550,13:00:00,13,36,na,42,76,y,,2020-07-26,n,2550,11:50:00,11.83,na,na,na,,1.893,na,na,-4.527
na,2020-Jul,Manley,OP/BT,2020-07-05,11:12,11.2,na,na,na,2072,150,80,3,0,30,91,na,26,,2020-07-11,2072,13:00:00,13,45,na,na,na,y,,2020-07-26,y,2072,11:50:00,11.83,185,49,28,,na,1.665,0.268,na
na,2020-Jul,Manley,OP/BT,2020-07-05,11:12,11.2,na,na,na,276,385,210,9,H,50,197,na,52,,2020-07-11,276,13:00:00,13,89,na,70.5,200,y,,2020-07-26,y,276,11:50:00,11.83,395,80,54,,3.374,0.476,-0.602,-2.881
na,2020-Jul,Manley,OP/BT,2020-07-05,11:12,11.2,na,na,na,2064,329,120,5,0,40,121,na,36,,2020-07-11,2064,13:00:00,13,76,na,58,113,y,,2020-07-26,n,2064,11:50:00,11.83,na,na,na,,2.963,na,na,-4.280
na,2020-Jul,Manley,OP/BT,2020-07-05,11:12,11.2,na,na,na,2543,167,90,4,0,32,107,na,25,,2020-07-11,2543,13:00:00,13,43,na,48,0,y,,2020-07-26,n,2543,11:50:00,11.83,na,na,na,,2.634,na,na,-20.247
na,2020-Jul,Manley,OP/BT,2020-07-05,11:12,11.2,na,na,na,1820,403,150,7,H,56,174,na,52,,2020-07-11,1820,13:00:00,13,91,na,79,161,y,,2020-07-26,y,1820,11:50:00,11.83,408,105,54,,3.786,0.238,0.936,-5.926
na,2020-Jul,Manley,OP/BT,2020-07-05,11:12,11.2,na,na,na,281,187,170,7,0,60,180,na,40,,2020-07-11,281,13:00:00,13,45,na,na,na,y,,2020-07-26,y,281,11:50:00,11.83,317,49,44,,na,6.183,0.268,na
na,2020-Jul,Manley,OP/BT,2020-07-05,11:12,11.2,na,na,na,2589,222,150,6,0,50,153,na,21,,2020-07-11,2589,13:00:00,13,63,na,78,138,y,,2020-07-26,y,2589,11:50:00,11.83,284,71,26,,4.609,2.949,0.535,-7.078
na,2020-Jul,Manley,OP/BT,2020-07-05,11:12,11.2,na,na,na,1891,125,80,3,0,22,67,na,28,,2020-07-11,1891,13:00:00,13,38,na,33,78,y,,2020-07-26,y,1891,11:50:00,11.83,146,39,28,,1.811,0.999,0.067,0.000
na,2020-Jul,Manley,DVM/LL,2020-07-05,11:12,11.2,na,na,na,2565,166,100,5,0,30,100,na,34,,2020-07-11,2565,13:00:00,13,36,na,43,99,y,,2020-07-26,y,2565,11:50:00,11.83,195,48,na,,2.140,1.379,0.803,-2.305
na,2020-Jul,Manley,DVM/LL,2020-07-05,11:12,11.2,na,na,na,2592,125,190,6,L,25,72,na,43,,2020-07-11,2592,13:00:00,13,59,na,42,82,y,,2020-07-26,y,2592,11:50:00,11.83,133,56,na,,2.798,0.380,-0.201,-1.152
na,2020-Jul,Manley,DVM/LL,2020-07-05,11:12,11.2,na,na,na,2580,182,160,7,L,90,258,na,41,,2020-07-11,2580,13:00:00,13,64,na,90,158,y,,2020-07-26,y,2580,11:50:00,11.83,186,62,na,,0.000,0.190,-0.134,-16.461
na,2020-Jul,Manley,DVM/LL,2020-07-05,11:12,11.2,na,na,na,2581,297,150,na,0,30,98,na,35,,2020-07-11,2581,13:00:00,13,33,na,44,47,y,,2020-07-26,y,2581,11:50:00,11.83,na,48,na,,2.305,na,1.003,-10.700
na,2020-Jul,Manley,DVM/LL,2020-07-05,11:12,11.2,na,na,na,2549,118,100,4.5,L,25,81,na,45,,2020-07-11,2549,13:00:00,13,61,na,30,73,y,,2020-07-26,y,2549,11:50:00,11.83,222,73,na,,0.823,4.946,0.803,-2.140
na,2020-Jul,Manley,DVM/LL,2020-07-05,11:12,11.2,na,na,na,2046,284,160,6,L,25,84,na,44,,2020-07-11,2046,13:00:00,13,52,na,34,64,y,,2020-07-26,n,2046,11:50:00,11.83,na,na,na,,1.481,na,na,-4.774
na,2020-Jul,Triquetta,OP/KH,2020-07-06,na,na,2,R,2,na,184,115,na,0,na,na,na,18,,na,na,na,na,na,na,na,na,na,,na,na,na,na,na,na,na,na,,na,na,na,na
na,2020-Jul,Triquetta,OP/KH,2020-07-06,na,na,2,R,2,na,166,95,na,0,na,na,na,10,,na,na,na,na,na,na,na,na,na,,na,na,na,na,na,na,na,na,,na,na,na,na
na,2020-Jul,Triquetta,OP/KH,2020-07-06,na,na,2,R,2,na,131,57,na,0,na,na,na,12,,na,na,na,na,na,na,na,na,na,,na,na,na,na,na,na,na,na,,na,na,na,na
na,2020-Jul,Triquetta,OP/KH,2020-07-06,na,na,2,R,3,na,121,70,na,0,na,na,na,8,,na,na,na,na,na,na,na,na,na,,na,na,na,na,na,na,na,na,,na,na,na,na
na,2020-Jul,Triquetta,OP/KH,2020-07-06,na,na,2,L,4,na,340,136,na,0,na,na,na,21,,na,na,na,na,na,na,na,na,na,,na,na,na,na,na,na,na,na,,na,na,na,na
na,2020-Jul,Triquetta,OP/KH,2020-07-06,na,na,2,L,4,na,178,61,na,0,na,na,na,11,,na,na,na,na,na,na,na,na,na,,na,na,na,na,na,na,na,na,,na,na,na,na
na,2020-Jul,Triquetta,OP/KH,2020-07-06,na,na,2,L,4,na,423,109,na,0,na,na,na,21,,na,na,na,na,na,na,na,na,na,,na,na,na,na,na,na,na,na,,na,na,na,na
na,2020-Jul,Triquetta,OP/KH,2020-07-06,na,na,2,L,4,na,467,141,na,0,na,na,na,29,,na,na,na,na,na,na,na,na,na,,na,na,na,na,na,na,na,na,,na,na,na,na
na,2020-Jul,Triquetta,OP/KH,2020-07-06,na,na,2,R,4.2,na,289,105,na,0,na,na,na,22,,na,na,na,na,na,na,na,na,na,,na,na,na,na,na,na,na,na,,na,na,na,na
na,2020-Jul,Triquetta,OP/KH,2020-07-06,na,na,2,R,4,na,230,79,na,0,na,na,na,16,,na,na,na,na,na,na,na,na,na,,na,na,na,na,na,na,na,na,,na,na,na,na
na,2020-Jul,Triquetta,OP/KH,2020-07-06,na,na,2,R,4,na,294,120,na,0,na,na,na,22,,na,na,na,na,na,na,na,na,na,,na,na,na,na,na,na,na,na,,na,na,na,na
na,2020-Jul,Triquetta,OP/KH,2020-07-06,na,na,2,R,4,na,148,39,na,0,na,na,na,52,,na,na,na,na,na,na,na,na,na,,na,na,na,na,na,na,na,na,,na,na,na,na
na,2020-Jul,Triquetta,OP/KH,2020-07-06,na,na,2,R,6,na,296,346,na,0,na,na,na,18,,na,na,na,na,na,na,na,na,na,,na,na,na,na,na,na,na,na,,na,na,na,na
na,2020-Jul,Triquetta,OP/KH,2020-07-06,na,na,2,L,9,na,185,100,na,0,na,na,na,19,,na,na,na,na,na,na,na,na,na,,na,na,na,na,na,na,na,na,,na,na,na,na
na,2020-Jul,Triquetta,OP/KH,2020-07-06,na,na,2,R,16,na,282,187,na,0,na,na,na,13,,na,na,na,na,na,na,na,na,na,,na,na,na,na,na,na,na,na,,na,na,na,na
na,2020-Jul,Triquetta,OP/KH,2020-07-06,na,na,1,L,19,na,128,50,na,0,na,na,na,11,,na,na,na,na,na,na,na,na,na,,na,na,na,na,na,na,na,na,,na,na,na,na
na,2020-Jul,Triquetta,OP/KH,2020-07-06,na,na,1,L,19,na,134,80,na,0,na,na,na,4,,na,na,na,na,na,na,na,na,na,,na,na,na,na,na,na,na,na,,na,na,na,na
na,2020-Jul,Triquetta,OP/KH,2020-07-06,na,na,1,L,15,na,105,60,na,0,na,na,na,4,,na,na,na,na,na,na,na,na,na,,na,na,na,na,na,na,na,na,,na,na,na,na
na,2020-Jul,Triquetta,OP/KH,2020-07-06,na,na,1,R,9,na,200,75,na,0,na,na,na,7,,na,na,na,na,na,na,na,na,na,,na,na,na,na,na,na,na,na,,na,na,na,na
na,2020-Jul,Triquetta,OP/KH,2020-07-06,na,na,1,R,6.6,na,118,35,na,0,na,na,na,3,,na,na,na,na,na,na,na,na,na,,na,na,na,na,na,na,na,na,,na,na,na,na
na,2020-Jul,Triquetta,OP/KH,2020-07-06,na,na,1,L,7,na,195,101,na,0,na,na,na,12,,na,na,na,na,na,na,na,na,na,,na,na,na,na,na,na,na,na,,na,na,na,na
na,2020-Jul,Triquetta,OP/KH,2020-07-06,na,na,1,L,7,na,160,56,na,0,na,na,na,4,,na,na,na,na,na,na,na,na,na,,na,na,na,na,na,na,na,na,,na,na,na,na
na,2020-Jul,Triquetta,OP/KH,2020-07-06,na,na,1,L,7,na,485,200,na,H,na,na,na,53,tag 2539 from June PAM trials,na,na,na,na,na,na,na,na,na,,na,na,na,na,na,na,na,na,,na,na,na,na
na,2020-Jul,Triquetta,OP/KH,2020-07-06,na,na,1,L,4,na,230,120,na,0,na,na,na,16,,na,na,na,na,na,na,na,na,na,,na,na,na,na,na,na,na,na,,na,na,na,na
na,2020-Jul,Triquetta,OP/KH,2020-07-06,na,na,1,R,2,na,310,120,na,0,na,na,na,21,,na,na,na,na,na,na,na,na,na,,na,na,na,na,na,na,na,na,,na,na,na,na
na,2020-Jul,Triquetta,OP/KH,2020-07-06,na,na,1,R,2,na,403,180,na,0,na,na,na,32,,na,na,na,na,na,na,na,na,na,,na,na,na,na,na,na,na,na,,na,na,na,na
na,2020-Jul,Triquetta,OP/KH,2020-07-06,na,na,1,R,2,na,111,99,na,0,na,na,na,14,,na,na,na,na,na,na,na,na,na,,na,na,na,na,na,na,na,na,,na,na,na,na
na,2020-Jul,Triquetta,OP/KH,2020-07-06,na,na,1,L,1,na,460,280,na,L,na,na,na,40,,na,na,na,na,na,na,na,na,na,,na,na,na,na,na,na,na,na,,na,na,na,na
na,2020-Jul,Triquetta,OP/KH,2020-07-06,na,na,3,L,1,na,145,62,na,0,na,na,na,10,,na,na,na,na,na,na,na,na,na,,na,na,na,na,na,na,na,na,,na,na,na,na
na,2020-Jul,Triquetta,OP/KH,2020-07-06,na,na,3,R,1,na,130,102,na,0,na,na,na,14,,na,na,na,na,na,na,na,na,na,,na,na,na,na,na,na,na,na,,na,na,na,na
na,2020-Jul,Triquetta,OP/KH,2020-07-06,na,na,3,R,2,na,312,150,na,0,na,na,na,22,,na,na,na,na,na,na,na,na,na,,na,na,na,na,na,na,na,na,,na,na,na,na
na,2020-Jul,Triquetta,OP/KH,2020-07-06,na,na,3,R,2,na,252,90,na,0,na,na,na,16,,na,na,na,na,na,na,na,na,na,,na,na,na,na,na,na,na,na,,na,na,na,na
na,2020-Jul,Triquetta,OP/KH,2020-07-06,na,na,3,R,4,na,116,51,na,0,na,na,na,7,,na,na,na,na,na,na,na,na,na,,na,na,na,na,na,na,na,na,,na,na,na,na
na,2020-Jul,Triquetta,OP/KH,2020-07-06,na,na,3,L,5.3,na,158,85,na,0,na,na,na,14,,na,na,na,na,na,na,na,na,na,,na,na,na,na,na,na,na,na,,na,na,na,na
na,2020-Jul,Triquetta,OP/KH,2020-07-06,na,na,3,L,7.4,na,160,94,na,0,na,na,na,18,,na,na,na,na,na,na,na,na,na,,na,na,na,na,na,na,na,na,,na,na,na,na
na,2020-Jul,Triquetta,OP/KH,2020-07-06,na,na,3,R,7.4,na,270,88,na,0,na,na,na,23,,na,na,na,na,na,na,na,na,na,,na,na,na,na,na,na,na,na,,na,na,na,na
na,2020-Jul,Triquetta,OP/KH,2020-07-06,na,na,3,R,8,na,256,90,na,0,na,na,na,22,,na,na,na,na,na,na,na,na,na,,na,na,na,na,na,na,na,na,,na,na,na,na
na,2020-Jul,Triquetta,OP/KH,2020-07-06,na,na,3,L,8.5,na,220,87,na,0,na,na,na,15,,na,na,na,na,na,na,na,na,na,,na,na,na,na,na,na,na,na,,na,na,na,na
na,2020-Jul,Triquetta,OP/KH,2020-07-06,na,na,3,R,9.2,na,381,140,na,0,na,na,na,35,,na,na,na,na,na,na,na,na,na,,na,na,na,na,na,na,na,na,,na,na,na,na
na,2020-Jul,Triquetta,OP/KH,2020-07-06,na,na,3,R,11.5,na,196,70,na,0,na,na,na,15,,na,na,na,na,na,na,na,na,na,,na,na,na,na,na,na,na,na,,na,na,na,na
na,2020-Jul,Triquetta,OP/KH,2020-07-06,na,na,3,R,13,na,299,119,na,0,na,na,na,22,,na,na,na,na,na,na,na,na,na,,na,na,na,na,na,na,na,na,,na,na,na,na
na,2020-Jul,Triquetta,OP/KH,2020-07-06,na,na,3,L,14,na,287,113,na,0,na,na,na,20,,na,na,na,na,na,na,na,na,na,,na,na,na,na,na,na,na,na,,na,na,na,na
na,2020-Jul,Triquetta,OP/KH,2020-07-06,na,na,3,R,15,na,221,75,na,0,na,na,na,15,,na,na,na,na,na,na,na,na,na,,na,na,na,na,na,na,na,na,,na,na,na,na
na,2020-Jul,Manley,LL,2020-07-06,na,na,1,R,12.4,na,270,138,na,0,na,na,na,23,,na,na,na,na,na,na,na,na,na,,na,na,na,na,na,na,na,na,,na,na,na,na
na,2020-Jul,Manley,LL,2020-07-06,na,na,1,L,6.9,na,357,142,na,0,na,na,na,29,,na,na,na,na,na,na,na,na,na,,na,na,na,na,na,na,na,na,,na,na,na,na
na,2020-Jul,Manley,LL,2020-07-06,na,na,1,R,3.7,na,171,118,na,0,na,na,na,26,,na,na,na,na,na,na,na,na,na,,na,na,na,na,na,na,na,na,,na,na,na,na
na,2020-Jul,Manley,LL,2020-07-06,na,na,1,L,0,na,167,109,na,0,na,na,na,19,,na,na,na,na,na,na,na,na,na,,na,na,na,na,na,na,na,na,,na,na,na,na
na,2020-Jul,Manley,LL,2020-07-06,na,na,2,L,6,na,420,140,na,0,na,na,na,41,,na,na,na,na,na,na,na,na,na,,na,na,na,na,na,na,na,na,,na,na,na,na
na,2020-Jul,Manley,LL,2020-07-06,na,na,2,R,6,na,400,62,na,0,na,na,na,20,,na,na,na,na,na,na,na,na,na,,na,na,na,na,na,na,na,na,,na,na,na,na
na,2020-Jul,Manley,LL,2020-07-06,na,na,2,L,8,na,419,150,na,0,na,na,na,43,,na,na,na,na,na,na,na,na,na,,na,na,na,na,na,na,na,na,,na,na,na,na
na,2020-Jul,Manley,LL,2020-07-06,na,na,2,L,8,na,128,81,na,0,na,na,na,4,,na,na,na,na,na,na,na,na,na,,na,na,na,na,na,na,na,na,,na,na,na,na
na,2020-Jul,Manley,LL,2020-07-06,na,na,2,R,12,na,356,99,na,0,na,na,na,26,,na,na,na,na,na,na,na,na,na,,na,na,na,na,na,na,na,na,,na,na,na,na
na,2020-Jul,Manley,LL,2020-07-06,na,na,2,L,15,na,242,112,na,0,na,na,na,26,,na,na,na,na,na,na,na,na,na,,na,na,na,na,na,na,na,na,,na,na,na,na
na,2020-Jul,Manley,LL,2020-07-06,na,na,2,L,16,na,402,137,na,0,na,na,na,26,,na,na,na,na,na,na,na,na,na,,na,na,na,na,na,na,na,na,,na,na,na,na
na,2020-Jul,Manley,LL,2020-07-06,na,na,2,R,15,na,388,105,na,0,na,na,na,33,,na,na,na,na,na,na,na,na,na,,na,na,na,na,na,na,na,na,,na,na,na,na
na,2020-Jul,Manley,LL,2020-07-06,na,na,2,R,17,na,324,100,na,0,na,na,na,24,,na,na,na,na,na,na,na,na,na,,na,na,na,na,na,na,na,na,,na,na,na,na
na,2020-Jul,Manley,LL,2020-07-06,na,na,2,R,17,na,426,117,na,0,na,na,na,33,,na,na,na,na,na,na,na,na,na,,na,na,na,na,na,na,na,na,,na,na,na,na
na,2020-Jul,Manley,OP,2020-07-06,na,na,3,R,0,na,321,70,na,0,na,na,na,15,,na,na,na,na,na,na,na,na,na,,na,na,na,na,na,na,na,na,,na,na,na,na
na,2020-Jul,Manley,OP,2020-07-06,na,na,3,R,0.5,na,244,50,na,0,na,na,na,11,,na,na,na,na,na,na,na,na,na,,na,na,na,na,na,na,na,na,,na,na,na,na
na,2020-Jul,Manley,OP,2020-07-06,na,na,3,R,1,na,203,50,na,0,na,na,na,17,,na,na,na,na,na,na,na,na,na,,na,na,na,na,na,na,na,na,,na,na,na,na
na,2020-Jul,Manley,OP,2020-07-06,na,na,3,L,3,na,426,25,na,0,na,na,na,17,,na,na,na,na,na,na,na,na,na,,na,na,na,na,na,na,na,na,,na,na,na,na
na,2020-Jul,Manley,OP,2020-07-06,na,na,3,L,3,na,429,100,na,0,na,na,na,30,,na,na,na,na,na,na,na,na,na,,na,na,na,na,na,na,na,na,,na,na,na,na
na,2020-Jul,Manley,OP,2020-07-06,na,na,3,R,15,na,307,100,na,0,na,na,na,24,,na,na,na,na,na,na,na,na,na,,na,na,na,na,na,na,na,na,,na,na,na,na
na,2020-Jul,Triquetta,KH,2020-07-25,na,na,1,L,19.5,na,276,80,na,0,na,na,na,18,,na,na,na,na,na,na,na,na,na,,na,na,na,na,na,na,na,na,,na,na,na,na
na,2020-Jul,Triquetta,KH,2020-07-25,na,na,1,L,19.5,na,258,62,na,0,na,na,na,12,,na,na,na,na,na,na,na,na,na,,na,na,na,na,na,na,na,na,,na,na,na,na
na,2020-Jul,Triquetta,KH,2020-07-25,na,na,1,R,19,na,283,110,na,0,na,na,na,24,,na,na,na,na,na,na,na,na,na,,na,na,na,na,na,na,na,na,,na,na,na,na
na,2020-Jul,Triquetta,KH,2020-07-25,na,na,1,L,16,na,228,60,na,0,na,na,na,17,,na,na,na,na,na,na,na,na,na,,na,na,na,na,na,na,na,na,,na,na,na,na
na,2020-Jul,Triquetta,KH,2020-07-25,na,na,1,L,14,na,164,60,na,0,na,na,na,16,,na,na,na,na,na,na,na,na,na,,na,na,na,na,na,na,na,na,,na,na,na,na
na,2020-Jul,Triquetta,KH,2020-07-25,na,na,1,R,8,na,134,50,na,0,na,na,na,7,,na,na,na,na,na,na,na,na,na,,na,na,na,na,na,na,na,na,,na,na,na,na
na,2020-Jul,Triquetta,KH,2020-07-25,na,na,1,R,8,na,150,55,na,0,na,na,na,11,,na,na,na,na,na,na,na,na,na,,na,na,na,na,na,na,na,na,,na,na,na,na
na,2020-Jul,Triquetta,KH,2020-07-25,na,na,1,R,8,na,221,40,na,0,na,na,na,13,,na,na,na,na,na,na,na,na,na,,na,na,na,na,na,na,na,na,,na,na,na,na
na,2020-Jul,Triquetta,KH,2020-07-25,na,na,1,L,8,na,495,140,na,0,na,na,na,54,OLD TAG 2539,na,na,na,na,na,na,na,na,na,,na,na,na,na,na,na,na,na,,na,na,na,na
na,2020-Jul,Triquetta,KH,2020-07-25,na,na,1,L,8,na,379,60,na,0,na,na,na,12,,na,na,na,na,na,na,na,na,na,,na,na,na,na,na,na,na,na,,na,na,na,na
na,2020-Jul,Triquetta,KH,2020-07-25,na,na,1,L,8,na,310,50,na,0,na,na,na,12,,na,na,na,na,na,na,na,na,na,,na,na,na,na,na,na,na,na,,na,na,na,na
na,2020-Jul,Triquetta,KH,2020-07-25,na,na,1,L,4,na,311,115,na,0,na,na,na,24,,na,na,na,na,na,na,na,na,na,,na,na,na,na,na,na,na,na,,na,na,na,na
na,2020-Jul,Triquetta,KH,2020-07-25,na,na,1,L,2,na,377,100,na,0,na,na,na,24,,na,na,na,na,na,na,na,na,na,,na,na,na,na,na,na,na,na,,na,na,na,na
na,2020-Jul,Triquetta,KH,2020-07-25,na,na,1,R,1,na,372,90,na,0,na,na,na,27,,na,na,na,na,na,na,na,na,na,,na,na,na,na,na,na,na,na,,na,na,na,na
na,2020-Jul,Triquetta,KH,2020-07-25,na,na,1,R,1,na,499,110,na,0,na,na,na,32,,na,na,na,na,na,na,na,na,na,,na,na,na,na,na,na,na,na,,na,na,na,na
na,2020-Jul,Triquetta,KH,2020-07-25,na,na,2,L,0.5,na,167,60,na,0,na,na,na,6,,na,na,na,na,na,na,na,na,na,,na,na,na,na,na,na,na,na,,na,na,na,na
na,2020-Jul,Triquetta,KH,2020-07-25,na,na,2,L,0.5,na,208,50,na,0,na,na,na,6,,na,na,na,na,na,na,na,na,na,,na,na,na,na,na,na,na,na,,na,na,na,na
na,2020-Jul,Triquetta,KH,2020-07-25,na,na,2,L,0.5,na,248,60,na,0,na,na,na,14,,na,na,na,na,na,na,na,na,na,,na,na,na,na,na,na,na,na,,na,na,na,na
na,2020-Jul,Triquetta,KH,2020-07-25,na,na,2,L,0.5,na,188,40,na,0,na,na,na,12,,na,na,na,na,na,na,na,na,na,,na,na,na,na,na,na,na,na,,na,na,na,na
na,2020-Jul,Triquetta,KH,2020-07-25,na,na,2,L,0.5,na,404,90,na,0,na,na,na,30,,na,na,na,na,na,na,na,na,na,,na,na,na,na,na,na,na,na,,na,na,na,na
na,2020-Jul,Triquetta,KH,2020-07-25,na,na,2,R,2,na,261,90,na,0,na,na,na,24,,na,na,na,na,na,na,na,na,na,,na,na,na,na,na,na,na,na,,na,na,na,na
na,2020-Jul,Triquetta,KH,2020-07-25,na,na,2,R,2,na,248,80,na,0,na,na,na,15,,na,na,na,na,na,na,na,na,na,,na,na,na,na,na,na,na,na,,na,na,na,na
na,2020-Jul,Triquetta,KH,2020-07-25,na,na,2,R,2,na,182,70,na,0,na,na,na,17,,na,na,na,na,na,na,na,na,na,,na,na,na,na,na,na,na,na,,na,na,na,na
na,2020-Jul,Triquetta,KH,2020-07-25,na,na,2,R,3,na,197,55,na,0,na,na,na,11,,na,na,na,na,na,na,na,na,na,,na,na,na,na,na,na,na,na,,na,na,na,na
na,2020-Jul,Triquetta,KH,2020-07-25,na,na,2,R,8,na,282,65,na,0,na,na,na,16,,na,na,na,na,na,na,na,na,na,,na,na,na,na,na,na,na,na,,na,na,na,na
na,2020-Jul,Triquetta,KH,2020-07-25,na,na,2,L,11,na,198,40,na,0,na,na,na,5,,na,na,na,na,na,na,na,na,na,,na,na,na,na,na,na,na,na,,na,na,na,na
na,2020-Jul,Triquetta,KH,2020-07-25,na,na,2,L,15,na,188,60,na,0,na,na,na,10,,na,na,na,na,na,na,na,na,na,,na,na,na,na,na,na,na,na,,na,na,na,na
na,2020-Jul,Triquetta,KH,2020-07-25,na,na,2,R,18,na,417,70,na,0,na,na,na,20,,na,na,na,na,na,na,na,na,na,,na,na,na,na,na,na,na,na,,na,na,na,na
na,2020-Jul,Triquetta,KH,2020-07-25,na,na,2,R,18,na,278,60,na,0,na,na,na,11,,na,na,na,na,na,na,na,na,na,,na,na,na,na,na,na,na,na,,na,na,na,na
na,2020-Jul,Triquetta,KH,2020-07-25,na,na,2,L,19,na,283,75,na,0,na,na,na,22,,na,na,na,na,na,na,na,na,na,,na,na,na,na,na,na,na,na,,na,na,na,na
na,2020-Jul,Triquetta,OP,2020-07-25,na,na,3,L,19.9,na,344,80,na,0,na,na,na,29,,na,na,na,na,na,na,na,na,na,,na,na,na,na,na,na,na,na,,na,na,na,na
na,2020-Jul,Triquetta,OP,2020-07-25,na,na,3,R,18.75,na,362,70,na,0,na,na,na,24,,na,na,na,na,na,na,na,na,na,,na,na,na,na,na,na,na,na,,na,na,na,na
na,2020-Jul,Triquetta,OP,2020-07-25,na,na,3,R,17,na,170,35,na,0,na,na,na,10,,na,na,na,na,na,na,na,na,na,,na,na,na,na,na,na,na,na,,na,na,na,na
na,2020-Jul,Triquetta,OP,2020-07-25,na,na,3,R,17,na,273,40,na,0,na,na,na,17,,na,na,na,na,na,na,na,na,na,,na,na,na,na,na,na,na,na,,na,na,na,na
na,2020-Jul,Triquetta,OP,2020-07-25,na,na,3,L,16.5,na,196,50,na,0,na,na,na,20,,na,na,na,na,na,na,na,na,na,,na,na,na,na,na,na,na,na,,na,na,na,na
na,2020-Jul,Triquetta,OP,2020-07-25,na,na,3,R,15,na,239,60,na,0,na,na,na,16,,na,na,na,na,na,na,na,na,na,,na,na,na,na,na,na,na,na,,na,na,na,na
na,2020-Jul,Triquetta,OP,2020-07-25,na,na,3,R,15,na,327,85,na,0,na,na,na,22,,na,na,na,na,na,na,na,na,na,,na,na,na,na,na,na,na,na,,na,na,na,na
na,2020-Jul,Triquetta,OP,2020-07-25,na,na,3,R,11,na,268,50,na,0,na,na,na,21,,na,na,na,na,na,na,na,na,na,,na,na,na,na,na,na,na,na,,na,na,na,na
na,2020-Jul,Triquetta,OP,2020-07-25,na,na,3,L,9.3,na,402,60,na,0,na,na,na,20,,na,na,na,na,na,na,na,na,na,,na,na,na,na,na,na,na,na,,na,na,na,na
na,2020-Jul,Triquetta,OP,2020-07-25,na,na,3,L,9.3,na,354,65,na,0,na,na,na,25,,na,na,na,na,na,na,na,na,na,,na,na,na,na,na,na,na,na,,na,na,na,na
na,2020-Jul,Triquetta,OP,2020-07-25,na,na,3,L,7.2,na,264,87,na,0,na,na,na,28,,na,na,na,na,na,na,na,na,na,,na,na,na,na,na,na,na,na,,na,na,na,na
na,2020-Jul,Triquetta,OP,2020-07-25,na,na,3,R,6.5,na,325,50,na,0,na,na,na,28,,na,na,na,na,na,na,na,na,na,,na,na,na,na,na,na,na,na,,na,na,na,na
na,2020-Jul,Triquetta,OP,2020-07-25,na,na,3,R,6.5,na,324,70,na,0,na,na,na,22,,na,na,na,na,na,na,na,na,na,,na,na,na,na,na,na,na,na,,na,na,na,na
na,2020-Jul,Triquetta,OP,2020-07-25,na,na,3,L,1.75,na,223,70,na,0,na,na,na,18,,na,na,na,na,na,na,na,na,na,,na,na,na,na,na,na,na,na,,na,na,na,na
na,2020-Jul,Triquetta,OP,2020-07-25,na,na,3,R,1,na,288,65,na,0,na,na,na,20,,na,na,na,na,na,na,na,na,na,,na,na,na,na,na,na,na,na,,na,na,na,na
na,2021-Jun,Owen,OP,2021-06-07,16:00,16,2,L,8.5,na,517,250,na,L,na,na,na,33,date actually 2021/06/00,na,na,na,na,na,na,na,na,na,,na,na,na,na,na,na,na,na,,na,na,na,na
na,2021-Jun,Owen,OP,2021-06-07,16:00,16,2,L,11.2,na,338,54,na,0,na,na,na,27,date actually 2021/06/01,na,na,na,na,na,na,na,na,na,,na,na,na,na,na,na,na,na,,na,na,na,na
na,2021-Jun,Owen,OP,2021-06-07,16:00,16,2,L,11.6,na,477,110,na,0,na,na,na,24,date actually 2021/06/02,na,na,na,na,na,na,na,na,na,,na,na,na,na,na,na,na,na,,na,na,na,na
na,2021-Jun,Owen,OP,2021-06-07,16:00,16,2,L,14,na,565,150,na,0,na,na,na,29,date actually 2021/06/03,na,na,na,na,na,na,na,na,na,,na,na,na,na,na,na,na,na,,na,na,na,na
na,2021-Jun,Owen,OP,2021-06-07,16:00,16,2,L,16,na,171,40,na,0,na,na,na,17,date actually 2021/06/04,na,na,na,na,na,na,na,na,na,,na,na,na,na,na,na,na,na,,na,na,na,na
na,2021-Jun,Owen,OP,2021-06-07,16:00,16,1,L,7,na,679,180,na,L,na,na,na,38,date actually 2021/06/05,na,na,na,na,na,na,na,na,na,,na,na,na,na,na,na,na,na,,na,na,na,na
na,2021-Jun,Owen,OP,2021-06-07,16:00,16,1,L,19.5,na,313,36,na,0,na,na,na,18,date actually 2021/06/06,na,na,na,na,na,na,na,na,na,,na,na,na,na,na,na,na,na,,na,na,na,na
na,2021-Jun,Owen,OP,2021-06-07,16:00,16,1,L,17,na,627,140,na,H,na,na,na,35,date actually 2021/06/07,na,na,na,na,na,na,na,na,na,,na,na,na,na,na,na,na,na,,na,na,na,na
na,2021-Jun,Owen,OP,2021-06-07,16:00,16,1,L,13.6,na,186,17,na,0,na,na,na,15,date actually 2021/06/08,na,na,na,na,na,na,na,na,na,,na,na,na,na,na,na,na,na,,na,na,na,na
na,2021-Jun,Owen,OP,2021-06-07,16:00,16,1,L,11,na,523,320,na,H,na,na,na,35,date actually 2021/06/09,na,na,na,na,na,na,na,na,na,,na,na,na,na,na,na,na,na,,na,na,na,na
na,2021-Jun,Owen,OP,2021-06-07,16:00,16,3,L,16,na,396,165,na,H,na,na,na,29,date actually 2021/06/10,na,na,na,na,na,na,na,na,na,,na,na,na,na,na,na,na,na,,na,na,na,na
na,2021-Jun,Owen,OP,2021-06-07,16:00,16,3,L,14,na,422,120,na,0,na,na,na,14,date actually 2021/06/11,na,na,na,na,na,na,na,na,na,,na,na,na,na,na,na,na,na,,na,na,na,na
na,2021-Jun,Owen,OP,2021-06-07,16:00,16,3,L,8.2,na,393,200,na,L,na,na,na,38,date actually 2021/06/12,na,na,na,na,na,na,na,na,na,,na,na,na,na,na,na,na,na,,na,na,na,na
na,2021-Jun,Owen,KH,2021-06-07,16:00,16,2,R,8,na,345,50,na,0,na,na,na,25,date actually 2021/06/13,na,na,na,na,na,na,na,na,na,,na,na,na,na,na,na,na,na,,na,na,na,na
na,2021-Jun,Owen,KH,2021-06-07,16:00,16,2,R,5,na,332,80,na,0,na,na,na,29,date actually 2021/06/14,na,na,na,na,na,na,na,na,na,,na,na,na,na,na,na,na,na,,na,na,na,na
na,2021-Jun,Owen,KH,2021-06-07,16:00,16,2,R,4,na,632,130,na,H,na,na,na,33,date actually 2021/06/15,na,na,na,na,na,na,na,na,na,,na,na,na,na,na,na,na,na,,na,na,na,na
na,2021-Jun,Owen,KH,2021-06-07,16:00,16,2,R,6,na,691,80,na,H,na,na,na,30,date actually 2021/06/16,na,na,na,na,na,na,na,na,na,,na,na,na,na,na,na,na,na,,na,na,na,na
na,2021-Jun,Owen,KH,2021-06-07,16:00,16,2,R,0,na,291,145,na,0,na,na,na,35,date actually 2021/06/17,na,na,na,na,na,na,na,na,na,,na,na,na,na,na,na,na,na,,na,na,na,na
na,2021-Jun,Owen,KH,2021-06-07,16:00,16,1,R,1.5,na,254,35,na,0,na,na,na,12,date actually 2021/06/18,na,na,na,na,na,na,na,na,na,,na,na,na,na,na,na,na,na,,na,na,na,na
na,2021-Jun,Owen,KH,2021-06-07,16:00,16,1,R,5,na,563,80,na,0,na,na,na,22,date actually 2021/06/19,na,na,na,na,na,na,na,na,na,,na,na,na,na,na,na,na,na,,na,na,na,na
na,2021-Jun,Owen,KH,2021-06-07,16:00,16,1,R,11,na,511,240,na,0,na,na,na,28,date actually 2021/06/20,na,na,na,na,na,na,na,na,na,,na,na,na,na,na,na,na,na,,na,na,na,na
na,2021-Jun,Owen,KH,2021-06-07,16:00,16,1,R,19.8,na,711,240,na,H,na,na,na,43,date actually 2021/06/21,na,na,na,na,na,na,na,na,na,,na,na,na,na,na,na,na,na,,na,na,na,na
na,2021-Jun,Owen,KH,2021-06-07,16:00,16,1,R,0,na,513,100,na,0,na,na,na,28,date actually 2021/06/22,na,na,na,na,na,na,na,na,na,,na,na,na,na,na,na,na,na,,na,na,na,na
na,2021-Jun,Owen,KH,2021-06-07,16:00,16,3,R,11,na,539,200,na,L,na,na,na,31,date actually 2021/06/23,na,na,na,na,na,na,na,na,na,,na,na,na,na,na,na,na,na,,na,na,na,na
na,2021-Jun,Owen,KH,2021-06-07,16:00,16,3,R,9.5,na,626,180,na,L,na,na,na,41,date actually 2021/06/24,na,na,na,na,na,na,na,na,na,,na,na,na,na,na,na,na,na,,na,na,na,na
na,2021-Jun,Owen,KH,2021-06-07,16:00,16,3,R,6,na,285,100,na,0,na,na,na,17,date actually 2021/06/25,na,na,na,na,na,na,na,na,na,,na,na,na,na,na,na,na,na,,na,na,na,na
na,2021-Jun,Owen,OP,2021-06-07,16:00,16,2,L,19.9,87.2,523,155,na,0,59.5,164,na,31,,2021-06-10,87.2,17:00,17,29,na,65.5,162,y,,2021-06-24,y,87.2,12:51:00,12.9,531,30,na,,1.973,0.474,0.072,-2.630
na,2021-Jun,Owen,OP,2021-06-07,16:00,16,2,L,19,86.2,560,116,na,0,41,124,na,20,,2021-06-10,86.2,17:00,17,15,na,48.5,128,y,,2021-06-24,y,86.2,12:51:00,12.9,591,14,na,,2.466,1.837,-0.072,-1.151
na,2021-Jun,Owen,OP,2021-06-07,16:00,16,2,L,15.2,85.2,600,175,na,L,51,160,na,33,,2021-06-10,85.2,17:00,17,19,na,54.5,164,y,,2021-06-24,y,85.2,12:51:00,12.9,609,9,na,,1.151,0.533,-0.723,0.164
na,2021-Jun,Owen,OP,2021-06-07,16:00,16,2,L,11.9,84.2,590,300,na,L,100,296,na,na,,2021-06-10,84.2,17:00,17,na,na,na,na,n,,2021-06-24,n,84.2,12:51:00,12.9,595,37,na,,na,0.296,na,na
na,2021-Jun,Owen,OP,2021-06-07,16:00,16,1,R,0,92.2,277,75,na,0,na,na,na,27,,2021-06-10,92.2,17:00,17,17,na,na,na,y,,2021-06-24,y,92.2,12:51:00,12.9,na,na,na,gone,na,na,na,na
na,2021-Jun,Owen,OP,2021-06-07,16:00,16,1,L,2,90.2,269,44,na,0,na,na,na,20,,2021-06-10,90.2,17:00,17,19,na,na,na,y,,2021-06-24,y,90.2,12:51:00,12.9,na,na,na,gone,na,na,na,na
na,2021-Jun,Owen,OP,2021-06-07,16:00,16,1,L,6.8,89.2,528,145,na,0,na,na,na,28,,2021-06-10,89.2,17:00,17,10,na,na,na,y,,2021-06-24,y,89.2,12:51:00,12.9,535,2,na,,na,0.415,-0.578,na
na,2021-Jun,Owen,OP,2021-06-07,16:00,16,3,L,9.2,88.2,440,177,na,H,na,na,na,30,,2021-06-10,88.2,17:00,17,33,na,na,na,y,,2021-06-24,y,88.2,12:51:00,12.9,450,24,na,,na,0.593,-0.651,na
na,2021-Jun,Owen,MA,2021-06-07,16:00,16,2,R,19.1,96.2,409,175,na,na,42,129,na,23,,2021-06-10,96.2,17:00,17,18,na,46,136,y,,2021-06-24,y,96.2,16:00:00,16,442,13,na,,1.315,1.941,-0.358,0.986
na,2021-Jun,Owen,MA,2021-06-07,16:00,16,2,R,18.9,95.2,457,125,na,na,49,100,na,22,,2021-06-10,95.2,17:00,17,17,na,55,118,y,,2021-06-24,y,95.2,16:00:00,16,500,11,na,,1.973,2.529,-0.430,3.945
na,2021-Jun,Owen,MA,2021-06-07,16:00,16,2,R,16.5,94.2,402,270,na,na,64,214,na,32,,2021-06-10,94.2,17:00,17,16,na,73,207,y,,2021-06-24,y,94.2,16:00:00,16,457,17,na,,2.959,3.235,0.072,-5.260
na,2021-Jun,Owen,MA,2021-06-07,16:00,16,2,R,14.3,93.2,655,330,na,na,114,304,na,46,,2021-06-10,93.2,17:00,17,19,na,na,na,y,,2021-06-24,y,93.2,16:00:00,16,692,17,na,,na,2.176,-0.143,na
na,2021-Jun,Owen,MA,2021-06-07,16:00,16,1,R,1.9,83.2,681,90,6.5,H,na,na,na,31,,2021-06-10,83.2,17:00,17,15,na,na,na,y,,2021-06-24,y,83.2,16:00:00,16,705,11,na,,na,1.412,-0.287,na
na,2021-Jun,Owen,MA,2021-06-07,16:00,16,1,R,4.5,82.2,730,110,4.6,H,na,na,na,31,,2021-06-10,82.2,17:00,17,6,na,na,na,y,,2021-06-24,y,82.2,16:00:00,16,731,0,na,,na,0.059,-0.430,na
na,2021-Jun,Owen,MA,2021-06-07,16:00,16,1,R,16,81.2,822,200,6.1,L,na,na,na,42,,2021-06-10,81.2,17:00,17,35,na,na,na,y,,2021-06-24,y,81.2,16:00:00,16,820,35,na,,na,-0.118,0.000,na
na,2021-Jun,Owen,MA,2021-06-07,16:00,16,3,R,12,80.2,546,220,4.6,na,na,na,na,37,,2021-06-10,80.2,17:00,17,26,na,na,na,y,,2021-06-24,y,80.2,16:00:00,16,581,18,na,,na,2.059,-0.573,na
na,2021-Jul,Second,ZM,2021-07-02,10:16,10.3,na,na,na,48.2,165,102,6,0,39,91,na,22,,2021-07-07,48.2,9:45,9.75,39,na,75,120,y,,2021-07-19,y,48.2,9:08:00,9.13,256,42,na,,7.233,5.368,0.251,-1.406
na,2021-Jul,Second,ZM,2021-07-02,10:16,10.3,na,na,na,2549.2,114,49,3,0,18,52,na,11,,2021-07-07,2549.2,9:45,9.75,12,na,35,68,y,,2021-07-19,y,2549.2,9:08:00,9.13,193,21,na,,3.416,4.660,0.752,-0.201
na,2021-Jul,Second,ZM,2021-07-02,10:16,10.3,na,na,na,2509.2,439,285,9.5,L,70,213,na,49,,2021-07-07,2509.2,9:45,9.75,77,na,116,253,y,,2021-07-19,y,2509.2,9:08:00,9.13,462,81,na,,9.242,1.357,0.334,-1.206
na,2021-Jul,Second,ZM,2021-07-02,10:16,10.3,na,na,na,1825.2,219,177,5.5,0,30,105,na,27,,2021-07-07,1825.2,9:45,9.75,43,na,62,127,y,,2021-07-19,y,1825.2,9:08:00,9.13,309,45,na,,6.429,5.309,0.167,-2.009
na,2021-Jul,Second,KH,2021-07-02,10:16,10.3,na,na,na,1969.2,243,228,9,L,40,137,na,43,,2021-07-07,1969.2,9:45,9.75,74,na,76,245,y,,2021-07-19,y,1969.2,9:08:00,9.13,300,70,na,,7.233,3.363,-0.334,14.466
na,2021-Jul,Second,KH,2021-07-02,10:16,10.3,na,na,na,1952.2,240,130,8,0,50,148,na,25,,2021-07-07,1952.2,9:45,9.75,38,na,80,165,y,,2021-07-19,y,1952.2,9:08:00,9.13,315,44,na,,6.028,4.424,0.501,-2.612
na,2021-Jul,Second,KH,2021-07-02,10:16,10.3,na,na,na,2542,276,178,8,L,50,149,na,29,,2021-07-07,2542,9:45,9.75,60,na,77,167,y,,2021-07-19,y,2542,9:08:00,9.13,328,64,na,,5.425,3.068,0.334,-1.808
na,2021-Jul,Second,KH,2021-07-02,10:16,10.3,na,na,na,2064.2,195,82,7,0,25,80,na,30,,2021-07-07,2064.2,9:45,9.75,37,na,46,94,y,,2021-07-19,y,2064.2,9:08:00,9.13,312,50,na,,4.219,6.902,1.086,-1.406
na,2021-Jul,Second,KH,2021-07-02,10:16,10.3,na,na,na,2022.2,344,241,8,L,60,170,na,43,,2021-07-07,2022.2,9:45,9.75,81,na,96,194,y,,2021-07-19,y,2022.2,9:08:00,9.13,429,86,na,,7.233,5.014,0.418,-2.411
na,2021-Jul,Second,KH,2021-07-02,10:16,10.3,na,na,na,2073.2,322,260,9,L,75,239,na,48,,2021-07-07,2073.2,9:45,9.75,64,na,121,170,y,,2021-07-19,y,2073.2,9:08:00,9.13,389,66,na,,9.242,3.953,0.167,-23.106
na,2021-Jul,Second,OP,2021-07-02,10:16,10.3,na,na,na,1911.2,344,175,8,H,65,192,na,49,,2021-07-07,1911.2,9:45,9.75,79,na,90,217,y,,2021-07-19,y,1911.2,9:08:00,9.13,368,83,na,,5.023,1.416,0.334,0.000
na,2021-Jul,Second,OP,2021-07-02,10:16,10.3,na,na,na,1799.2,395,200,8,H,87.5,226,na,46,,2021-07-07,1799.2,9:45,9.75,53,na,131,272,y,,2021-07-19,y,1799.2,9:08:00,9.13,455,51,na,,8.740,3.540,-0.167,0.502
na,2021-Jul,Second,OP,2021-07-02,10:16,10.3,na,na,na,2576.2,233,125,5.5,L,23.5,62,na,36,,2021-07-07,2576.2,9:45,9.75,61,na,47,86,y,,2021-07-19,y,2576.2,9:08:00,9.13,298,58,na,,4.722,3.835,-0.251,0.100
na,2021-Jul,Second,OP,2021-07-02,10:16,10.3,na,na,na,2578.2,200,60,4,0,30,100,na,25,,2021-07-07,2578.2,9:45,9.75,30,na,47,104,y,,2021-07-19,y,2578.2,9:08:00,9.13,284,40,na,,3.416,4.955,0.835,-2.612
na,2021-Jul,Second,OP,2021-07-02,10:16,10.3,na,na,na,2541.2,350,200,8,L,40,180,na,46,,2021-07-07,2541.2,9:45,9.75,47,na,68,173,y,,2021-07-19,y,2541.2,9:08:00,9.13,414,49,na,,5.626,3.776,0.167,-7.032
na,2021-Jul,Ratatouille,ZM,2021-07-02,15:41,15.7,2,R,1,2572.2,534,222,8,L,60,200,na,52,,2021-07-07,2572.2,14:00,14,51,na,70,180,y,9m on new line,2021-07-19,y,2572.2,15:21:00,15.35,522,52,na,,2.029,-0.706,0.083,-6.086
na,2021-Jul,Ratatouille,ZM,2021-07-02,15:41,15.7,2,L,10,2540.2,388,97,5,0,30,100,na,38,,2021-07-07,2540.2,14:00,14,24,na,49,116,y,19m on new line,2021-07-19,y,2540.2,15:21:00,15.35,385,25,na,,3.855,-0.177,0.083,-0.609
na,2021-Jul,Ratatouille,ZM,2021-07-02,15:41,15.7,2,R,17.5,2566.2,413,102,6,0,26,79,na,36,,2021-07-07,2566.2,14:00,14,26,na,35,85,y,8m off end before cliff,2021-07-19,y,2566.2,15:21:00,15.35,420,27,na,,1.826,0.412,0.083,-0.609
na,2021-Jul,Ratatouille,KH,2021-07-02,15:37,15.6,3,R,7.8,281.2,550,110,9,L,40,125,na,46,,2021-07-07,281.2,14:00,14,41,na,51,135,y,,2021-07-19,y,281.2,15:21:00,15.35,574,45,na,,2.230,1.413,0.332,-0.203
na,2021-Jul,Ratatouille,KH,2021-07-02,15:37,15.6,3,L,11.5,2584.2,689,121,9,L,50,153,na,54,,2021-07-07,2584.2,14:00,14,63,na,na,na,y,no punch,2021-07-19,y,2584.2,15:21:00,15.35,706,63,na,,na,1.001,0.000,na
na,2021-Jul,Ratatouille,KH,2021-07-02,15:37,15.6,3,L,13.5,1765.2,346,65,6.5,0,10,40,na,42,,2021-07-07,1765.2,14:00,14,45,na,19,49,y,,2021-07-19,y,1765.2,15:21:00,15.35,369,52,na,,1.824,1.354,0.581,0.000
na,2021-Jul,Ratatouille,KH,2021-07-02,15:37,15.6,3,R,14,1921.2,317,65,5,0,13,44,na,40,,2021-07-07,1921.2,14:00,14,41,na,19,54,y,,2021-07-19,y,1921.2,15:21:00,15.35,332,48,na,,1.216,0.883,0.581,0.811
na,2021-Jul,Ratatouille,OP,2021-07-02,15:38,15.6,1,L,1,2590.2,369,75,4.5,0,23,74,na,27,,2021-07-07,2590.2,14:00,14,26,na,41,91,y,,2021-07-19,y,2590.2,15:21:00,15.35,439,31,na,,3.649,4.120,0.415,-0.203
na,2021-Jul,Ratatouille,OP,2021-07-02,15:38,15.6,1,R,2,2580,393,80,4.5,0,25.5,63,na,34,,2021-07-07,2580,14:00,14,27,na,47,87,y,,2021-07-19,y,2580,15:21:00,15.35,412,31,na,,4.358,1.118,0.332,0.507
na,2021-Jul,Ratatouille,OP,2021-07-02,15:38,15.6,1,L,4,2581.2,408,80,4.5,0,23.5,60,na,43,,2021-07-07,2581.2,14:00,14,42,na,35,74,y,,2021-07-19,y,2581.2,15:21:00,15.35,516,47,na,,2.331,6.357,0.415,0.507
na,2021-Jul,Ratatouille,OP,2021-07-02,15:38,15.6,1,R,6.5,1891.2,522,50,5,L,23,75,na,39,,2021-07-07,1891.2,14:00,14,27,na,33,79,y,,2021-07-19,y,1891.2,15:21:00,15.35,527,31,na,,2.027,0.294,0.332,-1.216
na,2021-Jul,North,OP,2021-07-02,13:00,13,na,na,na,2072.2,291,130,8,L,47,143,na,54,,2021-07-07,2072.2,11:40,11.67,65,na,64,142,y,,2021-07-19,y,2072.2,9:35:00,9.58,303,54,na,sank,3.438,0.712,-0.923,-3.640
na,2021-Jul,North,OP,2021-07-02,13:00,13,na,na,na,2565.2,247,95,5,0,15,44,na,35,,2021-07-07,2565.2,11:40,11.67,57,na,23,53,y,,2021-07-19,y,2565.2,9:35:00,9.58,397,60,na,68.5/104,1.618,8.898,0.252,0.202
na,2021-Jul,North,OP,2021-07-02,13:00,13,na,na,na,2560,500,200,10,H,72,194,na,56,,2021-07-07,2560,11:40,11.67,38,na,109,234,y,,2021-07-19,y,2560,9:35:00,9.58,503,40,na,,7.483,0.178,0.168,0.607
na,2021-Jul,North,OP,2021-07-02,13:00,13,na,na,na,1708.2,353,75,5,0,14,43,na,35,,2021-07-07,1708.2,11:40,11.67,52,na,28,62,y,,2021-07-19,y,1708.2,9:35:00,9.58,377,41,na,,2.831,1.424,-0.923,1.011
na,2021-Jul,North,OP,2021-07-02,13:00,13,na,na,na,1937.2,552,175,9,H,33,110,na,52,,2021-07-07,1937.2,11:40,11.67,60,na,55,130,y,,2021-07-19,y,1937.2,9:35:00,9.58,578,66,na,,4.449,1.542,0.504,-0.404
na,2021-Jul,North,ZM,2021-07-02,13:00,13,na,na,na,2001.2,587,170,10,0,48,150,na,45,,2021-07-07,2001.2,11:30,11.5,20,na,70,150,y,,2021-07-19,y,2001.2,9:35:00,9.58,581,20,na,,4.456,-0.356,0.000,-4.456
na,2021-Jul,North,ZM,2021-07-02,13:00,13,na,na,na,2134.2,513,146,6,L,32,96,na,41,,2021-07-07,2134.2,11:30,11.5,32,na,45,115,y,,2021-07-19,y,2134.2,9:35:00,9.58,498,37,na,,2.633,-0.890,0.419,1.215
na,2021-Jul,North,ZM,2021-07-02,13:00,13,na,na,na,2066.2,330,99,6,L,15,58,na,43,,2021-07-07,2066.2,11:30,11.5,42,na,31,74,y,,2021-07-19,y,2066.2,9:35:00,9.58,335,45,na,,3.241,0.297,0.252,0.000
na,2021-Jul,North,KH,2021-07-02,12:44,12.7,na,na,na,2547.2,302,217,6.5,0,50,146,na,40,,2021-07-07,2547.2,11:17,11.28,73,na,97,200,y,,2021-07-19,y,2547.2,9:35:00,9.58,397,87,na,,9.513,5.631,1.174,1.417
na,2021-Jul,North,KH,2021-07-02,12:44,12.7,na,na,na,2544.2,196,95,5,0,25,77,na,32,,2021-07-07,2544.2,11:17,11.28,34,na,60,104,y,,2021-07-19,y,2544.2,9:35:00,9.58,255,34,na,,7.084,3.497,0.000,-1.619
na,2021-Jul,North,KH,2021-07-02,12:44,12.7,na,na,na,2582.2,375,201,9,L,20,67,na,55,,2021-07-07,2582.2,11:17,11.28,38,na,37,96,y,,2021-07-19,n,2582.2,9:35:00,9.58,na,na,na,,3.441,na,na,2.429
na,2021-Jul,North,KH,2021-07-02,12:44,12.7,na,na,na,2557.2,364,193,9.5,L,55,160,na,55,,2021-07-07,2557.2,11:17,11.28,66,na,87,194,y,,2021-07-19,y,2557.2,9:35:00,9.58,386,64,na,,6.477,1.304,-0.168,0.405
na,2021-Jul,North,KH,2021-07-02,12:44,12.7,na,na,na,2571.2,323,93,6,0,25,71,na,53,,2021-07-07,2571.2,11:17,11.28,54,na,35,80,y,,2021-07-19,y,2571.2,9:35:00,9.58,335,46,na,,2.024,0.711,-0.671,-0.202
na,2021-Jul,Triquetta,ZM,2021-07-03,10:39,10.7,1,R,0,224,181,106,3.5,0,10,35,na,10,,2021-07-08,224,11:00,11,16,na,16,46,y,,2021-07-18,y,224,12:35:00,12.58,264,29,na,,1.197,5.505,1.291,0.998
na,2021-Jul,Triquetta,ZM,2021-07-03,10:39,10.7,1,L,1.3,204,505,225,5.5,0,60,181,na,36,,2021-07-08,204,11:00,11,82,na,82,150,y,,2021-07-18,y,204,12:35:00,12.58,519,58,na,,4.389,0.928,-2.384,-10.574
na,2021-Jul,Triquetta,ZM,2021-07-03,10:39,10.7,1,R,3.2,214,146,82,4.5,0,31,83,na,10,,2021-07-08,214,11:00,11,20,na,na,na,y,no punch,2021-07-18,n,214,12:35:00,12.58,na,na,na,,na,na,na,na
na,2021-Jul,Triquetta,ZM,2021-07-03,10:39,10.7,1,L,13.2,209,316,105,4.5,0,16,52,na,21,,2021-07-08,209,11:00,11,37,na,29,64,y,,2021-07-18,y,209,12:35:00,12.58,344,45,na,,2.594,1.857,0.795,-0.200
na,2021-Jul,Triquetta,ZM,2021-07-03,10:39,10.7,1,R,19,211,147,121,5.5,0,22,76,na,17,,2021-07-08,211,11:00,11,33,na,44,45,y,,2021-07-18,y,211,12:35:00,12.58,276,30,na,,4.389,8.555,-0.298,-10.574
na,2021-Jul,Triquetta,DVM,2021-07-03,11:11,11.2,2,R,0.5,1750.2,124,110,4,0,26,78,na,na,,2021-07-08,1750.2,10:10,10.17,na,na,na,na,n,"gone, found tag",2021-07-18,n,1750.2,12:35:00,12.58,na,na,na,,na,na,na,na
na,2021-Jul,Triquetta,DVM,2021-07-03,11:11,11.2,2,R,2,2515.2,538,162,10.5,L,48,163,na,50,,2021-07-08,2515.2,10:10,10.17,69,na,62,176,y,,2021-07-18,y,2515.2,12:35:00,12.58,559,74,na,,2.824,1.395,0.495,-0.202
na,2021-Jul,Triquetta,DVM,2021-07-03,11:11,11.2,2,L,5,2592.2,227,130,6.5,0,21.5,59,na,20,,2021-07-08,2592.2,10:10,10.17,22,na,na,na,y,no punch,2021-07-18,y,2592.2,12:35:00,12.58,251,39,na,,na,1.594,1.683,na
na,2021-Jul,Triquetta,DVM,2021-07-03,11:11,11.2,2,R,7,1817.2,90,86,2.5,0,14.5,47,na,11,,2021-07-08,1817.2,10:10,10.17,24,na,24,51,y,,2021-07-18,y,1817.2,12:35:00,12.58,154,26,na,,1.916,4.250,0.198,-1.110
na,2021-Jul,Triquetta,DVM,2021-07-03,11:11,11.2,2,L,11.5,2563,248,155,7.5,0,16.5,46,na,14,,2021-07-08,2563,10:10,10.17,31,na,30,67,y,,2021-07-18,n,2563,12:35:00,12.58,na,na,na,,2.723,na,na,1.513
na,2021-Jul,Triquetta,KH,2021-07-03,10:33,10.6,3,L,2,2585,215,135,5,0,28,83,na,23,,2021-07-08,2585,9:57,9.95,40,na,47,103,y,,2021-07-18,y,2585,12:35:00,12.58,253,40,na,,3.821,2.519,0.000,0.201
na,2021-Jul,Triquetta,KH,2021-07-03,10:33,10.6,3,L,4,2117.2,270,110,4.5,0,25,72,na,28,,2021-07-08,2117.2,9:57,9.95,31,na,35,81,y,,2021-07-18,y,2117.2,12:35:00,12.58,284,36,na,,2.011,0.928,0.495,-0.201
na,2021-Jul,Triquetta,KH,2021-07-03,10:33,10.6,3,L,7.5,1897.2,349,170,5,0,55,136,na,29,,2021-07-08,1897.2,9:57,9.95,63,na,66,120,y,,2021-07-18,y,1897.2,12:35:00,12.58,361,58,na,,2.212,0.796,-0.495,-5.429
na,2021-Jul,Triquetta,KH,2021-07-03,10:33,10.6,3,L,19,2562,488,263,5,L,75,230,na,50,,2021-07-08,2562,9:57,9.95,92,na,95.5,240,y,,2021-07-18,y,2562,12:35:00,12.58,504,95,na,,4.122,1.061,0.297,-2.111
na,2021-Jul,Triquetta,KH,2021-07-03,10:33,10.6,3,L,17,1843,214,134,4.5,0,30,96,na,15,,2021-07-08,1843,9:57,9.95,35,na,50,114,y,,2021-07-18,y,1843,12:35:00,12.58,263,36,na,,4.022,3.249,0.099,-0.402
na,2021-Jul,Triquetta,KH,2021-07-03,10:33,10.6,3,R,14.5,1820.2,435,206,8.5,0,35,113,na,50,,2021-07-08,1820.2,9:57,9.95,67,na,53.5,137,y,,2021-07-18,y,1820.2,12:35:00,12.58,459,70,na,,3.720,1.591,0.297,1.106
na,2021-Jul,Breaker,KH,2021-07-03,15:18,15.3,3,R,1,2587,233,78,5,0,25,72,na,29,,2021-07-08,2587,14:30,14.5,42,na,37,78,y,,2021-07-19,y,2587,10:52:00,10.87,257,40,na,,2.416,1.518,-0.184,-1.208
na,2021-Jul,Breaker,KH,2021-07-03,15:18,15.3,3,L,6,286.2,373,54,5,0,15,52,na,na,,2021-07-08,286.2,14:30,14.5,na,na,na,na,n,plant gone,2021-07-19,n,286.2,10:52:00,10.87,na,na,na,plant gone,na,na,na,na
na,2021-Jul,Breaker,KH,2021-07-03,15:18,15.3,3,L,7,2083.2,417,181,6,0,45,137,na,37,,2021-07-08,2083.2,14:30,14.5,49,na,58,132,y,,2021-07-19,n,2083.2,10:52:00,10.87,na,na,na,plant gone,2.617,na,na,-3.624
na,2021-Jul,Breaker,KH,2021-07-03,15:18,15.3,3,L,16,1797.2,202,60,4,0,15,56,na,na,,2021-07-08,1797.2,14:30,14.5,na,na,na,na,n,plant gone,2021-07-19,n,1797.2,10:52:00,10.87,na,na,na,plant gone,na,na,na,na
na,2021-Jul,Breaker,KH,2021-07-03,15:18,15.3,3,L,19,2551,349,75,7,L,30,63,na,54,,2021-07-08,2551,14:30,14.5,48,na,36,69,y,,2021-07-19,y,2551,10:52:00,10.87,345,44,na,,1.208,-0.253,-0.369,0.000
na,2021-Jul,Breaker,DVM,2021-07-03,15:19,15.3,2,R,1,1697.2,269,156,7,0,40,127,na,40,,2021-07-08,1697.2,14:34,14.57,44,na,59,109,y,,2021-07-19,Y,1697.2,10:52:00,10.87,309,42,na,,3.823,2.529,-0.184,-7.445
na,2021-Jul,Breaker,DVM,2021-07-03,15:19,15.3,2,R,3,1698,157,82,6,0,15,55,na,20,,2021-07-08,1698,14:34,14.57,20,na,30,70,y,,2021-07-19,N,1698,10:52:00,10.87,na,na,na,,3.018,na,na,0.000
na,2021-Jul,Breaker,DVM,2021-07-03,15:19,15.3,2,R,5,1848.2,392,336,7.5,0,35,113,na,43,,2021-07-08,1848.2,14:34,14.57,49,na,43,124,y,,2021-07-19,Y,1848.2,10:52:00,10.87,411,53,na,,1.610,1.201,0.369,0.604
na,2021-Jul,Breaker,DVM,2021-07-03,15:19,15.3,2,R,15,1714.2,263,116,6.5,0,21,68,na,32,,2021-07-08,1714.2,14:34,14.57,37,na,35,80,y,,2021-07-19,Y,1714.2,10:52:00,10.87,321,37,na,,2.817,3.667,0.000,-0.402
na,2021-Jul,Breaker,DVM,2021-07-03,15:19,15.3,2,L,19.5,1946.2,334,117,6.5,0,29,101,na,33,,2021-07-08,1946.2,14:34,14.57,33,na,39,85,y,,2021-07-19,Y,1946.2,10:52:00,10.87,371,31,na,,2.012,2.339,-0.184,-5.232
na,2021-Jul,Breaker,ZM,2021-07-03,15:18,15.3,1,L,0.5,220,183,104,5,0,18,68,na,25,,2021-07-08,220,14:19,14.32,36,na,33.5,81,y,,2021-07-19,y,220,11:00:00,11,212,39,na,,3.126,1.833,0.276,-0.504
na,2021-Jul,Breaker,ZM,2021-07-03,15:18,15.3,1,R,4.5,106,368,220,6.5,L,37,138,na,43,,2021-07-08,106,14:19,14.32,59,na,55.5,155,y,,2021-07-19,y,106,11:00:00,11,366,60,na,,3.730,-0.126,0.092,-0.302
na,2021-Jul,Breaker,ZM,2021-07-03,15:18,15.3,1,R,13,202,150,115,4,0,23,72,na,41,,2021-07-08,202,14:19,14.32,44,na,32,81,y,,2021-07-19,y,202,11:00:00,11,158,40,na,,1.815,0.506,-0.368,0.000
na,2021-Jul,Breaker,ZM,2021-07-03,15:18,15.3,1,R,17.5,207,106,82,4.5,0,19,60,na,30,,2021-07-08,207,14:19,14.32,27,na,34,87,y,,2021-07-19,y,207,11:00:00,11,116,30,na,,3.025,0.632,0.276,2.420
na,2021-Jul,Breaker,ZM,2021-07-03,15:18,15.3,1,L,17,218,197,68,4.5,0,24,75,na,na,,2021-07-08,218,14:19,14.32,na,na,na,na,n,gone,2021-07-19,n,218,11:00:00,11,na,na,na,,na,na,na,na
na,2021-Jul,Manley,DVM,2021-07-03,13:13,13.2,2,L,18,2047.2,388,282,10.5,L,68,220,na,55,,2021-07-08,2047.2,12:20,12.33,81,na,73,289,y,,2021-07-18,y,2047.2,16:00:00,16,513,83,na,,1.007,8.269,0.197,12.893
na,2021-Jul,Manley,DVM,2021-07-03,13:13,13.2,2,R,17.5,2573,105,108,5.5,0,29,98,na,19,,2021-07-08,2573,12:20,12.33,16,na,54,114,y,,2021-07-18,y,2573,16:00:00,16,125,23,na,,5.037,1.323,0.689,-1.813
na,2021-Jul,Manley,DVM,2021-07-03,13:13,13.2,2,L,13,2574,190,145,7,0,51,160,na,24,,2021-07-08,2574,12:20,12.33,21,na,80,179,y,,2021-07-18,y,2574,16:00:00,16,205,22,na,,5.842,0.992,0.098,-2.015
na,2021-Jul,Manley,KH,2021-07-03,13:15,13.3,3,L,15,276.2,145,78,5,0,15,67,na,na,,2021-07-08,276.2,12:12,12.2,na,na,na,na,n,,2021-07-18,n,276.2,15:43:00,15.72,na,na,na,,na,na,na,na
na,2021-Jul,Manley,KH,2021-07-03,13:15,13.3,3,R,4.2,2080.2,176,115,4,0,15,63,na,12,,2021-07-08,2080.2,12:12,12.2,23,na,23,72,y,,2021-07-18,y,2080.2,15:43:00,15.72,200,25,na,38.5/75,1.615,1.589,0.197,0.202
na,2021-Jul,Manley,KH,2021-07-03,13:15,13.3,3,R,4,2554.2,237,143,7,0,15,76,na,25,,2021-07-08,2554.2,12:12,12.2,32,na,32,91,y,,2021-07-18,y,2554.2,15:43:00,15.72,308,34,na,,3.431,4.702,0.197,-0.404
na,2021-Jul,Manley,KH,2021-07-03,13:15,13.3,3,L,3,2591,152,66,5.5,0,25,72,na,16,,2021-07-08,2591,12:12,12.2,15,na,36,80,y,,2021-07-18,y,2591,15:43:00,15.72,178,21,na,,2.220,1.722,0.591,-0.606
na,2021-Jul,Manley,KH,2021-07-03,13:15,13.3,3,L,3.5,2545,208,69,4,0,30,80,na,16,,2021-07-08,2545,12:12,12.2,21,na,38,95,y,,2021-07-18,y,2545,15:43:00,15.72,250,22,na,,1.615,2.781,0.099,1.413
na,2021-Jul,Manley,ZM,2021-07-03,13:16,13.3,1,R,12,219,434,221,6,0,42,140,na,40,,2021-07-08,219,12:20,12.33,54,na,52,131,y,,2021-07-18,y,219,16:00:00,16,451,64,na,,2.016,1.125,0.985,-3.831
na,2021-Jul,Manley,ZM,2021-07-03,13:16,13.3,1,L,6,222,224,78,3.5,0,14,55,na,16,,2021-07-08,222,12:20,12.33,39,na,24,63,y,,2021-07-18,y,222,16:00:00,16,256,40,na,,2.016,2.117,0.098,-0.403
na,2021-Jul,Manley,ZM,2021-07-03,13:16,13.3,1,L,18,1803.2,268,239,8.5,0,64,183,na,28,,2021-07-08,1803.2,12:20,12.33,42,na,87,135,y,,2021-07-18,y,1803.2,16:00:00,16,375,44,na,,4.637,7.080,0.197,-14.316
na,2021-Jul,Ratatouille,ZM,2021-07-06,na,na,2,R,1,na,534,18,na,0,na,na,na,50,,na,na,na,na,na,na,na,na,na,,na,na,na,na,na,na,na,na,,na,na,na,na
na,2021-Jul,Ratatouille,ZM,2021-07-06,na,na,2,L,3.3,na,693,74,na,0,na,na,na,33,,na,na,na,na,na,na,na,na,na,,na,na,na,na,na,na,na,na,,na,na,na,na
na,2021-Jul,Ratatouille,ZM,2021-07-06,na,na,2,R,4.5,na,552,113,na,0,na,na,na,27,,na,na,na,na,na,na,na,na,na,,na,na,na,na,na,na,na,na,,na,na,na,na
na,2021-Jul,Ratatouille,ZM,2021-07-06,na,na,2,R,5.5,na,576,189,na,L,na,na,na,45,,na,na,na,na,na,na,na,na,na,,na,na,na,na,na,na,na,na,,na,na,na,na
na,2021-Jul,Ratatouille,ZM,2021-07-06,na,na,2,L,7.2,na,391,64,na,0,na,na,na,25,,na,na,na,na,na,na,na,na,na,,na,na,na,na,na,na,na,na,,na,na,na,na
na,2021-Jul,Ratatouille,ZM,2021-07-06,na,na,2,R,8,na,338,74,na,0,na,na,na,26,,na,na,na,na,na,na,na,na,na,,na,na,na,na,na,na,na,na,,na,na,na,na
na,2021-Jul,Ratatouille,ZM,2021-07-06,na,na,2,L,8.3,na,450,128,na,0,na,na,na,35,,na,na,na,na,na,na,na,na,na,,na,na,na,na,na,na,na,na,,na,na,na,na
na,2021-Jul,Ratatouille,ZM,2021-07-06,na,na,2,R,9.2,na,169,53,na,0,na,na,na,15,,na,na,na,na,na,na,na,na,na,,na,na,na,na,na,na,na,na,,na,na,na,na
na,2021-Jul,Ratatouille,ZM,2021-07-06,na,na,2,L,10,na,462,157,na,0,na,na,na,38,,na,na,na,na,na,na,na,na,na,,na,na,na,na,na,na,na,na,,na,na,na,na
na,2021-Jul,Ratatouille,ZM,2021-07-06,na,na,2,R,10,na,620,117,na,L,na,na,na,57,,na,na,na,na,na,na,na,na,na,,na,na,na,na,na,na,na,na,,na,na,na,na
na,2021-Jul,Ratatouille,OP,2021-07-06,na,na,1,R,19,na,248,77,na,0,na,na,na,21,,na,na,na,na,na,na,na,na,na,,na,na,na,na,na,na,na,na,,na,na,na,na
na,2021-Jul,Ratatouille,OP,2021-07-06,na,na,1,R,18.5,na,775,125,na,L,na,na,na,45,,na,na,na,na,na,na,na,na,na,,na,na,na,na,na,na,na,na,,na,na,na,na
na,2021-Jul,Ratatouille,OP,2021-07-06,na,na,1,R,16,na,575,65,na,0,na,na,na,40,,na,na,na,na,na,na,na,na,na,,na,na,na,na,na,na,na,na,,na,na,na,na
na,2021-Jul,Ratatouille,OP,2021-07-06,na,na,1,R,5,na,350,85,na,0,na,na,na,39,,na,na,na,na,na,na,na,na,na,,na,na,na,na,na,na,na,na,,na,na,na,na
na,2021-Jul,Ratatouille,OP,2021-07-06,na,na,1,L,5,na,187,65,na,0,na,na,na,21,,na,na,na,na,na,na,na,na,na,,na,na,na,na,na,na,na,na,,na,na,na,na
na,2021-Jul,Ratatouille,OP,2021-07-06,na,na,1,R,13,na,285,60,na,0,na,na,na,38,,na,na,na,na,na,na,na,na,na,,na,na,na,na,na,na,na,na,,na,na,na,na
na,2021-Jul,Ratatouille,OP,2021-07-06,na,na,1,L,8,na,450,80,na,0,na,na,na,28,,na,na,na,na,na,na,na,na,na,,na,na,na,na,na,na,na,na,,na,na,na,na
na,2021-Jul,Ratatouille,OP,2021-07-06,na,na,1,R,5,na,557,175,na,L,na,na,na,42,,na,na,na,na,na,na,na,na,na,,na,na,na,na,na,na,na,na,,na,na,na,na
na,2021-Jul,Ratatouille,OP,2021-07-06,na,na,1,R,1,na,700,100,na,0,na,na,na,53,,na,na,na,na,na,na,na,na,na,,na,na,na,na,na,na,na,na,,na,na,na,na
na,2021-Jul,Ratatouille,OP,2021-07-06,na,na,1,L,1,na,326,100,na,0,na,na,na,30,,na,na,na,na,na,na,na,na,na,,na,na,na,na,na,na,na,na,,na,na,na,na
na,2021-Jul,Breaker,OP,2021-07-08,na,na,3,L,2,na,189,35,na,0,na,na,na,26,,na,na,na,na,na,na,na,na,na,,na,na,na,na,na,na,na,na,,na,na,na,na
na,2021-Jul,Breaker,OP,2021-07-08,na,na,3,L,2.5,na,369,77,na,0,na,na,na,44,,na,na,na,na,na,na,na,na,na,,na,na,na,na,na,na,na,na,,na,na,na,na
na,2021-Jul,Breaker,OP,2021-07-08,na,na,3,L,3.5,na,285,135,na,L,na,na,na,39,,na,na,na,na,na,na,na,na,na,,na,na,na,na,na,na,na,na,,na,na,na,na
na,2021-Jul,Breaker,OP,2021-07-08,na,na,3,L,6,na,215,35,na,0,na,na,na,24,,na,na,na,na,na,na,na,na,na,,na,na,na,na,na,na,na,na,,na,na,na,na
na,2021-Jul,Breaker,OP,2021-07-08,na,na,3,R,6,na,370,100,na,L,na,na,na,43,,na,na,na,na,na,na,na,na,na,,na,na,na,na,na,na,na,na,,na,na,na,na
na,2021-Jul,Breaker,OP,2021-07-08,na,na,3,R,8,na,398,150,na,L,na,na,na,45,,na,na,na,na,na,na,na,na,na,,na,na,na,na,na,na,na,na,,na,na,na,na
na,2021-Jul,Breaker,OP,2021-07-08,na,na,3,L,10,na,152,50,na,0,na,na,na,12,,na,na,na,na,na,na,na,na,na,,na,na,na,na,na,na,na,na,,na,na,na,na
na,2021-Jul,Breaker,OP,2021-07-08,na,na,3,L,10,na,77,66,na,0,na,na,na,23,,na,na,na,na,na,na,na,na,na,,na,na,na,na,na,na,na,na,,na,na,na,na
na,2021-Jul,Breaker,OP,2021-07-08,na,na,3,L,10,na,388,145,na,L,na,na,na,42,,na,na,na,na,na,na,na,na,na,,na,na,na,na,na,na,na,na,,na,na,na,na
na,2021-Jul,Breaker,OP,2021-07-08,na,na,3,L,10,na,449,102,na,0,na,na,na,32,,na,na,na,na,na,na,na,na,na,,na,na,na,na,na,na,na,na,,na,na,na,na
na,2021-Jul,Breaker,OP,2021-07-08,na,na,3,L,14.5,na,300,68,na,0,na,na,na,27,,na,na,na,na,na,na,na,na,na,,na,na,na,na,na,na,na,na,,na,na,na,na
na,2021-Jul,Breaker,OP,2021-07-08,na,na,3,R,14,na,336,167,na,H,na,na,na,42,,na,na,na,na,na,na,na,na,na,,na,na,na,na,na,na,na,na,,na,na,na,na
na,2021-Jul,Breaker,OP,2021-07-08,na,na,3,R,14.2,na,217,150,na,0,na,na,na,32,,na,na,na,na,na,na,na,na,na,,na,na,na,na,na,na,na,na,,na,na,na,na
na,2021-Jul,Breaker,OP,2021-07-08,na,na,3,R,20,na,595,110,na,L,na,na,na,32,,na,na,na,na,na,na,na,na,na,,na,na,na,na,na,na,na,na,,na,na,na,na
na,2021-Jul,Breaker,OP,2021-07-08,na,na,3,L,19,na,424,175,na,0,na,na,na,44,,na,na,na,na,na,na,na,na,na,,na,na,na,na,na,na,na,na,,na,na,na,na
na,2021-Jul,Triquetta,ZM,2021-07-08,na,na,1,L,20,na,565,175,na,0,na,na,na,39,,na,na,na,na,na,na,na,na,na,,na,na,na,na,na,na,na,na,,na,na,na,na
na,2021-Jul,Triquetta,ZM,2021-07-08,na,na,1,L,17.5,na,305,102,na,0,na,na,na,21,,na,na,na,na,na,na,na,na,na,,na,na,na,na,na,na,na,na,,na,na,na,na
na,2021-Jul,Triquetta,ZM,2021-07-08,na,na,1,R,14,na,358,116,na,0,na,na,na,33,,na,na,na,na,na,na,na,na,na,,na,na,na,na,na,na,na,na,,na,na,na,na
na,2021-Jul,Triquetta,ZM,2021-07-08,na,na,1,L,13,na,306,140,na,0,na,na,na,21,,na,na,na,na,na,na,na,na,na,,na,na,na,na,na,na,na,na,,na,na,na,na
na,2021-Jul,Triquetta,ZM,2021-07-08,na,na,1,L,10.5,na,407,139,na,0,na,na,na,30,,na,na,na,na,na,na,na,na,na,,na,na,na,na,na,na,na,na,,na,na,na,na
na,2021-Jul,Triquetta,ZM,2021-07-08,na,na,1,L,10,na,186,85,na,0,na,na,na,12,,na,na,na,na,na,na,na,na,na,,na,na,na,na,na,na,na,na,,na,na,na,na
na,2021-Jul,Triquetta,ZM,2021-07-08,na,na,1,R,9,na,234,185,na,0,na,na,na,39,,na,na,na,na,na,na,na,na,na,,na,na,na,na,na,na,na,na,,na,na,na,na
na,2021-Jul,Triquetta,ZM,2021-07-08,na,na,1,R,8.5,na,228,143,na,0,na,na,na,19,,na,na,na,na,na,na,na,na,na,,na,na,na,na,na,na,na,na,,na,na,na,na
na,2021-Jul,Triquetta,ZM,2021-07-08,na,na,1,R,8,na,440,88,na,0,na,na,na,28,,na,na,na,na,na,na,na,na,na,,na,na,na,na,na,na,na,na,,na,na,na,na
na,2021-Jul,Triquetta,ZM,2021-07-08,na,na,1,R,7,na,430,180,na,L,na,na,na,46,,na,na,na,na,na,na,na,na,na,,na,na,na,na,na,na,na,na,,na,na,na,na
na,2021-Jul,Triquetta,ZM,2021-07-08,na,na,1,R,6.5,na,352,143,na,0,na,na,na,17,,na,na,na,na,na,na,na,na,na,,na,na,na,na,na,na,na,na,,na,na,na,na
na,2021-Jul,Triquetta,KH,2021-07-08,na,na,3,R,20,na,409,140,na,0,na,na,na,31,,na,na,na,na,na,na,na,na,na,,na,na,na,na,na,na,na,na,,na,na,na,na
na,2021-Jul,Triquetta,KH,2021-07-08,na,na,3,L,19.2,na,196,60,na,0,na,na,na,11,,na,na,na,na,na,na,na,na,na,,na,na,na,na,na,na,na,na,,na,na,na,na
na,2021-Jul,Triquetta,KH,2021-07-08,na,na,3,R,17.5,na,187,60,na,0,na,na,na,7,,na,na,na,na,na,na,na,na,na,,na,na,na,na,na,na,na,na,,na,na,na,na
na,2021-Jul,Triquetta,KH,2021-07-08,na,na,3,R,17.5,na,228,80,na,0,na,na,na,16,,na,na,na,na,na,na,na,na,na,,na,na,na,na,na,na,na,na,,na,na,na,na
na,2021-Jul,Triquetta,KH,2021-07-08,na,na,3,L,15,na,206,90,na,0,na,na,na,13,,na,na,na,na,na,na,na,na,na,,na,na,na,na,na,na,na,na,,na,na,na,na
na,2021-Jul,Triquetta,KH,2021-07-08,na,na,3,L,15,na,285,80,na,0,na,na,na,17,,na,na,na,na,na,na,na,na,na,,na,na,na,na,na,na,na,na,,na,na,na,na
na,2021-Jul,Triquetta,KH,2021-07-08,na,na,3,L,15,na,212,90,na,0,na,na,na,19,,na,na,na,na,na,na,na,na,na,,na,na,na,na,na,na,na,na,,na,na,na,na
na,2021-Jul,Triquetta,KH,2021-07-08,na,na,3,L,10,na,117,50,na,0,na,na,na,7,,na,na,na,na,na,na,na,na,na,,na,na,na,na,na,na,na,na,,na,na,na,na
na,2021-Jul,Triquetta,KH,2021-07-08,na,na,3,L,0.5,na,141,85,na,0,na,na,na,10,,na,na,na,na,na,na,na,na,na,,na,na,na,na,na,na,na,na,,na,na,na,na
na,2021-Jul,Triquetta,KH,2021-07-08,na,na,3,L,4,na,264,80,na,0,na,na,na,20,,na,na,na,na,na,na,na,na,na,,na,na,na,na,na,na,na,na,,na,na,na,na
na,2021-Jul,Triquetta,KH,2021-07-08,na,na,3,L,2.2,na,208,130,na,0,na,na,na,25,,na,na,na,na,na,na,na,na,na,,na,na,na,na,na,na,na,na,,na,na,na,na
na,2021-Jul,Triquetta,DVM,2021-07-08,na,na,2,R,19,na,506,127,na,0,na,na,na,40,,na,na,na,na,na,na,na,na,na,,na,na,na,na,na,na,na,na,,na,na,na,na
na,2021-Jul,Triquetta,DVM,2021-07-08,na,na,2,R,19,na,280,89,na,0,na,na,na,20,,na,na,na,na,na,na,na,na,na,,na,na,na,na,na,na,na,na,,na,na,na,na
na,2021-Jul,Triquetta,DVM,2021-07-08,na,na,2,L,18,na,551,160,na,0,na,na,na,48,,na,na,na,na,na,na,na,na,na,,na,na,na,na,na,na,na,na,,na,na,na,na
na,2021-Jul,Triquetta,DVM,2021-07-08,na,na,2,R,18,na,183,100,na,0,na,na,na,14,,na,na,na,na,na,na,na,na,na,,na,na,na,na,na,na,na,na,,na,na,na,na
na,2021-Jul,Triquetta,DVM,2021-07-08,na,na,2,R,16,na,240,114,na,0,na,na,na,25,,na,na,na,na,na,na,na,na,na,,na,na,na,na,na,na,na,na,,na,na,na,na
na,2021-Jul,Triquetta,DVM,2021-07-08,na,na,2,R,14,na,188,170,na,0,na,na,na,17,,na,na,na,na,na,na,na,na,na,,na,na,na,na,na,na,na,na,,na,na,na,na
na,2021-Jul,Triquetta,DVM,2021-07-08,na,na,2,L,12,na,292,138,na,0,na,na,na,33,,na,na,na,na,na,na,na,na,na,,na,na,na,na,na,na,na,na,,na,na,na,na
na,2021-Jul,Triquetta,DVM,2021-07-08,na,na,2,R,11,na,221,118,na,0,na,na,na,16,,na,na,na,na,na,na,na,na,na,,na,na,na,na,na,na,na,na,,na,na,na,na
na,2021-Jul,Triquetta,DVM,2021-07-08,na,na,2,R,10.5,na,416,187,na,0,na,na,na,47,,na,na,na,na,na,na,na,na,na,,na,na,na,na,na,na,na,na,,na,na,na,na
na,2021-Jul,Triquetta,DVM,2021-07-08,na,na,2,L,9,na,192,107,na,0,na,na,na,15,,na,na,na,na,na,na,na,na,na,,na,na,na,na,na,na,na,na,,na,na,na,na
na,2021-Jul,Triquetta,DVM,2021-07-08,na,na,2,R,9,na,218,117,na,0,na,na,na,16,,na,na,na,na,na,na,na,na,na,,na,na,na,na,na,na,na,na,,na,na,na,na
na,2021-Jul,Triquetta,DVM,2021-07-08,na,na,2,L,8.5,na,112,55,na,0,na,na,na,9,,na,na,na,na,na,na,na,na,na,,na,na,na,na,na,na,na,na,,na,na,na,na
na,2021-Jul,Triquetta,DVM,2021-07-08,na,na,2,R,6.5,na,157,95,na,0,na,na,na,13,,na,na,na,na,na,na,na,na,na,,na,na,na,na,na,na,na,na,,na,na,na,na
na,2021-Jul,Triquetta,DVM,2021-07-08,na,na,2,R,5,na,103,96,na,0,na,na,na,10,,na,na,na,na,na,na,na,na,na,,na,na,na,na,na,na,na,na,,na,na,na,na
na,2021-Jul,Triquetta,DVM,2021-07-08,na,na,2,L,4,na,278,52,na,0,na,na,na,28,,na,na,na,na,na,na,na,na,na,,na,na,na,na,na,na,na,na,,na,na,na,na
na,2021-Jul,Ratatouille,KH,2021-07-06,na,na,3,R,0,na,339,77,na,0,na,na,na,15,,na,na,na,na,na,na,na,na,na,,na,na,na,na,na,na,na,na,,na,na,na,na
na,2021-Jul,Ratatouille,KH,2021-07-06,na,na,3,R,1.5,na,269,57,na,0,na,na,na,12,,na,na,na,na,na,na,na,na,na,,na,na,na,na,na,na,na,na,,na,na,na,na
na,2021-Jul,Ratatouille,KH,2021-07-06,na,na,3,L,3.2,na,571,200,na,L,na,na,na,45,,na,na,na,na,na,na,na,na,na,,na,na,na,na,na,na,na,na,,na,na,na,na
na,2021-Jul,Ratatouille,KH,2021-07-06,na,na,3,R,12,na,568,80,na,0,na,na,na,45,,na,na,na,na,na,na,na,na,na,,na,na,na,na,na,na,na,na,,na,na,na,na
na,2021-Jul,Ratatouille,KH,2021-07-06,na,na,3,R,13,na,448,77,na,0,na,na,na,43,,na,na,na,na,na,na,na,na,na,,na,na,na,na,na,na,na,na,,na,na,na,na
na,2021-Jul,Ratatouille,KH,2021-07-06,na,na,3,L,3.9,na,388,94,na,0,na,na,na,31,,na,na,na,na,na,na,na,na,na,,na,na,na,na,na,na,na,na,,na,na,na,na
na,2021-Jul,Ratatouille,KH,2021-07-06,na,na,3,L,4,na,447,87,na,0,na,na,na,23,,na,na,na,na,na,na,na,na,na,,na,na,na,na,na,na,na,na,,na,na,na,na
na,2021-Jul,Ratatouille,KH,2021-07-06,na,na,3,R,8.3,na,625,65,na,0,na,na,na,32,,na,na,na,na,na,na,na,na,na,,na,na,na,na,na,na,na,na,,na,na,na,na
na,2021-Jul,Ratatouille,KH,2021-07-06,na,na,3,R,9.5,na,832,165,na,L,na,na,na,58,,na,na,na,na,na,na,na,na,na,,na,na,na,na,na,na,na,na,,na,na,na,na
na,2021-Jul,Ratatouille,KH,2021-07-06,na,na,3,R,11,na,594,69,na,0,na,na,na,41,,na,na,na,na,na,na,na,na,na,,na,na,na,na,na,na,na,na,,na,na,na,na
na,2021-Jul,Ratatouille,KH,2021-07-06,na,na,3,L,11.5,na,644,127,na,0,na,na,na,48,,na,na,na,na,na,na,na,na,na,,na,na,na,na,na,na,na,na,,na,na,na,na
na,2021-Jul,Ratatouille,KH,2021-07-06,na,na,3,L,14.8,na,200,32,na,0,na,na,na,37,,na,na,na,na,na,na,na,na,na,,na,na,na,na,na,na,na,na,,na,na,na,na
na,2021-Jul,Ratatouille,KH,2021-07-06,na,na,3,R,15.5,na,295,60,na,0,na,na,na,33,,na,na,na,na,na,na,na,na,na,,na,na,na,na,na,na,na,na,,na,na,na,na
na,2021-Jul,Ratatouille,KH,2021-07-06,na,na,3,R,18.8,na,358,73,na,0,na,na,na,43,,na,na,na,na,na,na,na,na,na,,na,na,na,na,na,na,na,na,,na,na,na,na
na,2021-Jul,Ratatouille,KH,2021-07-06,na,na,3,R,19,na,405,54,na,0,na,na,na,43,,na,na,na,na,na,na,na,na,na,,na,na,na,na,na,na,na,na,,na,na,na,na
na,2021-Jul,Breaker,DVM,2021-07-08,na,na,1,L,19,na,600,143,na,L,na,na,na,51,,na,na,na,na,na,na,na,na,na,,na,na,na,na,na,na,na,na,,na,na,na,na
na,2021-Jul,Breaker,DVM,2021-07-08,na,na,1,R,19,na,194,47,na,0,na,na,na,12,,na,na,na,na,na,na,na,na,na,,na,na,na,na,na,na,na,na,,na,na,na,na
na,2021-Jul,Breaker,DVM,2021-07-08,na,na,1,L,16,na,436,284,na,0,na,na,na,49,,na,na,na,na,na,na,na,na,na,,na,na,na,na,na,na,na,na,,na,na,na,na
na,2021-Jul,Breaker,DVM,2021-07-08,na,na,1,L,15.5,na,543,180,na,0,na,na,na,52,,na,na,na,na,na,na,na,na,na,,na,na,na,na,na,na,na,na,,na,na,na,na
na,2021-Jul,Breaker,DVM,2021-07-08,na,na,1,R,8,na,206,75,na,0,na,na,na,22,,na,na,na,na,na,na,na,na,na,,na,na,na,na,na,na,na,na,,na,na,na,na
na,2021-Jul,Breaker,DVM,2021-07-08,na,na,1,L,7.5,na,189,43,na,0,na,na,na,15,,na,na,na,na,na,na,na,na,na,,na,na,na,na,na,na,na,na,,na,na,na,na
na,2021-Jul,Breaker,DVM,2021-07-08,na,na,1,L,7,na,310,50,na,0,na,na,na,34,,na,na,na,na,na,na,na,na,na,,na,na,na,na,na,na,na,na,,na,na,na,na
na,2021-Jul,Breaker,DVM,2021-07-08,na,na,1,L,5.5,na,146,50,na,0,na,na,na,9,,na,na,na,na,na,na,na,na,na,,na,na,na,na,na,na,na,na,,na,na,na,na
na,2021-Jul,Breaker,DVM,2021-07-08,na,na,1,R,4.5,na,164,60,na,0,na,na,na,25,,na,na,na,na,na,na,na,na,na,,na,na,na,na,na,na,na,na,,na,na,na,na
na,2021-Jul,Breaker,DVM,2021-07-08,na,na,1,R,3.5,na,255,119,na,0,na,na,na,28,,na,na,na,na,na,na,na,na,na,,na,na,na,na,na,na,na,na,,na,na,na,na
na,2021-Jul,Breaker,DVM,2021-07-08,na,na,1,L,3,na,321,167,na,L,na,na,na,45,,na,na,na,na,na,na,na,na,na,,na,na,na,na,na,na,na,na,,na,na,na,na
na,2021-Jul,Breaker,DVM,2021-07-08,na,na,1,R,1,na,172,100,na,0,na,na,na,13,,na,na,na,na,na,na,na,na,na,,na,na,na,na,na,na,na,na,,na,na,na,na
na,2021-Jul,Breaker,DVM,2021-07-08,na,na,1,R,1,na,140,30,na,0,na,na,na,5,,na,na,na,na,na,na,na,na,na,,na,na,na,na,na,na,na,na,,na,na,na,na
na,2021-Jul,Breaker,DVM,2021-07-08,na,na,1,L,2,na,165,90,na,0,na,na,na,28,,na,na,na,na,na,na,na,na,na,,na,na,na,na,na,na,na,na,,na,na,na,na
na,2021-Jul,Breaker,DVM,2021-07-08,na,na,1,L,2.5,na,315,160,na,L,na,na,na,45,,na,na,na,na,na,na,na,na,na,,na,na,na,na,na,na,na,na,,na,na,na,na
na,2021-Jul,Breaker,MA,2021-07-08,na,na,2,L,20,na,467,65,na,0,na,na,na,35,,na,na,na,na,na,na,na,na,na,,na,na,na,na,na,na,na,na,,na,na,na,na
na,2021-Jul,Breaker,MA,2021-07-08,na,na,2,R,18,na,122,112,na,0,na,na,na,24,,na,na,na,na,na,na,na,na,na,,na,na,na,na,na,na,na,na,,na,na,na,na
na,2021-Jul,Breaker,MA,2021-07-08,na,na,2,L,18.5,na,170,88,na,0,na,na,na,30,,na,na,na,na,na,na,na,na,na,,na,na,na,na,na,na,na,na,,na,na,na,na
na,2021-Jul,Breaker,MA,2021-07-08,na,na,2,R,17.5,na,177,49,na,0,na,na,na,31,,na,na,na,na,na,na,na,na,na,,na,na,na,na,na,na,na,na,,na,na,na,na
na,2021-Jul,Breaker,MA,2021-07-08,na,na,2,L,17,na,367,100,na,L,na,na,na,45,,na,na,na,na,na,na,na,na,na,,na,na,na,na,na,na,na,na,,na,na,na,na
na,2021-Jul,Breaker,MA,2021-07-08,na,na,2,L,16,na,276,53,na,0,na,na,na,32,,na,na,na,na,na,na,na,na,na,,na,na,na,na,na,na,na,na,,na,na,na,na
na,2021-Jul,Breaker,MA,2021-07-08,na,na,2,L,15.5,na,334,69,na,L,na,na,na,32,,na,na,na,na,na,na,na,na,na,,na,na,na,na,na,na,na,na,,na,na,na,na
na,2021-Jul,Breaker,MA,2021-07-08,na,na,2,L,15,na,272,61,na,0,na,na,na,31,,na,na,na,na,na,na,na,na,na,,na,na,na,na,na,na,na,na,,na,na,na,na
na,2021-Jul,Breaker,MA,2021-07-08,na,na,2,L,14.5,na,353,115,na,L,na,na,na,42,,na,na,na,na,na,na,na,na,na,,na,na,na,na,na,na,na,na,,na,na,na,na
na,2021-Jul,Breaker,MA,2021-07-08,na,na,2,R,12,na,331,76,na,0,na,na,na,34,,na,na,na,na,na,na,na,na,na,,na,na,na,na,na,na,na,na,,na,na,na,na
na,2021-Jul,Breaker,MA,2021-07-08,na,na,2,L,11,na,290,43,na,0,na,na,na,15,,na,na,na,na,na,na,na,na,na,,na,na,na,na,na,na,na,na,,na,na,na,na
na,2021-Jul,Breaker,MA,2021-07-08,na,na,2,R,9,na,289,70,na,0,na,na,na,27,,na,na,na,na,na,na,na,na,na,,na,na,na,na,na,na,na,na,,na,na,na,na
na,2021-Jul,Breaker,MA,2021-07-08,na,na,2,R,8.5,na,423,160,na,L,na,na,na,41,,na,na,na,na,na,na,na,na,na,,na,na,na,na,na,na,na,na,,na,na,na,na
na,2021-Jul,Breaker,MA,2021-07-08,na,na,2,R,2,na,160,51,na,0,na,na,na,22,,na,na,na,na,na,na,na,na,na,,na,na,na,na,na,na,na,na,,na,na,na,na
na,2021-Jul,Breaker,MA,2021-07-08,na,na,2,L,0,na,215,108,na,L,na,na,na,46,,na,na,na,na,na,na,na,na,na,,na,na,na,na,na,na,na,na,,na,na,na,na
na,2021-Jul,Breaker,OP,2021-07-19,na,na,3,L,20,na,615,140,na,H,na,na,na,36,,na,na,na,na,na,na,na,na,na,,na,na,na,na,na,na,na,na,,na,na,na,na
na,2021-Jul,Breaker,OP,2021-07-19,na,na,3,R,20,na,450,150,na,0,na,na,na,46,,na,na,na,na,na,na,na,na,na,,na,na,na,na,na,na,na,na,,na,na,na,na
na,2021-Jul,Breaker,OP,2021-07-19,na,na,3,R,17,na,287,45,na,0,na,na,na,21,,na,na,na,na,na,na,na,na,na,,na,na,na,na,na,na,na,na,,na,na,na,na
na,2021-Jul,Breaker,OP,2021-07-19,na,na,3,L,17,na,373,80,na,0,na,na,na,41,,na,na,na,na,na,na,na,na,na,,na,na,na,na,na,na,na,na,,na,na,na,na
na,2021-Jul,Breaker,OP,2021-07-19,na,na,3,R,17,na,400,80,na,0,na,na,na,36,,na,na,na,na,na,na,na,na,na,,na,na,na,na,na,na,na,na,,na,na,na,na
na,2021-Jul,Breaker,OP,2021-07-19,na,na,3,R,17,na,583,150,na,H,na,na,na,49,,na,na,na,na,na,na,na,na,na,,na,na,na,na,na,na,na,na,,na,na,na,na
na,2021-Jul,Breaker,OP,2021-07-19,na,na,3,L,15,na,422,150,na,H,na,na,na,54,,na,na,na,na,na,na,na,na,na,,na,na,na,na,na,na,na,na,,na,na,na,na
na,2021-Jul,Breaker,OP,2021-07-19,na,na,3,R,15,na,214,112,na,0,na,na,na,36,,na,na,na,na,na,na,na,na,na,,na,na,na,na,na,na,na,na,,na,na,na,na
na,2021-Jul,Breaker,OP,2021-07-19,na,na,3,R,15,na,345,160,na,H,na,na,na,43,,na,na,na,na,na,na,na,na,na,,na,na,na,na,na,na,na,na,,na,na,na,na
na,2021-Jul,Breaker,OP,2021-07-19,na,na,3,L,10,na,216,80,na,0,na,na,na,22,,na,na,na,na,na,na,na,na,na,,na,na,na,na,na,na,na,na,,na,na,na,na
na,2021-Jul,Breaker,OP,2021-07-19,na,na,3,L,10,na,397,160,na,H,na,na,na,43,,na,na,na,na,na,na,na,na,na,,na,na,na,na,na,na,na,na,,na,na,na,na
na,2021-Jul,Breaker,OP,2021-07-19,na,na,3,L,3,na,329,100,na,0,na,na,na,42,,na,na,na,na,na,na,na,na,na,,na,na,na,na,na,na,na,na,,na,na,na,na
na,2021-Jul,Ratatouille,KH,2021-07-19,na,na,3,R,0,na,396,80,na,0,na,na,na,23,,na,na,na,na,na,na,na,na,na,,na,na,na,na,na,na,na,na,,na,na,na,na
na,2021-Jul,Ratatouille,KH,2021-07-19,na,na,3,R,8.2,na,574,146,na,L,na,na,na,44,,na,na,na,na,na,na,na,na,na,,na,na,na,na,na,na,na,na,,na,na,na,na
na,2021-Jul,Ratatouille,KH,2021-07-19,na,na,3,L,20,na,517,70,na,0,na,na,na,36,,na,na,na,na,na,na,na,na,na,,na,na,na,na,na,na,na,na,,na,na,na,na
na,2021-Jul,Ratatouille,KH,2021-07-19,na,na,3,R,19,na,377,115,na,0,na,na,na,46,,na,na,na,na,na,na,na,na,na,,na,na,na,na,na,na,na,na,,na,na,na,na
na,2021-Jul,Ratatouille,KH,2021-07-19,na,na,3,R,19,na,405,60,na,0,na,na,na,43,,na,na,na,na,na,na,na,na,na,,na,na,na,na,na,na,na,na,,na,na,na,na
na,2021-Jul,Ratatouille,KH,2021-07-19,na,na,3,R,17,na,365,50,na,0,na,na,na,43,,na,na,na,na,na,na,na,na,na,,na,na,na,na,na,na,na,na,,na,na,na,na
na,2021-Jul,Ratatouille,KH,2021-07-19,na,na,3,R,16.5,na,300,70,na,0,na,na,na,48,,na,na,na,na,na,na,na,na,na,,na,na,na,na,na,na,na,na,,na,na,na,na
na,2021-Jul,Ratatouille,KH,2021-07-19,na,na,3,R,15.7,na,325,110,na,L,na,na,na,43,,na,na,na,na,na,na,na,na,na,,na,na,na,na,na,na,na,na,,na,na,na,na
na,2021-Jul,Ratatouille,KH,2021-07-19,na,na,3,R,15.8,na,333,90,na,L,na,na,na,43,,na,na,na,na,na,na,na,na,na,,na,na,na,na,na,na,na,na,,na,na,na,na
na,2021-Jul,Ratatouille,KH,2021-07-19,na,na,3,L,14.7,na,209,80,na,0,na,na,na,38,,na,na,na,na,na,na,na,na,na,,na,na,na,na,na,na,na,na,,na,na,na,na
na,2021-Jul,Ratatouille,KH,2021-07-19,na,na,3,R,13,na,457,90,na,0,na,na,na,46,,na,na,na,na,na,na,na,na,na,,na,na,na,na,na,na,na,na,,na,na,na,na
na,2021-Jul,Ratatouille,KH,2021-07-19,na,na,3,R,13.5,na,366,75,na,0,na,na,na,36,,na,na,na,na,na,na,na,na,na,,na,na,na,na,na,na,na,na,,na,na,na,na
na,2021-Jul,Ratatouille,KH,2021-07-19,na,na,3,R,8.5,na,570,115,na,L,na,na,na,48,,na,na,na,na,na,na,na,na,na,,na,na,na,na,na,na,na,na,,na,na,na,na
na,2021-Jul,Ratatouille,KH,2021-07-19,na,na,3,L,3.5,na,581,180,na,L,na,na,na,48,,na,na,na,na,na,na,na,na,na,,na,na,na,na,na,na,na,na,,na,na,na,na
na,2021-Jul,Ratatouille,KH,2021-07-19,na,na,3,L,3.5,na,249,60,na,0,na,na,na,13,,na,na,na,na,na,na,na,na,na,,na,na,na,na,na,na,na,na,,na,na,na,na
na,2021-Jul,Manley,GSB,2021-07-18,na,na,1,R,10,na,217,106,na,0,na,na,na,42,,na,na,na,na,na,na,na,na,na,,na,na,na,na,na,na,na,na,,na,na,na,na
na,2021-Jul,Manley,GSB,2021-07-18,na,na,1,L,10,na,116,60,na,0,na,na,na,13,,na,na,na,na,na,na,na,na,na,,na,na,na,na,na,na,na,na,,na,na,na,na
na,2021-Jul,Manley,GSB,2021-07-18,na,na,1,L,10,na,174,79,na,0,na,na,na,22,,na,na,na,na,na,na,na,na,na,,na,na,na,na,na,na,na,na,,na,na,na,na
na,2021-Jul,Manley,GSB,2021-07-18,na,na,1,R,8,na,109,106,na,0,na,na,na,10,,na,na,na,na,na,na,na,na,na,,na,na,na,na,na,na,na,na,,na,na,na,na
na,2021-Jul,Manley,GSB,2021-07-18,na,na,1,R,7.5,na,158,96,na,0,na,na,na,18,,na,na,na,na,na,na,na,na,na,,na,na,na,na,na,na,na,na,,na,na,na,na
na,2021-Jul,Triquetta,GSB,2021-07-18,na,na,1,R,1,na,218,72,na,0,na,na,na,6,,na,na,na,na,na,na,na,na,na,,na,na,na,na,na,na,na,na,,na,na,na,na
na,2021-Jul,Triquetta,GSB,2021-07-18,na,na,1,L,2,na,273,117,na,0,na,na,na,5,,na,na,na,na,na,na,na,na,na,,na,na,na,na,na,na,na,na,,na,na,na,na
na,2021-Jul,Triquetta,GSB,2021-07-18,na,na,1,L,2,na,432,241,na,0,na,na,na,73,,na,na,na,na,na,na,na,na,na,,na,na,na,na,na,na,na,na,,na,na,na,na
na,2021-Jul,Triquetta,GSB,2021-07-18,na,na,1,na,3,na,343,174,na,0,na,na,na,30,,na,na,na,na,na,na,na,na,na,,na,na,na,na,na,na,na,na,,na,na,na,na
na,2021-Jul,Triquetta,GSB,2021-07-18,na,na,1,na,na,na,316,175,na,0,na,na,na,22,did not reccord side/dist along the line,na,na,na,na,na,na,na,na,na,,na,na,na,na,na,na,na,na,,na,na,na,na
na,2021-Jul,Triquetta,GSB,2021-07-18,na,na,1,na,na,na,344,166,na,0,na,na,na,28,did not reccord side/dist along the line,na,na,na,na,na,na,na,na,na,,na,na,na,na,na,na,na,na,,na,na,na,na
na,2021-Jul,Triquetta,GSB,2021-07-18,na,na,1,na,na,na,145,67,na,0,na,na,na,11,did not reccord side/dist along the line,na,na,na,na,na,na,na,na,na,,na,na,na,na,na,na,na,na,,na,na,na,na
na,2021-Jul,Triquetta,GSB,2021-07-18,na,na,1,na,na,na,534,220,na,0,na,na,na,43,did not reccord side/dist along the line,na,na,na,na,na,na,na,na,na,,na,na,na,na,na,na,na,na,,na,na,na,na
na,2021-Jul,Triquetta,GSB,2021-07-18,na,na,1,na,na,na,577,271,na,L,na,na,na,50,did not reccord side/dist along the line,na,na,na,na,na,na,na,na,na,,na,na,na,na,na,na,na,na,,na,na,na,na
na,2021-Jul,Triquetta,GSB,2021-07-18,na,na,1,na,na,na,387,124,na,0,na,na,na,28,did not reccord side/dist along the line,na,na,na,na,na,na,na,na,na,,na,na,na,na,na,na,na,na,,na,na,na,na
na,2021-Jul,Triquetta,GSB,2021-07-18,na,na,1,na,na,na,280,115,na,0,na,na,na,17,did not reccord side/dist along the line,na,na,na,na,na,na,na,na,na,,na,na,na,na,na,na,na,na,,na,na,na,na
na,2021-Jul,Triquetta,GSB,2021-07-18,na,na,1,na,na,na,285,138,na,0,na,na,na,21,did not reccord side/dist along the line,na,na,na,na,na,na,na,na,na,,na,na,na,na,na,na,na,na,,na,na,na,na
na,2021-Jul,Triquetta,GSB,2021-07-18,na,na,1,na,na,na,116,53,na,0,na,na,na,4,did not reccord side/dist along the line,na,na,na,na,na,na,na,na,na,,na,na,na,na,na,na,na,na,,na,na,na,na
na,2021-Jul,Triquetta,GSB,2021-07-18,na,na,1,na,na,na,213,80,na,0,na,na,na,11,did not reccord side/dist along the line,na,na,na,na,na,na,na,na,na,,na,na,na,na,na,na,na,na,,na,na,na,na
na,2021-Jul,Triquetta,GSB,2021-07-18,na,na,1,na,na,na,367,150,na,0,na,na,na,31,did not reccord side/dist along the line,na,na,na,na,na,na,na,na,na,,na,na,na,na,na,na,na,na,,na,na,na,na
na,2021-Jul,Manley,GSB,2021-07-18,na,na,2,R,7,na,100,81,na,0,na,na,na,9,,na,na,na,na,na,na,na,na,na,,na,na,na,na,na,na,na,na,,na,na,na,na
na,2021-Jul,Manley,GSB,2021-07-18,na,na,2,L,13,na,509,243,na,L,na,na,na,53,,na,na,na,na,na,na,na,na,na,,na,na,na,na,na,na,na,na,,na,na,na,na
na,2021-Jul,Manley,GSB,2021-07-18,na,na,2,L,20,na,217,116,na,0,na,na,na,26,,na,na,na,na,na,na,na,na,na,,na,na,na,na,na,na,na,na,,na,na,na,na
na,2021-Jul,Breaker,KH,2021-07-19,na,na,2,L,19.5,na,194,60,na,0,na,na,na,26,,na,na,na,na,na,na,na,na,na,,na,na,na,na,na,na,na,na,,na,na,na,na
na,2021-Jul,Breaker,KH,2021-07-19,na,na,2,R,19,na,220,85,na,0,na,na,na,32,,na,na,na,na,na,na,na,na,na,,na,na,na,na,na,na,na,na,,na,na,na,na
na,2021-Jul,Breaker,KH,2021-07-19,na,na,2,L,15.5,na,252,103,na,0,na,na,na,32,,na,na,na,na,na,na,na,na,na,,na,na,na,na,na,na,na,na,,na,na,na,na
na,2021-Jul,Breaker,KH,2021-07-19,na,na,2,R,14.5,na,369,145,na,0,na,na,na,46,,na,na,na,na,na,na,na,na,na,,na,na,na,na,na,na,na,na,,na,na,na,na
na,2021-Jul,Breaker,KH,2021-07-19,na,na,2,R,14.6,na,305,57,na,0,na,na,na,33,,na,na,na,na,na,na,na,na,na,,na,na,na,na,na,na,na,na,,na,na,na,na
na,2021-Jul,Breaker,KH,2021-07-19,na,na,2,L,11.5,na,452,0,na,0,na,na,na,40,,na,na,na,na,na,na,na,na,na,,na,na,na,na,na,na,na,na,,na,na,na,na
na,2021-Jul,Breaker,KH,2021-07-19,na,na,2,L,11,na,319,72,na,0,na,na,na,34,,na,na,na,na,na,na,na,na,na,,na,na,na,na,na,na,na,na,,na,na,na,na
na,2021-Jul,Breaker,KH,2021-07-19,na,na,2,L,10.5,na,356,62,na,0,na,na,na,37,,na,na,na,na,na,na,na,na,na,,na,na,na,na,na,na,na,na,,na,na,na,na
na,2021-Jul,Breaker,KH,2021-07-19,na,na,2,L,9,na,314,70,na,0,na,na,na,29,,na,na,na,na,na,na,na,na,na,,na,na,na,na,na,na,na,na,,na,na,na,na
na,2021-Jul,Breaker,KH,2021-07-19,na,na,2,L,8.5,na,446,110,na,0,na,na,na,35,,na,na,na,na,na,na,na,na,na,,na,na,na,na,na,na,na,na,,na,na,na,na
na,2021-Jul,Breaker,KH,2021-07-19,na,na,2,L,8.3,na,336,76,na,0,na,na,na,28,,na,na,na,na,na,na,na,na,na,,na,na,na,na,na,na,na,na,,na,na,na,na
na,2021-Jul,Breaker,KH,2021-07-19,na,na,2,R,3,na,129,77,na,0,na,na,na,21,,na,na,na,na,na,na,na,na,na,,na,na,na,na,na,na,na,na,,na,na,na,na
na,2021-Jul,Breaker,KH,2021-07-19,na,na,2,R,2,na,257,113,na,0,na,na,na,31,,na,na,na,na,na,na,na,na,na,,na,na,na,na,na,na,na,na,,na,na,na,na
na,2021-Jul,Breaker,KH,2021-07-19,na,na,2,R,0,na,237,120,na,0,na,na,na,46,,na,na,na,na,na,na,na,na,na,,na,na,na,na,na,na,na,na,,na,na,na,na
na,2021-Jul,Breaker,KH,2021-07-19,na,na,2,L,0,na,163,77,na,0,na,na,na,37,,na,na,na,na,na,na,na,na,na,,na,na,na,na,na,na,na,na,,na,na,na,na
na,2021-Jul,Triquetta,DVM,2021-07-18,na,na,2,R,1,na,25,130,na,0,na,na,na,22,,na,na,na,na,na,na,na,na,na,,na,na,na,na,na,na,na,na,,na,na,na,na
na,2021-Jul,Triquetta,DVM,2021-07-18,na,na,2,R,2,na,176,100,na,0,na,na,na,13,,na,na,na,na,na,na,na,na,na,,na,na,na,na,na,na,na,na,,na,na,na,na
na,2021-Jul,Triquetta,DVM,2021-07-18,na,na,2,R,3.5,na,144,95,na,0,na,na,na,10,,na,na,na,na,na,na,na,na,na,,na,na,na,na,na,na,na,na,,na,na,na,na
na,2021-Jul,Triquetta,DVM,2021-07-18,na,na,2,L,4.5,na,294,130,na,0,na,na,na,31,,na,na,na,na,na,na,na,na,na,,na,na,na,na,na,na,na,na,,na,na,na,na
na,2021-Jul,Triquetta,DVM,2021-07-18,na,na,2,R,5.5,na,245,150,na,0,na,na,na,24,,na,na,na,na,na,na,na,na,na,,na,na,na,na,na,na,na,na,,na,na,na,na
na,2021-Jul,Triquetta,DVM,2021-07-18,na,na,2,R,5.5,na,161,80,na,0,na,na,na,9,,na,na,na,na,na,na,na,na,na,,na,na,na,na,na,na,na,na,,na,na,na,na
na,2021-Jul,Triquetta,DVM,2021-07-18,na,na,2,R,5.5,na,156,70,na,0,na,na,na,8,,na,na,na,na,na,na,na,na,na,,na,na,na,na,na,na,na,na,,na,na,na,na
na,2021-Jul,Triquetta,DVM,2021-07-18,na,na,2,R,6,na,270,100,na,0,na,na,na,21,,na,na,na,na,na,na,na,na,na,,na,na,na,na,na,na,na,na,,na,na,na,na
na,2021-Jul,Triquetta,DVM,2021-07-18,na,na,2,L,8,na,152,70,na,0,na,na,na,12,,na,na,na,na,na,na,na,na,na,,na,na,na,na,na,na,na,na,,na,na,na,na
na,2021-Jul,Triquetta,DVM,2021-07-18,na,na,2,L,8,na,234,60,na,0,na,na,na,14,,na,na,na,na,na,na,na,na,na,,na,na,na,na,na,na,na,na,,na,na,na,na
na,2021-Jul,Triquetta,DVM,2021-07-18,na,na,2,L,8,na,287,100,na,0,na,na,na,24,,na,na,na,na,na,na,na,na,na,,na,na,na,na,na,na,na,na,,na,na,na,na
na,2021-Jul,Triquetta,DVM,2021-07-18,na,na,2,R,8.5,na,236,130,na,0,na,na,na,18,,na,na,na,na,na,na,na,na,na,,na,na,na,na,na,na,na,na,,na,na,na,na
na,2021-Jul,Triquetta,DVM,2021-07-18,na,na,2,R,10,na,421,150,na,0,na,na,na,49,,na,na,na,na,na,na,na,na,na,,na,na,na,na,na,na,na,na,,na,na,na,na
na,2021-Jul,Triquetta,DVM,2021-07-18,na,na,2,R,11,na,236,0,na,0,na,na,na,18,,na,na,na,na,na,na,na,na,na,,na,na,na,na,na,na,na,na,,na,na,na,na
na,2021-Jul,Triquetta,DVM,2021-07-18,na,na,2,R,12,na,412,136,na,0,na,na,na,20,,na,na,na,na,na,na,na,na,na,,na,na,na,na,na,na,na,na,,na,na,na,na
na,2021-Jul,Breaker,KH,2021-07-19,na,na,1,R,0,na,119,77,na,0,na,na,na,5,,na,na,na,na,na,na,na,na,na,,na,na,na,na,na,na,na,na,,na,na,na,na
na,2021-Jul,Breaker,KH,2021-07-19,na,na,1,L,0.5,na,306,150,na,0,na,na,na,39,,na,na,na,na,na,na,na,na,na,,na,na,na,na,na,na,na,na,,na,na,na,na
na,2021-Jul,Breaker,KH,2021-07-19,na,na,1,R,2.5,na,318,88,na,0,na,na,na,18,,na,na,na,na,na,na,na,na,na,,na,na,na,na,na,na,na,na,,na,na,na,na
na,2021-Jul,Breaker,KH,2021-07-19,na,na,1,L,3,na,352,180,na,0,na,na,na,47,,na,na,na,na,na,na,na,na,na,,na,na,na,na,na,na,na,na,,na,na,na,na
na,2021-Jul,Breaker,KH,2021-07-19,na,na,1,na,na,na,314,160,na,0,na,na,na,39,,na,na,na,na,na,na,na,na,na,,na,na,na,na,na,na,na,na,,na,na,na,na
na,2021-Jul,Breaker,MA,2021-07-19,na,na,1,L,19.5,na,381,105,na,0,na,na,na,36,,na,na,na,na,na,na,na,na,na,,na,na,na,na,na,na,na,na,,na,na,na,na
na,2021-Jul,Breaker,MA,2021-07-19,na,na,1,L,15.5,na,522,175,na,L,na,na,na,56,,na,na,na,na,na,na,na,na,na,,na,na,na,na,na,na,na,na,,na,na,na,na
na,2021-Jul,Breaker,MA,2021-07-19,na,na,1,R,15,na,424,148,na,0,na,na,na,37,,na,na,na,na,na,na,na,na,na,,na,na,na,na,na,na,na,na,,na,na,na,na
na,2021-Jul,Breaker,MA,2021-07-19,na,na,1,R,13,na,330,120,na,0,na,na,na,25,,na,na,na,na,na,na,na,na,na,,na,na,na,na,na,na,na,na,,na,na,na,na
na,2021-Jul,Breaker,MA,2021-07-19,na,na,1,L,13,na,244,85,na,0,na,na,na,10,,na,na,na,na,na,na,na,na,na,,na,na,na,na,na,na,na,na,,na,na,na,na
na,2021-Jul,Breaker,MA,2021-07-19,na,na,1,R,10,na,175,85,na,0,na,na,na,35,,na,na,na,na,na,na,na,na,na,,na,na,na,na,na,na,na,na,,na,na,na,na
na,2021-Jul,Breaker,MA,2021-07-19,na,na,1,R,9.5,na,215,144,na,0,na,na,na,33,,na,na,na,na,na,na,na,na,na,,na,na,na,na,na,na,na,na,,na,na,na,na
na,2021-Jul,Breaker,MA,2021-07-19,na,na,1,L,8,na,165,54,na,0,na,na,na,18,,na,na,na,na,na,na,na,na,na,,na,na,na,na,na,na,na,na,,na,na,na,na
na,2021-Jul,Breaker,MA,2021-07-19,na,na,1,L,7,na,226,53,na,0,na,na,na,17,,na,na,na,na,na,na,na,na,na,,na,na,na,na,na,na,na,na,,na,na,na,na
na,2021-Jul,Breaker,MA,2021-07-19,na,na,1,R,6,na,171,82,na,0,na,na,na,24,,na,na,na,na,na,na,na,na,na,,na,na,na,na,na,na,na,na,,na,na,na,na
na,2021-Jul,Breaker,MA,2021-07-19,na,na,1,R,8.5,na,320,155,na,L,na,na,na,46,,na,na,na,na,na,na,na,na,na,,na,na,na,na,na,na,na,na,,na,na,na,na
na,2021-Jul,Breaker,KH,2021-07-19,na,na,3,L,0,na,222,53,na,0,na,na,na,33,,na,na,na,na,na,na,na,na,na,,na,na,na,na,na,na,na,na,,na,na,na,na
na,2021-Jul,Breaker,KH,2021-07-19,na,na,3,R,2,na,166,88,na,0,na,na,na,28,,na,na,na,na,na,na,na,na,na,,na,na,na,na,na,na,na,na,,na,na,na,na
na,2021-Jul,Ratatouille,MA,2021-07-19,na,na,2,L,20,na,475,136,na,L,na,na,na,43,,na,na,na,na,na,na,na,na,na,,na,na,na,na,na,na,na,na,,na,na,na,na
na,2021-Jul,Ratatouille,MA,2021-07-19,na,na,2,R,19,na,414,89,na,L,na,na,na,37,,na,na,na,na,na,na,na,na,na,,na,na,na,na,na,na,na,na,,na,na,na,na
na,2021-Jul,Ratatouille,MA,2021-07-19,na,na,2,L,17.5,na,427,98,na,0,na,na,na,36,,na,na,na,na,na,na,na,na,na,,na,na,na,na,na,na,na,na,,na,na,na,na
na,2021-Jul,Ratatouille,MA,2021-07-19,na,na,2,R,17,na,321,88,na,0,na,na,na,28,,na,na,na,na,na,na,na,na,na,,na,na,na,na,na,na,na,na,,na,na,na,na
na,2021-Jul,Ratatouille,MA,2021-07-19,na,na,2,L,16,na,374,75,na,0,na,na,na,30,,na,na,na,na,na,na,na,na,na,,na,na,na,na,na,na,na,na,,na,na,na,na
na,2021-Jul,Ratatouille,MA,2021-07-19,na,na,2,L,15.5,na,233,79,na,0,na,na,na,18,,na,na,na,na,na,na,na,na,na,,na,na,na,na,na,na,na,na,,na,na,na,na
na,2021-Jul,Ratatouille,MA,2021-07-19,na,na,2,L,13,na,385,80,na,0,na,na,na,37,,na,na,na,na,na,na,na,na,na,,na,na,na,na,na,na,na,na,,na,na,na,na
na,2021-Jul,Ratatouille,MA,2021-07-19,na,na,2,R,10.5,na,583,30,na,0,na,na,na,50,,na,na,na,na,na,na,na,na,na,,na,na,na,na,na,na,na,na,,na,na,na,na
na,2021-Jul,Ratatouille,MA,2021-07-19,na,na,2,R,9.5,na,239,87,na,0,na,na,na,14,,na,na,na,na,na,na,na,na,na,,na,na,na,na,na,na,na,na,,na,na,na,na
na,2021-Jul,Ratatouille,MA,2021-07-19,na,na,2,L,9,na,352,77,na,0,na,na,na,26,,na,na,na,na,na,na,na,na,na,,na,na,na,na,na,na,na,na,,na,na,na,na
na,2021-Jul,Ratatouille,MA,2021-07-19,na,na,2,R,9,na,505,150,na,L,na,na,na,43,,na,na,na,na,na,na,na,na,na,,na,na,na,na,na,na,na,na,,na,na,na,na
na,2021-Jul,Ratatouille,MA,2021-07-19,na,na,2,na,na,na,381,97,na,0,na,na,na,39,,na,na,na,na,na,na,na,na,na,,na,na,na,na,na,na,na,na,,na,na,na,na
na,2021-Jul,Ratatouille,OP,2021-07-19,na,na,1,L,8,na,439,113,na,0,na,na,na,34,,na,na,na,na,na,na,na,na,na,,na,na,na,na,na,na,na,na,,na,na,na,na
na,2021-Jul,Ratatouille,OP,2021-07-19,na,na,1,R,9,na,412,120,na,L,na,na,na,37,,na,na,na,na,na,na,na,na,na,,na,na,na,na,na,na,na,na,,na,na,na,na
na,2021-Jul,Ratatouille,OP,2021-07-19,na,na,1,R,11,na,516,140,na,L,na,na,na,47,,na,na,na,na,na,na,na,na,na,,na,na,na,na,na,na,na,na,,na,na,na,na
na,2021-Jul,Ratatouille,OP,2021-07-19,na,na,1,R,13.5,na,527,90,na,L,na,na,na,41,,na,na,na,na,na,na,na,na,na,,na,na,na,na,na,na,na,na,,na,na,na,na
na,2021-Jul,Ratatouille,OP,2021-07-19,na,na,1,L,14,na,242,45,na,0,na,na,na,22,,na,na,na,na,na,na,na,na,na,,na,na,na,na,na,na,na,na,,na,na,na,na
na,2021-Jul,Ratatouille,OP,2021-07-19,na,na,1,R,16,na,590,90,na,0,na,na,na,43,,na,na,na,na,na,na,na,na,na,,na,na,na,na,na,na,na,na,,na,na,na,na
na,2021-Jul,Ratatouille,OP,2021-07-19,na,na,1,R,20,na,233,66,na,0,na,na,na,13,,na,na,na,na,na,na,na,na,na,,na,na,na,na,na,na,na,na,,na,na,na,na
na,2021-Jul,Ratatouille,OP,2021-07-19,na,na,1,R,5,na,561,200,na,H,na,na,na,47,,na,na,na,na,na,na,na,na,na,,na,na,na,na,na,na,na,na,,na,na,na,na
na,2021-Jul,Ratatouille,OP,2021-07-19,na,na,1,L,3,na,527,130,na,L,na,na,na,40,,na,na,na,na,na,na,na,na,na,,na,na,na,na,na,na,na,na,,na,na,na,na
na,2021-Jul,Ratatouille,OP,2021-07-19,na,na,1,L,3,na,513,250,na,H,na,na,na,56,,na,na,na,na,na,na,na,na,na,,na,na,na,na,na,na,na,na,,na,na,na,na
na,2021-Jul,Ratatouille,OP,2021-07-19,na,na,1,L,12,na,703,0,na,0,na,na,na,48,,na,na,na,na,na,na,na,na,na,,na,na,na,na,na,na,na,na,,na,na,na,na
na,2021-Jul,Ratatouille,OP,2021-07-19,na,na,1,L,8.5,na,600,209,na,H,na,na,na,53,,na,na,na,na,na,na,na,na,na,,na,na,na,na,na,na,na,na,,na,na,na,na
na,2021-Jul,Ratatouille,OP,2021-07-19,na,na,1,L,8,na,581,170,na,H,na,na,na,50,,na,na,na,na,na,na,na,na,na,,na,na,na,na,na,na,na,na,,na,na,na,na
na,2021-Jul,Triquetta,OP,2021-07-18,na,na,3,na,20,na,165,58,na,0,na,na,na,5,,na,na,na,na,na,na,na,na,na,,na,na,na,na,na,na,na,na,,na,na,na,na
na,2021-Jul,Triquetta,OP,2021-07-18,na,na,3,na,20,na,525,115,na,L,na,na,na,32,,na,na,na,na,na,na,na,na,na,,na,na,na,na,na,na,na,na,,na,na,na,na
na,2021-Jul,Triquetta,OP,2021-07-18,na,na,3,na,19,na,225,65,na,0,na,na,na,10,,na,na,na,na,na,na,na,na,na,,na,na,na,na,na,na,na,na,,na,na,na,na
na,2021-Jul,Triquetta,OP,2021-07-18,na,na,3,na,19,na,240,100,na,0,na,na,na,18,,na,na,na,na,na,na,na,na,na,,na,na,na,na,na,na,na,na,,na,na,na,na
na,2021-Jul,Triquetta,OP,2021-07-18,na,na,3,na,16,na,286,160,na,0,na,na,na,10,,na,na,na,na,na,na,na,na,na,,na,na,na,na,na,na,na,na,,na,na,na,na
na,2021-Jul,Triquetta,OP,2021-07-18,na,na,3,na,16,na,288,100,na,0,na,na,na,12,,na,na,na,na,na,na,na,na,na,,na,na,na,na,na,na,na,na,,na,na,na,na
na,2021-Jul,Triquetta,OP,2021-07-18,na,na,3,na,16,na,336,160,na,L,na,na,na,21,,na,na,na,na,na,na,na,na,na,,na,na,na,na,na,na,na,na,,na,na,na,na
na,2021-Jul,Triquetta,OP,2021-07-18,na,na,3,na,16,na,338,160,na,L,na,na,na,21,,na,na,na,na,na,na,na,na,na,,na,na,na,na,na,na,na,na,,na,na,na,na
na,2021-Jul,Triquetta,OP,2021-07-18,na,na,3,na,2,na,214,120,na,0,na,na,na,29,,na,na,na,na,na,na,na,na,na,,na,na,na,na,na,na,na,na,,na,na,na,na
na,2021-Jul,Triquetta,OP,2021-07-18,na,na,3,na,5,na,182,70,na,0,na,na,na,13,,na,na,na,na,na,na,na,na,na,,na,na,na,na,na,na,na,na,,na,na,na,na
na,2021-Aug,Owen,MA,2021-08-05,15:31,15.5,2,L,1,45.2,449,145,na,H,131,273,na,na,,2021-08-09,45.2,17:32,17.53,22,36,na,na,y,,na,na,na,na,na,na,na,na,,na,na,na,na
na,2021-Aug,Owen,MA,2021-08-05,15:31,15.5,2,L,8,46.2,410,125,na,L,80,168,na,na,,2021-08-09,46.2,17:32,17.53,20,33,92,175,y,,na,na,na,na,na,na,na,na,,2.938,na,na,-1.224
na,2021-Aug,Owen,MA,2021-08-05,15:31,15.5,3,R,3,47.2,359,310,na,0,110,219,na,na,,2021-08-09,47.2,17:32,17.53,32,39,128,217,y,,na,na,na,na,na,na,na,na,,4.407,na,na,-4.896
na,2021-Aug,Owen,MA,2021-08-05,15:31,15.5,3,R,9,53,669,361,na,L,140,398,na,na,,2021-08-09,53,17:32,17.53,25,49,181,425,y,,na,na,na,na,na,na,na,na,,10.038,na,na,-3.428
na,2021-Aug,Owen,MA,2021-08-05,15:31,15.5,1,R,2,54.2,361,209,na,L,65,127,na,na,,2021-08-09,54.2,17:32,17.53,na,na,na,na,n,,na,na,na,na,na,na,na,na,,na,na,na,na
na,2021-Aug,Owen,MA,2021-08-05,15:31,15.5,1,R,15,55.2,737,410,na,L,150,340,na,na,,2021-08-09,55.2,17:32,17.53,14,44,202,357,y,,na,na,na,na,na,na,na,na,,12.731,na,na,-8.569
na,2021-Aug,Owen,MA,2021-08-05,15:31,15.5,1,R,20,49.2,354,128,na,0,55,115,na,na,,2021-08-09,49.2,17:32,17.53,29,43,69,130,y,,na,na,na,na,na,na,na,na,,3.428,na,na,0.245
na,2021-Aug,Owen,KH,2021-08-05,15:31,15.5,2,R,3,44.2,287,251,7,H,130,276,na,na,,2021-08-09,44.2,17:32,17.53,19,41,na,na,y,,na,na,na,na,na,na,na,na,,na,na,na,na
na,2021-Aug,Owen,KH,2021-08-05,15:31,15.5,2,R,5,40.2,529,255,10.5,H,60,173,na,na,,2021-08-09,40.2,17:32,17.53,15,37,77.5,181,y,,na,na,na,na,na,na,na,na,,4.284,na,na,-2.326
na,2021-Aug,Owen,KH,2021-08-05,15:31,15.5,2,R,14,43.2,328,130,5,0,27,81,na,na,,2021-08-09,43.2,17:32,17.53,16,22,31,83,y,,na,na,na,na,na,na,na,na,,0.979,na,na,-0.490
na,2021-Aug,Owen,KH,2021-08-05,15:31,15.5,3,L,1.5,52.2,524,238,11,H,115,360,na,na,,2021-08-09,52.2,17:32,17.53,18,37,139,358,y,,na,na,na,na,na,na,na,na,,5.876,na,na,-6.365
na,2021-Aug,Owen,KH,2021-08-05,15:31,15.5,3,L,8,50.2,693,169,8,L,115,347,na,na,,2021-08-09,50.2,17:32,17.53,15,39,157,380,y,,na,na,na,na,na,na,na,na,,10.283,na,na,-2.203
na,2021-Aug,Owen,KH,2021-08-05,15:31,15.5,3,L,16,51,305,200,7,L,65,180,na,na,,2021-08-09,51,17:32,17.53,35,33,82.5,187,y,,na,na,na,na,na,na,na,na,,4.284,na,na,-2.571
na,2021-Aug,Owen,KH,2021-08-05,15:31,15.5,1,L,4,42.2,324,295,10,L,75,228,na,na,,2021-08-09,42.2,17:32,17.53,14,38,90.5,245,y,,na,na,na,na,na,na,na,na,,3.795,na,na,0.367
na,2021-Aug,Owen,KH,2021-08-05,15:31,15.5,1,L,10,41.2,313,200,9,L,74,191,na,na,,2021-08-09,41.2,17:32,17.53,25,39,89,200,y,,na,na,na,na,na,na,na,na,,3.672,na,na,-1.469
na,2021-Aug,Owen,KH,2021-08-05,15:31,15.5,3,R,7,na,741,349,36,H,na,na,na,na,,na,na,na,na,na,na,na,na,na,,na,na,na,na,na,na,na,na,,na,na,na,na
na,2021-Aug,Owen,KH,2021-08-05,15:31,15.5,3,R,8,na,402,290,39,H,na,na,na,na,,na,na,na,na,na,na,na,na,na,,na,na,na,na,na,na,na,na,,na,na,na,na
na,2021-Aug,Owen,KH,2021-08-05,15:31,15.5,3,R,9,na,526,305,40,H,na,na,na,na,,na,na,na,na,na,na,na,na,na,,na,na,na,na,na,na,na,na,,na,na,na,na
na,2021-Aug,Owen,KH,2021-08-05,15:31,15.5,3,R,6,na,275,160,34,0,na,na,na,na,,na,na,na,na,na,na,na,na,na,,na,na,na,na,na,na,na,na,,na,na,na,na
na,2021-Aug,Owen,KH,2021-08-05,15:31,15.5,3,R,5,na,313,160,15,0,na,na,na,na,,na,na,na,na,na,na,na,na,na,,na,na,na,na,na,na,na,na,,na,na,na,na
na,2021-Aug,Owen,KH,2021-08-05,15:31,15.5,3,R,4,na,280,260,35,0,na,na,na,na,,na,na,na,na,na,na,na,na,na,,na,na,na,na,na,na,na,na,,na,na,na,na
na,2021-Aug,Owen,OP,2021-08-05,15:31,15.5,2,R,0.5,na,827,326,40,H,na,na,na,na,,na,na,na,na,na,na,na,na,na,,na,na,na,na,na,na,na,na,,na,na,na,na
na,2021-Aug,Owen,OP,2021-08-05,15:31,15.5,2,R,7.5,na,553,244,33,H,na,na,na,na,,na,na,na,na,na,na,na,na,na,,na,na,na,na,na,na,na,na,,na,na,na,na
na,2021-Aug,Owen,OP,2021-08-05,15:31,15.5,2,R,9.5,na,560,230,36,H,na,na,na,na,,na,na,na,na,na,na,na,na,na,,na,na,na,na,na,na,na,na,,na,na,na,na
na,2021-Aug,Owen,OP,2021-08-05,15:31,15.5,2,R,11,na,467,230,23,H,na,na,na,na,,na,na,na,na,na,na,na,na,na,,na,na,na,na,na,na,na,na,,na,na,na,na
na,2021-Aug,Owen,OP,2021-08-05,15:31,15.5,2,R,11,na,497,250,29,H,na,na,na,na,,na,na,na,na,na,na,na,na,na,,na,na,na,na,na,na,na,na,,na,na,na,na
na,2021-Aug,Owen,OP,2021-08-05,15:31,15.5,2,R,11,na,553,280,37,H,na,na,na,na,,na,na,na,na,na,na,na,na,na,,na,na,na,na,na,na,na,na,,na,na,na,na
na,2021-Aug,Owen,OP,2021-08-05,15:31,15.5,1,R,10,na,460,270,36,H,na,na,na,na,,na,na,na,na,na,na,na,na,na,,na,na,na,na,na,na,na,na,,na,na,na,na
na,2021-Aug,Owen,OP,2021-08-05,15:31,15.5,1,R,10,na,780,0,35,na,na,na,na,na,,na,na,na,na,na,na,na,na,na,,na,na,na,na,na,na,na,na,,na,na,na,na
na,2021-Aug,Owen,OP,2021-08-05,15:31,15.5,1,L,14,na,386,210,32,H,na,na,na,na,,na,na,na,na,na,na,na,na,na,,na,na,na,na,na,na,na,na,,na,na,na,na
na,2021-Aug,Owen,OP,2021-08-05,15:31,15.5,1,R,16,na,403,210,27,H,na,na,na,na,,na,na,na,na,na,na,na,na,na,,na,na,na,na,na,na,na,na,,na,na,na,na
na,2021-Aug,Owen,OP,2021-08-05,15:31,15.5,1,R,20,na,450,140,33,H,na,na,na,na,,na,na,na,na,na,na,na,na,na,,na,na,na,na,na,na,na,na,,na,na,na,na
na,2021-Aug,Owen,OP,2021-08-05,15:31,15.5,1,L,20,na,706,300,42,H,na,na,na,na,,na,na,na,na,na,na,na,na,na,,na,na,na,na,na,na,na,na,,na,na,na,na
na,2021-Aug,Owen,MA,2021-08-05,15:31,15.5,3,R,2,na,342,200,29,H,na,na,na,na,,na,na,na,na,na,na,na,na,na,,na,na,na,na,na,na,na,na,,na,na,na,na
na,2021-Aug,Owen,MA,2021-08-05,15:31,15.5,3,R,5,na,321,234,33,L,na,na,na,na,,na,na,na,na,na,na,na,na,na,,na,na,na,na,na,na,na,na,,na,na,na,na
na,2021-Aug,Owen,MA,2021-08-05,15:31,15.5,3,L,6,na,432,290,43,L,na,na,na,na,,na,na,na,na,na,na,na,na,na,,na,na,na,na,na,na,na,na,,na,na,na,na
na,2021-Aug,Owen,MA,2021-08-05,15:31,15.5,3,R,8,na,343,345,38,L,na,na,na,na,,na,na,na,na,na,na,na,na,na,,na,na,na,na,na,na,na,na,,na,na,na,na
na,2021-Aug,Owen,MA,2021-08-05,15:31,15.5,3,R,11,na,264,209,32,L,na,na,na,na,,na,na,na,na,na,na,na,na,na,,na,na,na,na,na,na,na,na,,na,na,na,na
na,2021-Aug,Owen,MA,2021-08-05,15:31,15.5,3,R,12,na,320,290,30,H,na,na,na,na,,na,na,na,na,na,na,na,na,na,,na,na,na,na,na,na,na,na,,na,na,na,na
na,2021-Aug,Owen,MA,2021-08-05,15:31,15.5,3,L,15,na,306,180,32,L,na,na,na,na,,na,na,na,na,na,na,na,na,na,,na,na,na,na,na,na,na,na,,na,na,na,na
na,2021-Aug,Owen,MA,2021-08-05,15:31,15.5,3,L,16,na,301,260,25,L,na,na,na,na,,na,na,na,na,na,na,na,na,na,,na,na,na,na,na,na,na,na,,na,na,na,na
na,2021-Aug,Owen,MA,2021-08-05,15:31,15.5,3,R,15,na,337,175,17,H,na,na,na,na,,na,na,na,na,na,na,na,na,na,,na,na,na,na,na,na,na,na,,na,na,na,na
na,2021-Aug,Owen,MA,2021-08-05,15:31,15.5,3,R,14,na,378,273,33,H,na,na,na,na,,na,na,na,na,na,na,na,na,na,,na,na,na,na,na,na,na,na,,na,na,na,na
na,2022-Jun,Owen,LL/OP,2022-06-27,12:01,12,na,na,na,100,na,na,na,H,80,235,na,na,,2022-06-29,100,11:00,11,30,41,87,242,y,,na,na,na,na,na,na,na,na,,3.574,na,na,0.000
na,2022-Jun,Owen,LL/OP,2022-06-27,12:01,12,na,na,na,98,na,na,na,H,65,179,na,na,,2022-06-29,98,11:00,11,21,26,75,188.5,y,,na,na,na,na,na,na,na,na,,5.106,na,na,-0.255
na,2022-Jun,Owen,LL/OP,2022-06-27,12:01,12,na,na,na,95,na,na,na,H,85,252,na,na,,2022-06-29,95,11:00,11,23,35,92.5,246,y,,na,na,na,na,na,na,na,na,,3.830,na,na,-6.894
na,2022-Jun,Owen,LL/OP,2022-06-27,12:01,12,na,na,na,94,na,na,na,L,55,168,na,na,,2022-06-29,94,11:00,11,18,42,64.5,177,y,,na,na,na,na,na,na,na,na,,4.851,na,na,-0.255
na,2022-Jun,Owen,LL/OP,2022-06-27,12:01,12,na,na,na,92,na,na,na,H,90,375,na,na,,2022-06-29,92,11:00,11,37,31,100,228,y,,na,na,na,na,na,na,na,na,,5.106,na,na,-80.170
na,2022-Jun,Owen,LL/OP,2022-06-27,12:01,12,na,na,na,93,na,na,na,H,100,295,na,na,,2022-06-29,93,11:00,11,17,39,115.5,266,y,Blade broke/ripped when measuring,na,na,na,na,na,na,na,na,,7.915,na,na,-22.723
na,2022-Jun,Owen,LL/OP,2022-06-27,12:01,12,na,na,na,89,na,na,na,0,65,181,na,na,,2022-06-29,89,11:00,11,20,36,73.5,179.5,y,,na,na,na,na,na,na,na,na,,4.340,na,na,-5.106
na,2022-Jun,Owen,LL/OP,2022-06-27,12:01,12,na,na,na,85,na,na,na,L,60,176,na,na,,2022-06-29,85,11:00,11,28,36,63,178,y,,na,na,na,na,na,na,na,na,,1.532,na,na,-0.511
na,2022-Jun,Owen,LL/OP,2022-06-27,12:01,12,na,na,na,57,na,na,na,H,70,212,na,na,,2022-06-29,57,11:00,11,22,34,74.5,214,y,,na,na,na,na,na,na,na,na,,2.298,na,na,-1.277
na,2022-Jun,Owen,LL/OP,2022-06-27,12:01,12,na,na,na,59,na,na,na,0,30,90,na,na,,2022-06-29,59,11:00,11,19,28,36.5,96,y,,na,na,na,na,na,na,na,na,,3.319,na,na,-0.255
na,2022-Jun,Owen,LL/OP,2022-06-27,12:01,12,na,na,na,56.1,na,na,na,H,70,200,na,na,,2022-06-29,56.1,11:00,11,26,40,73.5,205,y,,na,na,na,na,na,na,na,na,,1.787,na,na,0.766
na,2022-Jun,Owen,LL/OP,2022-06-27,12:01,12,na,na,na,56,na,na,na,H,85,243,na,na,,2022-06-29,56,11:00,11,26,40,94,244,y,,na,na,na,na,na,na,na,na,,4.596,na,na,-4.085
na,2022-Jul,Second,LL,2022-07-08,9:29,9.5,na,na,na,1708,593,204,8,L,85,247,na,na,,2022-07-13,1708,9:30,9.5,68,53,na,na,y,punch missing,2022-07-24,y,1708,14:00,14,871,66,54,,na,17.174,-0.179,na
na,2022-Jul,Second,LL,2022-07-08,9:29,9.5,na,na,na,222,671,225,9.8,0,70,209,na,na,,2022-07-13,222,9:30,9.5,62,48,na,na,y,"punch missing, blade ripped",2022-07-24,y,222,14:00,14,628,67,49,,na,-2.656,0.447,na
na,2022-Jul,Second,LL,2022-07-08,9:29,9.5,na,na,na,213,597,300,13.7,L,85,245,na,na,,2022-07-13,213,9:30,9.5,66,55,105,121,y,,2022-07-24,y,213,14:00,14,601,65,59,,4.000,0.247,-0.089,-28.800
na,2022-Jul,Second,LL,2022-07-08,9:29,9.5,na,na,na,1843,547,224,8.5,L,70,212,na,na,,2022-07-13,1843,9:30,9.5,91,43,89,193,y,,2022-07-24,y,1843,14:00,14,689,95,55,,3.800,8.772,0.358,-7.600
na,2022-Jul,Second,LL,2022-07-08,9:29,9.5,na,na,na,204,562,240,12.5,0,100,297,na,na,,2022-07-13,204,9:30,9.5,61,54,127,207,y,,2022-07-24,y,204,14:00,14,582,74,59,,5.400,1.236,1.162,-23.400
na,2022-Jul,Second,DVM,2022-07-08,9:35,9.6,na,na,na,2549,559,220,9,0,45,136,na,na,,2022-07-13,2549,9:30,9.5,64,47,60,143,y,,2022-07-24,na,2549,14:00,14,572,66,48,,3.003,0.803,0.179,-1.601
na,2022-Jul,Second,DVM,2022-07-08,9:35,9.6,na,na,na,1765,574,110,6.5,0,22,65,na,na,,2022-07-13,1765,9:30,9.5,24,30,na,na,y,blade gone,2022-07-24,na,1765,14:00,14,686,25,31,,na,6.921,0.089,na
na,2022-Jul,Second,DVM,2022-07-08,9:35,9.6,na,na,na,1348,480,112,3,0,32,92,na,na,,2022-07-13,1848,9:30,9.5,24,19,41,73,y,,2022-07-24,na,1848,14:00,14,540,28,22,,1.802,3.708,0.358,-5.605
na,2022-Jul,Second,DVM,2022-07-08,9:35,9.6,na,na,na,2578,659,300,9,L,42,127,na,na,,2022-07-13,2578,9:30,9.5,76,52,55,137,y,,2022-07-24,na,2578,14:00,14,709,73,54,,2.602,3.090,-0.268,-0.601
na,2022-Jul,Second,DVM,2022-07-08,9:35,9.6,na,na,na,2575,513,74,4,0,na,97,na,na,punch entered as 28 than 20.. something fishy,2022-07-13,2575,9:30,9.5,30,23,21.5,21.5,y,blade ripped at the punch,2022-07-24,na,2575,14:00,14,561,29,25,,na,2.966,-0.089,na
na,2022-Jul,Second,BT,2022-07-08,9:29,9.5,na,na,na,2563,546,150,12,L,62,174.5,na,na,,2022-07-13,2563,9:30,9.5,63,53,na,na,y,punch missing,2022-07-24,na,2563,14:00,14,586,60,55,,na,2.471,-0.268,na
na,2022-Jul,Second,BT,2022-07-08,9:29,9.5,na,na,na,2047,459,139,7,0,37,112,na,na,,2022-07-13,2047,9:30,9.5,0,na,na,na,n,no bulb/blades,2022-07-24,na,2047,14:00,14,na,na,na,,na,na,na,na
na,2022-Jul,Second,BT,2022-07-08,9:29,9.5,na,na,na,2515,635,196,10.1,L,55,172,na,na,,2022-07-13,2515,9:30,9.5,64,52,73,118,y,blade clearly ripped,2022-07-24,na,2515,14:00,14,623,71,54,,3.600,-0.741,0.626,-14.400
na,2022-Jul,Second,BT,2022-07-08,9:29,9.5,na,na,na,2117,487,133,4.5,0,36,118,na,na,,2022-07-13,2117,9:30,9.5,46,30,50,93,y,,2022-07-24,na,2117,14:00,14,537,62,36,,2.800,3.089,1.430,-7.800
na,2022-Jul,Second,BT,2022-07-08,9:29,9.5,na,na,na,1911,607,150,6.2,0,40,135,na,na,,2022-07-13,1911,9:30,9.5,56,37,60,116,y,,2022-07-24,na,1911,14:00,14,636,62,46,,4.000,1.792,0.536,-7.800
na,2022-Jul,Second,KH,2022-07-08,9:39,9.7,na,na,na,224,839,160,9.1,L,55,161,na,na,,2022-07-13,224,9:30,9.5,66,45,67,164,y,,2022-07-24,na,224,14:00,14,831,59,44,,2.404,-0.494,-0.626,-1.803
na,2022-Jul,Second,KH,2022-07-08,9:39,9.7,na,na,na,220,598,80,5.3,0,20,60,na,na,,2022-07-13,220,9:30,9.5,33,23,na,na,y,missing punch,2022-07-24,na,220,14:00,14,619,33,27,,na,1.298,0.000,na
na,2022-Jul,Second,KH,2022-07-08,9:39,9.7,na,na,na,207,735,290,9.2,H,65,194,na,na,,2022-07-13,207,9:30,9.5,67,51,79,113,y,,2022-07-24,na,207,14:00,14,791,61,52,,2.805,3.461,-0.536,-19.032
na,2022-Jul,Second,KH,2022-07-08,9:39,9.7,na,na,na,2566,638,109,4.8,0,30,105,na,na,,2022-07-13,2566,9:30,9.5,45,32,52.5,103,y,,2022-07-24,na,2566,14:00,14,na,na,na,,4.508,na,na,-4.908
na,2022-Jul,Second,KH,2022-07-08,9:39,9.7,na,na,na,2073,756,169,11.6,0,25,78,na,na,,2022-07-13,2073,9:30,9.5,54,43,36,89,y,,2022-07-24,na,2073,14:00,14,765,55,43,,2.204,0.556,0.089,0.000
na,2022-Jul,North,LL/DVM,2022-07-08,11:20,11.3,na,na,na,2587,238,134,6,0,25,70,na,na,,2022-07-14,2587,11:20,11.33,33,34,na,na,y,,2022-07-24,na,2587,14:45,14.75,251,43,39,,na,0.805,0.986,na
na,2022-Jul,North,LL/DVM,2022-07-08,11:20,11.3,na,na,na,2562,294,171,6.5,L,50,154,na,na,,2022-07-14,2562,11:20,11.33,52,43,73,161,y,,2022-07-24,na,2562,14:45,14.75,319,59,45,,3.832,1.549,0.690,-2.666
na,2022-Jul,North,LL/DVM,2022-07-08,11:20,11.3,na,na,na,205,274,105,6.5,0,25,87,na,na,,2022-07-14,205,11:20,11.33,na,30,na,na,n,,2022-07-24,na,205,14:45,14.75,na,na,na,,na,na,na,na
na,2022-Jul,North,LL/DVM,2022-07-08,11:20,11.3,na,na,na,216,189,122,5.5,0,30,101,na,na,,2022-07-14,216,11:20,11.33,na,41,na,na,n,,2022-07-24,na,216,14:45,14.75,na,na,na,,na,na,na,na
na,2022-Jul,North,LL/DVM,2022-07-08,11:20,11.3,na,na,na,209,265,130,7.5,0,25,81,na,na,,2022-07-14,209,11:20,11.33,21,39,42,75,y,,2022-07-24,na,209,14:45,14.75,320,27,46,,2.833,3.407,0.592,-3.832
na,2022-Jul,North,LL/DVM,2022-07-08,11:20,11.3,na,na,na,2001,300,141,3.5,0,25,77,na,na,,2022-07-14,2001,11:20,11.33,41,28,43,43,y,,2022-07-24,na,2001,14:45,14.75,400,57,34,,2.999,6.194,1.578,-8.665
na,2022-Jul,North,LL/DVM,2022-07-08,11:20,11.3,na,na,na,1803,193,160,5,0,40,128,na,na,,2022-07-14,1803,11:20,11.33,43,44,50,66,y,,2022-07-24,na,1803,14:45,14.75,242,44,49,,1.666,3.035,0.099,-11.997
na,2022-Jul,North,LL/DVM,2022-07-08,11:20,11.3,na,na,na,2134,352,123,7.6,0,30,107,na,na,,2022-07-14,2134,11:20,11.33,33,47,52,52,y,,2022-07-24,na,2134,14:45,14.75,398,33,52,,3.666,2.849,0.000,-12.830
na,2022-Jul,North,BT/KH,2022-07-08,11:34,11.6,na,na,na,2540,318,182,7,L,50,146,na,na,,2022-07-14,2540,11:20,11.33,53,48,74,135,y,,2022-07-24,na,2540,14:45,14.75,355,66,52,,4.007,2.294,1.282,-5.844
na,2022-Jul,North,BT/KH,2022-07-08,11:34,11.6,na,na,na,2580,413,213,7.8,L,54,167,na,na,,2022-07-14,2580,11:20,11.33,na,45,na,na,n,,2022-07-24,na,2580,14:45,14.75,na,na,na,,na,na,na,na
na,2022-Jul,North,BT/KH,2022-07-08,11:34,11.6,na,na,na,1937,414,238,9.4,0,50,151,na,na,,2022-07-14,1937,11:20,11.33,na,46,na,na,n,,2022-07-24,na,1937,14:45,14.75,na,na,na,,na,na,na,na
na,2022-Jul,North,BT/KH,2022-07-08,11:34,11.6,na,na,na,1969,283,183,8.2,H,50,164,na,na,,2022-07-14,1969,11:20,11.33,43,47,74,131,y,,2022-07-24,na,1969,14:45,14.75,na,na,na,,4.007,na,na,-9.518
na,2022-Jul,North,BT/KH,2022-07-08,11:34,11.6,na,na,na,2070,218,180,3.8,L,49,155,na,na,,2022-07-14,2070,11:20,11.33,46,41,64,118,y,,2022-07-24,na,2070,14:45,14.75,254,38,43,,2.505,2.232,-0.789,-8.683
na,2022-Jul,North,BT/KH,2022-07-08,11:34,11.6,na,na,na,2565,190,173,3.7,0,35,115,na,na,,2022-07-14,2565,11:20,11.33,41,30,55,76,y,,2022-07-24,na,2565,14:45,14.75,298,45,41,,3.340,6.695,0.394,-9.852
na,2022-Jul,North,BT/KH,2022-07-08,11:34,11.6,na,na,na,1825,166,158,4.1,0,50,155,na,na,,2022-07-14,1825,11:20,11.33,51,41,na,na,y,,2022-07-24,na,1825,14:45,14.75,193,65,41,,na,1.674,1.380,na
na,2022-Jul,North,BT/KH,2022-07-08,11:34,11.6,na,na,na,1714,330,230,7.4,L,70,196,na,na,,2022-07-14,1714,11:20,11.33,42,46,na,na,y,,2022-07-24,na,1714,14:45,14.75,344,48,48,,na,0.868,0.592,na
na,2022-Jul,Ratatouille,LL/DVM,2022-07-08,13:32,13.5,2,L,20,2551,536,377,7,L,70,204,na,na,,2022-07-13,2551,15:20,15.33,56,54,93,232,y,,2022-07-24,na,2551,12:45,12.75,593,34,56,,4.531,3.569,-2.020,0.985
na,2022-Jul,Ratatouille,LL/DVM,2022-07-08,13:32,13.5,2,L,16,2582,184,150,5,0,30,108,na,na,,2022-07-13,2582,15:20,15.33,48,30,38,105,y,,2022-07-24,na,2582,12:45,12.75,258,29,35,,1.576,4.634,-1.744,-2.167
na,2022-Jul,Ratatouille,LL/DVM,2022-07-08,13:32,13.5,2,L,16,2585,386,450,6.5,L,110,332,na,na,,2022-07-13,2585,15:20,15.33,42,45,na,na,y,,2022-07-24,na,2585,12:45,12.75,414,36,49,,na,1.753,-0.551,na
na,2022-Jul,Ratatouille,LL/DVM,2022-07-08,13:32,13.5,2,R,15,106,320,160,5,L,60,173,na,na,,2022-07-13,106,15:20,15.33,49,47,75,150,y,,2022-07-24,na,106,12:45,12.75,381,46,43,,2.955,3.820,-0.275,-7.486
na,2022-Jul,Ratatouille,LL/DVM,2022-07-08,13:32,13.5,2,R,13,1921,154,120,4.5,0,25,80,na,na,,2022-07-13,1921,15:20,15.33,24,21,40,98,y,,2022-07-24,na,1921,12:45,12.75,231,31,22,,2.955,4.822,0.643,0.591
na,2022-Jul,Ratatouille,LL/DVM,2022-07-08,13:32,13.5,3,R,20,281,392,199,4,L,30,97,na,na,,2022-07-13,281,15:20,15.33,48,47,37.5,70,y,,2022-07-24,na,281,12:45,12.75,445,51,50,,1.477,3.319,0.275,-6.796
na,2022-Jul,Ratatouille,LL/DVM,2022-07-08,13:32,13.5,3,R,16,2064,360,220,7.5,L,60,175,na,na,,2022-07-13,2064,15:20,15.33,na,46,na,na,n,,2022-07-24,na,2064,12:45,12.75,na,na,na,,na,na,na,na
na,2022-Jul,Ratatouille,LL/DVM,2022-07-08,13:32,13.5,3,R,15,1952,166,82,3,0,15,44,na,na,,2022-07-13,1952,15:20,15.33,26,24,19,40,y,,2022-07-24,na,1952,12:45,12.75,190,20,23,,0.788,1.503,-0.551,-1.576
na,2022-Jul,Ratatouille,BT/KH,2022-07-08,13:48,13.8,2,L,2,1799,382,201,5.2,0,35,138,na,na,,2022-07-13,1799,15:20,15.33,44,26,53,130,y,,2022-07-24,na,1799,12:45,12.75,506,45,27,,3.555,7.771,0.092,-5.134
na,2022-Jul,Ratatouille,BT/KH,2022-07-08,13:48,13.8,2,R,5,2544,435,210,5.6,L,54,165,na,na,,2022-07-13,2544,15:20,15.33,56,46,79,146,y,,2022-07-24,na,2544,12:45,12.75,481,60,52,,4.937,2.883,0.367,-8.689
na,2022-Jul,Ratatouille,BT/KH,2022-07-08,13:48,13.8,2,R,13,2584,481,136,6.2,0,30,106,na,na,,2022-07-13,2584,15:20,15.33,23,22,na,na,y,,2022-07-24,na,2584,12:45,12.75,565,26,30,,na,5.264,0.275,na
na,2022-Jul,Ratatouille,BT/KH,2022-07-08,13:48,13.8,2,R,15,2592,420,200,8.1,L,60,175,na,na,,2022-07-13,2592,15:20,15.33,45,51,73,160,y,,2022-07-24,na,2592,12:45,12.75,460,28,53,,2.567,2.507,-1.561,-5.529
na,2022-Jul,Ratatouille,BT/KH,2022-07-08,13:48,13.8,2,L,19.5,1787,405,338,8,0,80,249,na,na,,2022-07-13,1787,15:20,15.33,36,52,na,na,y,,2022-07-24,na,1787,12:45,12.75,426,44,54,,na,1.316,0.734,na
na,2022-Jul,Ratatouille,BT/KH,2022-07-08,13:48,13.8,3,R,14,1750,447,180,5.8,0,50,148,na,na,,2022-07-13,1750,15:20,15.33,43,41,65,149,y,,2022-07-24,na,1750,12:45,12.75,527,42,43,,2.962,5.014,-0.092,-2.765
na,2022-Jul,Ratatouille,BT/KH,2022-07-08,13:48,13.8,3,R,10,1817,344,131,5.9,0,35,114,na,na,,2022-07-13,1817,15:20,15.33,26,23,44,121,y,,2022-07-24,na,1817,12:45,12.75,432,29,30,,1.777,5.515,0.275,-0.395
na,2022-Jul,Ratatouille,BT/KH,2022-07-08,13:48,13.8,3,L,1,276,572,410,8,L,125,398,na,na,,2022-07-13,276,15:20,15.33,41,56,155,193,y,,2022-07-24,na,276,12:45,12.75,638,62,60,,5.924,4.136,1.928,-46.407
na,2022-Jul,Breaker,BT/KH,2022-07-09,13:17,13.3,2,L,1,2572.5,338,129,66,0,30,107,na,na,,2022-07-13,2572.5,16:20,16.33,18,39,37,99,y,,2022-07-24,na,2572.5,11:30,11.5,343,16,41,,1.696,0.335,-0.185,-3.635
na,2022-Jul,Breaker,BT/KH,2022-07-09,13:17,13.3,2,L,3,1897,403,128,86,L,36,104,na,na,,2022-07-13,1897,16:20,16.33,45,52,39,110,y,,2022-07-24,na,1897,11:30,11.5,408,33,54,,0.727,0.335,-1.111,0.727
na,2022-Jul,Breaker,BT/KH,2022-07-09,13:17,13.3,2,R,8,2557,348,192,64,L,40,129,na,na,,2022-07-13,2557,16:20,16.33,44,47,53,134,y,,2022-07-24,na,2557,11:30,11.5,357,37,51,,3.150,0.603,-0.648,-1.939
na,2022-Jul,Breaker,BT/KH,2022-07-09,13:17,13.3,2,L,11,2572,173,93,48,0,25,81,na,na,,2022-07-13,2572,16:20,16.33,28,21,40,80,y,,2022-07-24,na,2572,11:30,11.5,254,35,30,,3.635,5.427,0.648,-3.877
na,2022-Jul,Breaker,BT/KH,2022-07-09,13:17,13.3,2,R,13,2547,381,140,70,L,30,106,na,na,,2022-07-13,2547,16:20,16.33,59,50,37,113,y,,2022-07-24,na,2547,11:30,11.5,398,61,55,,1.696,1.139,0.185,0.000
na,2022-Jul,Breaker,BT/KH,2022-07-09,13:17,13.3,2,L,19,2509,250,171,64,0,25,82,na,na,,2022-07-13,2509,16:20,16.33,46,38,35,86,y,,2022-07-24,na,2509,11:30,11.5,282,42,40,,2.423,2.144,-0.370,-1.454
na,2022-Jul,Breaker,BT/KH,2022-07-09,13:17,13.3,3,R,19,2022,172,67,34,0,20,64,na,na,,2022-07-13,2022,16:20,16.33,na,19,na,na,n,,2022-07-24,na,2022,11:30,11.5,na,na,na,,na,na,na,na
na,2022-Jul,Breaker,BT/KH,2022-07-09,13:17,13.3,3,L,14,1784,190,41,36,0,12,38,na,na,,2022-07-13,1784,16:20,16.33,na,21,na,na,n,,2022-07-24,na,1784,11:30,11.5,na,na,na,,na,na,na,na
na,2022-Jul,Breaker,OP/DVM,2022-07-09,13:40,13.7,1,R,0,2668,257,125,6,0,44,133,na,na,,2022-07-13,2668,16:20,16.33,25,26,53,110,y,,2022-07-24,na,2668,11:30,11.5,324,32,30,,2.190,4.494,0.648,-7.787
na,2022-Jul,Breaker,OP/DVM,2022-07-09,13:40,13.7,1,L,3,2070,318,25,7,0,26,83,na,na,,2022-07-13,2070,16:20,16.33,57,48,29,83,y,,2022-07-24,na,2070,11:30,11.5,327,58,50,,0.730,0.604,0.093,-0.730
na,2022-Jul,Breaker,OP/DVM,2022-07-09,13:40,13.7,1,L,5,2673,313,116,6,0,40,122,na,na,,2022-07-13,2673,16:20,16.33,34,35,54,86,y,,2022-07-24,na,2673,11:30,11.5,367,33,37,,3.407,3.622,-0.093,-12.167
na,2022-Jul,Breaker,OP/DVM,2022-07-09,13:40,13.7,1,L,6,1833,199,90,3.5,0,29,85,na,na,,2022-07-13,1833,16:20,16.33,na,17,na,na,n,,2022-07-24,na,1833,11:30,11.5,na,na,na,,na,na,na,na
na,2022-Jul,Breaker,OP/DVM,2022-07-09,13:40,13.7,1,L,6,2561,404,210,12,L,70,206,na,na,,2022-07-13,2561,16:20,16.33,36,39,79.5,177,y,,2022-07-24,na,2561,11:30,11.5,465,44,41,,2.312,4.092,0.741,-9.368
na,2022-Jul,Breaker,OP/DVM,2022-07-09,13:40,13.7,1,R,8,2665,310,205,14,L,85,258,na,na,,2022-07-13,2665,16:20,16.33,41,54,100,164,y,,2022-07-24,na,2665,11:30,11.5,313,42,54,,3.650,0.201,0.093,-26.523
na,2022-Jul,Breaker,OP/DVM,2022-07-09,13:40,13.7,1,L,15,215,193,110,5.5,0,31,98,na,na,,2022-07-13,215,16:20,16.33,na,14,na,na,n,,2022-07-24,na,215,11:30,11.5,na,na,na,,na,na,na,na
na,2022-Jul,Breaker,OP/DVM,2022-07-09,13:40,13.7,1,L,18,202,348,190,5,0,49,162,na,na,,2022-07-13,202,16:20,16.33,44,28,84,123,y,,2022-07-24,na,202,11:30,11.5,372,45,37,,8.517,1.610,0.093,-18.007
na,2022-Jul,Manley,OP/DVM,2022-07-09,11:10,11.2,1,R,1,1697,234,40,4,0,20,50,na,na,,2022-07-13,1697,14:00,14,14,16,26,49,y,,2022-07-24,na,1697,10:00,10,254,14,17,,1.457,1.338,0.000,-1.700
na,2022-Jul,Manley,OP/DVM,2022-07-09,11:10,11.2,1,L,8,2571,212,20,3,0,10.5,36,na,na,,2022-07-13,2571,14:00,14,11,10,11,26,y,,2022-07-24,na,2571,10:00,10,na,na,na,,0.121,na,na,-2.551
na,2022-Jul,Manley,OP/DVM,2022-07-09,11:10,11.2,1,L,8.1,1891,240,38,2.5,0,14,45,na,na,,2022-07-13,1891,14:00,14,20,18,18,43,y,,2022-07-24,na,1891,10:00,10,255,11,19,,0.972,1.003,-0.831,-1.457
na,2022-Jul,Manley,OP/DVM,2022-07-09,11:10,11.2,1,R,11,212,223,42,2.5,0,16.3,43,na,na,,2022-07-13,212,14:00,14,29,24,18,43,y,,2022-07-24,na,212,10:00,10,231,27,26,,0.413,0.535,-0.185,-0.413
na,2022-Jul,Manley,OP/DVM,2022-07-09,11:10,11.2,1,L,14,201,380,54,3.5,0,14,44,na,na,,2022-07-13,201,14:00,14,35,23,19,39,y,,2022-07-24,na,201,10:00,10,414,21,26,,1.215,2.274,-1.292,-2.429
na,2022-Jul,Manley,OP/DVM,2022-07-09,11:10,11.2,1,L,14.5,210,482,70,5,0,19,55,na,na,,2022-07-13,210,14:00,14,42,33,25,58,y,,2022-07-24,na,210,10:00,10,506,37,34,,1.457,1.605,-0.462,-0.729
na,2022-Jul,Manley,OP/DVM,2022-07-09,11:10,11.2,1,R,17,206,240,24,4,0,10,27,na,na,,2022-07-13,206,14:00,14,28,11,12,20,y,,2022-07-24,na,206,10:00,10,202,17,12,,0.486,-2.542,-1.015,-2.186
na,2022-Jul,Manley,OP/DVM,2022-07-09,11:10,11.2,1,L,17,203,255,32,3,0,10,36,na,na,,2022-07-13,203,14:00,14,28,21,12,27,y,,2022-07-24,na,203,10:00,10,269,16,22,,0.486,0.936,-1.108,-2.672
na,2022-Jul,Manley,BT/KH,2022-07-09,11:40,11.7,2,R,18,2574,536,109,66,0,30,103,na,na,,2022-07-13,2574,14:00,14,46,49,41,94,y,,2022-07-24,na,2574,10:00,10,657,55,51,,2.686,8.105,0.831,-4.883
na,2022-Jul,Manley,BT/KH,2022-07-09,11:40,11.7,2,R,17,2560,435,74,47,0,15,58,na,na,,2022-07-13,2560,14:00,14,41,30,na,na,y,,2022-07-24,na,2560,10:00,10,435,31,32,,na,0.000,-0.923,na
na,2022-Jul,Manley,BT/KH,2022-07-09,11:40,11.7,2,L,14,2591,439,123,66,0,25,79,na,na,,2022-07-13,2591,14:00,14,46,39,26,79,y,,2022-07-24,na,2591,10:00,10,436,47,39,,0.244,-0.201,0.092,-0.244
na,2022-Jul,Manley,BT/KH,2022-07-09,11:40,11.7,2,R,11.5,2590,510,144,127,L,55,160,na,na,,2022-07-13,2590,14:00,14,13,46,55,111,y,,2022-07-24,na,2590,10:00,10,495,10,54,,0.000,-1.005,-0.277,-11.963
na,2022-Jul,Manley,BT/KH,2022-07-09,11:40,11.7,2,L,9,286,175,21,28,0,5,16,na,na,,2022-07-13,286,14:00,14,15,4,7.7,14,y,,2022-07-24,na,286,10:00,10,na,na,na,,0.659,na,na,-1.148
na,2022-Jul,Manley,BT/KH,2022-07-09,11:40,11.7,3,L,8.5,2080,358,53,57,0,20,62,na,na,,2022-07-13,2080,14:00,14,31,31,25,48,y,,2022-07-24,na,2080,10:00,10,356,30,30,,1.221,-0.134,-0.092,-4.639
na,2022-Jul,Manley,BT/KH,2022-07-09,11:40,11.7,3,L,12,2579,394,99,62,0,28,85,na,na,,2022-07-13,2579,14:00,14,61,35,32.5,70,y,,2022-07-24,na,2579,10:00,10,393,58,34,,1.099,-0.067,-0.277,-4.761
na,2022-Jul,Manley,BT/KH,2022-07-09,11:40,11.7,3,L,18.5,2554,327,105,91,0,15,57,na,na,,2022-07-13,2554,14:00,14,19,34,na,na,y,,2022-07-24,na,2554,10:00,10,321,28,33,,na,-0.402,0.831,na
na,2022-Jul,Triquetta,OP/DVM,2022-07-09,9:30,9.5,3,R,2.5,2674,290,52,4,0,17,50,na,na,,2022-07-13,2674,14:00,14,31,25,20,37,y,,2022-07-24,na,2674,9:15,9.25,299,32,27,,0.716,0.600,0.093,-3.821
na,2022-Jul,Triquetta,OP/DVM,2022-07-09,9:30,9.5,3,R,3.7,2675,401,130,5,0,30,90,na,na,,2022-07-13,2675,14:00,14,48,33,33,33,y,,2022-07-24,na,2675,9:15,9.25,456,44,35,,0.716,3.669,-0.370,-14.328
na,2022-Jul,Triquetta,OP/DVM,2022-07-09,9:30,9.5,3,R,7.7,2679,376,110,5,0,30,67,na,na,,2022-07-13,2679,14:00,14,41,35,36,67,y,,2022-07-24,na,2679,9:15,9.25,519,39,38,,1.433,9.540,-0.185,-1.433
na,2022-Jul,Triquetta,OP/DVM,2022-07-09,9:30,9.5,3,L,9,221,237,70,5,0,23.5,65,na,na,,2022-07-13,221,14:00,14,na,16,na,na,y,,2022-07-24,na,221,9:15,9.25,na,na,na,,na,na,na,na
na,2022-Jul,Triquetta,OP/DVM,2022-07-09,9:30,9.5,3,L,12.5,208,250,45,3,0,17,50,na,na,,2022-07-13,208,14:00,14,25,21,29,35,y,,2022-07-24,na,208,9:15,9.25,265,20,21,,2.866,1.001,-0.463,-6.448
na,2022-Jul,Triquetta,OP/DVM,2022-07-09,9:30,9.5,3,R,15.2,73,312,108,7,0,33,33,na,na,,2022-07-13,73,14:00,14,44,32,na,na,y,,2022-07-24,na,73,9:15,9.25,337,50,36,,na,1.668,0.555,na
na,2022-Jul,Triquetta,OP/DVM,2022-07-09,9:30,9.5,3,R,16.5,223,230,70,4,0,22,67,na,na,,2022-07-13,223,14:00,14,31,15,27,56,y,,2022-07-24,na,223,9:15,9.25,291,38,18,,1.194,4.069,0.648,-3.821
na,2022-Jul,Triquetta,OP/DVM,2022-07-09,9:30,9.5,3,R,20,217,291,100,4,0,31.5,92,na,na,,2022-07-13,217,14:00,14,26,18,na,na,y,,2022-07-24,na,217,9:15,9.25,239,28,21,,na,-3.469,0.185,na
na,2022-Jul,Triquetta,BT/KH,2022-07-09,9:24,9.4,1,L,2,2663,273,90,54,0,14,59,na,na,,2022-07-13,2663,14:00,14,30,24,22,60,y,,2022-07-24,na,2663,9:15,9.25,294,43,27,,1.909,1.401,1.203,-1.670
na,2022-Jul,Triquetta,BT/KH,2022-07-09,9:24,9.4,1,R,5.4,2671,405,98,41,0,30,95,na,na,,2022-07-13,2671,14:00,14,51,26,34,75,y,,2022-07-24,na,2671,9:15,9.25,441,46,30,,0.954,2.401,-0.463,-5.726
na,2022-Jul,Triquetta,BT/KH,2022-07-09,9:24,9.4,1,R,9,2676,396,140,43,0,30,94,na,na,,2022-07-13,2676,14:00,14,49,33,33,65,y,,2022-07-24,na,2676,9:15,9.25,449,28,36,,0.716,3.535,-1.944,-7.634
na,2022-Jul,Triquetta,BT/KH,2022-07-09,9:24,9.4,1,L,10,2666,368,100,50,0,25,78,na,na,,2022-07-13,2666,14:00,14,56,30,na,na,y,,2022-07-24,na,2666,9:15,9.25,na,na,na,,na,na,na,na
na,2022-Jul,Triquetta,BT/KH,2022-07-09,9:24,9.4,1,L,12,2677,210,69,34,0,22,63,na,na,,2022-07-13,2677,14:00,14,13,11,26,58,y,,2022-07-24,na,2677,9:15,9.25,274,12,13,,0.954,4.268,-0.093,-2.147
na,2022-Jul,Triquetta,BT/KH,2022-07-09,9:24,9.4,1,R,16,2678,497,94,45,0,30,102,na,na,,2022-07-13,2678,14:00,14,63,31,40,86,y,,2022-07-24,na,2678,9:15,9.25,529,58,33,,2.386,2.134,-0.463,-6.203
na,2022-Jul,Triquetta,BT/KH,2022-07-09,9:24,9.4,2,R,1,2669,345,100,52,0,20,66,na,na,,2022-07-13,2669,14:00,14,58,35,32,69,y,,2022-07-24,na,2669,9:15,9.25,338,35,26,,2.863,-0.467,-2.129,-2.147
na,2022-Jul,Triquetta,BT/KH,2022-07-09,9:24,9.4,2,R,5,2581,337,69,39,0,20,61,na,na,,2022-07-13,2581,14:00,14,34,23,na,na,y,,2022-07-24,na,2581,9:15,9.25,468,54,38,,na,8.737,1.851,na
na,2023-Jul,Breaker,DVM,2023-07-09,9:50,9.8,1,L,19,2572.1,556,116,6,0,35,119,na,na,,2023-07-13,2572.1,9:41,9.68,29,43,43,130,,,2023-07-25,y,2572.1,14:00,14,561,19,46,,2.003,0.309,-0.821,0.751
na,2023-Jul,Breaker,DVM,2023-07-09,9:50,9.8,1,L,19.5,1750,572,107,10,0,27,85,na,na,,2023-07-13,1750,9:41,9.68,na,41,35,35,n,"*found dislodged, collected the day before, blade cut after punch",2023-07-25,n,1750,14:00,14,na,na,na,,2.003,na,na,-14.518
na,2023-Jul,Breaker,DVM,2023-07-09,9:50,9.8,1,R,17.5,2540,650,95,7.5,0,30,94,na,na,stipe length measured as 666,2023-07-13,2540,9:41,9.68,19,45,30,73,,pneumatocyst damaged,2023-07-25,y,2540,14:00,14,652,0,42,,0.000,0.124,-1.560,-5.257
na,2023-Jul,Breaker,DVM,2023-07-09,9:50,9.8,1,R,15,2557,430,70,6.5,0,26.5,81,na,na,,2023-07-13,2557,9:41,9.68,na,na,na,na,,,2023-07-25,y,2557,14:00,14,528,20,44,,na,6.059,na,na
na,2023-Jul,Breaker,DVM,2023-07-09,9:50,9.8,1,R,10,2565,514,128,5.5,L,40,179,na,na,,2023-07-13,2565,9:41,9.68,16,45,45,128,,,2023-07-25,y,2565,14:00,14,521,9,49,,1.252,0.433,-0.575,-14.018
na,2023-Jul,Breaker,DVM,2023-07-09,9:50,9.8,1,L,9,1843,448,70,4,0,24,72,na,na,,2023-07-13,1843,9:41,9.68,8,26,36,76,,,2023-07-25,y,1843,14:00,14,448,5,23,,3.004,0.000,-0.246,-2.003
na,2023-Jul,Breaker,DVM,2023-07-09,9:50,9.8,1,L,2,2542,341,132,9,0,25,70,na,na,,2023-07-13,2542,9:41,9.68,20,47,33.5,86,,,2023-07-25,y,2542,14:00,14,348,30,47,,2.128,0.433,0.821,1.877
na,2023-Jul,Breaker,DVM,2023-07-09,9:50,9.8,1,R,2,2515,na,105,8,L,14,41,na,na,stipe initial measurement 659,2023-07-13,2515,9:41,9.68,7,44,18,46,,,2023-07-25,y,2515,14:00,14,461,5,42,,1.001,na,-0.164,0.250
na,2023-Jul,Breaker,DVM,2023-07-09,9:50,9.8,1,L,5,2554,530,170,7.5,L,50,150,na,na,,2023-07-13,2554,9:41,9.68,22,48,na,na,,no punch found,2023-07-25,y,2554,14:00,14,558,16,50,,na,1.731,-0.493,na
na,2023-Jul,Breaker,OP,2023-07-09,9:50,9.8,3,R,18,2073,308,50,3.5,0,15,39,na,na,,2023-07-13,2073,10:30,10.5,16,46,15,37,,,2023-07-25,y,2073,14:00,14,315,27,32,,0.000,0.433,0.906,-0.496
na,2023-Jul,Breaker,OP,2023-07-09,9:50,9.8,3,R,18,2072,na,47,4,0,15,41,na,na,stipe length 381,2023-07-13,2072,10:30,10.5,20,35,15,29,,blade cut,2023-07-25,y,2072,14:00,14,336,20,37,,0.000,na,0.000,-2.978
na,2023-Jul,Breaker,OP,2023-07-09,9:50,9.8,3,R,18,1825,531,150,7,L,49.5,141,na,na,,2023-07-13,1825,10:30,10.5,34,36,na,na,,punch missing,2023-07-25,y,1825,14:00,14,537,47,48,,na,0.371,1.070,na
na,2023-Jul,Breaker,OP,2023-07-09,9:50,9.8,3,R,15,1803,411,85,4.5,0,25,79,na,na,,2023-07-13,1803,10:30,10.5,34,41,35,74,,,2023-07-25,y,1803,14:00,14,423,36,42,,2.482,0.742,0.165,-3.723
na,2023-Jul,Breaker,OP,2023-07-09,9:50,9.8,3,R,15,2504,372,39,na,na,na,na,na,na,"stipe measured as 389, recalled didn't punch at T1",2023-07-13,2504,10:30,10.5,35,33,na,na,,no punch,2023-07-25,y,2504,14:00,14,372,35,34,,na,0.000,0.000,na
na,2023-Jul,Breaker,OP,2023-07-09,9:50,9.8,3,L,15,2561,475,160,7,H,34,135,na,na,,2023-07-13,2561,10:30,10.5,40,50,88,186,,,2023-07-25,y,2561,14:00,14,475,32,52,,13.402,0.000,-0.659,-0.745
na,2023-Jul,Ratatouille,DVM,2023-07-09,12:08,12.1,1,R,3,8,551,300,8,L,115,430,na,na,,2023-07-13,8,12:44,12.73,69,56,na,na,,no punch,2023-07-25,y,8,12:00,12,582,81,58,,na,1.938,1.003,na
na,2023-Jul,Ratatouille,DVM,2023-07-09,12:08,12.1,1,L,2.5,2,602,320,8,L,100,389,na,na,,2023-07-13,2,12:44,12.73,50,52,na,na,,no punch,2023-07-25,y,2,12:00,12,641,59,57,,na,2.438,0.752,na
na,2023-Jul,Ratatouille,DVM,2023-07-09,12:08,12.1,1,R,4,7,248,110,5,0,34,117,na,na,,2023-07-13,7,12:44,12.73,17,18,46,113,,,2023-07-25,y,7,12:00,12,367,33,27,,2.980,7.439,1.337,-3.974
na,2023-Jul,Ratatouille,DVM,2023-07-09,12:08,12.1,1,L,5,3,161,75,5.5,0,10,36,na,na,,2023-07-13,3,12:44,12.73,21,21,24,54,,,2023-07-25,y,3,12:00,12,221,29,25,,3.477,3.751,0.668,0.993
na,2023-Jul,Ratatouille,DVM,2023-07-09,12:08,12.1,1,R,8,6,373,370,9,0,44,208,na,na,,2023-07-13,6,12:44,12.73,47,26,76,228,,broken blade,2023-07-25,y,6,12:00,12,444,66,50,,7.948,4.439,1.587,-2.980
na,2023-Jul,Ratatouille,DVM,2023-07-09,12:08,12.1,1,L,9,1,294,258,8,0,18,70,na,na,,2023-07-13,1,12:44,12.73,25,33,25,81,,,2023-07-25,y,1,12:00,12,369,25,40,,1.739,4.689,0.000,0.993
na,2023-Jul,Ratatouille,DVM,2023-07-09,12:08,12.1,1,L,11,4,230,140,4,0,32,117,na,na,,2023-07-13,4,12:44,12.73,23,29,35.5,129,,,2023-07-25,y,4,12:00,12,321,34,34,,0.869,5.689,0.919,2.111
na,2023-Jul,Ratatouille,DVM,2023-07-09,12:08,12.1,1,R,11,5,443,148,6,0,35,122,na,na,,2023-07-13,5,12:44,12.73,28,40,50.5,124,,,2023-07-25,y,5,12:00,12,493,32,43,,3.850,3.126,0.334,-3.353
na,2023-Jul,Ratatouille,DVM,2023-07-09,12:08,12.1,1,R,15,0,336,255,6,0,50,162,na,na,,2023-07-13,0,12:44,12.73,na,na,na,na,,,2023-07-25,n,0,12:00,12,na,na,na,,na,na,na,na
na,2023-Jul,Ratatouille,OP,2023-07-09,12:15,12.3,3,R,0.5,223,285,90,3.5,0,15,95,na,na,,2023-07-13,223,12:44,12.73,27,27,22,97,,,2023-07-25,y,223,12:00,12,330,35,30,,1.742,2.815,0.668,-1.244
na,2023-Jul,Ratatouille,OP,2023-07-09,12:15,12.3,3,R,1,209,231,120,3.5,0,29,104,na,na,,2023-07-13,209,12:44,12.73,48,37,33,87,,ripped end,2023-07-25,y,209,12:00,12,266,51,42,,0.996,2.189,0.251,-5.227
na,2023-Jul,Ratatouille,OP,2023-07-09,12:15,12.3,3,R,0,1797,422,122,5,L,42,181,na,na,,2023-07-13,1797,12:44,12.73,26,35,na,na,,no punch found and blade ripped,2023-07-25,y,1797,12:00,12,468,29,40,,na,2.877,0.251,na
na,2023-Jul,Ratatouille,OP,2023-07-09,12:15,12.3,3,R,1.2,220,485,170,6.5,H,56,197,na,na,,2023-07-13,220,12:44,12.73,70,57,75,218,,,2023-07-25,y,220,12:00,12,514,71,60,,4.729,1.814,0.084,0.498
na,2023-Jul,Ratatouille,OP,2023-07-09,12:15,12.3,3,L,1,1765,348,95,6,0,32,106,na,na,,2023-07-13,1765,12:44,12.73,32,39,41,112,,,2023-07-25,y,1765,12:00,12,379,33,40,,2.240,1.939,0.084,-0.747
na,2023-Jul,Ratatouille,OP,2023-07-09,12:15,12.3,3,R,1.5,222,213,51,1.5,0,25,61,na,na,,2023-07-13,222,12:44,12.73,18,21,31,67,,,2023-07-25,y,222,12:00,12,280,18,29,,1.493,4.191,0.000,0.000
na,2023-Jul,Ratatouille,OP,2023-07-09,12:15,12.3,3,R,1.2,434,426,100,3,0,19,66,na,na,,2023-07-13,434,12:44,12.73,32,34,30,79,,,2023-07-25,y,434,12:00,12,465,34,36,,2.738,2.439,0.167,0.498
na,2023-Jul,North,LL,2023-07-08,12:40,12.7,na,na,na,1921,360,150,5.5,H,30,94,na,na,,2023-07-12,1921,15:40,15.67,61,49,42,67,,,2023-07-25,y,1921,10:30,10.5,360,61,na,stipe came apart,2.910,0.000,0.000,-9.457
na,2023-Jul,North,LL,2023-07-08,12:40,12.7,na,na,na,2563,215,114,5,0,25,71,na,na,,2023-07-12,2563,15:40,15.67,42,35,na,na,,,2023-07-25,y,2563,10:30,10.5,254,46,39,,na,2.307,0.313,na
na,2023-Jul,North,LL,2023-07-08,12:40,12.7,na,na,na,2080,389,136,7,0,15,45,na,na,,2023-07-12,2080,15:40,15.67,66,43,43,49,,,2023-07-25,y,2080,10:30,10.5,440,79,48,,6.790,3.016,1.017,-5.820
na,2023-Jul,North,LL,2023-07-08,12:40,12.7,na,na,na,1891,419,150,11,L,30,82,na,na,,2023-07-12,1891,15:40,15.67,53,54,43,104,,,2023-07-25,y,1891,10:30,10.5,434,53,57,,3.152,0.887,0.000,2.182
na,2023-Jul,North,LL,2023-07-08,12:40,12.7,na,na,na,1714,309,150,6.5,0,30,104,na,na,,2023-07-12,1714,15:40,15.67,47,49,52,135,,,2023-07-25,y,1714,10:30,10.5,341,50,na,,5.335,1.893,0.235,2.182
na,2023-Jul,North,LL,2023-07-08,12:40,12.7,na,na,na,276,378,54,5,0,10,41,na,na,,2023-07-12,276,15:40,15.67,39,43,30,53,,,2023-07-25,y,276,10:30,10.5,390,46,45,,4.850,0.710,0.548,-1.940
na,2023-Jul,North,OP,2023-07-08,13:00,13,na,na,na,2578,227,41,5,0,21,51,na,na,,2023-07-12,2578,15:40,15.67,36,40,36,67,,,2023-07-25,y,2578,10:30,10.5,246,39,47,,3.649,1.125,0.235,0.243
na,2023-Jul,North,OP,2023-07-08,13:00,13,na,na,na,2544,234,74,7,0,37,122,na,na,,2023-07-12,2544,15:40,15.67,37,47,55,141,,,2023-07-25,y,2544,10:30,10.5,254,43,50,,4.378,1.184,0.469,0.243
na,2023-Jul,North,OP,2023-07-08,13:00,13,na,na,na,1952,294,90,5,0,25,85,na,na,,2023-07-12,1952,15:40,15.67,30,34,42,106,,,2023-07-25,y,1952,10:30,10.5,308,45,35,,4.135,0.829,1.173,0.973
na,2023-Jul,North,OP,2023-07-08,13:00,13,na,na,na,1820,226,60,5,0,20,72,na,na,,2023-07-12,1820,15:40,15.67,59,30,37,91,,,2023-07-25,y,1820,10:30,10.5,241,58,35,,4.135,0.888,-0.078,0.486
na,2023-Jul,North,OP,2023-07-08,13:00,13,na,na,na,2066,345,160,8,H,40,119,na,na,,2023-07-12,2066,15:40,15.67,75,50,64.5,144,,,2023-07-25,y,2066,10:30,10.5,351,76,53,,5.959,0.355,0.078,0.122
na,2023-Jul,North,OP,2023-07-08,13:00,13,na,na,na,2117,350,75,5.5,0,33,104,na,na,stipe mesured as 355,2023-07-12,2117,15:40,15.67,47,39,50,125,,,2023-07-25,y,2117,10:30,10.5,351,53,36,,4.135,0.059,0.469,0.973
na,2023-Jul,North,OP,2023-07-08,13:00,13,na,na,na,2070,347,95,5.5,L,30,79,na,na,stipe mesured as 350,2023-07-12,2070,15:40,15.67,39,44,44,94,,,2023-07-25,y,2070,10:30,10.5,347,46,35,,3.405,0.000,0.548,0.243
na,2023-Jul,North,OP,2023-07-08,13:00,13,na,na,na,1799,389,55,6,0,23.5,72,na,na,,2023-07-12,1799,15:40,15.67,52,43,40,92,,,2023-07-25,y,1799,10:30,10.5,396,57,45,,4.013,0.414,0.391,0.851
na,2023-Jul,North,OP,2023-07-08,13:00,13,na,na,na,2576,326,40,9,0,20,53,na,na,,2023-07-12,2576,15:40,15.67,na,na,na,na,,,2023-07-25,n,2576,10:30,10.5,na,na,na,,na,na,na,na
na,2023-Jul,Second,LL,2023-07-08,10:00,10,na,na,na,203,669,320,7,L,85,254,na,na,,2023-07-12,203,12:15,12.25,64,51,96,203,,,2023-07-25,y,203,9:30,9.5,717,58,52,,2.687,2.827,-0.466,-15.145
na,2023-Jul,Second,LL,2023-07-08,10:00,10,na,na,na,224,214,49,3.2,0,17,52,na,na,,2023-07-12,224,12:15,12.25,15,na,21,56,,,2023-07-25,y,224,9:30,9.5,294,12,12,,0.977,4.712,-0.233,0.000
na,2023-Jul,Second,LL,2023-07-08,10:00,10,na,na,na,212,697,320,7,L,110,335,na,na,,2023-07-12,212,12:15,12.25,63,51,138,347,,,2023-07-25,y,212,9:30,9.5,725,53,54,,6.840,1.649,-0.776,-3.908
na,2023-Jul,Second,LL,2023-07-08,10:00,10,na,na,na,204,658,161,5,0,40,243,na,na,,2023-07-12,204,12:15,12.25,36,30,58,161,,,2023-07-25,y,204,9:30,9.5,678,38,35,,4.397,1.178,0.155,-24.427
na,2023-Jul,Second,LL,2023-07-08,10:00,10,na,na,na,73,672,190,5,L,40,118,na,na,,2023-07-12,73,12:15,12.25,44,39,57,92,,,2023-07-25,y,73,9:30,9.5,689,48,45,,4.153,1.001,0.310,-10.504
na,2023-Jul,Second,LL,2023-07-08,10:00,10,na,na,na,213,702,310,6,H,100,288,na,na,,2023-07-12,213,12:15,12.25,43,52,na,na,,blade ripped,2023-07-25,y,213,9:30,9.5,775,21,57,,na,4.299,-1.707,na
na,2023-Jul,Second,OP,2023-07-08,10:15,10.3,na,na,na,106,244,101,6,0,29,69,na,na,,2023-07-12,106,12:15,12.25,23,19,42,82,,,2023-07-25,y,106,9:30,9.5,306,28,25,,3.185,3.654,0.388,0.000
na,2023-Jul,Second,OP,2023-07-08,10:15,10.3,na,na,na,210,na,150,4,0,45,145,na,na,stipe measured as 666,2023-07-12,210,12:15,12.25,36,31,na,na,,blade ripped,2023-07-25,y,210,9:30,9.5,474,29,35,,na,na,-0.543,na
na,2023-Jul,Second,OP,2023-07-08,10:15,10.3,na,na,na,201,513,119,4,0,50,144,na,na,,2023-07-12,201,12:15,12.25,37,28,70,104,,blade cut,2023-07-25,y,201,9:30,9.5,575,40,35,,4.900,3.654,0.233,-14.701
na,2023-Jul,Second,OP,2023-07-08,10:15,10.3,na,na,na,206,554,354,6.5,L,30,91,na,na,,2023-07-12,206,12:15,12.25,46,38,45,128,,blade cut,2023-07-25,y,206,9:30,9.5,583,54,42,,3.675,1.709,0.621,5.391
na,2023-Jul,Second,OP,2023-07-08,10:15,10.3,na,na,na,217,557,250,8.5,L,40,132,na,na,,2023-07-12,217,12:15,12.25,75,46,69,142,,blade cut,2023-07-25,y,217,9:30,9.5,695,91,49,,7.106,8.134,1.242,-4.655
na,2023-Jul,Second,OP,2023-07-08,10:15,10.3,na,na,na,202,507,150,5,0,50,140,na,na,,2023-07-12,202,12:15,12.25,28,20,72,185,,,2023-07-25,y,202,9:30,9.5,575,34,26,,5.391,4.008,0.466,5.636
na,2023-Jul,Second,OP,2023-07-08,10:15,10.3,na,na,na,208,517,150,7.5,0,40,137,na,na,,2023-07-12,208,12:15,12.25,39,40,65,193,,,2023-07-25,y,208,9:30,9.5,568,43,43,,6.126,3.006,0.310,7.596
na,2023-Jul,Second,OP,2023-07-08,10:15,10.3,na,na,na,207,473,222,7,0,15,54,na,na,,2023-07-12,207,12:15,12.25,57,43,34,81,,blade cut,2023-07-25,y,207,9:30,9.5,545,60,51,,4.655,4.244,0.233,1.960
na,2023-Jul,Triquetta,LL,2023-07-10,9:44,9.7,2,R,15,2579,142,9,4,0,25,82,na,na,,2023-07-14,2579,13:00,13,24,17,27,,,blade rip,2023-07-26,y,2579,9:40,9.67,193,24,20,,0.483,3.188,0.000,-20.302
na,2023-Jul,Triquetta,LL,2023-07-10,9:44,9.7,2,R,10,2592,156,115,4,0,30,112,na,na,,2023-07-14,2592,13:00,13,22,15,51,123,,,2023-07-26,y,2592,9:40,9.67,196,36,20,,5.076,2.500,1.180,-2.417
na,2023-Jul,Triquetta,LL,2023-07-10,9:44,9.7,3,R,5,2551,472,158,7.5,0,30,74,na,na,,2023-07-14,2551,13:00,13,68,45,36,87,,,2023-07-26,y,2551,9:40,9.67,474,47,47,,1.450,0.125,-1.770,1.692
na,2023-Jul,Triquetta,LL,2023-07-10,9:44,9.7,3,L,5,2562,111,78,6,0,25,79,na,na,,2023-07-14,2562,13:00,13,16,12,45,98,,,2023-07-26,y,2562,9:40,9.67,158,13,17,,4.834,2.938,-0.253,-0.242
na,2023-Jul,Triquetta,DCO,2023-07-10,9:55,9.9,2,L,3,2663,153,90,4,0,15,57,na,na,,2023-07-14,2663,13:00,13,21,15,21,62,,blade cut,2023-07-26,y,2663,9:45,9.75,175,30,15,,1.453,1.376,0.759,-0.242
na,2023-Jul,Triquetta,DCO,2023-07-10,9:55,9.9,2,L,4,2664,160,78,3.5,0,15,58,na,na,,2023-07-14,2664,13:00,13,24,15,na,na,,punch missing,2023-07-26,y,2664,9:45,9.75,185,18,18,,na,1.563,-0.506,na
na,2023-Jul,Triquetta,DCO,2023-07-10,9:55,9.9,1,L,0,2668,163,137,5,0,20,89,na,na,,2023-07-14,2668,13:00,13,31,24,na,na,,punch missing,2023-07-26,y,2668,9:45,9.75,222,37,29,,na,3.689,0.506,na
na,2023-Jul,Triquetta,DCO,2023-07-10,9:55,9.9,1,L,1,2674,129,72,3,0,25,72,na,na,,2023-07-14,2674,13:00,13,7,12,48,83,,,2023-07-26,y,2674,9:45,9.75,176,10,14,,5.570,2.939,0.253,-2.906
na,2023-Jul,Triquetta,DCO,2023-07-10,9:55,9.9,3,R,5,2585,116,64,4,0,15,34,na,na,,2023-07-14,2585,13:00,13,na,na,na,na,,"plant ripped out, found tag",2023-07-26,n,2585,9:45,9.75,na,na,na,,na,na,na,na
na,2023-Jul,Triquetta,DCO,2023-07-10,9:55,9.9,3,R,5,2582,173,101,4,0,15,63,na,na,,2023-07-14,2582,13:00,13,32,15,26,79,,,2023-07-26,y,2582,9:45,9.75,225,37,18,,2.664,3.251,0.421,1.211
na,2023-Jul,Triquetta,DCO,2023-07-10,9:55,9.9,3,R,1,2672,400,154,3.5,0,40,123,na,na,,2023-07-14,2672,13:00,13,na,na,na,na,,plant missing,2023-07-26,n,2672,9:45,9.75,na,na,na,plant gone,na,na,na,na
na,2023-Jul,Triquetta,DVM,2023-07-10,9:55,9.9,2,L,5,1708,132,92,5,0,23,91,na,na,,2023-07-14,1708,13:00,13,18,8,45,98,,,2023-07-26,y,1708,10:00,10,194,21,11,,5.328,3.874,0.253,-3.633
na,2023-Jul,Triquetta,DVM,2023-07-10,9:55,9.9,2,L,6,2587,192,130,9,0,30,110,na,na,,2023-07-14,2587,13:00,13,na,na,na,na,,found tag,2023-07-26,n,2587,10:00,10,na,na,na,,na,na,na,na
na,2023-Jul,Triquetta,DVM,2023-07-10,9:55,9.9,3,L,2,2573,na,140,5,0,32,100,na,na,stipe measured as 272,2023-07-14,2573,13:00,13,na,na,na,na,,missing plant,2023-07-26,y,2573,10:00,10,191,17,29,,na,na,na,na
na,2023-Jul,Triquetta,DVM,2023-07-10,9:55,9.9,3,L,10,1784,327,223,8.5,0,40,143,na,na,,2023-07-14,1784,13:00,13,50,42,na,na,,bulb broke,2023-07-26,n,1784,10:00,10,na,na,na,,na,na,na,na
na,2023-Jul,Triquetta,DVM,2023-07-10,9:55,9.9,1,L,7,2591,166,70,4.5,0,18,51,na,na,,2023-07-14,2591,13:00,13,18,16,27,56,,,2023-07-26,y,2591,10:00,10,203,9,20,,2.180,2.312,-0.758,-0.969
na,2023-Jul,Triquetta,DVM,2023-07-10,9:55,9.9,1,R,12,2547,244,210,11,0,40,123,na,na,,2023-07-14,2547,13:00,13,45,28,57,133,,,2023-07-26,y,2547,10:00,10,274,36,32,,4.117,1.875,-0.758,-1.695
na,2023-Jul,Manley,DVM,2023-07-10,12:12,12.2,3,R,15,2595,115,120,8,0,11.5,50,na,na,,2023-07-14,2595,13:00,13,30,14,25,66,,,2023-07-26,y,2595,11:45,11.75,146,34,17,,3.347,1.940,0.335,0.620
na,2023-Jul,Manley,DVM,2023-07-10,12:12,12.2,3,R,10,2600,110,95,4.5,0,20,69,na,na,,2023-07-14,2600,13:00,13,21,11,33,87,,,2023-07-26,y,2600,11:45,11.75,210,18,13,,3.223,6.257,-0.251,1.240
na,2023-Jul,Manley,DVM,2023-07-10,12:12,12.2,3,R,3,2596,237,95,5,0,15,45,na,na,,2023-07-14,2596,13:00,13,32,20,24,52,,,2023-07-26,y,2596,11:45,11.75,275,31,24,,2.231,2.378,-0.084,-0.496
na,2023-Jul,Manley,DVM,2023-07-10,12:12,12.2,2,L,18,2598,330,185,8.5,L,71,190,na,na,,2023-07-14,2598,13:00,13,45,52,130,197,,,2023-07-26,y,2598,11:45,11.75,423,31,53,,14.628,5.819,-1.172,-12.893
na,2023-Jul,Manley,DVM,2023-07-10,12:12,12.2,1,L,17,2593,95,80,4.5,0,28,74,na,na,,2023-07-14,2593,13:00,13,31,19,42,93,,,2023-07-26,y,2593,11:45,11.75,128,27,10,,3.471,2.065,-0.335,1.240
na,2023-Jul,Manley,DVM,2023-07-10,12:12,12.2,1,L,15,1697,213,87,4.5,0,15,58,na,na,,2023-07-14,1697,13:00,13,25,8,24,67,,,2023-07-26,y,1697,11:45,11.75,219,33,21,,2.231,0.375,0.670,0.000
na,2023-Jul,Manley,DVM,2023-07-10,12:12,12.2,2,R,10,1911,118,75,4,0,15,59,na,na,,2023-07-14,1911,13:00,13,25,13,26,71,,at L3,2023-07-26,y,1911,11:45,11.75,138,27,15,,2.727,1.251,0.167,0.248
na,2023-Jul,Manley,LL,2023-07-10,12:12,12.2,3,R,17,2599,104,70,3,0,30,81,na,na,,2023-07-14,2599,13:00,13,na,na,na,na,n,"plant missing, tag found on bottom",2023-07-26,n,2599,11:45,11.75,na,na,na,,na,na,na,na
na,2023-Jul,Manley,LL,2023-07-10,12:12,12.2,3,R,3,2594,168,73,4,0,25,71,na,na,,2023-07-14,2594,13:00,13,19,9,31,65,,broken end,2023-07-26,y,2594,11:45,11.75,299,22,11,,1.488,8.197,0.251,-2.975
na,2023-Jul,Manley,LL,2023-07-10,12:12,12.2,3,L,6,2675,150,63,4,0,10,50,na,na,,2023-07-14,2675,13:00,13,22,12,14,56,,,2023-07-26,n,2675,11:45,11.75,na,na,na,,0.992,na,na,0.496
na,2023-Jul,Manley,LL,2023-07-10,12:12,12.2,2,L,20,281,150,97,5,0,30,108,na,na,,2023-07-14,281,13:00,13,26,16,32,86,,blade cut,2023-07-26,y,281,11:45,11.75,200,22,20,,0.496,3.129,-0.335,-5.950
na,2023-Jul,Manley,LL,2023-07-10,12:12,12.2,2,R,10,1817,248,129,6.5,0,25,88,na,na,,2023-07-14,1817,13:00,13,63,32,na,na,n,no punch,2023-07-26,y,1817,11:45,11.75,410,51,40,,na,10.137,-1.004,na
na,2023-Jul,Manley,DCO,2023-07-10,12:12,12.2,3,R,3,2597,120,97,6,0,15,71,na,na,,2023-07-14,2597,12:12,12.2,40,18,30,86,,,2023-07-26,y,2597,11:45,11.75,139,34,22,,3.750,1.189,-0.501,0.000
na,2023-Jul,Manley,DCO,2023-07-10,12:12,12.2,3,L,7,1946,379,137,7.5,0,30,111,na,na,,2023-07-14,1946,12:12,12.2,52,33,50,155,,,2023-07-26,y,1946,11:45,11.75,380,47,36,,5.000,0.063,-0.417,6.000
na,2023-Jul,Manley,DCO,2023-07-10,12:12,12.2,3,R,17,2022,365,48,3,0,10,32,na,na,,2023-07-14,2022,12:12,12.2,19,28,11,30,,blade cut,2023-07-26,y,2022,11:45,11.75,368,16,28,,0.250,0.188,-0.250,-0.750
na,2023-Jul,Manley,DCO,2023-07-10,12:12,12.2,3,R,14,2601,318,141,8.5,0,10,34,na,na,,2023-07-14,2601,12:12,12.2,49,43,23,47,,,2023-07-26,y,2601,11:45,11.75,329,46,45,,3.250,0.688,-0.250,0.000
na,2018-Jul,Manley,KH,2018-07-19,10:35,na,2.5,na,13,na,302,57,na,na,na,na,32,na,,na,na,na,na,na,na,na,na,na,,na,na,na,na,na,na,na,na,,na,na,na,na
na,2018-Jul,Manley,KH,2018-07-19,10:35,na,2.5,na,9,na,263,32,na,na,na,na,22,na,,na,na,na,na,na,na,na,na,na,,na,na,na,na,na,na,na,na,,na,na,na,na
na,2018-Jul,Manley,KH,2018-07-19,10:35,na,2.5,na,7,na,151,45,na,na,na,na,29,na,,na,na,na,na,na,na,na,na,na,,na,na,na,na,na,na,na,na,,na,na,na,na
na,2018-Jul,Manley,NAP,2018-07-19,10:35,na,1.5,na,18,na,355,64,na,na,na,na,46,na,,na,na,na,na,na,na,na,na,na,,na,na,na,na,na,na,na,na,,na,na,na,na
na,2018-Jul,Manley,NAP,2018-07-19,10:35,na,1.5,na,12,na,330,56,na,na,na,na,65,na,,na,na,na,na,na,na,na,na,na,,na,na,na,na,na,na,na,na,,na,na,na,na
na,2018-Jul,Manley,NAP,2018-07-19,10:35,na,1.5,na,8,na,383,31,na,na,na,na,33,na,,na,na,na,na,na,na,na,na,na,,na,na,na,na,na,na,na,na,,na,na,na,na
na,2018-Jul,Second,KH,2018-07-19,13:25,na,2.5,na,19,na,497,101,na,na,na,na,64,na,,na,na,na,na,na,na,na,na,na,,na,na,na,na,na,na,na,na,,na,na,na,na
na,2018-Jul,Second,KH,2018-07-19,13:25,na,2.5,na,18.2,na,285,67,na,na,na,na,28,na,,na,na,na,na,na,na,na,na,na,,na,na,na,na,na,na,na,na,,na,na,na,na
na,2018-Jul,Second,KH,2018-07-19,13:25,na,2.5,na,18,na,191,73,na,na,na,na,22,na,,na,na,na,na,na,na,na,na,na,,na,na,na,na,na,na,na,na,,na,na,na,na
na,2018-Jul,Second,KH,2018-07-19,13:25,na,2.5,na,18.25,na,226,54,na,na,na,na,21,na,,na,na,na,na,na,na,na,na,na,,na,na,na,na,na,na,na,na,,na,na,na,na
na,2018-Jul,Second,KH,2018-07-19,13:25,na,2.5,na,10,na,344,92,na,na,na,na,67,na,,na,na,na,na,na,na,na,na,na,,na,na,na,na,na,na,na,na,,na,na,na,na
na,2018-Jul,Second,KH,2018-07-19,13:25,na,2.5,na,9,na,118,42,na,na,na,na,19,na,,na,na,na,na,na,na,na,na,na,,na,na,na,na,na,na,na,na,,na,na,na,na
na,2018-Jul,Second,KH,2018-07-19,13:25,na,2.5,na,9.1,na,206,47,na,na,na,na,34,na,,na,na,na,na,na,na,na,na,na,,na,na,na,na,na,na,na,na,,na,na,na,na
na,2018-Jul,Second,KH,2018-07-19,13:25,na,2.5,na,4,na,363,94,na,na,na,na,58,na,,na,na,na,na,na,na,na,na,na,,na,na,na,na,na,na,na,na,,na,na,na,na
na,2018-Jul,Second,KH,2018-07-19,13:25,na,2.5,na,3,na,223,52,na,na,na,na,32,na,,na,na,na,na,na,na,na,na,na,,na,na,na,na,na,na,na,na,,na,na,na,na
na,2018-Jul,Second,KH,2018-07-19,13:25,na,2.5,na,2.5,na,187,90,na,na,na,na,36,na,,na,na,na,na,na,na,na,na,na,,na,na,na,na,na,na,na,na,,na,na,na,na
na,2018-Jul,Second,KH,2018-07-19,13:25,na,2.5,na,2.4,na,257,89,na,na,na,na,43,na,,na,na,na,na,na,na,na,na,na,,na,na,na,na,na,na,na,na,,na,na,na,na
na,2018-Jul,Second,KH,2018-07-19,13:25,na,2.5,na,1.5,na,173,60,na,na,na,na,26,na,,na,na,na,na,na,na,na,na,na,,na,na,na,na,na,na,na,na,,na,na,na,na
na,2018-Jul,Second,KH,2018-07-19,13:25,na,2.5,na,1.6,na,239,55,na,na,na,na,29,na,,na,na,na,na,na,na,na,na,na,,na,na,na,na,na,na,na,na,,na,na,na,na
na,2018-Jul,Second,NAP,2018-07-19,13:25,na,2.5,na,0,na,375,112,na,na,na,na,117,na,,na,na,na,na,na,na,na,na,na,,na,na,na,na,na,na,na,na,,na,na,na,na
na,2018-Jul,Second,NAP,2018-07-19,13:25,na,2.5,na,0,na,323,127,na,na,na,na,49,na,,na,na,na,na,na,na,na,na,na,,na,na,na,na,na,na,na,na,,na,na,na,na
na,2018-Jul,Second,NAP,2018-07-19,13:25,na,2.5,na,0,na,219,120,na,na,na,na,55,na,,na,na,na,na,na,na,na,na,na,,na,na,na,na,na,na,na,na,,na,na,na,na
na,2018-Jul,Second,NAP,2018-07-19,13:25,na,2.5,na,0,na,178,94,na,na,na,na,47,na,,na,na,na,na,na,na,na,na,na,,na,na,na,na,na,na,na,na,,na,na,na,na
na,2018-Jul,Second,NAP,2018-07-19,13:25,na,2.5,na,2,na,302,85,na,na,na,na,61,na,,na,na,na,na,na,na,na,na,na,,na,na,na,na,na,na,na,na,,na,na,na,na
na,2018-Jul,Second,NAP,2018-07-19,13:25,na,2.5,na,2,na,292,79,na,na,na,na,54,na,,na,na,na,na,na,na,na,na,na,,na,na,na,na,na,na,na,na,,na,na,na,na
na,2018-Jul,Second,NAP,2018-07-19,13:25,na,1.5,na,18,na,276,73,na,na,na,na,28,na,,na,na,na,na,na,na,na,na,na,,na,na,na,na,na,na,na,na,,na,na,na,na
na,2018-Jul,Second,NAP,2018-07-19,13:25,na,1.5,na,18,na,461,66,na,na,na,na,43,na,,na,na,na,na,na,na,na,na,na,,na,na,na,na,na,na,na,na,,na,na,na,na
na,2018-Jul,Second,NAP,2018-07-19,13:25,na,1.5,na,18,na,119,67,na,na,na,na,15,na,,na,na,na,na,na,na,na,na,na,,na,na,na,na,na,na,na,na,,na,na,na,na
na,2018-Jul,Second,NAP,2018-07-19,13:25,na,1.5,na,18,na,241,77,na,na,na,na,22,na,,na,na,na,na,na,na,na,na,na,,na,na,na,na,na,na,na,na,,na,na,na,na
na,2018-Jul,Second,NAP,2018-07-19,13:25,na,1.5,na,14,na,248,92,na,na,na,na,37,na,,na,na,na,na,na,na,na,na,na,,na,na,na,na,na,na,na,na,,na,na,na,na
na,2018-Jul,Second,NAP,2018-07-19,13:25,na,1.5,na,8,na,120,60,na,na,na,na,17,na,,na,na,na,na,na,na,na,na,na,,na,na,na,na,na,na,na,na,,na,na,na,na
na,2018-Jul,Second,NAP,2018-07-19,13:25,na,1.5,na,8,na,146,64,na,na,na,na,23,na,,na,na,na,na,na,na,na,na,na,,na,na,na,na,na,na,na,na,,na,na,na,na
na,2018-Jul,Second,NAP,2018-07-19,13:25,na,1.5,na,4,na,143,87,na,na,na,na,38,na,,na,na,na,na,na,na,na,na,na,,na,na,na,na,na,na,na,na,,na,na,na,na
na,2018-Jul,Second,NAP,2018-07-19,13:25,na,1.5,na,0,na,360,97,na,na,na,na,103,na,,na,na,na,na,na,na,na,na,na,,na,na,na,na,na,na,na,na,,na,na,na,na
na,2018-Jul,North,NAP,2018-07-19,16:30,na,1.5,na,6,na,277,105,na,na,na,na,33,na,,na,na,na,na,na,na,na,na,na,,na,na,na,na,na,na,na,na,,na,na,na,na
na,2018-Jul,North,NAP,2018-07-19,16:30,na,1.5,na,6,na,577,148,na,na,na,na,81,na,,na,na,na,na,na,na,na,na,na,,na,na,na,na,na,na,na,na,,na,na,na,na
na,2018-Jul,North,NAP,2018-07-19,16:30,na,1.5,na,6,na,440,97,na,na,na,na,38,na,,na,na,na,na,na,na,na,na,na,,na,na,na,na,na,na,na,na,,na,na,na,na
na,2018-Jul,North,NAP,2018-07-19,16:30,na,1.5,na,4,na,412,119,na,na,na,na,39,na,,na,na,na,na,na,na,na,na,na,,na,na,na,na,na,na,na,na,,na,na,na,na
na,2018-Jul,North,NAP,2018-07-19,16:30,na,1.5,na,4,na,353,142,na,na,na,na,36,na,,na,na,na,na,na,na,na,na,na,,na,na,na,na,na,na,na,na,,na,na,na,na
na,2018-Jul,North,NAP,2018-07-19,16:30,na,1.5,na,4,na,415,127,na,na,na,na,57,na,,na,na,na,na,na,na,na,na,na,,na,na,na,na,na,na,na,na,,na,na,na,na
na,2018-Jul,North,NAP,2018-07-19,16:30,na,1.5,na,4,na,353,155,na,na,na,na,38,na,,na,na,na,na,na,na,na,na,na,,na,na,na,na,na,na,na,na,,na,na,na,na
na,2018-Jul,North,NAP,2018-07-19,16:30,na,1.5,na,4,na,580,123,na,na,na,na,59,na,,na,na,na,na,na,na,na,na,na,,na,na,na,na,na,na,na,na,,na,na,na,na
na,2018-Jul,North,NAP,2018-07-19,16:30,na,1.5,na,4,na,417,132,na,na,na,na,57,na,,na,na,na,na,na,na,na,na,na,,na,na,na,na,na,na,na,na,,na,na,na,na
na,2018-Jul,North,NAP,2018-07-19,16:30,na,1.5,na,4,na,353,117,na,na,na,na,34,na,,na,na,na,na,na,na,na,na,na,,na,na,na,na,na,na,na,na,,na,na,na,na
na,2018-Jul,North,NAP,2018-07-19,16:30,na,1.5,na,4,na,450,137,na,na,na,na,55,na,,na,na,na,na,na,na,na,na,na,,na,na,na,na,na,na,na,na,,na,na,na,na
na,2018-Jul,North,NAP,2018-07-19,16:30,na,1.5,na,2,na,434,108,na,na,na,na,60,na,,na,na,na,na,na,na,na,na,na,,na,na,na,na,na,na,na,na,,na,na,na,na
na,2018-Jul,North,NAP,2018-07-19,16:30,na,1.5,na,2,na,389,123,na,na,na,na,48,na,,na,na,na,na,na,na,na,na,na,,na,na,na,na,na,na,na,na,,na,na,na,na
na,2018-Jul,North,NAP,2018-07-19,16:30,na,1.5,na,2,na,380,127,na,na,na,na,47,na,,na,na,na,na,na,na,na,na,na,,na,na,na,na,na,na,na,na,,na,na,na,na
na,2018-Jul,North,NAP,2018-07-19,16:30,na,1.5,na,2,na,118,81,na,na,na,na,7,na,,na,na,na,na,na,na,na,na,na,,na,na,na,na,na,na,na,na,,na,na,na,na
na,2018-Jul,North,NAP,2018-07-19,16:30,na,1.5,na,2,na,687,143,na,na,na,na,72,na,,na,na,na,na,na,na,na,na,na,,na,na,na,na,na,na,na,na,,na,na,na,na
na,2018-Jul,North,NAP,2018-07-19,16:30,na,1.5,na,2,na,342,135,na,na,na,na,35,na,,na,na,na,na,na,na,na,na,na,,na,na,na,na,na,na,na,na,,na,na,na,na
na,2018-Jul,North,NAP,2018-07-19,16:30,na,1.5,na,0,na,326,133,na,na,na,na,38,na,,na,na,na,na,na,na,na,na,na,,na,na,na,na,na,na,na,na,,na,na,na,na
na,2018-Jul,North,NAP,2018-07-19,16:30,na,1.5,na,0,na,461,133,na,na,na,na,70,na,,na,na,na,na,na,na,na,na,na,,na,na,na,na,na,na,na,na,,na,na,na,na
na,2018-Jul,North,NAP,2018-07-19,16:30,na,1.5,na,0,na,369,112,na,na,na,na,46,na,,na,na,na,na,na,na,na,na,na,,na,na,na,na,na,na,na,na,,na,na,na,na
na,2018-Jul,North,KH,2018-07-19,16:30,na,1.5,na,2,na,579,105,na,na,na,na,46,na,,na,na,na,na,na,na,na,na,na,,na,na,na,na,na,na,na,na,,na,na,na,na
na,2018-Jul,North,KH,2018-07-19,16:30,na,1.5,na,3.9,na,539,89,na,na,na,na,39,na,,na,na,na,na,na,na,na,na,na,,na,na,na,na,na,na,na,na,,na,na,na,na
na,2018-Jul,North,KH,2018-07-19,16:30,na,1.5,na,2.8,na,473,123,na,na,na,na,69,na,,na,na,na,na,na,na,na,na,na,,na,na,na,na,na,na,na,na,,na,na,na,na
na,2018-Jul,North,KH,2018-07-19,16:30,na,1.5,na,0,na,601,170,na,na,na,na,57,na,,na,na,na,na,na,na,na,na,na,,na,na,na,na,na,na,na,na,,na,na,na,na
na,2018-Jul,North,LL,2018-07-19,16:30,na,1.5,na,2,na,422,134,na,na,na,na,43,na,,na,na,na,na,na,na,na,na,na,,na,na,na,na,na,na,na,na,,na,na,na,na
na,2018-Jul,North,LL,2018-07-19,16:30,na,1.5,na,0,na,446,128,na,na,na,na,50,na,,na,na,na,na,na,na,na,na,na,,na,na,na,na,na,na,na,na,,na,na,na,na
na,2018-Jul,North,LL,2018-07-19,16:30,na,1.5,na,0,na,480,130,na,na,na,na,24,na,,na,na,na,na,na,na,na,na,na,,na,na,na,na,na,na,na,na,,na,na,na,na
na,2018-Jul,North,LL,2018-07-19,16:30,na,1.5,na,0,na,453,93,na,na,na,na,57,na,,na,na,na,na,na,na,na,na,na,,na,na,na,na,na,na,na,na,,na,na,na,na
na,2018-Jul,North,KH,2018-07-19,16:30,na,2.5,na,4,na,373,152,na,na,na,na,58,na,,na,na,na,na,na,na,na,na,na,,na,na,na,na,na,na,na,na,,na,na,na,na
na,2018-Jul,North,KH,2018-07-19,16:30,na,2.5,na,7,na,395,146,na,na,na,na,53,na,,na,na,na,na,na,na,na,na,na,,na,na,na,na,na,na,na,na,,na,na,na,na
na,2018-Jul,North,KH,2018-07-19,16:30,na,2.5,na,11.5,na,479,127,na,na,na,na,50,na,,na,na,na,na,na,na,na,na,na,,na,na,na,na,na,na,na,na,,na,na,na,na
na,2018-Jul,North,KH,2018-07-19,16:30,na,2.5,na,12,na,392,124,na,na,na,na,36,na,,na,na,na,na,na,na,na,na,na,,na,na,na,na,na,na,na,na,,na,na,na,na
na,2018-Jul,North,KH,2018-07-19,16:30,na,2.5,na,12.5,na,450,135,na,na,na,na,53,na,,na,na,na,na,na,na,na,na,na,,na,na,na,na,na,na,na,na,,na,na,na,na
na,2018-Jul,North,KH,2018-07-19,16:30,na,2.5,na,13,na,189,107,na,na,na,na,25,na,,na,na,na,na,na,na,na,na,na,,na,na,na,na,na,na,na,na,,na,na,na,na
na,2018-Jul,North,KH,2018-07-19,16:30,na,2.5,na,14,na,545,150,na,na,na,na,50,na,,na,na,na,na,na,na,na,na,na,,na,na,na,na,na,na,na,na,,na,na,na,na
na,2018-Jul,North,KH,2018-07-19,16:30,na,2.5,na,15,na,322,128,na,na,na,na,168,na,,na,na,na,na,na,na,na,na,na,,na,na,na,na,na,na,na,na,,na,na,na,na
na,2018-Jul,North,KH,2018-07-19,16:30,na,2.5,na,15.5,na,475,124,na,na,na,na,18,na,,na,na,na,na,na,na,na,na,na,,na,na,na,na,na,na,na,na,,na,na,na,na
na,2018-Jul,North,KH,2018-07-19,16:30,na,2.5,na,17,na,673,143,na,na,na,na,35,na,,na,na,na,na,na,na,na,na,na,,na,na,na,na,na,na,na,na,,na,na,na,na
na,2018-Jul,North,KH,2018-07-19,16:30,na,2.5,na,17.5,na,561,99,na,na,na,na,30,na,,na,na,na,na,na,na,na,na,na,,na,na,na,na,na,na,na,na,,na,na,na,na
na,2018-Jul,North,KH,2018-07-19,16:30,na,2.5,na,18,na,515,134,na,na,na,na,81,na,,na,na,na,na,na,na,na,na,na,,na,na,na,na,na,na,na,na,,na,na,na,na
na,2018-Jul,North,KH,2018-07-19,16:30,na,2.5,na,18.1,na,517,112,na,na,na,na,31,na,,na,na,na,na,na,na,na,na,na,,na,na,na,na,na,na,na,na,,na,na,na,na
na,2018-Jul,North,KH,2018-07-19,16:30,na,2.5,na,19,na,572,128,na,na,na,na,40,na,,na,na,na,na,na,na,na,na,na,,na,na,na,na,na,na,na,na,,na,na,na,na
na,2018-Jul,North,KH,2018-07-19,16:30,na,2.5,na,19.1,na,466,130,na,na,na,na,37,na,,na,na,na,na,na,na,na,na,na,,na,na,na,na,na,na,na,na,,na,na,na,na
na,2018-Jul,North,KH,2018-07-19,16:30,na,2.5,na,19.5,na,500,79,na,na,na,na,60,na,,na,na,na,na,na,na,na,na,na,,na,na,na,na,na,na,na,na,,na,na,na,na
na,2018-Jul,North,KH,2018-07-19,16:30,na,2.5,na,19.6,na,570,77,na,na,na,na,46,na,,na,na,na,na,na,na,na,na,na,,na,na,na,na,na,na,na,na,,na,na,na,na
na,2024-Jul,Ratatouille,LL/DVM,2024-07-20,13:48,13.80,3,R,1,2610,224,88,6.5,0,30,88,na,na,,2024-07-24,2610,14:00,14.00,na,23,na,na,y,,2024-07-24,y,2610,14:00,14.00,280,na,na,,na,13.971,na,na
na,2024-Jul,Ratatouille,LL/DVM,2024-07-20,13:48,13.80,3,R,3,2607,262,124,4,0,30,100,na,na,,2024-07-24,2607,14:00,14.00,na,21,40,106,y,,2024-07-24,y,2607,14:00,14.00,310,na,na,,2.495,11.975,na,-0.998
na,2024-Jul,Ratatouille,LL/DVM,2024-07-20,13:48,13.80,3,R,4,2515.1,226,150,5.5,0,30,98,na,na,,2024-07-24,2515.1,14:00,14.00,na,19,48,139,y,,2024-07-24,y,2515.1,14:00,14.00,258,na,na,,4.491,7.983,na,5.738
na,2024-Jul,Ratatouille,LL/DVM,2024-07-20,13:48,13.80,3,L,4.3,201.2,644,160,6.5,0,40,187,na,na,,2024-07-24,201.2,14:00,14.00,na,48,70,204,y,,2024-07-24,y,201.2,14:00,14.00,701,na,na,,7.484,14.220,na,-3.243
na,2024-Jul,Ratatouille,LL/DVM,2024-07-20,13:48,13.80,3,R,7,2664.2,246,208,5.5,0,50,200,na,na,,2024-07-24,2664.2,14:00,14.00,na,24,83,240,y,,2024-07-24,y,2664.2,14:00,14.00,269,na,na,,8.233,5.738,na,1.746
na,2024-Jul,Ratatouille,LL/DVM,2024-07-20,13:48,13.80,3,R,7,202.2,190,110,6,0,30,95,na,na,,2024-07-24,202.2,14:00,14.00,na,21,50,108,y,,2024-07-24,y,202.2,14:00,14.00,238,na,na,,4.990,11.975,na,-1.746
na,2024-Jul,Ratatouille,LL/DVM,2024-07-20,13:48,13.80,3,R,7.5,2605,171,78,4,0,15,75,na,na,,2024-07-24,2605,14:00,14.00,na,23,28,98,y,,2024-07-24,y,2605,14:00,14.00,205,na,na,,3.243,8.482,na,2.495
na,2024-Jul,Ratatouille,DCO/OP,2024-07-20,14:00,14.00,2,R,1,2565.4,122,96,5.5,0,32,105,na,na,,2024-07-24,2565.4,14:00,14.00,na,18,42.5,58,y,,2024-07-24,y,2565.4,14:00,14.00,140,na,na,,2.625,4.500,na,-14.375
na,2024-Jul,Ratatouille,DCO/OP,2024-07-20,14:00,14.00,2,L,1.8,2572.4,187,133,4.5,0,31.5,102,na,na,,2024-07-24,2572.4,14:00,14.00,na,32,45,97,y,,2024-07-24,y,2572.4,14:00,14.00,218,na,na,,3.375,7.750,na,-4.625
na,2024-Jul,Ratatouille,DCO/OP,2024-07-20,14:00,14.00,2,L,2.2,1817.4,280,270,7.5,L,59,233,na,na,,2024-07-24,1817.4,14:00,14.00,na,42,82.5,133,y,,2024-07-24,y,1817.4,14:00,14.00,286,na,na,,5.875,1.500,na,-30.875
na,2024-Jul,Ratatouille,DCO/OP,2024-07-20,14:00,14.00,2,L,2.6,2072.4,278,160,7,0,53,178,na,na,,2024-07-24,2072.4,14:00,14.00,na,39,81,132,y,,2024-07-24,y,2072.4,14:00,14.00,316,na,na,,7.000,9.500,na,-18.500
na,2024-Jul,Ratatouille,DCO/OP,2024-07-20,14:00,14.00,2,R,7,1825.4,562,241,14,L,60,239,na,na,,2024-07-24,1825.4,14:00,14.00,na,51,86,238,y,,2024-07-24,y,1825.4,14:00,14.00,572,na,na,,6.500,2.500,na,-6.750
na,2024-Jul,Ratatouille,DCO/OP,2024-07-20,14:00,14.00,2,R,7.1,2001.4,526,128,5,0,36,113,na,na,,2024-07-24,2001.4,14:00,14.00,na,20,65,140,y,,2024-07-24,y,2001.4,14:00,14.00,564,na,na,,7.250,9.500,na,-0.500
na,2024-Jul,Ratatouille,DCO/OP,2024-07-20,14:00,14.00,2,L,13,0.4,220,130,5,0,41.5,123,na,na,,2024-07-24,0.4,14:00,14.00,na,23,65,135,y,,2024-07-24,y,0.4,14:00,14.00,344,na,na,,5.875,31.000,na,-2.875
na,2024-Jul,Ratatouille,DCO/OP,2024-07-20,14:00,14.00,2,L,13,0.5,480,300,15,H,45.5,170,na,na,,2024-07-24,0.5,14:00,14.00,na,54,72,198,y,,2024-07-24,y,0.5,14:00,14.00,480,na,na,,6.625,0.000,na,0.375
na,2024-Jul,Triquetta,LL/DVM,2024-07-20,10:23,10.38,2,L,0,1911.4,229,68,4.5,0,47,70,na,na,,2024-07-24,1911.4,10:00,10.00,na,24,na,na,y,,2024-07-24,y,1911.4,10:00,10.00,214,na,na,,na,-3.765,na,na
na,2024-Jul,Triquetta,LL/DVM,2024-07-20,10:23,10.38,2,L,2,2590.4,147,40,3.5,0,10,34,na,na,,2024-07-24,2590.4,10:00,10.00,na,16,na,na,y,,2024-07-24,y,2590.4,10:00,10.00,143,na,na,,na,-1.004,na,na
na,2024-Jul,Triquetta,LL/DVM,2024-07-20,10:23,10.38,2,L,17,2578.4,362,100,7,0,30,97,na,na,,2024-07-24,2578.4,10:00,10.00,na,36,38,78,y,,2024-07-24,y,2578.4,10:00,10.00,350,na,na,,2.008,-3.012,na,-6.777
na,2024-Jul,Triquetta,LL/DVM,2024-07-20,10:23,10.38,2,R,20,2582.4,130,56,3,0,10,40,na,na,,2024-07-24,2582.4,10:00,10.00,na,15,18,41,y,,2024-07-24,y,2582.4,10:00,10.00,146,na,na,,2.008,4.016,na,-1.757
na,2024-Jul,Triquetta,LL/DVM,2024-07-20,10:23,10.38,1,L,7.5,2574.4,164,56,6,0,9,22,na,na,,2024-07-24,2574.4,10:00,10.00,na,na,na,na,y,,2024-07-24,y,2574.4,10:00,10.00,na,na,na,,na,na,na,na
na,2024-Jul,Triquetta,LL/DVM,2024-07-20,10:23,10.38,1,R,14,2022.4,254,58,4.5,0,10,37,na,na,,2024-07-24,2022.4,10:00,10.00,na,22,10,28,y,,2024-07-24,y,2022.4,10:00,10.00,252,na,na,,0.000,-0.502,na,-2.259
na,2024-Jul,Triquetta,LL/DVM,2024-07-20,10:23,10.38,1,L,15.5,1714.4,184,35,4,0,10,27,na,na,,2024-07-24,1714.4,10:00,10.00,na,na,na,na,y,,2024-07-24,y,1714.4,10:00,10.00,na,na,na,,na,na,na,na
na,2024-Jul,Triquetta,DCO/OP,2024-07-20,10:00,10.00,3,L,3,208.4,233,72,4,0,20,60,na,na,,2024-07-24,208.4,10:00,10.00,na,22,26,64,y,,2024-07-24,y,208.4,10:00,10.00,234,na,na,,1.500,0.250,na,-0.500
na,2024-Jul,Triquetta,DCO/OP,2024-07-20,10:00,10.00,3,L,3,2542.4,283,52,3.5,0,20,56,na,na,,2024-07-24,2542.4,10:00,10.00,na,24,24,50,y,,2024-07-24,y,2542.4,10:00,10.00,292,na,na,,1.000,2.250,na,-2.500
na,2024-Jul,Triquetta,DCO/OP,2024-07-20,10:00,10.00,3,R,14,73.4,288,61,3,0,14.5,46,na,na,,2024-07-24,73.4,10:00,10.00,na,25,20,42,y,,2024-07-24,y,73.4,10:00,10.00,297,na,na,,1.375,2.250,na,-2.375
na,2024-Jul,Triquetta,DCO/OP,2024-07-20,10:00,10.00,3,R,17,2117.4,248,46,3.5,0,20,60,na,na,,2024-07-24,2117.4,10:00,10.00,na,26,28,58,y,,2024-07-24,y,2117.4,10:00,10.00,299,na,na,,2.000,12.750,na,-2.500
na,2024-Jul,Triquetta,DCO/OP,2024-07-20,10:00,10.00,3,L,20,217.4,220,70,4.5,0,30,62,na,na,,2024-07-24,217.4,10:00,10.00,na,23,39,64,y,,2024-07-24,y,217.4,10:00,10.00,230,na,na,,2.250,2.500,na,-1.750
na,2024-Jul,Triquetta,DCO/OP,2024-07-20,10:00,10.00,3,L,20,1797.4,197,55,4,0,20,58,na,na,,2024-07-24,1797.4,10:00,10.00,na,27,29.5,62,y,,2024-07-24,y,1797.4,10:00,10.00,212,na,na,,2.375,3.750,na,-1.375
na,2024-Jul,Triquetta,DCO/OP,2024-07-20,10:00,10.00,3,L,20,213.4,91,40,3,0,13,41,na,na,,2024-07-24,213.4,10:00,10.00,na,8,na,na,y,,2024-07-24,y,213.4,10:00,10.00,96,na,na,,na,1.250,na,na
na,2024-Jul,Triquetta,DCO/OP,2024-07-20,10:00,10.00,3,L,3,2551.4,225,90,4.5,0,25,64,na,na,,2024-07-24,2551.4,10:00,10.00,na,23,35,56,y,,2024-07-24,y,2551.4,10:00,10.00,233,na,na,,2.500,2.000,na,-4.500
na,2024-Jul,Breaker,DCO/OP,2024-07-20,12:00,12.00,2,R,2.3,2134.4,480,107,5.5,0,36.5,115,na,na,,2024-07-24,2134.4,12:00,12.00,na,53,50.5,100,y,,2024-07-24,y,2134.4,12:00,12.00,477,na,na,,3.500,-0.750,na,-7.250
na,2024-Jul,Breaker,DCO/OP,2024-07-20,12:00,12.00,2,R,3,223.4,391,108,6.5,0,36,107,na,na,,2024-07-24,223.4,12:00,12.00,na,40,50,82,y,,2024-07-24,y,223.4,12:00,12.00,395,na,na,,3.500,1.000,na,-9.750
na,2024-Jul,Breaker,DCO/OP,2024-07-20,12:00,12.00,2,L,5,204.4,427,65,6,0,37,91,na,na,,2024-07-24,204.4,12:00,12.00,na,45,46,71,y,,2024-07-24,y,204.4,12:00,12.00,424,na,na,,2.250,-0.750,na,-7.250
na,2024-Jul,Breaker,DCO/OP,2024-07-20,12:00,12.00,2,R,6.3,206.4,400,72,7,0,30,67,na,na,,2024-07-24,206.4,12:00,12.00,na,36,41,64,y,,2024-07-24,y,206.4,12:00,12.00,404,na,na,,2.750,1.000,na,-3.500
na,2024-Jul,Breaker,DCO/OP,2024-07-20,12:00,12.00,2,L,8.2,209.4,533,66,6,0,31.5,96,na,na,,2024-07-24,209.4,12:00,12.00,na,46,42,102,y,,2024-07-24,y,209.4,12:00,12.00,537,na,na,,2.625,1.000,na,-1.125
na,2024-Jul,Breaker,DCO/OP,2024-07-20,12:00,12.00,2,R,11.1,106.4,471,90,8.5,L,43,134,na,na,,2024-07-24,106.4,12:00,12.00,na,51,59,130,y,,2024-07-24,y,106.4,12:00,12.00,474,na,na,,4.000,0.750,na,-5.000
na,2024-Jul,Breaker,DCO/OP,2024-07-20,12:00,12.00,2,R,11.2,377.4,507,96,9,L,37,94,na,na,,2024-07-24,377.4,12:00,12.00,na,50,47,82,y,,2024-07-24,y,377.4,12:00,12.00,508,na,na,,2.500,0.250,na,-5.500
na,2024-Jul,Breaker,LL/DVM,2024-07-20,12:14,12.23,2,R,2,2562.4,430,100,5,H,45,120,na,na,,2024-07-24,2562.4,12:00,12.00,na,49,52,86,y,,2024-07-24,y,2562.4,12:00,12.00,526,na,na,,1.754,24.058,na,-10.275
na,2024-Jul,Breaker,LL/DVM,2024-07-20,12:14,12.23,2,R,2,2561.4,392,85,6,H,15,52,na,na,,2024-07-24,2561.4,12:00,12.00,na,50,24,60,y,,2024-07-24,y,2561.4,12:00,12.00,391,na,na,,2.255,-0.251,na,-0.251
na,2024-Jul,Breaker,LL/DVM,2024-07-20,12:14,12.23,2,R,3.4,2591.4,429,150,7.5,H,30,78,na,na,,2024-07-24,2591.4,12:00,12.00,na,46,34,67,y,,2024-07-24,y,2591.4,12:00,12.00,513,na,na,,1.002,21.051,na,-3.759
na,2024-Jul,Breaker,LL/DVM,2024-07-20,12:14,12.23,2,R,3.5,1833.4,513,98,8.5,L,10,39,na,na,,2024-07-24,1833.4,12:00,12.00,na,45,14,45,y,,2024-07-24,y,1833.4,12:00,12.00,520,na,na,,1.002,1.754,na,0.501
na,2024-Jul,Breaker,LL/DVM,2024-07-20,12:14,12.23,3,R,1,1848.4,408,200,9.5,H,40,188,na,na,,2024-07-24,1848.4,12:00,12.00,na,45,94,129,y,,2024-07-24,y,1848.4,12:00,12.00,400,na,na,,13.533,-2.005,na,-28.319
na,2024-Jul,Breaker,LL/DVM,2024-07-20,12:14,12.23,3,L,1.5,2584.4,438,90,8,L,30,105,na,na,,2024-07-24,2584.4,12:00,12.00,na,47,47,93,y,,2024-07-24,y,2584.4,12:00,12.00,432,na,na,,4.260,-1.504,na,-7.268
na,2024-Jul,Breaker,LL/DVM,2024-07-20,12:14,12.23,3,R,4,1820.4,227,78,6,L,15,68,na,na,,2024-07-24,1820.4,12:00,12.00,na,40,25,62,y,,2024-07-24,y,1820.4,12:00,12.00,324,na,na,,2.506,24.309,na,-4.010
na,2024-Jul,Breaker,LL/DVM,2024-07-20,12:14,12.23,3,L,3.5,1891.4,378,95,9.5,L,25,70,na,na,,2024-07-24,1891.4,12:00,12.00,na,42,34,68,y,,2024-07-24,y,1891.4,12:00,12.00,381,na,na,,2.255,0.752,na,-2.757
na,2025-Jul,McMullins_west,OP/AS,2025-07-03,11:00,11.00,na,na,na,2515,479,255,8,0,57,179,na,na,,2025-07-07,2515,13:20,13.33,52,39,90,207,y,,na,na,na,na,na,na,na,na,,8.054,na,na,-1.220
na,2025-Jul,McMullins_west,OP/AS,2025-07-03,11:00,11.00,na,na,na,2677,269,167,8.5,0,46,137,na,na,,2025-07-07,2677,13:20,13.33,38,39,71,150,y,,na,na,na,na,na,na,na,na,,6.102,na,na,-2.929
na,2025-Jul,McMullins_west,OP/AS,2025-07-03,11:00,11.00,na,na,na,2070,183,64,3.5,0,17.5,52,na,na,,2025-07-07,2070,13:20,13.33,23,20,33,70,y,,na,na,na,na,na,na,na,na,,3.783,na,na,0.610
na,2025-Jul,McMullins_west,OP/AS,2025-07-03,11:00,11.00,na,na,na,2602,394,384,8.5,L,66,193,na,na,,2025-07-07,2602,13:20,13.33,73,42,100,234,y,,na,na,na,na,na,na,na,na,,8.298,na,na,1.708
na,2025-Jul,McMullins_west,OP/AS,2025-07-03,11:00,11.00,na,na,na,2679,254,165,5.5,0,32,94,na,na,,2025-07-07,2679,13:20,13.33,62,40,47,109,y,,na,na,na,na,na,na,na,na,,3.661,na,na,0.000
na,2025-Jul,McMullins_west,OP/AS,2025-07-03,11:00,11.00,na,na,na,2604,190,92,5.5,0,16,57,na,na,,2025-07-07,2604,13:20,13.33,na,na,31,75,y,,na,na,na,na,na,na,na,na,,3.661,na,na,0.732
na,2025-Jul,McMullins_west,OP/AS,2025-07-03,11:00,11.00,na,na,na,2547,218,77,5,0,25,95,na,na,,2025-07-07,2547,13:20,13.33,na,na,46,115,y,,na,na,na,na,na,na,na,na,,5.125,na,na,-0.244
na,2025-Jul,McMullins_west,LL/DCO,2025-07-03,11:00,11.00,na,na,na,204,357,150,5,0,30,82.5,na,na,,2025-07-07,204,13:20,13.33,37,28,49,103,y,,na,na,na,na,na,na,na,na,,4.637,na,na,0.366
na,2025-Jul,McMullins_west,LL/DCO,2025-07-03,11:00,11.00,na,na,na,217,342,216,5,0,70,208,na,na,,2025-07-07,217,13:20,13.33,36,30,101,208,y,,na,na,na,na,na,na,na,na,,7.566,na,na,-7.566
na,2025-Jul,McMullins_west,LL/DCO,2025-07-03,11:00,11.00,na,na,na,224,653,180,6,0,63,159,na,na,,2025-07-07,224,13:20,13.33,83,46,89,178,y,,na,na,na,na,na,na,na,na,,6.346,na,na,-1.708
na,2025-Jul,McMullins_west,LL/DCO,2025-07-03,11:00,11.00,na,na,na,206,180,102,3,0,13,46,na,na,,2025-07-07,206,13:20,13.33,33,21,20,54,y,,na,na,na,na,na,na,na,na,,1.708,na,na,0.244
na,2025-Jul,McMullins_west,LL/DCO,2025-07-03,11:00,11.00,na,na,na,208,410,230,5,0,46.5,131,na,na,,2025-07-07,208,13:20,13.33,61,39,66.5,152,y,,na,na,na,na,na,na,na,na,,4.881,na,na,0.244
na,2025-Jul,McMullins_west,LL/DCO,2025-07-03,11:00,11.00,na,na,na,207,231,123,4.5,0,26.5,93,na,na,,2025-07-07,207,13:20,13.33,na,na,44,106,y,,na,na,na,na,na,na,na,na,,4.271,na,na,-1.098
na,2025-Jul,McMullins_west,LL/DCO,2025-07-03,11:00,11.00,na,na,na,223,347,167,4,0,29,109,na,na,,2025-07-07,223,13:20,13.33,na,na,na,na,n,,na,na,na,na,na,na,na,na,,na,na,na,na
na,2025-Jul,McMullins_west,LL/DCO,2025-07-03,11:00,11.00,na,na,na,201,185,127,5,0,26,85,na,na,,2025-07-07,201,13:20,13.33,23,25,42.5,101,y,,na,na,na,na,na,na,na,na,,4.027,na,na,-0.122
na,2025-Jul,Robert_rocks_south,OP/AS,2025-07-03,13:30,13.50,na,na,na,2601,532,172,6.5,0,43.5,122,na,na,,2025-07-08,2601,13:20,13.33,na,na,na,na,n,,na,na,na,na,na,na,na,na,,na,na,na,na
na,2025-Jul,Robert_rocks_south,OP/AS,2025-07-03,13:30,13.50,na,na,na,2599,388,187,5,0,60.5,180,na,na,,2025-07-08,2599,13:20,13.33,36,33,112,239,y,,na,na,na,na,na,na,na,na,,10.314,na,na,1.502
na,2025-Jul,Robert_rocks_south,OP/AS,2025-07-03,13:30,13.50,na,na,na,2542,627,480,7.5,L,200,415,na,na,,2025-07-08,2542,13:20,13.33,24,52,263,524,y,,na,na,na,na,na,na,na,na,,12.618,na,na,9.213
na,2025-Jul,Robert_rocks_south,OP/AS,2025-07-03,13:30,13.50,na,na,na,2670,525,204,7,L,77.5,272,na,na,,2025-07-08,2670,13:20,13.33,35,50,116,314,y,,na,na,na,na,na,na,na,na,,7.711,na,na,0.701
na,2025-Jul,Robert_rocks_south,OP/AS,2025-07-03,13:30,13.50,na,na,na,220,278,115,3.5,0,30.5,93,na,na,,2025-07-08,220,13:20,13.33,21,26,60.5,126,y,,na,na,na,na,na,na,na,na,,6.008,na,na,0.601
na,2025-Jul,Robert_rocks_south,OP/AS,2025-07-03,13:30,13.50,na,na,na,73,332,156,4,0,71,126.5,na,na,,2025-07-08,73,13:20,13.33,na,na,114,174,y,,na,na,na,na,na,na,na,na,,8.612,na,na,0.901
na,2025-Jul,Robert_rocks_south,OP/AS,2025-07-03,13:30,13.50,na,na,na,213,155,40,3,0,20,56,na,na,,2025-07-08,213,13:20,13.33,8,12,35.5,72,y,,na,na,na,na,na,na,na,na,,3.104,na,na,0.100
na,2025-Jul,Robert_rocks_south,OP/AS,2025-07-03,13:30,13.50,na,na,na,222,229,90,3.5,0,25.5,64,na,na,,2025-07-08,222,13:20,13.33,10,14,56,94,y,,na,na,na,na,na,na,na,na,,6.108,na,na,-0.100
na,2025-Jul,Robert_rocks_south,LL/DCO,2025-07-03,13:30,13.50,na,na,na,2597,377,300,5,0,50,153,na,na,,2025-07-08,2597,13:20,13.33,20,37,119,330,y,,na,na,na,na,na,na,na,na,,13.819,na,na,21.630
na,2025-Jul,Robert_rocks_south,LL/DCO,2025-07-03,13:30,13.50,na,na,na,2680,342,182,5.5,0,42,132,na,na,,2025-07-08,2680,13:20,13.33,24,40,73,179,y,,na,na,na,na,na,na,na,na,,6.209,na,na,3.204
na,2025-Jul,Robert_rocks_south,LL/DCO,2025-07-03,13:30,13.50,na,na,na,1946,373,150,6,0,35,94,na,na,,2025-07-08,1946,13:20,13.33,16,24,55.5,73,y,,na,na,na,na,na,na,na,na,,4.106,na,na,-8.312
na,2025-Jul,Robert_rocks_south,LL/DCO,2025-07-03,13:30,13.50,na,na,na,2663,355,150,4,0,27,84,na,na,,2025-07-08,2663,13:20,13.33,29,30,54,74,y,,na,na,na,na,na,na,na,na,,5.408,na,na,-7.410
na,2025-Jul,Robert_rocks_south,LL/DCO,2025-07-03,13:30,13.50,na,na,na,2603,498,382,4.5,0,105,300,na,na,,2025-07-08,2603,13:20,13.33,27,41,158,363,y,,na,na,na,na,na,na,na,na,,10.615,na,na,2.003
na,2025-Jul,Robert_rocks_south,LL/DCO,2025-07-03,13:30,13.50,na,na,na,2600,386,223,5,0,27,97,na,na,,2025-07-08,2600,13:20,13.33,24,39,56,122,y,,na,na,na,na,na,na,na,na,,5.808,na,na,-0.801
na,2025-Jul,Robert_rocks_south,LL/DCO,2025-07-03,13:30,13.50,na,na,na,2551,275,150,5,0,27.5,91,na,na,,2025-07-08,2551,13:20,13.33,14,26,63,138,y,,na,na,na,na,na,na,na,na,,7.110,na,na,2.303
na,2025-Jul,Robert_rocks_south,LL/DCO,2025-07-03,13:30,13.50,na,na,na,2590,411,150,4,0,34,140,na,na,,2025-07-08,2590,13:20,13.33,6,27,70,164,y,,na,na,na,na,na,na,na,na,,7.210,na,na,-2.403
na,2025-Jul,North,OP/DCO,2025-07-10,14:30,14.50,3,R,4.2,2677,213,170,6,0,60,192,na,na,,2025-07-15,2677,13:00,13.00,26,23,100,157,y,,2025-07-21,y,2677,9:00,9.00,308,32,na,,8.101,8.820,1.029,-15.190
na,2025-Jul,North,OP/DCO,2025-07-10,14:30,14.50,3,R,3,213,197,120,5,0,34,111,na,na,,2025-07-15,213,13:00,13.00,33,11,68,112,y,,2025-07-21,y,213,9:00,9.00,293,39,na,,6.886,8.913,1.029,-6.684
na,2025-Jul,North,OP/DCO,2025-07-10,14:30,14.50,3,L,2.7,2596,290,45,4,0,33.5,68,na,na,,2025-07-15,2596,13:00,13.00,36,13,na,na,y,,2025-07-21,y,2596,9:00,9.00,389,35,na,,na,9.191,-0.171,na
na,2025-Jul,North,OP/DCO,2025-07-10,14:30,14.50,3,R,1.8,2551,318,220,6,0,71,242,na,na,,2025-07-15,2551,13:00,13.00,46,38,91,234,y,,2025-07-21,y,2551,9:00,9.00,384,67,na,,4.051,6.128,3.600,-5.671
na,2025-Jul,North,OP/DCO,2025-07-10,14:30,14.50,3,R,1.8,2665,181,90,5,0,36,105,na,na,,2025-07-15,2665,13:00,13.00,21,11,62,100,y,,2025-07-21,y,2665,9:00,9.00,300,24,na,,5.266,11.048,0.514,-6.278
na,2025-Jul,North,OP/DCO,2025-07-10,14:30,14.50,3,L,1,1803,138,110,7,0,56,123,na,na,,2025-07-15,1803,13:00,13.00,35,26,90,127,y,,2025-07-21,y,1803,9:00,9.00,323,46,na,,6.886,17.176,1.886,-6.076
na,2025-Jul,North,OP/DCO,2025-07-10,14:30,14.50,2,R,1.5,2667,393,250,12,0,85,251,na,na,,2025-07-15,2667,13:00,13.00,73,65,119,252,y,,2025-07-21,y,2667,9:00,9.00,508,64,na,,6.886,10.677,-1.543,-6.684
na,2025-Jul,North,OP/DCO,2025-07-10,14:30,14.50,3,R,9,2663,362,na,na,H,44,103,na,na,,2025-07-15,2663,13:00,13.00,44,32,79,139,y,,2025-07-21,y,2663,9:00,9.00,420,58,na,,7.089,5.385,2.400,0.203
na,2025-Jul,North,OP/DCO,2025-07-10,14:30,14.50,2,R,4,2595,244,47,6,0,21.5,70,na,na,,2025-07-15,2595,13:00,13.00,26,25,58,100,y,,2025-07-21,y,2595,9:00,9.00,339,31,na,,7.392,8.820,0.857,-1.316
na,2025-Jul,North,OP/DCO,2025-07-10,14:30,14.50,2,L,7,2670,188,145,7,0,31,77,na,na,,2025-07-15,2670,13:00,13.00,22,22,66,113,y,,2025-07-21,y,2670,9:00,9.00,367,30,na,,7.089,16.619,1.371,0.203
na,2025-Jul,North,OP/DCO,2025-07-10,14:30,14.50,2,L,7,1784,384,160,6,0,41.5,131,na,na,,2025-07-15,1784,13:00,13.00,52,34,74,156,y,,2025-07-21,y,1784,9:00,9.00,545,62,na,,6.582,14.948,1.714,-1.519
na,2025-Jul,North,OP/DCO,2025-07-10,14:30,14.50,1,L,0,2579,336,224,7,L,51,152,na,na,,2025-07-15,2579,13:00,13.00,58,36,78,164,y,,2025-07-21,y,2579,9:00,9.00,396,62,na,,5.468,5.571,0.686,-3.038
na,2025-Jul,North,OP/DCO,2025-07-10,14:30,14.50,1,L,0,204,456,180,14,L,49.5,164,na,na,,2025-07-15,204,13:00,13.00,46,60,76,160,y,,2025-07-21,y,204,9:00,9.00,564,48,na,,5.367,10.027,0.343,-6.177
na,2025-Jul,North,OP/DCO,2025-07-10,14:30,14.50,1,R,7,2022,290,130,7,0,34,110,na,na,,2025-07-15,2022,13:00,13.00,17,18,67,140,y,,2025-07-21,y,2022,9:00,9.00,418,24,na,,6.684,11.884,1.200,-0.608
na,2025-Jul,North,OP/DCO,2025-07-10,14:30,14.50,1,R,8,1714,330,160,5.5,0,22,74,na,na,,2025-07-15,1714,13:00,13.00,38,24,61,113,y,,2025-07-21,y,1714,9:00,9.00,432,34,na,,7.899,9.470,-0.686,0.000
na,2025-Jul,North,OP/DCO,2025-07-10,14:30,14.50,1,R,8,2043,298,153,9,0,34,79,na,na,,2025-07-15,2043,13:00,13.00,43,33,60,87,y,,2025-07-21,y,2043,9:00,9.00,375,46,na,,5.266,7.149,0.514,-3.646
na,2025-Jul,Triquetta,OP/DCO,2025-07-10,10:30,10.50,1,R,6.9,1843,377,120,5,0,51.5,202,na,na,,2025-07-14,1843,10:00,10.00,68,35,na,na,y,,2025-07-21,y,1843,12:00,12.00,433,66,na,,na,5.062,-0.282,na
na,2025-Jul,Triquetta,OP/DCO,2025-07-10,10:30,10.50,1,L,7,2593,283,90,4,0,29.5,89,na,na,,2025-07-14,2593,10:00,10.00,52,32,40,82,y,,2025-07-21,y,2593,12:00,12.00,354,58,na,,2.639,6.418,0.847,-4.398
na,2025-Jul,Triquetta,OP/DCO,2025-07-10,10:30,10.50,1,R,5,1921,495,na,na,na,na,na,na,na,chopped blades,2025-07-14,1921,10:00,10.00,na,na,na,na,y,,2025-07-21,n,1921,12:00,12.00,na,na,na,,na,na,na,na
na,2025-Jul,Triquetta,OP/DCO,2025-07-10,10:30,10.50,1,L,2.4,2578,254,90,5,0,53,139,na,na,,2025-07-14,2578,10:00,10.00,77,32,72,135,y,,2025-07-21,y,2578,12:00,12.00,289,90,na,,4.775,3.164,1.835,-5.780
na,2025-Jul,Triquetta,OP/DCO,2025-07-10,10:30,10.50,2,R,0,1797,324,100,7.5,0,89,209,na,na,,2025-07-14,1797,10:00,10.00,67,44,110,212,y,,2025-07-21,n,1797,12:00,12.00,na,na,na,,5.277,na,na,-4.524
na,2025-Jul,Triquetta,OP/DCO,2025-07-10,10:30,10.50,2,R,0,2582,259,90,4,0,34,95,na,na,,2025-07-14,2582,10:00,10.00,34,28,43,95,y,,2025-07-21,y,2582,12:00,12.00,313,40,na,,2.262,4.881,0.847,-2.262
na,2025-Jul,Triquetta,OP/DCO,2025-07-10,10:30,10.50,2,R,0,2117,421,100,6,0,42,160,na,na,,2025-07-14,2117,10:00,10.00,62,44,58.5,148,y,,2025-07-21,y,2117,12:00,12.00,466,81,na,,4.147,4.068,2.682,-7.162
na,2025-Jul,Triquetta,OP/DCO,2025-07-10,10:30,10.50,2,R,5.5,2554,249,90,4,0,33,94,na,na,,2025-07-14,2554,10:00,10.00,67,26,43,95,y,,2025-07-21,y,2554,12:00,12.00,283,75,na,,2.513,3.073,1.129,-2.262
na,2025-Jul,Triquetta,DVM/AS,2025-07-10,10:30,10.50,3,R,0,209,304,118,4,0,29,100,na,na,,2025-07-14,209,10:00,10.00,50,30,35,80,y,,2025-07-21,y,209,12:00,12.00,352,41,na,,1.508,4.339,-1.271,-6.534
na,2025-Jul,Triquetta,DVM/AS,2025-07-10,10:30,10.50,3,L,2,2592,340,140,5,0,30,108,na,na,,2025-07-14,2592,10:00,10.00,49,32,38,94,y,,2025-07-21,y,2592,12:00,12.00,393,46,na,,2.010,4.791,-0.424,-5.529
na,2025-Jul,Triquetta,DVM/AS,2025-07-10,10:30,10.50,3,L,3,1911,440,180,7,0,41,136,na,na,,2025-07-14,1911,10:00,10.00,76,48,48.5,122,y,,2025-07-21,y,1911,12:00,12.00,475,85,na,,1.885,3.164,1.271,-5.403
na,2025-Jul,Triquetta,DVM/AS,2025-07-10,10:30,10.50,3,L,4,1697,182,85,4.5,0,23,75,na,na,,2025-07-14,1697,10:00,10.00,37,24,35,76,y,,2025-07-21,y,1697,12:00,12.00,240,41,na,,3.016,5.243,0.565,-2.764
na,2025-Jul,Triquetta,DVM/AS,2025-07-10,10:30,10.50,3,R,6,2557,337,130,5.5,0,31,104,na,na,,2025-07-14,2557,10:00,10.00,63,32,39,109,y,,2025-07-21,y,2557,12:00,12.00,434,73,na,,2.010,8.768,1.412,-0.754
na,2025-Jul,Triquetta,DVM/AS,2025-07-10,10:30,10.50,3,R,6,2134,440,190,6,0,29,105,na,na,,2025-07-14,2134,10:00,10.00,52,37,40,110,y,,2025-07-21,y,2134,12:00,12.00,452,51,na,,2.764,1.085,-0.141,-1.508
na,2025-Jul,Triquetta,DVM/AS,2025-07-10,10:30,10.50,2,R,10,106,150,50,3.5,0,17,47,na,na,,2025-07-14,106,10:00,10.00,23,11,24,36,y,,2025-07-21,y,106,12:00,12.00,198,29,na,,1.759,4.339,0.847,-4.524
na,2025-Jul,Triquetta,DVM/AS,2025-07-10,10:30,10.50,2,R,10,2560,267,45,2,0,10,40,na,na,,2025-07-14,2560,10:00,10.00,11,20,na,na,y,,2025-07-21,y,2560,12:00,12.00,273,0,na,,na,0.542,-1.553,na
na,2025-Jul,Breaker,DVM/AS,2025-07-10,12:30,12.50,3,L,0,2594,136,70,6.5,na,19.5,70,na,na,,2025-07-14,2594,14:00,14.00,22,36,25,68,y,,2025-07-21,y,2594,10:00,10.00,233,19,na,,1.354,8.902,-0.439,-1.846
na,2025-Jul,Breaker,DVM/AS,2025-07-10,12:30,12.50,3,L,2.5,222,321,65,5,na,12,55,na,na,,2025-07-14,222,14:00,14.00,24,29,17,22,y,,2025-07-21,y,222,10:00,10.00,332,18,na,,1.231,1.010,-0.878,-9.354
na,2025-Jul,Breaker,DVM/AS,2025-07-10,12:30,12.50,3,R,2.7,207,306,50,3.5,na,17,44,na,na,,2025-07-14,207,14:00,14.00,25,30,20,44,y,,2025-07-21,y,207,10:00,10.00,308,17,na,,0.738,0.184,-1.171,-0.738
na,2025-Jul,Breaker,DVM/AS,2025-07-10,12:30,12.50,3,R,9,2590,375,60,7.5,na,16,73,na,na,,2025-07-14,2590,14:00,14.00,18,44,21,62,y,,2025-07-21,y,2590,10:00,10.00,378,15,na,,1.231,0.275,-0.439,-3.938
na,2025-Jul,Breaker,DVM/AS,2025-07-10,12:30,12.50,3,R,11,206,388,32,2.5,na,11,32,na,na,,2025-07-14,206,14:00,14.00,6,26,12,21,y,,2025-07-21,y,206,10:00,10.00,390,4,na,,0.246,0.184,-0.293,-2.954
na,2025-Jul,Breaker,DVM/AS,2025-07-10,12:30,12.50,3,R,12,2547,500,78,4,na,21,68,na,na,,2025-07-14,2547,14:00,14.00,5,49,24,43,y,,2025-07-21,y,2547,10:00,10.00,503,5,na,,0.738,0.275,0.000,-6.892
na,2025-Jul,Breaker,DVM/AS,2025-07-10,12:30,12.50,2,R,1.5,208,5002,65,5,na,15.5,50,na,na,,2025-07-14,208,14:00,14.00,na,na,na,na,n,,2025-07-21,n,208,10:00,10.00,511,21,na,,na,-412.176,na,na
na,2025-Jul,Breaker,OP/DCO,2025-07-10,12:30,12.50,1,L,1.7,2515,390,90,6,H,39,98,na,na,,2025-07-14,2515,14:00,14.00,45,50,48,90,y,,2025-07-21,y,2515,10:00,10.00,389,47,na,,2.215,-0.092,0.293,-4.185
na,2025-Jul,Breaker,OP/DCO,2025-07-10,12:30,12.50,1,L,1.7,2542,301,63,5,0,25,63,na,na,,2025-07-14,2542,14:00,14.00,28,42,35.5,66,y,,2025-07-21,y,2542,10:00,10.00,300,34,na,,2.585,-0.092,0.878,-1.846
na,2025-Jul,Breaker,OP/DCO,2025-07-10,12:30,12.50,1,R,0.7,217,378,54,5,0,18,49,na,na,,2025-07-14,217,14:00,14.00,50,45,22,51,y,,2025-07-21,y,217,10:00,10.00,381,52,na,,0.985,0.275,0.293,-0.492
na,2025-Jul,Breaker,OP/DCO,2025-07-10,12:30,12.50,1,na,1.3,1708,317,75,5,0,22,65,na,na,,2025-07-14,1708,14:00,14.00,37,39,29,63,y,,2025-07-21,y,1708,10:00,10.00,324,38,na,,1.723,0.642,0.146,-2.215
na,2025-Jul,Breaker,OP/DCO,2025-07-10,12:30,12.50,1,na,1.9,223,468,80,6,H,46,120,na,na,,2025-07-14,223,14:00,14.00,37,52,59.5,107,y,,2025-07-21,y,223,10:00,10.00,472,40,na,,3.323,0.367,0.439,-6.523
na,2025-Jul,Breaker,OP/DCO,2025-07-10,12:30,12.50,1,na,5.1,2073,382,50,5,H,25,64,na,na,,2025-07-14,2073,14:00,14.00,29,42,33.5,61,y,,2025-07-21,y,2073,10:00,10.00,388,36,na,,2.092,0.551,1.024,-2.831
na,2025-Jul,Breaker,OP/DCO,2025-07-10,12:30,12.50,1,na,6.2,281,305,60,5,0,26,60,na,na,,2025-07-14,281,14:00,14.00,32,35,34,59,y,,2025-07-21,y,281,10:00,10.00,308,35,na,,1.969,0.275,0.439,-2.215
na,2025-Jul,Breaker,OP/DCO,2025-07-10,12:30,12.50,1,na,5.8,1765,309,70,5,H,40,93,na,na,,2025-07-14,1765,14:00,14.00,11,35,48,92,y,,2025-07-21,y,1765,10:00,10.00,406,10,na,,1.969,8.902,-0.146,-2.215
na,2026-Jul,North,OP/SM,2026-07-03,15:00,15.00,3,L,1,59,242,88,5,0,43,126,na,na,,2026-07-08,59,12:30,12.50,21,14,88.5,176,y,,2026-07-18,y,59,14:20,14.33,448,24,na,,9.294,13.759,0.298,0.919
na,2026-Jul,North,OP/SM,2026-07-03,15:00,15.00,3,R,1.5,48,243,160,5,0,50,147,na,na,,2026-07-08,48,12:30,12.50,50,25,97.5,195,y,,2026-07-18,n,48,14:20,14.33,na,na,na,"gone/ripped, found tag",9.702,na,na,0.102
na,2026-Jul,North,OP/SM,2026-07-03,15:00,15.00,3,R,0.5,28,395,210,5,0,50,143,na,na,,2026-07-08,28,12:30,12.50,51,32,103,210,y,,2026-07-18,y,28,14:20,14.33,490,60,na,,10.826,6.345,0.893,2.860
na,2026-Jul,North,OP/SM,2026-07-03,15:00,15.00,3,L,6.5,69,506,250,8,0,80,222,na,na,,2026-07-08,69,12:30,12.50,61,45,131,271,y,,2026-07-18,y,69,14:20,14.33,648,59,na,,10.417,9.484,-0.198,-0.409
na,2026-Jul,North,OP/SM,2026-07-03,15:00,15.00,3,L,6.5,61,434,165,5.5,0,60,156,na,na,,2026-07-08,61,12:30,12.50,31,30,101.5,180,y,,2026-07-18,y,61,14:20,14.33,642,47,na,,8.477,13.892,1.588,-3.574
na,2026-Jul,North,OP/SM,2026-07-03,15:00,15.00,3,L,9,46,405,180,5,0,65,175,na,na,,2026-07-08,46,12:30,12.50,39,30,102.5,216,y,,2026-07-18,y,46,14:20,14.33,557,42,na,,7.660,10.152,0.298,0.715
na,2026-Jul,North,OP/SM,2026-07-03,15:00,15.00,3,R,9,39,525,225,6,0,60,166,na,na,,2026-07-08,39,12:30,12.50,38,33,98,195,y,,2026-07-18,n,39,14:20,14.33,na,na,na,"gone/ripped, found tag",7.762,na,na,-1.838
na,2026-Jul,North,OP/SM,2026-07-03,15:00,15.00,3,R,9,2646,284,110,4,0,48,120,na,na,,2026-07-08,2646,12:30,12.50,15,21,na,na,y,cut,2026-07-18,y,2646,14:20,14.33,506,22,na,,na,14.827,0.695,na
na,2026-Jul,North,OP/SM,2026-07-03,15:00,15.00,2,R,13,2615,401,230,6,0,60,200,na,na,,2026-07-08,2615,12:30,12.50,43,35,101,104,y,,2026-07-18,n,2615,14:20,14.33,526,55,na,gone,8.374,8.349,1.191,-27.983
na,2026-Jul,North,OP/SM,2026-07-03,15:30,15.50,2,R,13,2652,468,160,5.5,0,68,170,na,na,,2026-07-08,2652,12:30,12.50,43,34,110,133,y,,2026-07-18,n,2652,14:20,14.33,na,na,na,gone,8.615,na,na,-16.205
na,2026-Jul,North,OP/SM,2026-07-03,15:30,15.50,2,R,13,18,132,68,3,0,25,70,na,na,,2026-07-08,18,12:30,12.50,14,13,45,86,y,,2026-07-18,n,18,14:20,14.33,na,na,na,gone,4.103,na,na,-0.821
na,2026-Jul,North,OP/SM,2026-07-03,15:30,15.50,2,R,13,2658,136,60,3,0,24,56,na,na,,2026-07-08,2658,12:30,12.50,13,13,45.5,75,y,,2026-07-18,n,2658,14:20,14.33,na,na,na,gone,4.410,na,na,-0.513
na,2026-Jul,North,OP/SM,2026-07-03,15:30,15.50,2,R,13,19,400,150,6,0,50,156,na,na,,2026-07-08,19,12:30,12.50,30,32,na,na,y,,2026-07-18,y,19,14:20,14.33,583,42,na,,na,12.240,1.191,na
na,2026-Jul,North,OP/SM,2026-07-03,15:30,15.50,2,R,17,2642,690,210,9,L,78,208,na,na,,2026-07-08,2642,12:30,12.50,95,45,115,223,y,,2026-07-18,y,2642,14:20,14.33,860,na,na,"couldn't accurately count blades, too tangled (BW)",7.590,11.370,na,-4.513
na,2026-Jul,Second,OP/SM,2026-07-03,11:30,11.50,1,R,19.5,2627,395,165,6,0,59,152,na,na,,2026-07-08,2627,10:00,10.00,40,25,102,145,y,,2026-07-18,y,2627,11:30,11.50,537,47,na,,8.709,9.467,0.696,-10.127
na,2026-Jul,Second,OP/SM,2026-07-03,11:30,11.50,1,R,18.5,2632,336,140,4,0,37,117,na,na,,2026-07-08,2632,10:00,10.00,36,23,69.5,140,y,,2026-07-18,y,2632,11:30,11.50,469,39,na,,6.582,8.867,0.298,-1.924
na,2026-Jul,Second,OP/SM,2026-07-03,11:30,11.50,1,R,18,2644,347,170,5.5,0,50,153,na,na,,2026-07-08,2644,10:00,10.00,39,22,98,172,y,,2026-07-18,y,2644,11:30,11.50,487,41,na,,9.722,9.333,0.199,-5.873
na,2026-Jul,Second,OP/SM,2026-07-03,11:30,11.50,1,R,15.5,33,141,85,5,0,27,79,na,na,,2026-07-08,33,10:00,10.00,23,18,57,110,y,,2026-07-18,y,33,11:30,11.50,364,33,na,,6.076,14.867,0.994,0.203
na,2026-Jul,Second,OP/SM,2026-07-03,11:30,11.50,1,L,9.5,2625,535,240,5,0,63,184,na,na,,2026-07-08,2625,10:00,10.00,51,39,105,226,y,,2026-07-18,y,2625,11:30,11.50,594,52,na,,8.506,3.933,0.099,0.000
na,2026-Jul,Second,OP/SM,2026-07-03,11:30,11.50,1,L,9.5,2618,531,190,6,0,71,201,na,na,,2026-07-08,2618,10:00,10.00,27,38,110.5,222,y,,2026-07-18,y,2618,11:30,11.50,602,54,na,,8.000,4.733,2.683,-3.747
na,2026-Jul,Second,OP/SM,2026-07-03,11:30,11.50,1,L,6.75,2623,629,400,8,0,100,259,na,na,,2026-07-08,2623,10:00,10.00,99,50,130,193,y,,2026-07-18,y,2623,11:30,11.50,674,94,na,,6.076,3.000,-0.497,-19.443
na,2026-Jul,Second,OP/SM,2026-07-03,11:30,11.50,1,L,6.5,51,431,200,7,H,56,149,na,na,,2026-07-08,51,10:00,10.00,59,45,100,198,y,,2026-07-18,y,51,11:30,11.50,552,69,na,,8.911,8.067,0.994,1.013
na,2026-Jul,Second,OP/SM,2026-07-03,11:30,11.50,1,L,6.25,52,110,85,4,0,34,104,na,na,,2026-07-08,52,10:00,10.00,18,13,63.5,116,y,,2026-07-18,y,52,11:30,11.50,320,26,na,,5.975,14.000,0.795,-3.544
na,2026-Jul,Second,OP/SM,2026-07-03,12:00,12.00,2,R,1.5,55,563,165,11,L,78,223,na,na,,2026-07-08,55,10:00,10.00,83,42,126,269,y,,2026-07-18,y,55,11:30,11.50,629,76,na,,9.763,4.406,-0.696,-0.407
na,2026-Jul,Second,OP/SM,2026-07-03,12:00,12.00,2,L,1,63,340,140,3.5,0,31.5,100.5,na,na,,2026-07-08,63,10:00,10.00,45,30,66,128,y,,2026-07-18,y,63,11:30,11.50,463,48,na,,7.017,8.211,0.298,-1.424
na,2026-Jul,Second,OP/SM,2026-07-03,12:00,12.00,2,R,4,67,343,115,6,0,50,122,na,na,,2026-07-08,67,10:00,10.00,40,22,87,142,y,,2026-07-18,y,67,11:30,11.50,455,42,na,,7.525,7.477,0.199,-3.458
na,2026-Jul,Second,OP/SM,2026-07-03,12:00,12.00,2,R,12,2619,359,165,4.5,0,52,143,na,na,,2026-07-08,2619,10:00,10.00,39,25,100,192,y,,2026-07-18,y,2619,11:30,11.50,465,42,na,,9.763,7.076,0.298,0.203
na,2026-Jul,Second,OP/SM,2026-07-03,12:00,12.00,2,L,11,17,219,100,5,0,34.5,105,na,na,,2026-07-08,17,10:00,10.00,na,na,na,na,n,,2026-07-18,n,17,11:30,11.50,na,na,na,not found,na,na,na,na
na,2026-Jul,Triquetta,DCO/OP,2026-07-04,11:45,11.75,2,L,21,2656,137,70,4,0,25,69,na,na,,2026-07-10,2656,10:15,10.25,36,24,55,102,y,,2026-07-19,y,2656,14:30,14.50,227,47,na,,5.053,5.955,1.199,0.505
na,2026-Jul,Triquetta,DCO/OP,2026-07-04,11:45,11.75,2,L,21,26,208,100,2,0,22.5,67,na,na,,2026-07-10,26,10:15,10.25,43,25,62.5,109,y,,2026-07-19,y,26,14:30,14.50,308,46,na,,6.737,6.616,0.327,0.337
na,2026-Jul,Triquetta,DCO/OP,2026-07-04,11:45,11.75,2,L,21,23,185,60,5,0,28,64,na,na,,2026-07-10,23,10:15,10.25,36,17,61,93,y,,2026-07-19,y,23,14:30,14.50,286,49,na,,5.558,6.682,1.417,-0.674
na,2026-Jul,Triquetta,DCO/OP,2026-07-04,11:45,11.75,3,L,22,2608,247,130,5,0,40,110,na,na,,2026-07-10,2608,10:15,10.25,na,na,89.5,156,y,,2026-07-19,n,2608,14:30,14.50,na,na,na,gone,8.337,na,na,-0.589
na,2026-Jul,Breaker,DCO/OP,2026-07-04,13:49,13.82,1,L,19.5,15,160,90,2,0,32.5,100,na,na,,2026-07-10,15,13:00,13.00,13,12,70.5,141,y,,2026-07-20,n,15,8:54,8.90,na,na,na,gone,6.369,na,na,0.503
na,2026-Jul,Breaker,DCO/OP,2026-07-04,13:49,13.82,1,R,19,2639,360,130,3,0,30,81,na,na,,2026-07-10,2639,13:00,13.00,38,24,57,109,y,,2026-07-20,y,2639,8:54,8.90,588,40,na,,4.526,14.435,0.203,0.168
na,2026-Jul,Breaker,DCO/OP,2026-07-04,13:49,13.82,1,R,19,2609,396,280,7,L,86,330,na,na,,2026-07-10,2609,13:00,13.00,45,55,145,298,y,,2026-07-20,n,2609,8:54,8.90,na,na,na,"gone/ripped, found tag",9.889,na,na,-15.253
na,2026-Jul,Breaker,DCO/OP,2026-07-04,13:49,13.82,1,R,20,57,442,190,6,0,64,183,na,na,,2026-07-10,57,13:00,13.00,41,44,110,201,y,,2026-07-20,n,57,8:54,8.90,na,na,na,gone,7.710,na,na,-4.693
na,2026-Jul,Breaker,DCO/OP,2026-07-04,13:49,13.82,1,R,19.7,2630,376,95,5,0,35,94,na,na,,2026-07-10,2630,13:00,13.00,24,21,53.5,108,y,,2026-07-20,y,2630,8:54,8.90,543,26,na,,3.101,10.573,0.203,-0.754
na,2026-Jul,Breaker,DCO/OP,2026-07-04,13:49,13.82,1,R,12.1,2637,376,300,5.5,0,50,139,na,na,,2026-07-10,2637,13:00,13.00,44,38,81,154,y,,2026-07-20,y,2637,8:54,8.90,459,44,na,,5.196,5.255,0.000,-2.682
na,2026-Jul,Breaker,DCO/OP,2026-07-04,13:49,13.82,1,L,13,24,320,210,8,0,90,182,na,na,,2026-07-10,24,13:00,13.00,20,33,138,249,y,,2026-07-20,y,24,8:54,8.90,373,21,na,,8.046,3.355,0.102,3.185
na,2026-Jul,Breaker,DCO/OP,2026-07-04,13:49,13.82,1,L,13.8,30,291,100,4,0,42,118,na,na,,2026-07-10,30,13:00,13.00,19,21,76,129,y,,2026-07-20,n,30,8:54,8.90,na,na,na,gone,5.699,na,na,-3.855
na,2026-Jul,Breaker,DCO/OP,2026-07-04,13:49,13.82,1,L,13.1,45,350,90,2.5,0,31,82,na,na,,2026-07-10,45,13:00,13.00,35,23,60,113,y,,2026-07-20,n,45,8:54,8.90,na,na,na,gone,4.861,na,na,0.335
na,2026-Jul,Triquetta,DCO/OP,2026-07-04,11:00,11.00,1,R,5.9,2651,130,40,4,0,26,78,na,na,,2026-07-10,2651,11:00,11.00,18,9,54,100,y,,2026-07-19,y,2651,14:30,14.50,227,29,na,,4.667,6.404,1.203,-1.000
na,2026-Jul,Triquetta,DCO/OP,2026-07-04,11:00,11.00,1,R,1.5,2634,178,60,5,0,24,58,na,na,,2026-07-10,2634,11:00,11.00,na,na,na,na,n,,2026-07-19,n,2634,14:30,14.50,na,na,na,not found,na,na,na,na
na,2026-Jul,Triquetta,DCO/OP,2026-07-04,11:00,11.00,2,L,0.7,44,115,48,6,0,16.5,47,na,na,,2026-07-10,44,11:00,11.00,24,11,na,na,y,,2026-07-19,y,44,14:30,14.50,211,28,na,,na,6.338,0.437,na
na,2026-Jul,Triquetta,DCO/OP,2026-07-04,11:00,11.00,2,R,12.6,41,111,80,4,0,36,97,na,na,,2026-07-10,41,11:00,11.00,20,11,81.5,145,y,,2026-07-19,y,41,14:30,14.50,226,36,na,,7.583,7.593,1.749,0.417
na,2026-Jul,Triquetta,DCO/OP,2026-07-04,11:00,11.00,3,L,17.5,2631,131,60,3,0,20,57,na,na,,2026-07-10,2631,11:00,11.00,26,9,48,86,y,,2026-07-19,y,2631,14:30,14.50,210,35,na,,4.667,5.216,0.984,0.167
na,2026-Jul,Triquetta,DCO/OP,2026-07-04,11:00,11.00,3,L,17.6,2649,137,45,3,0,15,36,na,na,,2026-07-10,2649,11:00,11.00,17,17,38,59,y,,2026-07-19,y,2649,14:30,14.50,198,19,na,,3.833,4.028,0.219,0.000
na,2026-Jul,Triquetta,DCO/OP,2026-07-04,11:00,11.00,3,R,3.7,43,158,50,8,0,22,61,na,na,,2026-07-10,43,11:00,11.00,27,18,46,63,y,,2026-07-19,y,43,14:30,14.50,235,24,na,,4.000,5.084,-0.328,-3.667
na,2026-Jul,Triquetta,DCO/OP,2026-07-04,11:00,11.00,3,R,3.7,21,103,45,3,0,24,60,na,na,,2026-07-10,21,11:00,11.00,20,12,49,85,y,,2026-07-19,n,21,14:30,14.50,na,na,na,not found,4.167,na,na,0.000
na,2026-Jul,Triquetta,DCO/OP,2026-07-04,11:00,11.00,3,na,21,38,173,100,3,0,23,75,na,na,,2026-07-10,38,11:00,11.00,44,25,65,107,y,,2026-07-19,y,38,14:30,14.50,269,40,na,,7.000,6.338,-0.437,-1.667
na,2026-Jul,Breaker,DCO/OP,2026-07-04,14:20,14.33,1,R,8.8,31,164,60,25,0,21,68,na,na,,2026-07-10,31,13:00,13.00,11,9,36,84,y,,2026-07-20,n,31,9:00,9.00,na,na,na,gone,2.523,na,na,0.168
na,2026-Jul,Breaker,DCO/OP,2026-07-04,14:20,14.33,1,R,8,2554,376,250,10,L,80,227,na,na,,2026-07-10,2554,13:00,13.00,73,54,205,394,y,,2026-07-20,y,2554,9:00,9.00,411,70,na,,21.028,2.218,-0.305,7.065
na,2026-Jul,Breaker,DCO/OP,2026-07-04,14:20,14.33,1,L,8,27,164,60,3,0,25,78,na,na,,2026-07-10,27,13:00,13.00,21,12,42,90,y,,2026-07-20,y,27,9:00,9.00,246,19,na,,2.860,5.197,-0.203,-0.841
na,2026-Jul,Breaker,DCO/OP,2026-07-04,14:20,14.33,1,R,8,2610,271,105,2.5,0,33,86,na,na,,2026-07-10,2610,13:00,13.00,35,23,52.5,109,y,,2026-07-20,y,2610,9:00,9.00,446,35,na,,3.280,11.092,0.000,0.589
na,2026-Jul,Breaker,DCO/OP,2026-07-04,14:20,14.33,1,L,7.5,2620,532,250,11,L,125,377,na,na,,2026-07-10,2620,13:00,13.00,56,56,210,400,y,,2026-07-20,y,2620,9:00,9.00,607,56,na,,14.299,4.754,0.000,-10.430